<?xml version="1.0" encoding="UTF-8" standalone="no" ?>
<COLLADA xmlns="http://www.collada.org/2005/11/COLLADASchema" version="1.4.1">
  <asset>
    <contributor>
      <author>Assimp</author>
      <authoring_tool>Assimp Exporter</authoring_tool>
    </contributor>
    <created>2026-09-22T11:59:50</created>
    <modified>2026-09-22T11:59:50</modified>
    <unit name="meter" meter="1" />
    <up_axis>Y_UP</up_axis>
  </asset>
  <library_images>
  </library_images>
  <library_effects>
    <effect id="DefaultMaterial-fx" name="DefaultMaterial">
      <profile_COMMON>
        <technique sid="standard">
          <phong>
            <diffuse>
              <color sid="diffuse">0.600000024   0.600000024   0.600000024   1</color>
            </diffuse>
          </phong>
        </technique>
      </profile_COMMON>
    </effect>
  </library_effects>
  <library_materials>
    <material id="DefaultMaterial" name="DefaultMaterial">
      <instance_effect url="#DefaultMaterial-fx"/>
    </material>
  </library_materials>
  <library_geometries>
    <geometry id="ear_tex" name="ear_tex" >
      <mesh>
        <source id="ear_tex-positions" name="ear_tex-positions">
          <float_array id="ear_tex-positions-array" count="360"> -0.00149000005 -0.0900719985 0.140389994 -0.00160900003 -0.087311998 0.112372003 0.00932800025 -0.0898820013 0.138486996 -0.00149000005 -0.0900719985 0.140389994 -0.0108040003 -0.0899079964 0.139294997 -0.00160900003 -0.087311998 0.112372003 -0.0307030007 -0.0875919983 0.116341002 -0.0310030002 -0.0869349986 0.108438 -0.00160900003 -0.087311998 0.112372003 -0.00160900003 -0.087311998 0.112372003 0.0244399998 -0.0860930011 0.0983019993 0.0270780008 -0.0871810019 0.108409002 -0.0104210004 -0.0845090002 0.0839999989 -0.00173500006 -0.0843719989 0.0825380012 -0.00160900003 -0.087311998 0.112372003 -0.0180469994 -0.0848750025 0.0876469985 -0.0104210004 -0.0845090002 0.0839999989 -0.00160900003 -0.087311998 0.112372003 -0.0233999994 -0.0852570012 0.0918620005 -0.0180469994 -0.0848750025 0.0876469985 -0.00160900003 -0.087311998 0.112372003 -0.0285490006 -0.0860769972 0.0997359976 -0.0233999994 -0.0852570012 0.0918620005 -0.00160900003 -0.087311998 0.112372003 -0.0310030002 -0.0869349986 0.108438 -0.0285490006 -0.0860769972 0.0997359976 -0.00160900003 -0.087311998 0.112372003 -0.0270920005 -0.0886889994 0.126815006 -0.0307030007 -0.0875919983 0.116341002 -0.00160900003 -0.087311998 0.112372003 -0.0206259992 -0.0893820003 0.134021997 -0.0270920005 -0.0886889994 0.126815006 -0.00160900003 -0.087311998 0.112372003 -0.0108040003 -0.0899079964 0.139294997 -0.0206259992 -0.0893820003 0.134021997 -0.00160900003 -0.087311998 0.112372003 -0.00160900003 -0.087311998 0.112372003 0.0167900007 -0.0894669965 0.133937001 0.00932800025 -0.0898820013 0.138486996 -0.00160900003 -0.087311998 0.112372003 0.0224590003 -0.0888850018 0.127937004 0.0167900007 -0.0894669965 0.133937001 -0.00160900003 -0.087311998 0.112372003 0.0270780008 -0.0871810019 0.108409002 0.0266890004 -0.0880820006 0.118052997 -0.00160900003 -0.087311998 0.112372003 0.0266890004 -0.0880820006 0.118052997 0.0224590003 -0.0888850018 0.127937004 -0.00160900003 -0.087311998 0.112372003 0.0143510001 -0.0848980024 0.0868949965 0.0195569992 -0.0854379982 0.0915850028 -0.00160900003 -0.087311998 0.112372003 0.0195569992 -0.0854379982 0.0915850028 0.0244399998 -0.0860930011 0.0983019993 -0.00160900003 -0.087311998 0.112372003 -0.00173500006 -0.0843719989 0.0825380012 0.00581800006 -0.0845070034 0.0834219977 -0.00160900003 -0.087311998 0.112372003 0.00581800006 -0.0845070034 0.0834219977 0.0143510001 -0.0848980024 0.0868949965 -0.00149000005 0.0899079964 0.140389994 0.00932800025 0.0897179991 0.138486996 -0.00160900003 0.0871480033 0.112372003 -0.00149000005 0.0899079964 0.140389994 -0.00160900003 0.0871480033 0.112372003 -0.0108040003 0.0897430032 0.139294997 -0.0307030007 0.0874280035 0.116341002 -0.00160900003 0.0871480033 0.112372003 -0.0310030002 0.0867709965 0.108438 -0.00160900003 0.0871480033 0.112372003 0.0270780008 0.0870169997 0.108409002 0.0244399998 0.0859289989 0.0983019993 -0.0104210004 0.084344998 0.0839999989 -0.00160900003 0.0871480033 0.112372003 -0.00173500006 0.0842079967 0.0825380012 -0.0180469994 0.0847110003 0.0876469985 -0.00160900003 0.0871480033 0.112372003 -0.0104210004 0.084344998 0.0839999989 -0.0233999994 0.085092999 0.0918620005 -0.00160900003 0.0871480033 0.112372003 -0.0180469994 0.0847110003 0.0876469985 -0.0285490006 0.0859130025 0.0997359976 -0.00160900003 0.0871480033 0.112372003 -0.0233999994 0.085092999 0.0918620005 -0.0310030002 0.0867709965 0.108438 -0.00160900003 0.0871480033 0.112372003 -0.0285490006 0.0859130025 0.0997359976 -0.0270920005 0.0885249972 0.126815006 -0.00160900003 0.0871480033 0.112372003 -0.0307030007 0.0874280035 0.116341002 -0.0206259992 0.0892179981 0.134021997 -0.00160900003 0.0871480033 0.112372003 -0.0270920005 0.0885249972 0.126815006 -0.0108040003 0.0897430032 0.139294997 -0.00160900003 0.0871480033 0.112372003 -0.0206259992 0.0892179981 0.134021997 -0.00160900003 0.0871480033 0.112372003 0.00932800025 0.0897179991 0.138486996 0.0167900007 0.0893030018 0.133937001 -0.00160900003 0.0871480033 0.112372003 0.0167900007 0.0893030018 0.133937001 0.0224590003 0.0887209997 0.127937004 -0.00160900003 0.0871480033 0.112372003 0.0266890004 0.0879179984 0.118052997 0.0270780008 0.0870169997 0.108409002 -0.00160900003 0.0871480033 0.112372003 0.0224590003 0.0887209997 0.127937004 0.0266890004 0.0879179984 0.118052997 -0.00160900003 0.0871480033 0.112372003 0.0195569992 0.0852740034 0.0915850028 0.0143510001 0.0847340003 0.0868949965 -0.00160900003 0.0871480033 0.112372003 0.0244399998 0.0859289989 0.0983019993 0.0195569992 0.0852740034 0.0915850028 -0.00160900003 0.0871480033 0.112372003 0.00581800006 0.0843430012 0.0834219977 -0.00173500006 0.0842079967 0.0825380012 -0.00160900003 0.0871480033 0.112372003 0.0143510001 0.0847340003 0.0868949965 0.00581800006 0.0843430012 0.0834219977 </float_array>
          <technique_common>
            <accessor count="120" offset="0" source="#ear_tex-positions-array" stride="3">
              <param name="X" type="float" />
              <param name="Y" type="float" />
              <param name="Z" type="float" />
            </accessor>
          </technique_common>
        </source>
        <source id="ear_tex-normals" name="ear_tex-normals">
          <float_array id="ear_tex-normals-array" count="360"> 0.00026500001 -0.995180011 -0.0980610028 0.00026500001 -0.995180011 -0.0980610028 0.00026500001 -0.995180011 -0.0980610028 -0.0060800002 -0.99516499 -0.0980330035 -0.0060800002 -0.99516499 -0.0980330035 -0.0060800002 -0.99516499 -0.0980330035 -0.00299099996 -0.995697021 -0.0923490003 -0.000609999988 -0.995880008 -0.0904569998 -0.00378399994 -0.995270014 -0.0967739969 -0.00378399994 -0.995270014 -0.0967739969 -0.0069579999 -0.995055974 -0.0990329981 -0.00915599987 -0.995024979 -0.0990020037 -0.000816999993 -0.995181024 -0.0980549976 -0.000816999993 -0.995181024 -0.0980549976 -0.000816999993 -0.995181024 -0.0980549976 0.000630999974 -0.995136976 -0.0985009968 0.000630999974 -0.995136976 -0.0985009968 0.000630999974 -0.995136976 -0.0985009968 -0.00403300021 -0.995428026 -0.0954279974 -0.00403300021 -0.995428026 -0.0954279974 -0.00403300021 -0.995428026 -0.0954279974 0.00134299998 -0.994964004 -0.10007 -0.000884999987 -0.995086014 -0.0986969993 -0.00378399994 -0.995270014 -0.0967739969 -0.000609999988 -0.995880008 -0.0904569998 0.00134299998 -0.994964004 -0.10007 -0.00378399994 -0.995270014 -0.0967739969 -0.00234999997 -0.995055974 -0.0990630016 -0.00299099996 -0.995697021 -0.0923490003 -0.00378399994 -0.995270014 -0.0967739969 -0.000268000003 -0.99543798 -0.0954129994 -0.000268000003 -0.99543798 -0.0954129994 -0.000268000003 -0.99543798 -0.0954129994 -0.00150000001 -0.995333016 -0.0964849964 -0.00150000001 -0.995333016 -0.0964849964 -0.00150000001 -0.995333016 -0.0964849964 -0.003517 -0.995328009 -0.0964919999 -0.003517 -0.995328009 -0.0964919999 -0.003517 -0.995328009 -0.0964919999 -0.00378399994 -0.995270014 -0.0967739969 -0.00582899991 -0.995757997 -0.0916170031 -0.00253299996 -0.995239019 -0.0972929969 -0.00378399994 -0.995270014 -0.0967739969 -0.00915599987 -0.995024979 -0.0990020037 -0.00918599963 -0.995940983 -0.0893279985 -0.00378399994 -0.995270014 -0.0967739969 -0.00918599963 -0.995940983 -0.0893279985 -0.00582899991 -0.995757997 -0.0916170031 -0.00378399994 -0.995270014 -0.0967739969 -0.00869799964 -0.994964004 -0.0997039974 -0.00808699988 -0.995148003 -0.0979340002 -0.00426599989 -0.995554984 -0.0940890014 -0.00426599989 -0.995554984 -0.0940890014 -0.00426599989 -0.995554984 -0.0940890014 -0.00629100017 -0.995163977 -0.0980300009 -0.00629100017 -0.995163977 -0.0980300009 -0.00629100017 -0.995163977 -0.0980300009 -0.00378399994 -0.995270014 -0.0967739969 -0.00601200014 -0.995148003 -0.0979340002 -0.00869799964 -0.994964004 -0.0997039974 0.000265999988 0.995180011 -0.0980620012 0.000265999988 0.995180011 -0.0980620012 0.000265999988 0.995180011 -0.0980620012 -0.00608099997 0.99516499 -0.0980330035 -0.00608099997 0.99516499 -0.0980330035 -0.00608099997 0.99516499 -0.0980330035 -0.00299099996 0.995697021 -0.0923490003 -0.00378399994 0.995270014 -0.0967739969 -0.000609999988 0.995880008 -0.0904569998 -0.00378399994 0.995270014 -0.0967739969 -0.00915599987 0.995024979 -0.0990020037 -0.0069579999 0.995055974 -0.0990329981 -0.000811000005 0.995181024 -0.0980570018 -0.000811000005 0.995181024 -0.0980570018 -0.000811000005 0.995181024 -0.0980570018 0.000630999974 0.995136976 -0.0985009968 0.000630999974 0.995136976 -0.0985009968 0.000630999974 0.995136976 -0.0985009968 -0.00403300021 0.995428026 -0.0954290032 -0.00403300021 0.995428026 -0.0954290032 -0.00403300021 0.995428026 -0.0954290032 0.00134299998 0.994964004 -0.10007 -0.00378399994 0.995270014 -0.0967739969 -0.000884999987 0.995086014 -0.0986969993 -0.000609999988 0.995880008 -0.0904569998 -0.00378399994 0.995270014 -0.0967739969 0.00134299998 0.994964004 -0.10007 -0.00234999997 0.995055974 -0.0990630016 -0.00378399994 0.995270014 -0.0967739969 -0.00299099996 0.995697021 -0.0923490003 -0.000273000012 0.995437026 -0.0954179987 -0.000273000012 0.995437026 -0.0954179987 -0.000273000012 0.995437026 -0.0954179987 -0.00149900001 0.995333016 -0.0964849964 -0.00149900001 0.995333016 -0.0964849964 -0.00149900001 0.995333016 -0.0964849964 -0.003517 0.995328009 -0.0964919999 -0.003517 0.995328009 -0.0964919999 -0.003517 0.995328009 -0.0964919999 -0.00378399994 0.995270014 -0.0967739969 -0.00253299996 0.995239019 -0.0972929969 -0.00582899991 0.995757997 -0.0916170031 -0.00378399994 0.995270014 -0.0967739969 -0.00918599963 0.995940983 -0.0893279985 -0.00915599987 0.995024979 -0.0990020037 -0.00378399994 0.995270014 -0.0967739969 -0.00582899991 0.995757997 -0.0916170031 -0.00918599963 0.995940983 -0.0893279985 -0.00378399994 0.995270014 -0.0967739969 -0.00808699988 0.995148003 -0.0979340002 -0.00869799964 0.994964004 -0.0997039974 -0.00426900014 0.99555397 -0.0940949991 -0.00426900014 0.99555397 -0.0940949991 -0.00426900014 0.99555397 -0.0940949991 -0.00629700022 0.995163023 -0.0980319977 -0.00629700022 0.995163023 -0.0980319977 -0.00629700022 0.995163023 -0.0980319977 -0.00378399994 0.995270014 -0.0967739969 -0.00869799964 0.994964004 -0.0997039974 -0.00601200014 0.995148003 -0.0979340002 </float_array>
          <technique_common>
            <accessor count="120" offset="0" source="#ear_tex-normals-array" stride="3">
              <param name="X" type="float" />
              <param name="Y" type="float" />
              <param name="Z" type="float" />
            </accessor>
          </technique_common>
        </source>
        <source id="ear_tex-tex0" name="ear_tex-tex0">
          <float_array id="ear_tex-tex0-array" count="240"> 0.526903987 0.955154002 0.503486991 0.496353984 0.695028007 0.918057024 0.526903987 0.955154002 0.380212992 0.943876028 0.503486991 0.496353984 0.0520900004 0.593906999 0.041751001 0.469174981 0.503486991 0.496353984 0.503486991 0.496353984 0.903096974 0.272975028 0.95163101 0.431043029 0.346751004 0.0694879889 0.481779009 0.0407350063 0.503486991 0.496353984 0.229882002 0.132093012 0.346751004 0.0694879889 0.503486991 0.496353984 0.149038002 0.202184021 0.229882002 0.132093012 0.503486991 0.496353984 0.0739829987 0.330009997 0.149038002 0.202184021 0.503486991 0.496353984 0.041751001 0.469174981 0.0739829987 0.330009997 0.503486991 0.496353984 0.116134003 0.757153988 0.0520900004 0.593906999 0.503486991 0.496353984 0.222580001 0.866896033 0.116134003 0.757153988 0.503486991 0.496353984 0.380212992 0.943876028 0.222580001 0.866896033 0.503486991 0.496353984 0.503486991 0.496353984 0.808674991 0.841279984 0.695028007 0.918057024 0.503486991 0.496353984 0.893206 0.742754996 0.808674991 0.841279984 0.503486991 0.496353984 0.95163101 0.431043029 0.952417016 0.583755016 0.503486991 0.496353984 0.952417016 0.583755016 0.893206 0.742754996 0.503486991 0.496353984 0.736899018 0.0991960168 0.82180202 0.169960022 0.503486991 0.496353984 0.82180202 0.169960022 0.903096974 0.272975028 0.503486991 0.496353984 0.481779009 0.0407350063 0.600746989 0.0498110056 0.503486991 0.496353984 0.600746989 0.0498110056 0.736899018 0.0991960168 0.526903987 0.955154002 0.380212992 0.943876028 0.503486991 0.496353984 0.526903987 0.955154002 0.503486991 0.496353984 0.695028007 0.918057024 0.952417016 0.583755016 0.503486991 0.496353984 0.95163101 0.431043029 0.503486991 0.496353984 0.041751001 0.469174981 0.0739829987 0.330009997 0.600746989 0.0498110056 0.503486991 0.496353984 0.481779009 0.0407350063 0.736899018 0.0991960168 0.503486991 0.496353984 0.600746989 0.0498110056 0.82180202 0.169960022 0.503486991 0.496353984 0.736899018 0.0991960168 0.903096974 0.272975028 0.503486991 0.496353984 0.82180202 0.169960022 0.95163101 0.431043029 0.503486991 0.496353984 0.903096974 0.272975028 0.893206 0.742754996 0.503486991 0.496353984 0.952417016 0.583755016 0.808674991 0.841279984 0.503486991 0.496353984 0.893206 0.742754996 0.695028007 0.918057024 0.503486991 0.496353984 0.808674991 0.841279984 0.503486991 0.496353984 0.380212992 0.943876028 0.222580001 0.866896033 0.503486991 0.496353984 0.222580001 0.866896033 0.116134003 0.757153988 0.503486991 0.496353984 0.0520900004 0.593906999 0.041751001 0.469174981 0.503486991 0.496353984 0.116134003 0.757153988 0.0520900004 0.593906999 0.503486991 0.496353984 0.149038002 0.202184021 0.229882002 0.132093012 0.503486991 0.496353984 0.0739829987 0.330009997 0.149038002 0.202184021 0.503486991 0.496353984 0.346751004 0.0694879889 0.481779009 0.0407350063 0.503486991 0.496353984 0.229882002 0.132093012 0.346751004 0.0694879889 </float_array>
          <technique_common>
            <accessor count="120" offset="0" source="#ear_tex-tex0-array" stride="2">
              <param name="S" type="float" />
              <param name="T" type="float" />
            </accessor>
          </technique_common>
        </source>
        <vertices id="ear_tex-vertices">
          <input semantic="POSITION" source="#ear_tex-positions" />
        </vertices>
        <polylist count="40" material="defaultMaterial">
          <input offset="0" semantic="VERTEX" source="#ear_tex-vertices" />
          <input offset="0" semantic="NORMAL" source="#ear_tex-normals" />
          <input offset="0" semantic="TEXCOORD" source="#ear_tex-tex0" set="0" />
          <vcount>3 3 3 3 3 3 3 3 3 3 3 3 3 3 3 3 3 3 3 3 3 3 3 3 3 3 3 3 3 3 3 3 3 3 3 3 3 3 3 3 </vcount>
          <p>0 1 2 3 4 5 6 7 8 9 10 11 12 13 14 15 16 17 18 19 20 21 22 23 24 25 26 27 28 29 30 31 32 33 34 35 36 37 38 39 40 41 42 43 44 45 46 47 48 49 50 51 52 53 54 55 56 57 58 59 60 61 62 63 64 65 66 67 68 69 70 71 72 73 74 75 76 77 78 79 80 81 82 83 84 85 86 87 88 89 90 91 92 93 94 95 96 97 98 99 100 101 102 103 104 105 106 107 108 109 110 111 112 113 114 115 116 117 118 119 </p>
        </polylist>
      </mesh>
    </geometry>
    <geometry id="face_tex" name="face_tex" >
      <mesh>
        <source id="face_tex-positions" name="face_tex-positions">
          <float_array id="face_tex-positions-array" count="414"> 0.0696820021 -0.0358919986 0.121900998 0.067148 -0.0479339994 0.130622 0.0672520027 -0.0493500009 0.124467999 0.0669030026 -0.0227329992 0.119506001 0.0668670014 -0.0227790009 0.125492007 0.0696820021 -0.0358919986 0.121900998 0.0672520027 -0.0493500009 0.124467999 0.0672260001 -0.0491439998 0.119383 0.0696820021 -0.0358919986 0.121900998 0.0696820021 -0.0358919986 0.121900998 0.0671010017 -0.0245050006 0.114983998 0.0669030026 -0.0227329992 0.119506001 0.0696820021 -0.0358919986 0.121900998 0.0671320036 -0.0353959985 0.137728006 0.0669749975 -0.0405259989 0.136840999 0.0696820021 -0.0358919986 0.121900998 0.0670889989 -0.0445460007 0.134608001 0.067148 -0.0479339994 0.130622 0.0674119964 -0.028647 0.135267004 0.0671320036 -0.0353959985 0.137728006 0.0696820021 -0.0358919986 0.121900998 0.0668670014 -0.0227790009 0.125492007 0.066866003 -0.0247070007 0.130974993 0.0696820021 -0.0358919986 0.121900998 0.0670709983 -0.0448429994 0.111345999 0.0667809993 -0.0417260006 0.109038003 0.0696820021 -0.0358919986 0.121900998 0.0672260001 -0.0491439998 0.119383 0.0671389997 -0.0477770008 0.114955999 0.0696820021 -0.0358919986 0.121900998 0.0696820021 -0.0358919986 0.121900998 0.0671029985 -0.036187999 0.107956998 0.0673400015 -0.0307139996 0.109153003 0.0696820021 -0.0358919986 0.121900998 0.0671809986 -0.0272780005 0.111658998 0.0671010017 -0.0245050006 0.114983998 0.0667809993 -0.0417260006 0.109038003 0.0671029985 -0.036187999 0.107956998 0.0696820021 -0.0358919986 0.121900998 0.066866003 -0.0247070007 0.130974993 0.0674119964 -0.028647 0.135267004 0.0696820021 -0.0358919986 0.121900998 0.0696820021 -0.0358919986 0.121900998 0.0669749975 -0.0405259989 0.136840999 0.0670889989 -0.0445460007 0.134608001 0.0671389997 -0.0477770008 0.114955999 0.0670709983 -0.0448429994 0.111345999 0.0696820021 -0.0358919986 0.121900998 0.0696820021 -0.0358919986 0.121900998 0.0673400015 -0.0307139996 0.109153003 0.0671809986 -0.0272780005 0.111658998 0.0908769965 -0.00930000003 0.0633969977 0.0912050009 -0.00491000013 0.0617539994 0.0936010033 -0.00626000017 0.0671700016 0.090797998 -0.0126280002 0.065591 0.0908769965 -0.00930000003 0.0633969977 0.0918119997 -0.0122999996 0.0673580021 0.0912050009 -0.00491000013 0.0617539994 0.091196999 -8.19999987e-05 0.0612410009 0.0941160023 -8.19999987e-05 0.0671259984 0.0696820021 0.0357280001 0.121900998 0.0672520027 0.0491859987 0.124467999 0.067148 0.047770001 0.130622 0.0669030026 0.0225690007 0.119506001 0.0696820021 0.0357280001 0.121900998 0.0668670014 0.0226150006 0.125492007 0.0672520027 0.0491859987 0.124467999 0.0696820021 0.0357280001 0.121900998 0.0672260001 0.0489800014 0.119383 0.0696820021 0.0357280001 0.121900998 0.0669030026 0.0225690007 0.119506001 0.0671010017 0.0243410002 0.114983998 0.0696820021 0.0357280001 0.121900998 0.0669749975 0.0403620005 0.136840999 0.0671320036 0.0352320001 0.137728006 0.0696820021 0.0357280001 0.121900998 0.067148 0.047770001 0.130622 0.0670889989 0.0443819985 0.134608001 0.0674119964 0.0284829997 0.135267004 0.0696820021 0.0357280001 0.121900998 0.0671320036 0.0352320001 0.137728006 0.0668670014 0.0226150006 0.125492007 0.0696820021 0.0357280001 0.121900998 0.066866003 0.0245430004 0.130974993 0.0670709983 0.044679001 0.111345999 0.0696820021 0.0357280001 0.121900998 0.0667809993 0.0415619984 0.109038003 0.0672260001 0.0489800014 0.119383 0.0696820021 0.0357280001 0.121900998 0.0671389997 0.0476129986 0.114955999 0.0696820021 0.0357280001 0.121900998 0.0673400015 0.0305499993 0.109153003 0.0671029985 0.0360240005 0.107956998 0.0696820021 0.0357280001 0.121900998 0.0671010017 0.0243410002 0.114983998 0.0671809986 0.0271140002 0.111658998 0.0667809993 0.0415619984 0.109038003 0.0696820021 0.0357280001 0.121900998 0.0671029985 0.0360240005 0.107956998 0.066866003 0.0245430004 0.130974993 0.0696820021 0.0357280001 0.121900998 0.0674119964 0.0284829997 0.135267004 0.0696820021 0.0357280001 0.121900998 0.0670889989 0.0443819985 0.134608001 0.0669749975 0.0403620005 0.136840999 0.0671389997 0.0476129986 0.114955999 0.0696820021 0.0357280001 0.121900998 0.0670709983 0.044679001 0.111345999 0.0696820021 0.0357280001 0.121900998 0.0671809986 0.0271140002 0.111658998 0.0673400015 0.0305499993 0.109153003 0.0908769965 0.00913599972 0.0633969977 0.0918119997 0.0121360002 0.0673580021 0.0936010033 0.00609599985 0.0671700016 0.090797998 0.0124639999 0.065591 0.0911789984 0.0128140002 0.0667250007 0.0918119997 0.0121360002 0.0673580021 0.0912050009 0.00474599982 0.0617539994 0.0936010033 0.00609599985 0.0671700016 0.0941160023 -8.19999987e-05 0.0671259984 0.0918119997 -0.0122999996 0.0673580021 0.0908769965 -0.00930000003 0.0633969977 0.0936010033 -0.00626000017 0.0671700016 0.0911789984 -0.0129779996 0.0667250007 0.090797998 -0.0126280002 0.065591 0.0918119997 -0.0122999996 0.0673580021 0.0936010033 -0.00626000017 0.0671700016 0.0912050009 -0.00491000013 0.0617539994 0.0941160023 -8.19999987e-05 0.0671259984 0.0912050009 0.00474599982 0.0617539994 0.0908769965 0.00913599972 0.0633969977 0.0936010033 0.00609599985 0.0671700016 0.0908769965 0.00913599972 0.0633969977 0.090797998 0.0124639999 0.065591 0.0918119997 0.0121360002 0.0673580021 0.091196999 -8.19999987e-05 0.0612410009 0.0912050009 0.00474599982 0.0617539994 0.0941160023 -8.19999987e-05 0.0671259984 </float_array>
          <technique_common>
            <accessor count="138" offset="0" source="#face_tex-positions-array" stride="3">
              <param name="X" type="float" />
              <param name="Y" type="float" />
              <param name="Z" type="float" />
            </accessor>
          </technique_common>
        </source>
        <source id="face_tex-normals" name="face_tex-normals">
          <float_array id="face_tex-normals-array" count="414"> 0.99990797 0.00775199989 -0.0106509998 0.985716999 -0.141849995 0.0904870033 0.984588027 -0.173253998 0.0236210003 0.978820026 0.204137996 -0.0139469998 0.979125023 0.199315995 0.0394599997 0.99990797 0.00775199989 -0.0106509998 0.984588027 -0.173253998 0.0236210003 0.983763993 -0.174261004 -0.0422989987 0.99990797 0.00775199989 -0.0106509998 0.99990797 0.00775199989 -0.0106509998 0.981262028 0.178808004 -0.0717179999 0.978820026 0.204137996 -0.0139469998 0.99990797 0.00775199989 -0.0106509998 0.986908019 -0.0223399997 0.159641996 0.985289991 -0.059328001 0.160099998 0.99990797 0.00775199989 -0.0106509998 0.98605299 -0.0893580019 0.140323997 0.985716999 -0.141849995 0.0904870033 0.988341987 0.102633998 0.112156004 0.986908019 -0.0223399997 0.159641996 0.99990797 0.00775199989 -0.0106509998 0.979125023 0.199315995 0.0394599997 0.978667974 0.195654005 0.0624409989 0.99990797 0.00775199989 -0.0106509998 0.982055008 -0.0929289982 -0.164037004 0.979492009 -0.072939001 -0.187779993 0.99990797 0.00775199989 -0.0106509998 0.983763993 -0.174261004 -0.0422989987 0.98327601 -0.151524007 -0.100711003 0.99990797 0.00775199989 -0.0106509998 0.99990797 0.00775199989 -0.0106509998 0.982330024 -0.0487690009 -0.180577993 0.985809028 0.0652789995 -0.154545993 0.99990797 0.00775199989 -0.0106509998 0.98229897 0.146611005 -0.116520002 0.981262028 0.178808004 -0.0717179999 0.979492009 -0.072939001 -0.187779993 0.982330024 -0.0487690009 -0.180577993 0.99990797 0.00775199989 -0.0106509998 0.978667974 0.195654005 0.0624409989 0.988341987 0.102633998 0.112156004 0.99990797 0.00775199989 -0.0106509998 0.99990797 0.00775199989 -0.0106509998 0.985289991 -0.059328001 0.160099998 0.98605299 -0.0893580019 0.140323997 0.98327601 -0.151524007 -0.100711003 0.982055008 -0.0929289982 -0.164037004 0.99990797 0.00775199989 -0.0106509998 0.99990797 0.00775199989 -0.0106509998 0.985809028 0.0652789995 -0.154545993 0.98229897 0.146611005 -0.116520002 0.866787016 -0.257880986 -0.426739991 0.891079009 -0.122013003 -0.43711701 0.888393998 -0.174412996 -0.424603999 0.845393002 -0.323312998 -0.425123006 0.866787016 -0.257880986 -0.426739991 0.854212999 -0.311776996 -0.416027993 0.891079009 -0.122013003 -0.43711701 0.895839989 0 -0.44431901 0.902248979 0 -0.431165993 0.99990797 -0.00775199989 -0.0106509998 0.984588027 0.173253998 0.0236210003 0.985716999 0.141849995 0.0904870033 0.978820026 -0.204137996 -0.0139469998 0.99990797 -0.00775199989 -0.0106509998 0.979125023 -0.199315995 0.0394599997 0.984588027 0.173253998 0.0236210003 0.99990797 -0.00775199989 -0.0106509998 0.983763993 0.174261004 -0.0422989987 0.99990797 -0.00775199989 -0.0106509998 0.978820026 -0.204137996 -0.0139469998 0.981262028 -0.178808004 -0.0717179999 0.99990797 -0.00775199989 -0.0106509998 0.985289991 0.059328001 0.160070002 0.986908019 0.0223399997 0.159641996 0.99990797 -0.00775199989 -0.0106509998 0.985716999 0.141849995 0.0904870033 0.98605299 0.0893580019 0.140323997 0.988341987 -0.102633998 0.112156004 0.99990797 -0.00775199989 -0.0106509998 0.986908019 0.0223399997 0.159641996 0.979125023 -0.199315995 0.0394599997 0.99990797 -0.00775199989 -0.0106509998 0.978667974 -0.195654005 0.0624409989 0.982055008 0.0929289982 -0.164037004 0.99990797 -0.00775199989 -0.0106509998 0.979492009 0.072939001 -0.187779993 0.983763993 0.174261004 -0.0422989987 0.99990797 -0.00775199989 -0.0106509998 0.98327601 0.151524007 -0.100711003 0.99990797 -0.00775199989 -0.0106509998 0.985809028 -0.0652789995 -0.154545993 0.982330024 0.0487690009 -0.180577993 0.99990797 -0.00775199989 -0.0106509998 0.981262028 -0.178808004 -0.0717179999 0.98229897 -0.146611005 -0.116520002 0.979492009 0.072939001 -0.187779993 0.99990797 -0.00775199989 -0.0106509998 0.982330024 0.0487690009 -0.180577993 0.978667974 -0.195654005 0.0624409989 0.99990797 -0.00775199989 -0.0106509998 0.988341987 -0.102633998 0.112156004 0.99990797 -0.00775199989 -0.0106509998 0.98605299 0.0893580019 0.140323997 0.985289991 0.059328001 0.160070002 0.98327601 0.151524007 -0.100711003 0.99990797 -0.00775199989 -0.0106509998 0.982055008 0.0929289982 -0.164037004 0.99990797 -0.00775199989 -0.0106509998 0.98229897 -0.146611005 -0.116520002 0.985809028 -0.0652789995 -0.154545993 0.866787016 0.257880986 -0.426739991 0.854183018 0.311776996 -0.416058987 0.888393998 0.174412996 -0.424603999 0.845393002 0.323312998 -0.425123006 0.825982988 0.396741003 -0.400371999 0.854183018 0.311776996 -0.416058987 0.891079009 0.122013003 -0.43711701 0.888393998 0.174412996 -0.424603999 0.902248979 0 -0.431165993 0.854212999 -0.311776996 -0.416027993 0.866787016 -0.257880986 -0.426739991 0.888393998 -0.174412996 -0.424603999 0.825982988 -0.396771014 -0.400341988 0.845393002 -0.323312998 -0.425123006 0.854212999 -0.311776996 -0.416027993 0.888393998 -0.174412996 -0.424603999 0.891079009 -0.122013003 -0.43711701 0.902248979 0 -0.431165993 0.891079009 0.122013003 -0.43711701 0.866787016 0.257880986 -0.426739991 0.888393998 0.174412996 -0.424603999 0.866787016 0.257880986 -0.426739991 0.845393002 0.323312998 -0.425123006 0.854183018 0.311776996 -0.416058987 0.895839989 0 -0.44431901 0.891079009 0.122013003 -0.43711701 0.902248979 0 -0.431165993 </float_array>
          <technique_common>
            <accessor count="138" offset="0" source="#face_tex-normals-array" stride="3">
              <param name="X" type="float" />
              <param name="Y" type="float" />
              <param name="Z" type="float" />
            </accessor>
          </technique_common>
        </source>
        <source id="face_tex-tex0" name="face_tex-tex0">
          <float_array id="face_tex-tex0-array" count="276"> 0.21988 0.516864002 0.0833230019 0.614504993 0.067700997 0.545544982 0.369565994 0.490136981 0.369107991 0.556946039 0.21988 0.516864002 0.067700997 0.545544982 0.0698990002 0.488710999 0.21988 0.516864002 0.21988 0.516864002 0.349606007 0.439507008 0.369565994 0.490136981 0.21988 0.516864002 0.225156993 0.695178986 0.166768 0.685238957 0.21988 0.516864002 0.121362999 0.659723997 0.0833230019 0.614504993 0.302188993 0.666821957 0.225156993 0.695178986 0.21988 0.516864002 0.369107991 0.556946039 0.347703993 0.618332028 0.21988 0.516864002 0.117900997 0.397791028 0.152937993 0.371237993 0.21988 0.516864002 0.0698990002 0.488710999 0.0849699974 0.438951015 0.21988 0.516864002 0.21988 0.516864002 0.215728 0.359134972 0.27876699 0.373169005 0.21988 0.516864002 0.318414003 0.40188998 0.349606007 0.439507008 0.152937993 0.371237993 0.215728 0.359134972 0.21988 0.516864002 0.347703993 0.618332028 0.302188993 0.666821957 0.21988 0.516864002 0.21988 0.516864002 0.166768 0.685238957 0.121362999 0.659723997 0.0849699974 0.438951015 0.117900997 0.397791028 0.21988 0.516864002 0.21988 0.516864002 0.27876699 0.373169005 0.318414003 0.40188998 0.381137997 0.148908973 0.435598999 0.136623025 0.412660003 0.202145994 0.339201003 0.185945988 0.381137997 0.148908973 0.334796995 0.202145994 0.435598999 0.136623025 0.493871987 0.133083999 0.492702007 0.202145994 0.775197983 0.506085992 0.931147993 0.535470963 0.915134013 0.606142998 0.621809006 0.478691995 0.775197983 0.506085992 0.622283995 0.547154009 0.931147993 0.535470963 0.775197983 0.506085992 0.92888999 0.477230012 0.775197983 0.506085992 0.621809006 0.478691995 0.642262995 0.426815987 0.775197983 0.506085992 0.829623997 0.678627968 0.769791007 0.688812971 0.775197983 0.506085992 0.915134013 0.606142998 0.876151979 0.652474999 0.690851986 0.659754038 0.775197983 0.506085992 0.769791007 0.688812971 0.622283995 0.547154009 0.775197983 0.506085992 0.644210994 0.610064983 0.879706025 0.384066999 0.775197983 0.506085992 0.843801975 0.356850982 0.92888999 0.477230012 0.775197983 0.506085992 0.913446009 0.426244974 0.775197983 0.506085992 0.714854002 0.358829975 0.779459 0.344455004 0.775197983 0.506085992 0.642262995 0.426815987 0.674232006 0.388267994 0.843801975 0.356850982 0.775197983 0.506085992 0.779459 0.344455004 0.644210994 0.610064983 0.775197983 0.506085992 0.690851986 0.659754038 0.775197983 0.506085992 0.876151979 0.652474999 0.829623997 0.678627968 0.913446009 0.426244974 0.775197983 0.506085992 0.879706025 0.384066999 0.775197983 0.506085992 0.674232006 0.388267994 0.714854002 0.358829975 0.605473995 0.148908973 0.652777016 0.202145994 0.571457982 0.202145994 0.649040997 0.185945988 0.65279597 0.195196986 0.652777016 0.202145994 0.551836014 0.136623025 0.571457982 0.202145994 0.492702007 0.202145994 0.334796995 0.202145994 0.381137997 0.148908973 0.412660003 0.202145994 0.335162997 0.195196986 0.339201003 0.185945988 0.334796995 0.202145994 0.412660003 0.202145994 0.435598999 0.136623025 0.492702007 0.202145994 0.551836014 0.136623025 0.605473995 0.148908973 0.571457982 0.202145994 0.605473995 0.148908973 0.649040997 0.185945988 0.652777016 0.202145994 0.493871987 0.133083999 0.551836014 0.136623025 0.492702007 0.202145994 </float_array>
          <technique_common>
            <accessor count="138" offset="0" source="#face_tex-tex0-array" stride="2">
              <param name="S" type="float" />
              <param name="T" type="float" />
            </accessor>
          </technique_common>
        </source>
        <vertices id="face_tex-vertices">
          <input semantic="POSITION" source="#face_tex-positions" />
        </vertices>
        <polylist count="46" material="defaultMaterial">
          <input offset="0" semantic="VERTEX" source="#face_tex-vertices" />
          <input offset="0" semantic="NORMAL" source="#face_tex-normals" />
          <input offset="0" semantic="TEXCOORD" source="#face_tex-tex0" set="0" />
          <vcount>3 3 3 3 3 3 3 3 3 3 3 3 3 3 3 3 3 3 3 3 3 3 3 3 3 3 3 3 3 3 3 3 3 3 3 3 3 3 3 3 3 3 3 3 3 3 </vcount>
          <p>0 1 2 3 4 5 6 7 8 9 10 11 12 13 14 15 16 17 18 19 20 21 22 23 24 25 26 27 28 29 30 31 32 33 34 35 36 37 38 39 40 41 42 43 44 45 46 47 48 49 50 51 52 53 54 55 56 57 58 59 60 61 62 63 64 65 66 67 68 69 70 71 72 73 74 75 76 77 78 79 80 81 82 83 84 85 86 87 88 89 90 91 92 93 94 95 96 97 98 99 100 101 102 103 104 105 106 107 108 109 110 111 112 113 114 115 116 117 118 119 120 121 122 123 124 125 126 127 128 129 130 131 132 133 134 135 136 137 </p>
        </polylist>
      </mesh>
    </geometry>
    <geometry id="milky_white" name="milky_white" >
      <mesh>
        <source id="milky_white-positions" name="milky_white-positions">
          <float_array id="milky_white-positions-array" count="2340"> 0.0240199994 -0.0101260003 -0.0173829999 0.022876 -0.0148769999 -0.0158360004 0.0215210002 -0.0148999998 -0.0173760001 0.0130240005 -0.0230650008 -0.0173860006 0.0179999992 -0.0231720004 -0.012294 0.0148360003 -0.0265120007 -0.00999500044 -0.0144549999 -0.0230630003 -0.0173840001 -0.0120689999 -0.0265120007 -0.0142559996 -0.0163310003 -0.0265120007 -0.00999500044 -0.0230149999 -0.0148999998 -0.0173760001 -0.0243699998 -0.0148769999 -0.0158360004 -0.0255139992 -0.0101260003 -0.0173829999 -0.0270629991 -0.00512599992 -0.0173879992 -0.0255139992 -0.0101260003 -0.0173829999 -0.0303889997 -0.0101260003 -0.0083039999 -0.0315300003 -0.00512599992 -0.0086749997 -0.0319139995 0 -0.00879999995 -0.0276849996 0 -0.0173739996 0.022876 -0.0148769999 -0.0158360004 0.0270230006 -0.0148769999 -0.00769599993 0.0244679991 -0.0192620009 -0.00686600013 0.0244679991 -0.0192620009 -0.00686600013 0.0212910008 -0.0231720004 -0.00583400019 0.0179999992 -0.0231720004 -0.012294 0.0212910008 -0.0231720004 -0.00583400019 0.0175730009 -0.0265120007 -0.00462500006 0.0148360003 -0.0265120007 -0.00999500044 -0.0227860007 -0.0231720004 -0.00583400019 -0.0194940008 -0.0231720004 -0.012294 -0.0163310003 -0.0265120007 -0.00999500044 -0.0259620007 -0.0192620009 -0.00686600013 -0.0221960004 -0.0192620009 -0.0142559996 -0.0194940008 -0.0231720004 -0.012294 -0.0259620007 -0.0192620009 -0.00686600013 -0.0285170004 -0.0148769999 -0.00769599993 -0.0243699998 -0.0148769999 -0.0158360004 -0.0303889997 -0.0101260003 -0.0083039999 -0.0255139992 -0.0101260003 -0.0173829999 -0.0243699998 -0.0148769999 -0.0158360004 0.0320239998 0 0.00132699998 0.0316199996 -0.00512599992 0.00132699998 0.0300360005 -0.00512599992 -0.0086749997 0.0300360005 -0.00512599992 -0.0086749997 0.0316199996 -0.00512599992 0.00132699998 0.0304199997 -0.0101260003 0.00132699998 0.0304199997 -0.0101260003 0.00132699998 0.0284519996 -0.0148769999 0.00132699998 0.0270230006 -0.0148769999 -0.00769599993 0.0284519996 -0.0148769999 0.00132699998 0.0257649999 -0.0192620009 0.00132699998 0.0244679991 -0.0192620009 -0.00686600013 0.0257649999 -0.0192620009 0.00132699998 0.0224259999 -0.0231720004 0.00132699998 0.0212910008 -0.0231720004 -0.00583400019 0.0212910008 -0.0231720004 -0.00583400019 0.0224259999 -0.0231720004 0.00132699998 0.0185150001 -0.0265120007 0.00132699998 -0.0227860007 -0.0231720004 -0.00583400019 -0.0190670006 -0.0265120007 -0.00462500006 -0.0200089999 -0.0265120007 0.00132699998 -0.0272589996 -0.0192620009 0.00132699998 -0.0259620007 -0.0192620009 -0.00686600013 -0.0227860007 -0.0231720004 -0.00583400019 -0.0335180014 0 0.00132699998 -0.0319139995 0 -0.00879999995 -0.0315300003 -0.00512599992 -0.0086749997 0.0257649999 -0.0192620009 0.00132699998 0.0284519996 -0.0148769999 0.00132699998 0.0251870006 -0.0196979996 0.0320609994 0.00520499982 -0.0265120007 0.0180740003 0.0105750002 -0.0265120007 0.0153379999 0.0160099994 -0.0258889999 0.0320609994 -0.0315300003 -0.00512599992 -0.0086749997 -0.0303889997 -0.0101260003 -0.0083039999 -0.0319139995 -0.0101260003 0.00132699998 -0.0331149995 -0.00512599992 0.00132699998 -0.0324440002 -0.00752400002 0.037597999 -0.033197999 0 0.0377269983 0.0304199997 -0.0101260003 0.00132699998 0.0316199996 -0.00512599992 0.00132699998 0.0308599994 -0.00752400002 0.0320609994 0.0286420006 -0.0143109998 0.0320609994 0.0251870006 -0.0196979996 0.0320609994 0.0284519996 -0.0148769999 0.00132699998 0.0224259999 -0.0231720004 0.00132699998 0.0257649999 -0.0192620009 0.00132699998 0.0251870006 -0.0196979996 0.0320609994 0.0316199996 -0.00512599992 0.00132699998 0.0320239998 0 0.00132699998 0.0316240005 0 0.0320609994 -0.0302579999 -0.0143109998 0.0372250006 -0.0319139995 -0.0101260003 0.00132699998 -0.0303269997 -0.0143109998 0.00132699998 -0.0268530007 -0.0196979996 0.0366440006 -0.0302579999 -0.0143109998 0.0372250006 -0.0303269997 -0.0143109998 0.00132699998 -0.0272589996 -0.0192620009 0.00132699998 -0.0239199996 -0.0231720004 0.00132699998 -0.0225620009 -0.0238959994 0.0359110013 -0.000751000014 -0.0268959999 0.0187609997 -0.000843000016 -0.0258889999 0.0320609994 -0.00669900002 -0.0265120007 0.0180740003 -0.0190670006 -0.0265120007 0.00570699992 -0.0239199996 -0.0231720004 0.00132699998 -0.0200089999 -0.0265120007 0.00132699998 -0.0303889997 -0.0101260003 -0.0083039999 -0.0285170004 -0.0148769999 -0.00769599993 -0.0303269997 -0.0143109998 0.00132699998 -0.0285170004 -0.0148769999 -0.00769599993 -0.0259620007 -0.0192620009 -0.00686600013 -0.0272589996 -0.0192620009 0.00132699998 0.0255970005 -0.00512599992 -0.0173870008 0.0300360005 -0.00512599992 -0.0086749997 0.028895 -0.0101260003 -0.0083039999 0.0261899997 0 -0.0173739996 0.0304199997 0 -0.00879999995 0.0300360005 -0.00512599992 -0.0086749997 -0.0190990008 -0.0192729998 -0.0173790008 -0.0221960004 -0.0192620009 -0.0142559996 -0.0230149999 -0.0148999998 -0.0173760001 -0.0194940008 -0.0231720004 -0.012294 -0.0221960004 -0.0192620009 -0.0142559996 -0.0190990008 -0.0192729998 -0.0173790008 0.0176320001 -0.0192460008 -0.0173790008 0.0207020007 -0.0192620009 -0.0143250003 0.0179999992 -0.0231720004 -0.012294 0.0215210002 -0.0148999998 -0.0173760001 0.022876 -0.0148769999 -0.0158360004 0.0207020007 -0.0192620009 -0.0143250003 0.0130240005 -0.0230650008 -0.0173860006 0.0105750002 -0.0265120007 -0.0142559996 0.00530999992 -0.0264730006 -0.0173719991 -0.0319139995 -0.0101260003 0.00132699998 -0.0302579999 -0.0143109998 0.0372250006 -0.0324440002 -0.00752400002 0.037597999 -0.0120689999 -0.0265120007 -0.0142559996 -0.0144549999 -0.0230630003 -0.0173840001 -0.00669900002 -0.0265120007 -0.0169929992 0.028895 -0.0101260003 -0.0083039999 0.0270230006 -0.0148769999 -0.00769599993 0.022876 -0.0148769999 -0.0158360004 -0.000843000016 -0.0258889999 0.0320609994 -0.000751000014 -0.0268959999 0.0187609997 0.00520499982 -0.0265120007 0.0180740003 -0.000843000016 -0.0258889999 0.0320609994 -0.0178059991 -0.0258889999 0.0350989997 -0.0120689999 -0.0265120007 0.0153379999 0.0105750002 -0.0265120007 0.0153379999 0.0148360003 -0.0265120007 0.0110769998 0.0160099994 -0.0258889999 0.0320609994 -0.0178059991 -0.0258889999 0.0350989997 -0.0163310003 -0.0265120007 0.0110769998 -0.0120689999 -0.0265120007 0.0153379999 0.0175730009 -0.0265120007 0.00570699992 0.0185150001 -0.0265120007 0.00132699998 0.0224259999 -0.0231720004 0.00132699998 -0.0221960004 -0.0192620009 -0.0142559996 -0.0243699998 -0.0148769999 -0.0158360004 -0.0230149999 -0.0148999998 -0.0173760001 0.0240199994 0.0101269996 -0.0173829999 0.0215210002 0.0149010001 -0.0173760001 0.022876 0.0148780001 -0.0158360004 0.0130240005 0.0230659992 -0.0173860006 0.0105750002 0.0265129991 -0.0142559996 0.0148360003 0.0265129991 -0.00999500044 -0.0163310003 0.0265129991 -0.00999500044 -0.0120689999 0.0265129991 -0.0142559996 -0.0144549999 0.0230640005 -0.0173840001 -0.0230149999 0.0149010001 -0.0173760001 -0.0255139992 0.0101269996 -0.0173829999 -0.0243699998 0.0148780001 -0.0158360004 -0.0270629991 0.00512700016 -0.0173879992 -0.0315300003 0.00512700016 -0.0086749997 -0.0303889997 0.0101269996 -0.0083039999 -0.0315300003 0.00512700016 -0.0086749997 -0.0270629991 0.00512700016 -0.0173879992 -0.0276849996 0 -0.0173739996 0.022876 0.0148780001 -0.0158360004 0.0207020007 0.0192629993 -0.0143250003 0.0244679991 0.0192629993 -0.00686600013 0.0179999992 0.0231730007 -0.012294 0.0212910008 0.0231730007 -0.00583400019 0.0244679991 0.0192629993 -0.00686600013 0.0148360003 0.0265129991 -0.00999500044 0.0175730009 0.0265129991 -0.00462500006 0.0212910008 0.0231730007 -0.00583400019 -0.0227860007 0.0231730007 -0.00583400019 -0.0190670006 0.0265129991 -0.00462500006 -0.0163310003 0.0265129991 -0.00999500044 -0.0194940008 0.0231730007 -0.012294 -0.0221960004 0.0192629993 -0.0142559996 -0.0259620007 0.0192629993 -0.00686600013 -0.0259620007 0.0192629993 -0.00686600013 -0.0221960004 0.0192629993 -0.0142559996 -0.0243699998 0.0148780001 -0.0158360004 -0.0243699998 0.0148780001 -0.0158360004 -0.0255139992 0.0101269996 -0.0173829999 -0.0303889997 0.0101269996 -0.0083039999 0.0300360005 0.00512700016 -0.0086749997 0.0316199996 0.00512700016 0.00132699998 0.0320239998 0 0.00132699998 0.0300360005 0.00512700016 -0.0086749997 0.028895 0.0101269996 -0.0083039999 0.0304199997 0.0101269996 0.00132699998 0.0270230006 0.0148780001 -0.00769599993 0.0284519996 0.0148780001 0.00132699998 0.0304199997 0.0101269996 0.00132699998 0.0244679991 0.0192629993 -0.00686600013 0.0257649999 0.0192629993 0.00132699998 0.0284519996 0.0148780001 0.00132699998 0.0212910008 0.0231730007 -0.00583400019 0.0224259999 0.0231730007 0.00132699998 0.0257649999 0.0192629993 0.00132699998 0.0212910008 0.0231730007 -0.00583400019 0.0175730009 0.0265129991 -0.00462500006 0.0185150001 0.0265129991 0.00132699998 -0.0200089999 0.0265129991 0.00132699998 -0.0190670006 0.0265129991 -0.00462500006 -0.0227860007 0.0231730007 -0.00583400019 -0.0272589996 0.0192629993 0.00132699998 -0.0239199996 0.0231730007 0.00132699998 -0.0227860007 0.0231730007 -0.00583400019 -0.0335180014 0 0.00132699998 -0.0331149995 0.00512700016 0.00132699998 -0.0315300003 0.00512700016 -0.0086749997 0.0257649999 0.0192629993 0.00132699998 0.0251870006 0.0196989998 0.0320609994 0.0284519996 0.0148780001 0.00132699998 0.00520499982 0.0265129991 0.0180740003 -0.000843000016 0.0258900002 0.0320609994 0.0160099994 0.0258900002 0.0320609994 -0.0315300003 0.00512700016 -0.0086749997 -0.0331149995 0.00512700016 0.00132699998 -0.0319139995 0.0101269996 0.00132699998 -0.033197999 0 0.0377269983 -0.0324440002 0.00752499979 0.037597999 -0.0331149995 0.00512700016 0.00132699998 0.0304199997 0.0101269996 0.00132699998 0.0286420006 0.014312 0.0320609994 0.0308599994 0.00752499979 0.0320609994 0.0286420006 0.014312 0.0320609994 0.0304199997 0.0101269996 0.00132699998 0.0284519996 0.0148780001 0.00132699998 0.0251870006 0.0196989998 0.0320609994 0.0257649999 0.0192629993 0.00132699998 0.0224259999 0.0231730007 0.00132699998 0.0316240005 0 0.0320609994 0.0320239998 0 0.00132699998 0.0316199996 0.00512700016 0.00132699998 -0.0302579999 0.014312 0.0372250006 -0.0303269997 0.014312 0.00132699998 -0.0319139995 0.0101269996 0.00132699998 -0.0268530007 0.0196989998 0.0366440006 -0.0272589996 0.0192629993 0.00132699998 -0.0303269997 0.014312 0.00132699998 -0.0272589996 0.0192629993 0.00132699998 -0.0268530007 0.0196989998 0.0366440006 -0.0225620009 0.0238969997 0.0359110013 -0.000751000014 0.0268970001 0.0187609997 -0.00669900002 0.0265129991 0.0180740003 -0.000843000016 0.0258900002 0.0320609994 -0.0190670006 0.0265129991 0.00570699992 -0.0200089999 0.0265129991 0.00132699998 -0.0239199996 0.0231730007 0.00132699998 -0.0303889997 0.0101269996 -0.0083039999 -0.0319139995 0.0101269996 0.00132699998 -0.0303269997 0.014312 0.00132699998 -0.0285170004 0.0148780001 -0.00769599993 -0.0303269997 0.014312 0.00132699998 -0.0272589996 0.0192629993 0.00132699998 0.0255970005 0.00512700016 -0.0173870008 0.0240199994 0.0101269996 -0.0173829999 0.028895 0.0101269996 -0.0083039999 0.0300360005 0.00512700016 -0.0086749997 0.0304199997 0 -0.00879999995 0.0261899997 0 -0.0173739996 -0.0190990008 0.0192740001 -0.0173790008 -0.0230149999 0.0149010001 -0.0173760001 -0.0221960004 0.0192629993 -0.0142559996 -0.0190990008 0.0192740001 -0.0173790008 -0.0221960004 0.0192629993 -0.0142559996 -0.0194940008 0.0231730007 -0.012294 0.0176320001 0.0192469992 -0.0173790008 0.0130240005 0.0230659992 -0.0173860006 0.0179999992 0.0231730007 -0.012294 0.0215210002 0.0149010001 -0.0173760001 0.0176320001 0.0192469992 -0.0173790008 0.0207020007 0.0192629993 -0.0143250003 0.0130240005 0.0230659992 -0.0173860006 0.00530999992 0.0264740009 -0.0173719991 0.0105750002 0.0265129991 -0.0142559996 -0.0319139995 0.0101269996 0.00132699998 -0.0331149995 0.00512700016 0.00132699998 -0.0324440002 0.00752499979 0.037597999 -0.0120689999 0.0265129991 -0.0142559996 -0.00669900002 0.0265129991 -0.0169929992 -0.0144549999 0.0230640005 -0.0173840001 0.022876 0.0148780001 -0.0158360004 0.0270230006 0.0148780001 -0.00769599993 0.028895 0.0101269996 -0.0083039999 -0.000843000016 0.0258900002 0.0320609994 0.00520499982 0.0265129991 0.0180740003 -0.000751000014 0.0268970001 0.0187609997 -0.0120689999 0.0265129991 0.0153379999 -0.0178059991 0.0258900002 0.0350989997 -0.000843000016 0.0258900002 0.0320609994 0.0105750002 0.0265129991 0.0153379999 0.0160099994 0.0258900002 0.0320609994 0.0148360003 0.0265129991 0.0110769998 -0.0178059991 0.0258900002 0.0350989997 -0.0120689999 0.0265129991 0.0153379999 -0.0163310003 0.0265129991 0.0110769998 0.0175730009 0.0265129991 0.00570699992 0.0224259999 0.0231730007 0.00132699998 0.0185150001 0.0265129991 0.00132699998 -0.0221960004 0.0192629993 -0.0142559996 -0.0230149999 0.0149010001 -0.0173760001 -0.0243699998 0.0148780001 -0.0158360004 -0.0239199996 0.0231730007 0.00132699998 -0.0225620009 0.0238969997 0.0359110013 -0.0178059991 0.0258900002 0.0350989997 -0.0239199996 0.0231730007 0.00132699998 -0.0178059991 0.0258900002 0.0350989997 -0.0163310003 0.0265129991 0.0110769998 -0.0239199996 0.0231730007 0.00132699998 -0.0163310003 0.0265129991 0.0110769998 -0.0190670006 0.0265129991 0.00570699992 0.0148360003 0.0265129991 0.0110769998 0.0160099994 0.0258900002 0.0320609994 0.0208349992 0.0238969997 0.0320609994 0.0148360003 0.0265129991 0.0110769998 0.0208349992 0.0238969997 0.0320609994 0.0224259999 0.0231730007 0.00132699998 0.0175730009 0.0265129991 0.00570699992 0.0148360003 0.0265129991 0.0110769998 0.0224259999 0.0231730007 0.00132699998 -0.0178059991 -0.0258889999 0.0350989997 -0.0225620009 -0.0238959994 0.0359110013 -0.0239199996 -0.0231720004 0.00132699998 -0.0163310003 -0.0265120007 0.0110769998 -0.0178059991 -0.0258889999 0.0350989997 -0.0239199996 -0.0231720004 0.00132699998 -0.0190670006 -0.0265120007 0.00570699992 -0.0163310003 -0.0265120007 0.0110769998 -0.0239199996 -0.0231720004 0.00132699998 0.0208349992 -0.0238959994 0.0320609994 0.0160099994 -0.0258889999 0.0320609994 0.0148360003 -0.0265120007 0.0110769998 0.0224259999 -0.0231720004 0.00132699998 0.0208349992 -0.0238959994 0.0320609994 0.0148360003 -0.0265120007 0.0110769998 0.0224259999 -0.0231720004 0.00132699998 0.0148360003 -0.0265120007 0.0110769998 0.0175730009 -0.0265120007 0.00570699992 -0.000730000029 0 -0.0255149994 0.00530999992 0.0264740009 -0.0173719991 0.0130240005 0.0230659992 -0.0173860006 -0.000730000029 0 -0.0255149994 0.0130240005 0.0230659992 -0.0173860006 0.0176320001 0.0192469992 -0.0173790008 0.0215210002 0.0149010001 -0.0173760001 -0.000730000029 0 -0.0255149994 0.0176320001 0.0192469992 -0.0173790008 0.0240199994 0.0101269996 -0.0173829999 -0.000730000029 0 -0.0255149994 0.0215210002 0.0149010001 -0.0173760001 0.0255970005 0.00512700016 -0.0173870008 -0.000730000029 0 -0.0255149994 0.0240199994 0.0101269996 -0.0173829999 0.0261899997 0 -0.0173739996 -0.000730000029 0 -0.0255149994 0.0255970005 0.00512700016 -0.0173870008 -0.000730000029 0 -0.0255149994 0.0261899997 0 -0.0173739996 0.0255970005 -0.00512599992 -0.0173870008 -0.000730000029 0 -0.0255149994 0.0255970005 -0.00512599992 -0.0173870008 0.0240199994 -0.0101260003 -0.0173829999 -0.000730000029 0 -0.0255149994 0.0240199994 -0.0101260003 -0.0173829999 0.0215210002 -0.0148999998 -0.0173760001 -0.000730000029 0 -0.0255149994 0.0215210002 -0.0148999998 -0.0173760001 0.0176320001 -0.0192460008 -0.0173790008 0.0130240005 -0.0230650008 -0.0173860006 -0.000730000029 0 -0.0255149994 0.0176320001 -0.0192460008 -0.0173790008 0.00530999992 -0.0264730006 -0.0173719991 -0.000730000029 0 -0.0255149994 0.0130240005 -0.0230650008 -0.0173860006 -0.000730000029 0 -0.0255149994 0.00530999992 -0.0264730006 -0.0173719991 -0.00669900002 -0.0265120007 -0.0169929992 -0.000730000029 0 -0.0255149994 -0.00669900002 -0.0265120007 -0.0169929992 -0.0144549999 -0.0230630003 -0.0173840001 -0.000730000029 0 -0.0255149994 -0.0144549999 -0.0230630003 -0.0173840001 -0.0190990008 -0.0192729998 -0.0173790008 -0.0230149999 -0.0148999998 -0.0173760001 -0.000730000029 0 -0.0255149994 -0.0190990008 -0.0192729998 -0.0173790008 -0.000730000029 0 -0.0255149994 -0.0230149999 -0.0148999998 -0.0173760001 -0.0255139992 -0.0101260003 -0.0173829999 -0.000730000029 0 -0.0255149994 -0.0255139992 -0.0101260003 -0.0173829999 -0.0270629991 -0.00512599992 -0.0173879992 -0.000730000029 0 -0.0255149994 -0.0270629991 -0.00512599992 -0.0173879992 -0.0276849996 0 -0.0173739996 -0.000730000029 0 -0.0255149994 -0.0276849996 0 -0.0173739996 -0.0270629991 0.00512700016 -0.0173879992 -0.0255139992 0.0101269996 -0.0173829999 -0.000730000029 0 -0.0255149994 -0.0270629991 0.00512700016 -0.0173879992 -0.0230149999 0.0149010001 -0.0173760001 -0.000730000029 0 -0.0255149994 -0.0255139992 0.0101269996 -0.0173829999 -0.000730000029 0 -0.0255149994 -0.0230149999 0.0149010001 -0.0173760001 -0.0190990008 0.0192740001 -0.0173790008 -0.0144549999 0.0230640005 -0.0173840001 -0.000730000029 0 -0.0255149994 -0.0190990008 0.0192740001 -0.0173790008 -0.00669900002 0.0265129991 -0.0169929992 -0.000730000029 0 -0.0255149994 -0.0144549999 0.0230640005 -0.0173840001 -0.000730000029 0 -0.0255149994 -0.00669900002 0.0265129991 -0.0169929992 0.00530999992 0.0264740009 -0.0173719991 -0.000742000004 0.0320199989 0.0023070001 0.0105750002 0.0265129991 0.0153379999 0.0148360003 0.0265129991 0.0110769998 0.0105750002 0.0265129991 0.0153379999 -0.000742000004 0.0320199989 0.0023070001 0.00520499982 0.0265129991 0.0180740003 0.00520499982 0.0265129991 0.0180740003 -0.000742000004 0.0320199989 0.0023070001 -0.000751000014 0.0268970001 0.0187609997 -0.000742000004 0.0320199989 0.0023070001 -0.00669900002 0.0265129991 0.0180740003 -0.000751000014 0.0268970001 0.0187609997 -0.00669900002 0.0265129991 0.0180740003 -0.000742000004 0.0320199989 0.0023070001 -0.0120689999 0.0265129991 0.0153379999 -0.0120689999 0.0265129991 0.0153379999 -0.000742000004 0.0320199989 0.0023070001 -0.0163310003 0.0265129991 0.0110769998 -0.0163310003 0.0265129991 0.0110769998 -0.000742000004 0.0320199989 0.0023070001 -0.0190670006 0.0265129991 0.00570699992 -0.000742000004 0.0320199989 0.0023070001 -0.0200089999 0.0265129991 0.00132699998 -0.0190670006 0.0265129991 0.00570699992 -0.000742000004 0.0320199989 0.0023070001 -0.0190670006 0.0265129991 -0.00462500006 -0.0200089999 0.0265129991 0.00132699998 -0.000742000004 0.0320199989 0.0023070001 -0.0163310003 0.0265129991 -0.00999500044 -0.0190670006 0.0265129991 -0.00462500006 -0.000742000004 0.0320199989 0.0023070001 -0.0120689999 0.0265129991 -0.0142559996 -0.0163310003 0.0265129991 -0.00999500044 -0.0120689999 0.0265129991 -0.0142559996 -0.000742000004 0.0320199989 0.0023070001 -0.00669900002 0.0265129991 -0.0169929992 -0.000742000004 0.0320199989 0.0023070001 0.00530999992 0.0264740009 -0.0173719991 -0.00669900002 0.0265129991 -0.0169929992 0.00530999992 0.0264740009 -0.0173719991 -0.000742000004 0.0320199989 0.0023070001 0.0105750002 0.0265129991 -0.0142559996 0.0105750002 0.0265129991 -0.0142559996 -0.000742000004 0.0320199989 0.0023070001 0.0148360003 0.0265129991 -0.00999500044 0.0148360003 0.0265129991 -0.00999500044 -0.000742000004 0.0320199989 0.0023070001 0.0175730009 0.0265129991 -0.00462500006 0.0175730009 0.0265129991 -0.00462500006 -0.000742000004 0.0320199989 0.0023070001 0.0185150001 0.0265129991 0.00132699998 0.0185150001 0.0265129991 0.00132699998 -0.000742000004 0.0320199989 0.0023070001 0.0175730009 0.0265129991 0.00570699992 0.0175730009 0.0265129991 0.00570699992 -0.000742000004 0.0320199989 0.0023070001 0.0148360003 0.0265129991 0.0110769998 -0.000742000004 -0.0302249994 0.0023070001 -0.0120689999 -0.0265120007 0.0153379999 -0.00669900002 -0.0265120007 0.0180740003 -0.000742000004 -0.0302249994 0.0023070001 -0.00669900002 -0.0265120007 0.0180740003 -0.000751000014 -0.0268959999 0.0187609997 -0.000742000004 -0.0302249994 0.0023070001 0.00520499982 -0.0265120007 0.0180740003 -0.000751000014 -0.0268959999 0.0187609997 -0.000742000004 -0.0302249994 0.0023070001 0.0105750002 -0.0265120007 0.0153379999 0.00520499982 -0.0265120007 0.0180740003 -0.000742000004 -0.0302249994 0.0023070001 0.0148360003 -0.0265120007 0.0110769998 0.0105750002 -0.0265120007 0.0153379999 -0.000742000004 -0.0302249994 0.0023070001 0.0175730009 -0.0265120007 0.00570699992 0.0148360003 -0.0265120007 0.0110769998 -0.000742000004 -0.0302249994 0.0023070001 0.0185150001 -0.0265120007 0.00132699998 0.0175730009 -0.0265120007 0.00570699992 -0.000742000004 -0.0302249994 0.0023070001 0.0175730009 -0.0265120007 -0.00462500006 0.0185150001 -0.0265120007 0.00132699998 -0.000742000004 -0.0302249994 0.0023070001 0.0148360003 -0.0265120007 -0.00999500044 0.0175730009 -0.0265120007 -0.00462500006 -0.000742000004 -0.0302249994 0.0023070001 0.0105750002 -0.0265120007 -0.0142559996 0.0148360003 -0.0265120007 -0.00999500044 -0.000742000004 -0.0302249994 0.0023070001 -0.0120689999 -0.0265120007 0.0153379999 -0.0163310003 -0.0265120007 0.0110769998 -0.000742000004 -0.0302249994 0.0023070001 -0.0200089999 -0.0265120007 0.00132699998 -0.0190670006 -0.0265120007 0.00570699992 -0.000742000004 -0.0302249994 0.0023070001 -0.0190670006 -0.0265120007 -0.00462500006 -0.0200089999 -0.0265120007 0.00132699998 -0.000742000004 -0.0302249994 0.0023070001 -0.0163310003 -0.0265120007 -0.00999500044 -0.0190670006 -0.0265120007 -0.00462500006 -0.000742000004 -0.0302249994 0.0023070001 -0.0120689999 -0.0265120007 -0.0142559996 -0.0163310003 -0.0265120007 -0.00999500044 -0.000742000004 -0.0302249994 0.0023070001 -0.0120689999 -0.0265120007 -0.0142559996 -0.00669900002 -0.0265120007 -0.0169929992 -0.000742000004 -0.0302249994 0.0023070001 -0.00669900002 -0.0265120007 -0.0169929992 0.00530999992 -0.0264730006 -0.0173719991 -0.000742000004 -0.0302249994 0.0023070001 0.00530999992 -0.0264730006 -0.0173719991 0.0105750002 -0.0265120007 -0.0142559996 -0.000742000004 -0.0302249994 0.0023070001 -0.0163310003 -0.0265120007 0.0110769998 -0.0190670006 -0.0265120007 0.00570699992 0.0105750002 -0.0265120007 -0.0142559996 0.0130240005 -0.0230650008 -0.0173860006 0.0148360003 -0.0265120007 -0.00999500044 -0.0194940008 -0.0231720004 -0.012294 -0.0144549999 -0.0230630003 -0.0173840001 -0.0163310003 -0.0265120007 -0.00999500044 -0.0315300003 -0.00512599992 -0.0086749997 -0.0270629991 -0.00512599992 -0.0173879992 -0.0303889997 -0.0101260003 -0.0083039999 -0.0270629991 -0.00512599992 -0.0173879992 -0.0315300003 -0.00512599992 -0.0086749997 -0.0276849996 0 -0.0173739996 0.0207020007 -0.0192620009 -0.0143250003 0.022876 -0.0148769999 -0.0158360004 0.0244679991 -0.0192620009 -0.00686600013 0.0207020007 -0.0192620009 -0.0143250003 0.0244679991 -0.0192620009 -0.00686600013 0.0179999992 -0.0231720004 -0.012294 0.0179999992 -0.0231720004 -0.012294 0.0212910008 -0.0231720004 -0.00583400019 0.0148360003 -0.0265120007 -0.00999500044 -0.0190670006 -0.0265120007 -0.00462500006 -0.0227860007 -0.0231720004 -0.00583400019 -0.0163310003 -0.0265120007 -0.00999500044 -0.0227860007 -0.0231720004 -0.00583400019 -0.0259620007 -0.0192620009 -0.00686600013 -0.0194940008 -0.0231720004 -0.012294 -0.0221960004 -0.0192620009 -0.0142559996 -0.0259620007 -0.0192620009 -0.00686600013 -0.0243699998 -0.0148769999 -0.0158360004 -0.0285170004 -0.0148769999 -0.00769599993 -0.0303889997 -0.0101260003 -0.0083039999 -0.0243699998 -0.0148769999 -0.0158360004 0.0304199997 0 -0.00879999995 0.0320239998 0 0.00132699998 0.0300360005 -0.00512599992 -0.0086749997 0.028895 -0.0101260003 -0.0083039999 0.0300360005 -0.00512599992 -0.0086749997 0.0304199997 -0.0101260003 0.00132699998 0.028895 -0.0101260003 -0.0083039999 0.0304199997 -0.0101260003 0.00132699998 0.0270230006 -0.0148769999 -0.00769599993 0.0270230006 -0.0148769999 -0.00769599993 0.0284519996 -0.0148769999 0.00132699998 0.0244679991 -0.0192620009 -0.00686600013 0.0244679991 -0.0192620009 -0.00686600013 0.0257649999 -0.0192620009 0.00132699998 0.0212910008 -0.0231720004 -0.00583400019 0.0175730009 -0.0265120007 -0.00462500006 0.0212910008 -0.0231720004 -0.00583400019 0.0185150001 -0.0265120007 0.00132699998 -0.0239199996 -0.0231720004 0.00132699998 -0.0227860007 -0.0231720004 -0.00583400019 -0.0200089999 -0.0265120007 0.00132699998 -0.0239199996 -0.0231720004 0.00132699998 -0.0272589996 -0.0192620009 0.00132699998 -0.0227860007 -0.0231720004 -0.00583400019 -0.0331149995 -0.00512599992 0.00132699998 -0.0335180014 0 0.00132699998 -0.0315300003 -0.00512599992 -0.0086749997 -0.000843000016 -0.0258889999 0.0320609994 0.00520499982 -0.0265120007 0.0180740003 0.0160099994 -0.0258889999 0.0320609994 -0.0331149995 -0.00512599992 0.00132699998 -0.0315300003 -0.00512599992 -0.0086749997 -0.0319139995 -0.0101260003 0.00132699998 -0.0335180014 0 0.00132699998 -0.0331149995 -0.00512599992 0.00132699998 -0.033197999 0 0.0377269983 0.0286420006 -0.0143109998 0.0320609994 0.0304199997 -0.0101260003 0.00132699998 0.0308599994 -0.00752400002 0.0320609994 0.0304199997 -0.0101260003 0.00132699998 0.0286420006 -0.0143109998 0.0320609994 0.0284519996 -0.0148769999 0.00132699998 0.0208349992 -0.0238959994 0.0320609994 0.0224259999 -0.0231720004 0.00132699998 0.0251870006 -0.0196979996 0.0320609994 0.0308599994 -0.00752400002 0.0320609994 0.0316199996 -0.00512599992 0.00132699998 0.0316240005 0 0.0320609994 -0.0272589996 -0.0192620009 0.00132699998 -0.0268530007 -0.0196979996 0.0366440006 -0.0303269997 -0.0143109998 0.00132699998 -0.0268530007 -0.0196979996 0.0366440006 -0.0272589996 -0.0192620009 0.00132699998 -0.0225620009 -0.0238959994 0.0359110013 -0.0319139995 -0.0101260003 0.00132699998 -0.0303889997 -0.0101260003 -0.0083039999 -0.0303269997 -0.0143109998 0.00132699998 -0.0303269997 -0.0143109998 0.00132699998 -0.0285170004 -0.0148769999 -0.00769599993 -0.0272589996 -0.0192620009 0.00132699998 0.0240199994 -0.0101260003 -0.0173829999 0.0255970005 -0.00512599992 -0.0173870008 0.028895 -0.0101260003 -0.0083039999 0.0255970005 -0.00512599992 -0.0173870008 0.0261899997 0 -0.0173739996 0.0300360005 -0.00512599992 -0.0086749997 -0.0144549999 -0.0230630003 -0.0173840001 -0.0194940008 -0.0231720004 -0.012294 -0.0190990008 -0.0192729998 -0.0173790008 0.0130240005 -0.0230650008 -0.0173860006 0.0176320001 -0.0192460008 -0.0173790008 0.0179999992 -0.0231720004 -0.012294 0.0176320001 -0.0192460008 -0.0173790008 0.0215210002 -0.0148999998 -0.0173760001 0.0207020007 -0.0192620009 -0.0143250003 -0.0331149995 -0.00512599992 0.00132699998 -0.0319139995 -0.0101260003 0.00132699998 -0.0324440002 -0.00752400002 0.037597999 0.0240199994 -0.0101260003 -0.0173829999 0.028895 -0.0101260003 -0.0083039999 0.022876 -0.0148769999 -0.0158360004 -0.00669900002 -0.0265120007 0.0180740003 -0.000843000016 -0.0258889999 0.0320609994 -0.0120689999 -0.0265120007 0.0153379999 0.0179999992 0.0231730007 -0.012294 0.0130240005 0.0230659992 -0.0173860006 0.0148360003 0.0265129991 -0.00999500044 -0.0194940008 0.0231730007 -0.012294 -0.0163310003 0.0265129991 -0.00999500044 -0.0144549999 0.0230640005 -0.0173840001 -0.0255139992 0.0101269996 -0.0173829999 -0.0270629991 0.00512700016 -0.0173879992 -0.0303889997 0.0101269996 -0.0083039999 -0.0319139995 0 -0.00879999995 -0.0315300003 0.00512700016 -0.0086749997 -0.0276849996 0 -0.0173739996 0.0270230006 0.0148780001 -0.00769599993 0.022876 0.0148780001 -0.0158360004 0.0244679991 0.0192629993 -0.00686600013 0.0207020007 0.0192629993 -0.0143250003 0.0179999992 0.0231730007 -0.012294 0.0244679991 0.0192629993 -0.00686600013 0.0179999992 0.0231730007 -0.012294 0.0148360003 0.0265129991 -0.00999500044 0.0212910008 0.0231730007 -0.00583400019 -0.0194940008 0.0231730007 -0.012294 -0.0227860007 0.0231730007 -0.00583400019 -0.0163310003 0.0265129991 -0.00999500044 -0.0227860007 0.0231730007 -0.00583400019 -0.0194940008 0.0231730007 -0.012294 -0.0259620007 0.0192629993 -0.00686600013 -0.0285170004 0.0148780001 -0.00769599993 -0.0259620007 0.0192629993 -0.00686600013 -0.0243699998 0.0148780001 -0.0158360004 -0.0285170004 0.0148780001 -0.00769599993 -0.0243699998 0.0148780001 -0.0158360004 -0.0303889997 0.0101269996 -0.0083039999 0.0304199997 0 -0.00879999995 0.0300360005 0.00512700016 -0.0086749997 0.0320239998 0 0.00132699998 0.0316199996 0.00512700016 0.00132699998 0.0300360005 0.00512700016 -0.0086749997 0.0304199997 0.0101269996 0.00132699998 0.028895 0.0101269996 -0.0083039999 0.0270230006 0.0148780001 -0.00769599993 0.0304199997 0.0101269996 0.00132699998 0.0270230006 0.0148780001 -0.00769599993 0.0244679991 0.0192629993 -0.00686600013 0.0284519996 0.0148780001 0.00132699998 0.0244679991 0.0192629993 -0.00686600013 0.0212910008 0.0231730007 -0.00583400019 0.0257649999 0.0192629993 0.00132699998 0.0224259999 0.0231730007 0.00132699998 0.0212910008 0.0231730007 -0.00583400019 0.0185150001 0.0265129991 0.00132699998 -0.0239199996 0.0231730007 0.00132699998 -0.0200089999 0.0265129991 0.00132699998 -0.0227860007 0.0231730007 -0.00583400019 -0.0259620007 0.0192629993 -0.00686600013 -0.0272589996 0.0192629993 0.00132699998 -0.0227860007 0.0231730007 -0.00583400019 -0.0319139995 0 -0.00879999995 -0.0335180014 0 0.00132699998 -0.0315300003 0.00512700016 -0.0086749997 0.0105750002 0.0265129991 0.0153379999 0.00520499982 0.0265129991 0.0180740003 0.0160099994 0.0258900002 0.0320609994 -0.0303889997 0.0101269996 -0.0083039999 -0.0315300003 0.00512700016 -0.0086749997 -0.0319139995 0.0101269996 0.00132699998 -0.0335180014 0 0.00132699998 -0.033197999 0 0.0377269983 -0.0331149995 0.00512700016 0.00132699998 0.0316199996 0.00512700016 0.00132699998 0.0304199997 0.0101269996 0.00132699998 0.0308599994 0.00752499979 0.0320609994 0.0251870006 0.0196989998 0.0320609994 0.0286420006 0.014312 0.0320609994 0.0284519996 0.0148780001 0.00132699998 0.0208349992 0.0238969997 0.0320609994 0.0251870006 0.0196989998 0.0320609994 0.0224259999 0.0231730007 0.00132699998 0.0308599994 0.00752499979 0.0320609994 0.0316240005 0 0.0320609994 0.0316199996 0.00512700016 0.00132699998 -0.0302579999 0.014312 0.0372250006 -0.0268530007 0.0196989998 0.0366440006 -0.0303269997 0.014312 0.00132699998 -0.0239199996 0.0231730007 0.00132699998 -0.0272589996 0.0192629993 0.00132699998 -0.0225620009 0.0238969997 0.0359110013 -0.0285170004 0.0148780001 -0.00769599993 -0.0303889997 0.0101269996 -0.0083039999 -0.0303269997 0.014312 0.00132699998 -0.0259620007 0.0192629993 -0.00686600013 -0.0285170004 0.0148780001 -0.00769599993 -0.0272589996 0.0192629993 0.00132699998 0.0300360005 0.00512700016 -0.0086749997 0.0255970005 0.00512700016 -0.0173870008 0.028895 0.0101269996 -0.0083039999 0.0255970005 0.00512700016 -0.0173870008 0.0300360005 0.00512700016 -0.0086749997 0.0261899997 0 -0.0173739996 -0.0144549999 0.0230640005 -0.0173840001 -0.0190990008 0.0192740001 -0.0173790008 -0.0194940008 0.0231730007 -0.012294 0.0207020007 0.0192629993 -0.0143250003 0.0176320001 0.0192469992 -0.0173790008 0.0179999992 0.0231730007 -0.012294 0.022876 0.0148780001 -0.0158360004 0.0215210002 0.0149010001 -0.0173760001 0.0207020007 0.0192629993 -0.0143250003 -0.0302579999 0.014312 0.0372250006 -0.0319139995 0.0101269996 0.00132699998 -0.0324440002 0.00752499979 0.037597999 0.0240199994 0.0101269996 -0.0173829999 0.022876 0.0148780001 -0.0158360004 0.028895 0.0101269996 -0.0083039999 -0.00669900002 0.0265129991 0.0180740003 -0.0120689999 0.0265129991 0.0153379999 -0.000843000016 0.0258900002 0.0320609994 </float_array>
          <technique_common>
            <accessor count="780" offset="0" source="#milky_white-positions-array" stride="3">
              <param name="X" type="float" />
              <param name="Y" type="float" />
              <param name="Z" type="float" />
            </accessor>
          </technique_common>
        </source>
        <source id="milky_white-normals" name="milky_white-normals">
          <float_array id="milky_white-normals-array" count="2340"> 0.603137016 -0.235266998 -0.762108028 0.745414972 -0.438704014 -0.501846015 0.485794008 -0.341684997 -0.804498017 0.33582601 -0.536454022 -0.774194002 0.57328999 -0.705160975 -0.417158008 0.525285006 -0.759728014 -0.383221 -0.319772989 -0.538559973 -0.779504001 -0.386456013 -0.751884997 -0.534134984 -0.525162995 -0.758934021 -0.384930015 -0.485946 -0.343852013 -0.803461015 -0.744010985 -0.441053987 -0.501846015 -0.603808999 -0.233924001 -0.762017012 -0.871272981 -0.185064003 -0.454542994 -0.603808999 -0.233924001 -0.762017012 -0.903958023 -0.304513991 -0.300087988 -0.939634025 -0.157475993 -0.303750992 -0.953001022 0 -0.302895993 -0.891964018 0 -0.452039987 0.745414972 -0.438704014 -0.501846015 0.848903 -0.45085001 -0.275826007 0.772149026 -0.584033012 -0.250313014 0.772149026 -0.584033012 -0.250313014 0.676168025 -0.703207016 -0.219703004 0.57328999 -0.705160975 -0.417158008 0.676168025 -0.703207016 -0.219703004 0.617633998 -0.760398984 -0.200690001 0.525285006 -0.759728014 -0.383221 -0.676168025 -0.703207016 -0.219671994 -0.573015988 -0.704397976 -0.418805987 -0.525162995 -0.758934021 -0.384930015 -0.771934986 -0.584093988 -0.250800997 -0.658222973 -0.587664008 -0.470472991 -0.573015988 -0.704397976 -0.418805987 -0.771934986 -0.584093988 -0.250800997 -0.846674979 -0.45283401 -0.279336005 -0.744010985 -0.441053987 -0.501846015 -0.903958023 -0.304513991 -0.300087988 -0.603808999 -0.233924001 -0.762017012 -0.744010985 -0.441053987 -0.501846015 0.997406006 0 -0.071657002 0.985351026 -0.154302001 -0.0722680017 0.939939976 -0.157109007 -0.302987993 0.939939976 -0.157109007 -0.302987993 0.985351026 -0.154302001 -0.0722680017 0.949126005 -0.306374997 -0.0722979978 0.949126005 -0.306374997 -0.0722979978 0.889217973 -0.452405989 -0.0675069988 0.848903 -0.45085001 -0.275826007 0.889217973 -0.452405989 -0.0675069988 0.809198022 -0.584429026 -0.0602440014 0.772149026 -0.584033012 -0.250313014 0.809198022 -0.584429026 -0.0602440014 0.691824019 -0.721641004 -0.0242010001 0.676168025 -0.703207016 -0.219703004 0.676168025 -0.703207016 -0.219703004 0.691824019 -0.721641004 -0.0242010001 0.457471997 -0.889126003 0.0129089998 -0.676168025 -0.703207016 -0.219671994 -0.617633998 -0.760398984 -0.200690001 -0.649312019 -0.760246992 0.0196540002 -0.806451976 -0.588275015 -0.0596939996 -0.771934986 -0.584093988 -0.250800997 -0.676168025 -0.703207016 -0.219671994 -0.997253001 0 -0.0737330019 -0.953001022 0 -0.302895993 -0.939634025 -0.157475993 -0.303750992 0.809198022 -0.584429026 -0.0602440014 0.889217973 -0.452405989 -0.0675069988 0.776024997 -0.630572975 0.0115050003 0.0568250008 -0.991820991 0.114017002 0.0694599971 -0.993224978 0.0931119993 0.205938995 -0.978300989 0.0222479999 -0.939634025 -0.157475993 -0.303750992 -0.903958023 -0.304513991 -0.300087988 -0.953306973 -0.292825013 -0.0735500008 -0.985198021 -0.154423997 -0.0742210001 -0.979034007 -0.203345001 0.00970499963 -0.99990797 0 0.0115670003 0.949126005 -0.306374997 -0.0722979978 0.985351026 -0.154302001 -0.0722680017 0.977966011 -0.208228007 0.0143130003 0.902341008 -0.430891007 0.00820900034 0.776024997 -0.630572975 0.0115050003 0.889217973 -0.452405989 -0.0675069988 0.691824019 -0.721641004 -0.0242010001 0.809198022 -0.584429026 -0.0602440014 0.776024997 -0.630572975 0.0115050003 0.985351026 -0.154302001 -0.0722680017 0.997406006 0 -0.071657002 0.999846995 0 0.0164190009 -0.907193005 -0.420637012 0.00479099993 -0.953306973 -0.292825013 -0.0735500008 -0.895047009 -0.440259993 -0.0708639994 -0.78203702 -0.623218 0.000548999989 -0.907193005 -0.420637012 0.00479099993 -0.895047009 -0.440259993 -0.0708639994 -0.806451976 -0.588275015 -0.0596939996 -0.693135977 -0.720449984 -0.0218209997 -0.566209972 -0.824244022 -0.00155599997 0.0263989996 -0.993224978 0.113009997 0.000335999997 -0.998778999 0.0487990007 -0.042146001 -0.997161984 0.0620750003 -0.594348013 -0.757622004 0.269661993 -0.693135977 -0.720449984 -0.0218209997 -0.649312019 -0.760246992 0.0196540002 -0.903958023 -0.304513991 -0.300087988 -0.846674979 -0.45283401 -0.279336005 -0.895047009 -0.440259993 -0.0708639994 -0.846674979 -0.45283401 -0.279336005 -0.771934986 -0.584093988 -0.250800997 -0.806451976 -0.588275015 -0.0596939996 0.872097015 -0.184576005 -0.453139007 0.939939976 -0.157109007 -0.302987993 0.904141009 -0.306863993 -0.297158986 0.892787993 0 -0.450453013 0.953001022 0 -0.302895993 0.939939976 -0.157109007 -0.302987993 -0.411145002 -0.444806993 -0.795647979 -0.658222973 -0.587664008 -0.470472991 -0.485946 -0.343852013 -0.803461015 -0.573015988 -0.704397976 -0.418805987 -0.658222973 -0.587664008 -0.470472991 -0.411145002 -0.444806993 -0.795647979 0.410046995 -0.443037003 -0.797204018 0.656301022 -0.587724984 -0.47309801 0.57328999 -0.705160975 -0.417158008 0.485794008 -0.341684997 -0.804498017 0.745414972 -0.438704014 -0.501846015 0.656301022 -0.587724984 -0.47309801 0.33582601 -0.536454022 -0.774194002 0.399670005 -0.755364001 -0.519272029 0.104312003 -0.390361995 -0.914700985 -0.953306973 -0.292825013 -0.0735500008 -0.907193005 -0.420637012 0.00479099993 -0.979034007 -0.203345001 0.00970499963 -0.386456013 -0.751884997 -0.534134984 -0.319772989 -0.538559973 -0.779504001 -0.106296003 -0.394818008 -0.91256398 0.904141009 -0.306863993 -0.297158986 0.848903 -0.45085001 -0.275826007 0.745414972 -0.438704014 -0.501846015 0.000335999997 -0.998778999 0.0487990007 0.0263989996 -0.993224978 0.113009997 0.0568250008 -0.991820991 0.114017002 0.000335999997 -0.998778999 0.0487990007 -0.227393001 -0.973724008 0.0116889998 -0.0574360006 -0.996062994 0.0672319978 0.0694599971 -0.993224978 0.0931119993 0.270089 -0.959716022 0.0770590007 0.205938995 -0.978300989 0.0222479999 -0.227393001 -0.973724008 0.0116889998 -0.270027995 -0.959806979 0.0762349963 -0.0574360006 -0.996062994 0.0672319978 0.499251992 -0.83959502 0.213935003 0.457471997 -0.889126003 0.0129089998 0.691824019 -0.721641004 -0.0242010001 -0.658222973 -0.587664008 -0.470472991 -0.744010985 -0.441053987 -0.501846015 -0.485946 -0.343852013 -0.803461015 0.603137016 0.235266998 -0.762108028 0.485794008 0.341684997 -0.804467976 0.745414972 0.438704014 -0.501846015 0.33582601 0.536454022 -0.774194002 0.399670005 0.755364001 -0.519272029 0.525285006 0.759728014 -0.383221 -0.525162995 0.758934021 -0.384930015 -0.386456013 0.751854002 -0.534134984 -0.319772989 0.538559973 -0.779504001 -0.485976994 0.343852013 -0.803461015 -0.603808999 0.233924001 -0.762017012 -0.744010985 0.441053987 -0.501846015 -0.871272981 0.185064003 -0.454542994 -0.939634025 0.157475993 -0.303750992 -0.903958023 0.304513991 -0.300087988 -0.939634025 0.157475993 -0.303750992 -0.871272981 0.185064003 -0.454542994 -0.891964018 0 -0.452039987 0.745414972 0.438704014 -0.501846015 0.656301022 0.587724984 -0.47309801 0.772149026 0.584033012 -0.250313014 0.57328999 0.705160975 -0.417158008 0.676168025 0.703207016 -0.219671994 0.772149026 0.584033012 -0.250313014 0.525285006 0.759728014 -0.383221 0.61766398 0.760369003 -0.200690001 0.676168025 0.703207016 -0.219671994 -0.676168025 0.703207016 -0.219671994 -0.617633998 0.760398984 -0.200690001 -0.525162995 0.758934021 -0.384930015 -0.573015988 0.704397976 -0.418805987 -0.658222973 0.587664008 -0.470472991 -0.771934986 0.584093988 -0.250800997 -0.771934986 0.584093988 -0.250800997 -0.658222973 0.587664008 -0.470472991 -0.744010985 0.441053987 -0.501846015 -0.744010985 0.441053987 -0.501846015 -0.603808999 0.233924001 -0.762017012 -0.903958023 0.304513991 -0.300087988 0.939939976 0.157109007 -0.302987993 0.985351026 0.154302001 -0.0722680017 0.997406006 0 -0.071657002 0.939939976 0.157109007 -0.302987993 0.904141009 0.306863993 -0.297158986 0.949126005 0.306405991 -0.0722979978 0.848903 0.45085001 -0.275826007 0.889217973 0.452405989 -0.0675069988 0.949126005 0.306405991 -0.0722979978 0.772149026 0.584033012 -0.250313014 0.809198022 0.584429026 -0.0602129996 0.889217973 0.452405989 -0.0675069988 0.676168025 0.703207016 -0.219671994 0.691824019 0.721641004 -0.0242010001 0.809198022 0.584429026 -0.0602129996 0.676168025 0.703207016 -0.219671994 0.61766398 0.760369003 -0.200690001 0.646045983 0.756401002 -0.102297999 -0.491896987 0.870540023 0.0135810003 -0.617633998 0.760398984 -0.200690001 -0.676168025 0.703207016 -0.219671994 -0.806420982 0.588275015 -0.0596939996 -0.693135977 0.720449984 -0.0218209997 -0.676168025 0.703207016 -0.219671994 -0.997253001 0 -0.0737330019 -0.985198021 0.154423997 -0.0742210001 -0.939634025 0.157475993 -0.303750992 0.809198022 0.584429026 -0.0602129996 0.776024997 0.630572975 0.0115050003 0.889217973 0.452405989 -0.0675069988 0.0694300011 0.985351026 0.155582994 0.000335999997 0.998778999 0.0487990007 0.205938995 0.978300989 0.0222479999 -0.939634025 0.157475993 -0.303750992 -0.985198021 0.154423997 -0.0742210001 -0.953306973 0.292825013 -0.0735500008 -0.99990797 0 0.0115670003 -0.979034007 0.203345001 0.00970499963 -0.985198021 0.154423997 -0.0742210001 0.949126005 0.306405991 -0.0722979978 0.902341008 0.430891007 0.00820900034 0.977966011 0.208228007 0.0143130003 0.902341008 0.430891007 0.00820900034 0.949126005 0.306405991 -0.0722979978 0.889217973 0.452405989 -0.0675069988 0.776024997 0.630572975 0.0115050003 0.809198022 0.584429026 -0.0602129996 0.691824019 0.721641004 -0.0242010001 0.999846995 0 0.0164190009 0.997406006 0 -0.071657002 0.985351026 0.154302001 -0.0722680017 -0.907193005 0.420637012 0.00479099993 -0.895047009 0.440259993 -0.0708639994 -0.953306973 0.292825013 -0.0735500008 -0.78203702 0.623218 0.000548999989 -0.806420982 0.588275015 -0.0596939996 -0.895047009 0.440259993 -0.0708639994 -0.806420982 0.588275015 -0.0596939996 -0.78203702 0.623218 0.000548999989 -0.566209972 0.824244022 -0.00155599997 9.2000002e-05 0.983581007 0.180425003 -0.0771510005 0.983641982 0.162725002 0.000335999997 0.998778999 0.0487990007 -0.53254801 0.816003978 0.224676996 -0.491896987 0.870540023 0.0135810003 -0.693135977 0.720449984 -0.0218209997 -0.903958023 0.304513991 -0.300087988 -0.953306973 0.292825013 -0.0735500008 -0.895047009 0.440259993 -0.0708639994 -0.846674979 0.45283401 -0.279336005 -0.895047009 0.440259993 -0.0708639994 -0.806420982 0.588275015 -0.0596939996 0.872097015 0.184576005 -0.453139007 0.603137016 0.235266998 -0.762108028 0.904141009 0.306863993 -0.297158986 0.939939976 0.157109007 -0.302987993 0.953001022 0 -0.302895993 0.892787993 0 -0.450453013 -0.411145002 0.444806993 -0.795647979 -0.485976994 0.343852013 -0.803461015 -0.658222973 0.587664008 -0.470472991 -0.411145002 0.444806993 -0.795647979 -0.658222973 0.587664008 -0.470472991 -0.573015988 0.704397976 -0.418805987 0.410046995 0.443037003 -0.797204018 0.33582601 0.536454022 -0.774194002 0.57328999 0.705160975 -0.417158008 0.485794008 0.341684997 -0.804467976 0.410046995 0.443037003 -0.797204018 0.656301022 0.587724984 -0.47309801 0.33582601 0.536454022 -0.774194002 0.104312003 0.390361995 -0.914700985 0.399670005 0.755364001 -0.519272029 -0.953306973 0.292825013 -0.0735500008 -0.985198021 0.154423997 -0.0742210001 -0.979034007 0.203345001 0.00970499963 -0.386456013 0.751854002 -0.534134984 -0.106296003 0.394818008 -0.91256398 -0.319772989 0.538559973 -0.779504001 0.745414972 0.438704014 -0.501846015 0.848903 0.45085001 -0.275826007 0.904141009 0.306863993 -0.297158986 0.000335999997 0.998778999 0.0487990007 0.0694300011 0.985351026 0.155582994 9.2000002e-05 0.983581007 0.180425003 -0.0920130014 0.987335026 0.129032001 -0.227393001 0.973724008 0.0116579998 0.000335999997 0.998778999 0.0487990007 0.0952479988 0.98715198 0.128116995 0.205938995 0.978300989 0.0222479999 0.303445995 0.947447002 0.101108 -0.227393001 0.973724008 0.0116579998 -0.0920130014 0.987335026 0.129032001 -0.30338499 0.947538972 0.100284003 0.532608986 0.815972984 0.224708006 0.691824019 0.721641004 -0.0242010001 0.426373988 0.902675986 0.0578019992 -0.658222973 0.587664008 -0.470472991 -0.485976994 0.343852013 -0.803461015 -0.744010985 0.441053987 -0.501846015 -0.693135977 0.720449984 -0.0218209997 -0.566209972 0.824244022 -0.00155599997 -0.227393001 0.973724008 0.0116579998 -0.693135977 0.720449984 -0.0218209997 -0.227393001 0.973724008 0.0116579998 -0.30338499 0.947538972 0.100284003 -0.693135977 0.720449984 -0.0218209997 -0.30338499 0.947538972 0.100284003 -0.53254801 0.816003978 0.224676996 0.303445995 0.947447002 0.101108 0.205938995 0.978300989 0.0222479999 0.544053018 0.838953972 0.0117189996 0.303445995 0.947447002 0.101108 0.544053018 0.838953972 0.0117189996 0.691824019 0.721641004 -0.0242010001 0.532608986 0.815972984 0.224708006 0.303445995 0.947447002 0.101108 0.691824019 0.721641004 -0.0242010001 -0.227393001 -0.973724008 0.0116889998 -0.566209972 -0.824244022 -0.00155599997 -0.693135977 -0.720449984 -0.0218209997 -0.270027995 -0.959806979 0.0762349963 -0.227393001 -0.973724008 0.0116889998 -0.693135977 -0.720449984 -0.0218209997 -0.594348013 -0.757622004 0.269661993 -0.270027995 -0.959806979 0.0762349963 -0.693135977 -0.720449984 -0.0218209997 0.544053018 -0.838953972 0.0117189996 0.205938995 -0.978300989 0.0222479999 0.270089 -0.959716022 0.0770590007 0.691824019 -0.721641004 -0.0242010001 0.544053018 -0.838953972 0.0117189996 0.270089 -0.959716022 0.0770590007 0.691824019 -0.721641004 -0.0242010001 0.270089 -0.959716022 0.0770590007 0.499251992 -0.83959502 0.213935003 -0.000396999996 0 -0.999969006 0.104312003 0.390361995 -0.914700985 0.33582601 0.536454022 -0.774194002 -0.000396999996 0 -0.999969006 0.33582601 0.536454022 -0.774194002 0.410046995 0.443037003 -0.797204018 0.485794008 0.341684997 -0.804467976 -0.000396999996 0 -0.999969006 0.410046995 0.443037003 -0.797204018 0.603137016 0.235266998 -0.762108028 -0.000396999996 0 -0.999969006 0.485794008 0.341684997 -0.804467976 0.283883005 0.0594500005 -0.956999004 -0.000396999996 0 -0.999969006 0.603137016 0.235266998 -0.762108028 0.28946799 0 -0.957183003 -0.000396999996 0 -0.999969006 0.283883005 0.0594500005 -0.956999004 -0.000396999996 0 -0.999969006 0.28946799 0 -0.957183003 0.283883005 -0.0594500005 -0.956999004 -0.000396999996 0 -0.999969006 0.283883005 -0.0594500005 -0.956999004 0.603137016 -0.235266998 -0.762108028 -0.000396999996 0 -0.999969006 0.603137016 -0.235266998 -0.762108028 0.485794008 -0.341684997 -0.804498017 -0.000396999996 0 -0.999969006 0.485794008 -0.341684997 -0.804498017 0.410046995 -0.443037003 -0.797204018 0.33582601 -0.536454022 -0.774194002 -0.000396999996 0 -0.999969006 0.410046995 -0.443037003 -0.797204018 0.104312003 -0.390361995 -0.914700985 -0.000396999996 0 -0.999969006 0.33582601 -0.536454022 -0.774194002 -0.000396999996 0 -0.999969006 0.104312003 -0.390361995 -0.914700985 -0.106296003 -0.394818008 -0.91256398 -0.000396999996 0 -0.999969006 -0.106296003 -0.394818008 -0.91256398 -0.319772989 -0.538559973 -0.779504001 -0.000396999996 0 -0.999969006 -0.319772989 -0.538559973 -0.779504001 -0.411145002 -0.444806993 -0.795647979 -0.485946 -0.343852013 -0.803461015 -0.000396999996 0 -0.999969006 -0.411145002 -0.444806993 -0.795647979 -0.000396999996 0 -0.999969006 -0.485946 -0.343852013 -0.803461015 -0.603808999 -0.233924001 -0.762017012 -0.000396999996 0 -0.999969006 -0.603808999 -0.233924001 -0.762017012 -0.283760995 -0.0594809987 -0.957029998 -0.000396999996 0 -0.999969006 -0.283760995 -0.0594809987 -0.957029998 -0.289131999 0 -0.95727402 -0.000396999996 0 -0.999969006 -0.289131999 0 -0.95727402 -0.283760995 0.0594809987 -0.957029998 -0.603808999 0.233924001 -0.762017012 -0.000396999996 0 -0.999969006 -0.283760995 0.0594809987 -0.957029998 -0.485976994 0.343852013 -0.803461015 -0.000396999996 0 -0.999969006 -0.603808999 0.233924001 -0.762017012 -0.000396999996 0 -0.999969006 -0.485976994 0.343852013 -0.803461015 -0.411145002 0.444806993 -0.795647979 -0.319772989 0.538559973 -0.779504001 -0.000396999996 0 -0.999969006 -0.411145002 0.444806993 -0.795647979 -0.106296003 0.394818008 -0.91256398 -0.000396999996 0 -0.999969006 -0.319772989 0.538559973 -0.779504001 -0.000396999996 0 -0.999969006 -0.106296003 0.394818008 -0.91256398 0.104312003 0.390361995 -0.914700985 0 0.999695003 0.0242619999 0.0952479988 0.98715198 0.128116995 0.303445995 0.947447002 0.101108 0.0952479988 0.98715198 0.128116995 0 0.999695003 0.0242619999 0.0694300011 0.985351026 0.155582994 0.0694300011 0.985351026 0.155582994 0 0.999695003 0.0242619999 9.2000002e-05 0.983581007 0.180425003 0 0.999695003 0.0242619999 -0.0771510005 0.983641982 0.162725002 9.2000002e-05 0.983581007 0.180425003 -0.0771510005 0.983641982 0.162725002 0 0.999695003 0.0242619999 -0.0920130014 0.987335026 0.129032001 -0.0920130014 0.987335026 0.129032001 0 0.999695003 0.0242619999 -0.30338499 0.947538972 0.100284003 -0.30338499 0.947538972 0.100284003 0 0.999695003 0.0242619999 -0.53254801 0.816003978 0.224676996 0 0.999695003 0.0242619999 -0.491896987 0.870540023 0.0135810003 -0.53254801 0.816003978 0.224676996 0 0.999695003 0.0242619999 -0.257241011 0.962615013 -0.0847190022 -0.491896987 0.870540023 0.0135810003 0 0.999695003 0.0242619999 -0.215795994 0.963560998 -0.157903001 -0.257241011 0.962615013 -0.0847190022 0 0.999695003 0.0242619999 -0.155094996 0.964293003 -0.214544997 -0.215795994 0.963560998 -0.157903001 -0.155094996 0.964293003 -0.214544997 0 0.999695003 0.0242619999 -0.0653399974 0.96469003 -0.255104005 0 0.999695003 0.0242619999 0.0647300035 0.965484023 -0.252205014 -0.0653399974 0.96469003 -0.255104005 0.0647300035 0.965484023 -0.252205014 0 0.999695003 0.0242619999 0.158940002 0.964232028 -0.211981997 0.158940002 0.964232028 -0.211981997 0 0.999695003 0.0242619999 0.215887994 0.963530004 -0.157964006 0.215887994 0.963530004 -0.157964006 0 0.999695003 0.0242619999 0.257362992 0.962553978 -0.0847499967 0.257362992 0.962553978 -0.0847499967 0 0.999695003 0.0242619999 0.426373988 0.902675986 0.0578019992 0.426373988 0.902675986 0.0578019992 0 0.999695003 0.0242619999 0.532608986 0.815972984 0.224708006 0.532608986 0.815972984 0.224708006 0 0.999695003 0.0242619999 0.303445995 0.947447002 0.101108 0.0919220001 0.976440012 -0.195166007 0.0982090011 0.976287007 -0.192784995 0.0923179984 0.976409018 -0.195013002 0.0919220001 0.976440012 -0.195166007 0.0923179984 0.976409018 -0.195013002 0.0857570022 0.976531029 -0.197515994 0.100345001 -0.994812012 -0.014924 0.0568250008 -0.991820991 0.114017002 0.0263989996 -0.993224978 0.113009997 0.100345001 -0.994812012 -0.014924 0.0694599971 -0.993224978 0.0931119993 0.0568250008 -0.991820991 0.114017002 0.100345001 -0.994812012 -0.014924 0.270089 -0.959716022 0.0770590007 0.0694599971 -0.993224978 0.0931119993 0.100345001 -0.994812012 -0.014924 0.499251992 -0.83959502 0.213935003 0.270089 -0.959716022 0.0770590007 0.100345001 -0.994812012 -0.014924 0.457471997 -0.889126003 0.0129089998 0.499251992 -0.83959502 0.213935003 0.100345001 -0.994812012 -0.014924 0.177067995 -0.982451975 -0.0583209991 0.457471997 -0.889126003 0.0129089998 0.100345001 -0.994812012 -0.014924 0.148442 -0.982909977 -0.108645998 0.177067995 -0.982451975 -0.0583209991 0.100345001 -0.994812012 -0.014924 0.108370997 -0.98327601 -0.146336004 0.148442 -0.982909977 -0.108645998 -0.164860994 -0.978820026 0.121280998 -0.0574360006 -0.996062994 0.0672319978 -0.270027995 -0.959806979 0.0762349963 0.168248996 0.984099984 0.0566730015 0.189366996 0.981872022 -0.00372299994 0.191046 0.980711997 -0.041108001 0.168248996 0.984099984 0.0566730015 0.176976994 0.982482016 0.058290001 0.189366996 0.981872022 -0.00372299994 0.168248996 0.984099984 0.0566730015 0.148380995 0.982940018 0.108585 0.176976994 0.982482016 0.058290001 0.168248996 0.984099984 0.0566730015 0.130802006 0.982726991 0.130802006 0.148380995 0.982940018 0.108585 0.100345001 -0.994812012 -0.014924 -0.083254002 -0.983031988 -0.163396001 -0.044404 -0.983458996 -0.175481007 0.100345001 -0.994812012 -0.014924 -0.044404 -0.983458996 -0.175481007 0.0440989994 -0.983734012 -0.173986003 0.100345001 -0.994812012 -0.014924 0.0440989994 -0.983734012 -0.173986003 0.108370997 -0.98327601 -0.146336004 -0.164860994 -0.978820026 0.121280998 -0.270027995 -0.959806979 0.0762349963 -0.594348013 -0.757622004 0.269661993 0.399670005 -0.755364001 -0.519272029 0.33582601 -0.536454022 -0.774194002 0.525285006 -0.759728014 -0.383221 -0.573015988 -0.704397976 -0.418805987 -0.319772989 -0.538559973 -0.779504001 -0.525162995 -0.758934021 -0.384930015 -0.939634025 -0.157475993 -0.303750992 -0.871272981 -0.185064003 -0.454542994 -0.903958023 -0.304513991 -0.300087988 -0.871272981 -0.185064003 -0.454542994 -0.939634025 -0.157475993 -0.303750992 -0.891964018 0 -0.452039987 0.656301022 -0.587724984 -0.47309801 0.745414972 -0.438704014 -0.501846015 0.772149026 -0.584033012 -0.250313014 0.656301022 -0.587724984 -0.47309801 0.772149026 -0.584033012 -0.250313014 0.57328999 -0.705160975 -0.417158008 0.57328999 -0.705160975 -0.417158008 0.676168025 -0.703207016 -0.219703004 0.525285006 -0.759728014 -0.383221 -0.617633998 -0.760398984 -0.200690001 -0.676168025 -0.703207016 -0.219671994 -0.525162995 -0.758934021 -0.384930015 -0.676168025 -0.703207016 -0.219671994 -0.771934986 -0.584093988 -0.250800997 -0.573015988 -0.704397976 -0.418805987 -0.658222973 -0.587664008 -0.470472991 -0.771934986 -0.584093988 -0.250800997 -0.744010985 -0.441053987 -0.501846015 -0.846674979 -0.45283401 -0.279336005 -0.903958023 -0.304513991 -0.300087988 -0.744010985 -0.441053987 -0.501846015 0.953001022 0 -0.302895993 0.997406006 0 -0.071657002 0.939939976 -0.157109007 -0.302987993 0.904141009 -0.306863993 -0.297158986 0.939939976 -0.157109007 -0.302987993 0.949126005 -0.306374997 -0.0722979978 0.904141009 -0.306863993 -0.297158986 0.949126005 -0.306374997 -0.0722979978 0.848903 -0.45085001 -0.275826007 0.848903 -0.45085001 -0.275826007 0.889217973 -0.452405989 -0.0675069988 0.772149026 -0.584033012 -0.250313014 0.772149026 -0.584033012 -0.250313014 0.809198022 -0.584429026 -0.0602440014 0.676168025 -0.703207016 -0.219703004 0.617633998 -0.760398984 -0.200690001 0.676168025 -0.703207016 -0.219703004 0.457471997 -0.889126003 0.0129089998 -0.693135977 -0.720449984 -0.0218209997 -0.676168025 -0.703207016 -0.219671994 -0.649312019 -0.760246992 0.0196540002 -0.693135977 -0.720449984 -0.0218209997 -0.806451976 -0.588275015 -0.0596939996 -0.676168025 -0.703207016 -0.219671994 -0.985198021 -0.154423997 -0.0742210001 -0.997253001 0 -0.0737330019 -0.939634025 -0.157475993 -0.303750992 0.000335999997 -0.998778999 0.0487990007 0.0568250008 -0.991820991 0.114017002 0.205938995 -0.978300989 0.0222479999 -0.985198021 -0.154423997 -0.0742210001 -0.939634025 -0.157475993 -0.303750992 -0.953306973 -0.292825013 -0.0735500008 -0.997253001 0 -0.0737330019 -0.985198021 -0.154423997 -0.0742210001 -0.99990797 0 0.0115670003 0.902341008 -0.430891007 0.00820900034 0.949126005 -0.306374997 -0.0722979978 0.977966011 -0.208228007 0.0143130003 0.949126005 -0.306374997 -0.0722979978 0.902341008 -0.430891007 0.00820900034 0.889217973 -0.452405989 -0.0675069988 0.544053018 -0.838953972 0.0117189996 0.691824019 -0.721641004 -0.0242010001 0.776024997 -0.630572975 0.0115050003 0.977966011 -0.208228007 0.0143130003 0.985351026 -0.154302001 -0.0722680017 0.999846995 0 0.0164190009 -0.806451976 -0.588275015 -0.0596939996 -0.78203702 -0.623218 0.000548999989 -0.895047009 -0.440259993 -0.0708639994 -0.78203702 -0.623218 0.000548999989 -0.806451976 -0.588275015 -0.0596939996 -0.566209972 -0.824244022 -0.00155599997 -0.953306973 -0.292825013 -0.0735500008 -0.903958023 -0.304513991 -0.300087988 -0.895047009 -0.440259993 -0.0708639994 -0.895047009 -0.440259993 -0.0708639994 -0.846674979 -0.45283401 -0.279336005 -0.806451976 -0.588275015 -0.0596939996 0.603137016 -0.235266998 -0.762108028 0.872097015 -0.184576005 -0.453139007 0.904141009 -0.306863993 -0.297158986 0.872097015 -0.184576005 -0.453139007 0.892787993 0 -0.450453013 0.939939976 -0.157109007 -0.302987993 -0.319772989 -0.538559973 -0.779504001 -0.573015988 -0.704397976 -0.418805987 -0.411145002 -0.444806993 -0.795647979 0.33582601 -0.536454022 -0.774194002 0.410046995 -0.443037003 -0.797204018 0.57328999 -0.705160975 -0.417158008 0.410046995 -0.443037003 -0.797204018 0.485794008 -0.341684997 -0.804498017 0.656301022 -0.587724984 -0.47309801 -0.985198021 -0.154423997 -0.0742210001 -0.953306973 -0.292825013 -0.0735500008 -0.979034007 -0.203345001 0.00970499963 0.603137016 -0.235266998 -0.762108028 0.904141009 -0.306863993 -0.297158986 0.745414972 -0.438704014 -0.501846015 -0.042146001 -0.997161984 0.0620750003 0.000335999997 -0.998778999 0.0487990007 -0.0574360006 -0.996062994 0.0672319978 0.57328999 0.705160975 -0.417158008 0.33582601 0.536454022 -0.774194002 0.525285006 0.759728014 -0.383221 -0.573015988 0.704397976 -0.418805987 -0.525162995 0.758934021 -0.384930015 -0.319772989 0.538559973 -0.779504001 -0.603808999 0.233924001 -0.762017012 -0.871272981 0.185064003 -0.454542994 -0.903958023 0.304513991 -0.300087988 -0.953001022 0 -0.302895993 -0.939634025 0.157475993 -0.303750992 -0.891964018 0 -0.452039987 0.848903 0.45085001 -0.275826007 0.745414972 0.438704014 -0.501846015 0.772149026 0.584033012 -0.250313014 0.656301022 0.587724984 -0.47309801 0.57328999 0.705160975 -0.417158008 0.772149026 0.584033012 -0.250313014 0.57328999 0.705160975 -0.417158008 0.525285006 0.759728014 -0.383221 0.676168025 0.703207016 -0.219671994 -0.573015988 0.704397976 -0.418805987 -0.676168025 0.703207016 -0.219671994 -0.525162995 0.758934021 -0.384930015 -0.676168025 0.703207016 -0.219671994 -0.573015988 0.704397976 -0.418805987 -0.771934986 0.584093988 -0.250800997 -0.846674979 0.45283401 -0.279336005 -0.771934986 0.584093988 -0.250800997 -0.744010985 0.441053987 -0.501846015 -0.846674979 0.45283401 -0.279336005 -0.744010985 0.441053987 -0.501846015 -0.903958023 0.304513991 -0.300087988 0.953001022 0 -0.302895993 0.939939976 0.157109007 -0.302987993 0.997406006 0 -0.071657002 0.985351026 0.154302001 -0.0722680017 0.939939976 0.157109007 -0.302987993 0.949126005 0.306405991 -0.0722979978 0.904141009 0.306863993 -0.297158986 0.848903 0.45085001 -0.275826007 0.949126005 0.306405991 -0.0722979978 0.848903 0.45085001 -0.275826007 0.772149026 0.584033012 -0.250313014 0.889217973 0.452405989 -0.0675069988 0.772149026 0.584033012 -0.250313014 0.676168025 0.703207016 -0.219671994 0.809198022 0.584429026 -0.0602129996 0.691824019 0.721641004 -0.0242010001 0.676168025 0.703207016 -0.219671994 0.646045983 0.756401002 -0.102297999 -0.693135977 0.720449984 -0.0218209997 -0.491896987 0.870540023 0.0135810003 -0.676168025 0.703207016 -0.219671994 -0.771934986 0.584093988 -0.250800997 -0.806420982 0.588275015 -0.0596939996 -0.676168025 0.703207016 -0.219671994 -0.953001022 0 -0.302895993 -0.997253001 0 -0.0737330019 -0.939634025 0.157475993 -0.303750992 0.0952479988 0.98715198 0.128116995 0.0694300011 0.985351026 0.155582994 0.205938995 0.978300989 0.0222479999 -0.903958023 0.304513991 -0.300087988 -0.939634025 0.157475993 -0.303750992 -0.953306973 0.292825013 -0.0735500008 -0.997253001 0 -0.0737330019 -0.99990797 0 0.0115670003 -0.985198021 0.154423997 -0.0742210001 0.985351026 0.154302001 -0.0722680017 0.949126005 0.306405991 -0.0722979978 0.977966011 0.208228007 0.0143130003 0.776024997 0.630572975 0.0115050003 0.902341008 0.430891007 0.00820900034 0.889217973 0.452405989 -0.0675069988 0.544053018 0.838953972 0.0117189996 0.776024997 0.630572975 0.0115050003 0.691824019 0.721641004 -0.0242010001 0.977966011 0.208228007 0.0143130003 0.999846995 0 0.0164190009 0.985351026 0.154302001 -0.0722680017 -0.907193005 0.420637012 0.00479099993 -0.78203702 0.623218 0.000548999989 -0.895047009 0.440259993 -0.0708639994 -0.693135977 0.720449984 -0.0218209997 -0.806420982 0.588275015 -0.0596939996 -0.566209972 0.824244022 -0.00155599997 -0.846674979 0.45283401 -0.279336005 -0.903958023 0.304513991 -0.300087988 -0.895047009 0.440259993 -0.0708639994 -0.771934986 0.584093988 -0.250800997 -0.846674979 0.45283401 -0.279336005 -0.806420982 0.588275015 -0.0596939996 0.939939976 0.157109007 -0.302987993 0.872097015 0.184576005 -0.453139007 0.904141009 0.306863993 -0.297158986 0.872097015 0.184576005 -0.453139007 0.939939976 0.157109007 -0.302987993 0.892787993 0 -0.450453013 -0.319772989 0.538559973 -0.779504001 -0.411145002 0.444806993 -0.795647979 -0.573015988 0.704397976 -0.418805987 0.656301022 0.587724984 -0.47309801 0.410046995 0.443037003 -0.797204018 0.57328999 0.705160975 -0.417158008 0.745414972 0.438704014 -0.501846015 0.485794008 0.341684997 -0.804467976 0.656301022 0.587724984 -0.47309801 -0.907193005 0.420637012 0.00479099993 -0.953306973 0.292825013 -0.0735500008 -0.979034007 0.203345001 0.00970499963 0.603137016 0.235266998 -0.762108028 0.745414972 0.438704014 -0.501846015 0.904141009 0.306863993 -0.297158986 -0.0771510005 0.983641982 0.162725002 -0.0920130014 0.987335026 0.129032001 0.000335999997 0.998778999 0.0487990007 </float_array>
          <technique_common>
            <accessor count="780" offset="0" source="#milky_white-normals-array" stride="3">
              <param name="X" type="float" />
              <param name="Y" type="float" />
              <param name="Z" type="float" />
            </accessor>
          </technique_common>
        </source>
        <source id="milky_white-tex0" name="milky_white-tex0">
          <float_array id="milky_white-tex0-array" count="1560"> 0.443852007 0.336507022 0.418031007 0.345655978 0.412963986 0.335555971 0.344069004 0.338434994 0.369381011 0.367043018 0.348349005 0.381358981 0.172153994 0.367802024 0.196291 0.381676018 0.181189999 0.409793019 0.106499001 0.388091981 0.103921004 0.399818003 0.0772119984 0.399577975 0.0494760014 0.409588993 0.0772119984 0.399577975 0.0790039971 0.455061018 0.0545939989 0.462943017 0.0290380009 0.46973598 0.0225799996 0.416933 0.418031007 0.345655978 0.432736009 0.391668975 0.409577012 0.395015001 0.409577012 0.395015001 0.386774987 0.400692999 0.369381011 0.367043018 0.386774987 0.400692999 0.364181012 0.408547997 0.348349005 0.381358981 0.150565997 0.440513015 0.156779006 0.403331995 0.181189999 0.409793019 0.126609996 0.443044007 0.131134003 0.399915993 0.156779006 0.403331995 0.126609996 0.443044007 0.102884002 0.448207974 0.103921004 0.399818003 0.0790039971 0.455061018 0.0772119984 0.399577975 0.103921004 0.399818003 0.503733993 0.448410988 0.482006997 0.446326971 0.479957998 0.390232027 0.479957998 0.390232027 0.482006997 0.446326971 0.460314989 0.442297995 0.460314989 0.442297995 0.438861012 0.439288974 0.432736009 0.391668975 0.438861012 0.439288974 0.417670012 0.437358022 0.409577012 0.395015001 0.417670012 0.437358022 0.397071987 0.436280012 0.386774987 0.400692999 0.386774987 0.400692999 0.397071987 0.436280012 0.372649997 0.438323021 0.150565997 0.440513015 0.174820006 0.440455019 0.176482007 0.471108019 0.132533997 0.484996974 0.126609996 0.443044007 0.150565997 0.440513015 0.0453570001 0.528630972 0.0290380009 0.46973598 0.0545939989 0.462943017 0.417670012 0.437358022 0.438861012 0.439288974 0.409720004 0.592836022 0.320167989 0.543071032 0.343829006 0.522983015 0.375369012 0.589447975 0.0545939989 0.462943017 0.0790039971 0.455061018 0.0910469964 0.505807996 0.0690649971 0.517578006 0.161284998 0.682660997 0.134341002 0.705686986 0.460314989 0.442297995 0.482006997 0.446326971 0.465990007 0.605293036 0.434922993 0.597738981 0.409720004 0.592836022 0.438861012 0.439288974 0.397071987 0.436280012 0.417670012 0.437358022 0.409720004 0.592836022 0.482006997 0.446326971 0.503733993 0.448410988 0.503585994 0.614902973 0.183464006 0.663899004 0.0910469964 0.505807996 0.108943 0.496285021 0.201045007 0.648961008 0.183464006 0.663899004 0.108943 0.496285021 0.132533997 0.484996974 0.152384996 0.476830006 0.216094002 0.636949003 0.291545004 0.552173018 0.301304996 0.608500957 0.261465997 0.553003013 0.186867997 0.49929601 0.152384996 0.476830006 0.176482007 0.471108019 0.0790039971 0.455061018 0.102884002 0.448207974 0.108943 0.496285021 0.102884002 0.448207974 0.126609996 0.443044007 0.132533997 0.484996974 0.474058986 0.337774992 0.479957998 0.390232027 0.456227005 0.390268981 0.503794014 0.338387012 0.503768981 0.39043498 0.479957998 0.390232027 0.138727993 0.377295017 0.131134003 0.399915993 0.106499001 0.388091981 0.156779006 0.403331995 0.131134003 0.399915993 0.138727993 0.377295017 0.379727989 0.335959971 0.392632991 0.354727983 0.369381011 0.367043018 0.412963986 0.335555971 0.418031007 0.345655978 0.392632991 0.354727983 0.344069004 0.338434994 0.325004995 0.359632015 0.294607013 0.344910979 0.0910469964 0.505807996 0.183464006 0.663899004 0.161284998 0.682660997 0.196291 0.381676018 0.172153994 0.367802024 0.220840007 0.359242022 0.456227005 0.390268981 0.432736009 0.391668975 0.418031007 0.345655978 0.301304996 0.608500957 0.291545004 0.552173018 0.320167989 0.543071032 0.301304996 0.608500957 0.226330996 0.630182981 0.232122004 0.541640997 0.343829006 0.522983015 0.361728996 0.497102022 0.375369012 0.589447975 0.226330996 0.630182981 0.206286997 0.522855043 0.232122004 0.541640997 0.372150004 0.468546987 0.372649997 0.438323021 0.397071987 0.436280012 0.131134003 0.399915993 0.103921004 0.399818003 0.106499001 0.388091981 0.563744009 0.336503029 0.594642997 0.335559011 0.589560986 0.345655024 0.663564026 0.338528991 0.682596982 0.359736979 0.659209013 0.381422997 0.826402009 0.410184026 0.811338007 0.381990016 0.835470021 0.368179977 0.901099026 0.388579011 0.930368006 0.400106013 0.903657973 0.400307 0.958087981 0.410158992 0.952884972 0.463505983 0.928489983 0.455585003 0.952884972 0.463505983 0.958087981 0.410158992 0.984972 0.417545021 0.589560986 0.345655024 0.614950001 0.354727983 0.597958028 0.395009995 0.638180017 0.367082 0.620751023 0.400707006 0.597958028 0.395009995 0.659209013 0.381422997 0.643338025 0.408586025 0.620751023 0.400707006 0.856935978 0.440946996 0.832675993 0.440894008 0.826402009 0.410184026 0.850799024 0.403748989 0.876444995 0.400367975 0.880900979 0.443502009 0.880900979 0.443502009 0.876444995 0.400367975 0.903657973 0.400307 0.903657973 0.400307 0.930368006 0.400106013 0.928489983 0.455585003 0.527580976 0.390223026 0.525465012 0.446310997 0.503733993 0.448410988 0.527580976 0.390223026 0.551312983 0.390254974 0.54716301 0.442274988 0.574804008 0.391655982 0.568620026 0.439269006 0.54716301 0.442274988 0.597958028 0.395009995 0.589810014 0.437348008 0.568620026 0.439269006 0.620751023 0.400707006 0.610401988 0.436275005 0.589810014 0.437348008 0.620751023 0.400707006 0.643338025 0.408586025 0.634823978 0.438344002 0.831044972 0.471535981 0.832675993 0.440894008 0.856935978 0.440946996 0.874988973 0.48546499 0.855198979 0.477298975 0.856935978 0.440946996 0.962001979 0.529217958 0.938322008 0.518121004 0.952884972 0.463505983 0.589810014 0.437348008 0.597472012 0.592854977 0.568620026 0.439269006 0.687039971 0.543148041 0.705778003 0.608590961 0.631799996 0.589452028 0.952884972 0.463505983 0.938322008 0.518121004 0.916378021 0.506318986 0.872556984 0.706030965 0.845641017 0.682945013 0.938322008 0.518121004 0.54716301 0.442274988 0.572266996 0.597751021 0.541190982 0.605291963 0.572266996 0.597751021 0.54716301 0.442274988 0.568620026 0.439269006 0.597472012 0.592854977 0.589810014 0.437348008 0.610401988 0.436275005 0.503585994 0.614902973 0.503733993 0.448410988 0.525465012 0.446310997 0.823455989 0.664137959 0.898523986 0.496774971 0.916378021 0.506318986 0.805844009 0.649172008 0.874988973 0.48546499 0.898523986 0.496774971 0.874988973 0.48546499 0.805844009 0.649172008 0.790753007 0.637140036 0.71567601 0.552299023 0.745763004 0.553174019 0.705778003 0.608590961 0.820621014 0.499673009 0.831044972 0.471535981 0.855198979 0.477298975 0.928489983 0.455585003 0.916378021 0.506318986 0.898523986 0.496774971 0.904622018 0.448696971 0.898523986 0.496774971 0.874988973 0.48546499 0.533529997 0.337770998 0.563744009 0.336503029 0.551312983 0.390254974 0.527580976 0.390223026 0.503768981 0.39043498 0.503794014 0.338387012 0.868884981 0.377736986 0.901099026 0.388579011 0.876444995 0.400367975 0.868884981 0.377736986 0.876444995 0.400367975 0.850799024 0.403748989 0.627894998 0.335986018 0.663564026 0.338528991 0.638180017 0.367082 0.594642997 0.335559011 0.627894998 0.335986018 0.614950001 0.354727983 0.663564026 0.338528991 0.713029027 0.345061004 0.682596982 0.359736979 0.916378021 0.506318986 0.938322008 0.518121004 0.845641017 0.682945013 0.811338007 0.381990016 0.786782026 0.359520018 0.835470021 0.368179977 0.589560986 0.345655024 0.574804008 0.391655982 0.551312983 0.390254974 0.705778003 0.608590961 0.687039971 0.543148041 0.71567601 0.552299023 0.775153995 0.541864991 0.780587018 0.630375981 0.705778003 0.608590961 0.663448989 0.522983015 0.631799996 0.589452028 0.645627975 0.497107029 0.780587018 0.630375981 0.775153995 0.541864991 0.801087976 0.523142993 0.635272026 0.468560994 0.610401988 0.436275005 0.634823978 0.438344002 0.876444995 0.400367975 0.901099026 0.388579011 0.903657973 0.400307 0.855198979 0.477298975 0.790753007 0.637140036 0.780587018 0.630375981 0.855198979 0.477298975 0.780587018 0.630375981 0.801087976 0.523142993 0.855198979 0.477298975 0.801087976 0.523142993 0.820621014 0.499673009 0.645627975 0.497107029 0.631799996 0.589452028 0.618277013 0.589375973 0.645627975 0.497107029 0.618277013 0.589375973 0.610401988 0.436275005 0.635272026 0.468560994 0.645627975 0.497107029 0.610401988 0.436275005 0.226330996 0.630182981 0.216094002 0.636949003 0.152384996 0.476830006 0.206286997 0.522855043 0.226330996 0.630182981 0.152384996 0.476830006 0.186867997 0.49929601 0.206286997 0.522855043 0.152384996 0.476830006 0.388909996 0.589358985 0.375369012 0.589447975 0.361728996 0.497102022 0.397071987 0.436280012 0.388909996 0.589358985 0.361728996 0.497102022 0.397071987 0.436280012 0.361728996 0.497102022 0.372150004 0.468546987 0 0 0.663564026 0.338528991 0 0 0 0 0.627894998 0.335986018 0 0 0 0 0 0 0.594642997 0.335559011 0 0 0 0 0.563744009 0.336503029 0 0 0 0 0.533529997 0.337770998 0 0 0 0 0.503794014 0.338387012 0 0 0.474058986 0.337774992 0 0 0 0 0.443852007 0.336507022 0 0 0 0 0.412963986 0.335555971 0 0 0 0 0.379727989 0.335959971 0 0 0 0 0 0 0.344069004 0.338434994 0 0 0 0 0.294607013 0.344910979 0 0 0 0 0 0 0 0 0.172153994 0.367802024 0 0 0 0 0.138727993 0.377295017 0 0 0 0 0 0 0.106499001 0.388091981 0 0 0.0772119984 0.399577975 0 0 0 0 0.0494760014 0.409588993 0 0 0 0 0.0225799996 0.416933 0 0 0 0 0.958087981 0.410158992 0 0 0 0 0 0 0.930368006 0.400106013 0 0 0 0 0.901099026 0.388579011 0 0 0.868884981 0.377736986 0 0 0 0 0 0 0.835470021 0.368179977 0 0 0 0 0.786782026 0.359520018 0 0 0 0 0 0 0 0 0.645627975 0.497107029 0 0 0 0 0 0 0.663448989 0.522983015 0 0 0 0 0.687039971 0.543148041 0 0 0.71567601 0.552299023 0 0 0 0 0 0 0.745763004 0.553174019 0 0 0 0 0.775153995 0.541864991 0 0 0 0 0.801087976 0.523142993 0 0 0.820621014 0.499673009 0 0 0 0 0.831044972 0.471535981 0 0 0 0 0.832675993 0.440894008 0 0 0 0 0.826402009 0.410184026 0 0 0 0 0 0 0.811338007 0.381990016 0 0 0 0 0 0 0 0 0 0 0.713029027 0.345061004 0 0 0 0 0.682596982 0.359736979 0 0 0 0 0.659209013 0.381422997 0 0 0 0 0.643338025 0.408586025 0 0 0 0 0.634823978 0.438344002 0 0 0 0 0.635272026 0.468560994 0 0 0.232122004 0.541640997 0 0 0 0 0.261465997 0.553003013 0 0 0 0 0.291545004 0.552173018 0 0 0 0 0.320167989 0.543071032 0 0 0 0 0.343829006 0.522983015 0 0 0 0 0.361728996 0.497102022 0 0 0 0 0.372150004 0.468546987 0 0 0 0 0.372649997 0.438323021 0 0 0 0 0.364181012 0.408547997 0 0 0 0 0.348349005 0.381358981 0 0 0 0 0.206286997 0.522855043 0 0 0 0 0.176482007 0.471108019 0 0 0 0 0.174820006 0.440455019 0 0 0 0 0.181189999 0.409793019 0 0 0 0 0.196291 0.381676018 0 0 0 0 0.220840007 0.359242022 0 0 0 0 0 0 0 0 0 0 0.325004995 0.359632015 0 0 0 0 0.186867997 0.49929601 0 0 0.325004995 0.359632015 0.344069004 0.338434994 0.348349005 0.381358981 0.156779006 0.403331995 0.172153994 0.367802024 0.181189999 0.409793019 0.0545939989 0.462943017 0.0494760014 0.409588993 0.0790039971 0.455061018 0.0494760014 0.409588993 0.0545939989 0.462943017 0.0225799996 0.416933 0.392632991 0.354727983 0.418031007 0.345655978 0.409577012 0.395015001 0.392632991 0.354727983 0.409577012 0.395015001 0.369381011 0.367043018 0.369381011 0.367043018 0.386774987 0.400692999 0.348349005 0.381358981 0.174820006 0.440455019 0.150565997 0.440513015 0.181189999 0.409793019 0.150565997 0.440513015 0.126609996 0.443044007 0.156779006 0.403331995 0.131134003 0.399915993 0.126609996 0.443044007 0.103921004 0.399818003 0.102884002 0.448207974 0.0790039971 0.455061018 0.103921004 0.399818003 0.503768981 0.39043498 0.503733993 0.448410988 0.479957998 0.390232027 0.456227005 0.390268981 0.479957998 0.390232027 0.460314989 0.442297995 0.456227005 0.390268981 0.460314989 0.442297995 0.432736009 0.391668975 0.432736009 0.391668975 0.438861012 0.439288974 0.409577012 0.395015001 0.409577012 0.395015001 0.417670012 0.437358022 0.386774987 0.400692999 0.364181012 0.408547997 0.386774987 0.400692999 0.372649997 0.438323021 0.152384996 0.476830006 0.150565997 0.440513015 0.176482007 0.471108019 0.152384996 0.476830006 0.132533997 0.484996974 0.150565997 0.440513015 0.0690649971 0.517578006 0.0453570001 0.528630972 0.0545939989 0.462943017 0.301304996 0.608500957 0.320167989 0.543071032 0.375369012 0.589447975 0.0690649971 0.517578006 0.0545939989 0.462943017 0.0910469964 0.505807996 0.0453570001 0.528630972 0.0690649971 0.517578006 0.134341002 0.705686986 0.434922993 0.597738981 0.460314989 0.442297995 0.465990007 0.605293036 0.460314989 0.442297995 0.434922993 0.597738981 0.438861012 0.439288974 0.388909996 0.589358985 0.397071987 0.436280012 0.409720004 0.592836022 0.465990007 0.605293036 0.482006997 0.446326971 0.503585994 0.614902973 0.132533997 0.484996974 0.201045007 0.648961008 0.108943 0.496285021 0.201045007 0.648961008 0.132533997 0.484996974 0.216094002 0.636949003 0.0910469964 0.505807996 0.0790039971 0.455061018 0.108943 0.496285021 0.108943 0.496285021 0.102884002 0.448207974 0.132533997 0.484996974 0.443852007 0.336507022 0.474058986 0.337774992 0.456227005 0.390268981 0.474058986 0.337774992 0.503794014 0.338387012 0.479957998 0.390232027 0.172153994 0.367802024 0.156779006 0.403331995 0.138727993 0.377295017 0.344069004 0.338434994 0.379727989 0.335959971 0.369381011 0.367043018 0.379727989 0.335959971 0.412963986 0.335555971 0.392632991 0.354727983 0.0690649971 0.517578006 0.0910469964 0.505807996 0.161284998 0.682660997 0.443852007 0.336507022 0.456227005 0.390268981 0.418031007 0.345655978 0.261465997 0.553003013 0.301304996 0.608500957 0.232122004 0.541640997 0.638180017 0.367082 0.663564026 0.338528991 0.659209013 0.381422997 0.850799024 0.403748989 0.826402009 0.410184026 0.835470021 0.368179977 0.930368006 0.400106013 0.958087981 0.410158992 0.928489983 0.455585003 0.978428006 0.470342994 0.952884972 0.463505983 0.984972 0.417545021 0.574804008 0.391655982 0.589560986 0.345655024 0.597958028 0.395009995 0.614950001 0.354727983 0.638180017 0.367082 0.597958028 0.395009995 0.638180017 0.367082 0.659209013 0.381422997 0.620751023 0.400707006 0.850799024 0.403748989 0.856935978 0.440946996 0.826402009 0.410184026 0.856935978 0.440946996 0.850799024 0.403748989 0.880900979 0.443502009 0.904622018 0.448696971 0.880900979 0.443502009 0.903657973 0.400307 0.904622018 0.448696971 0.903657973 0.400307 0.928489983 0.455585003 0.503768981 0.39043498 0.527580976 0.390223026 0.503733993 0.448410988 0.525465012 0.446310997 0.527580976 0.390223026 0.54716301 0.442274988 0.551312983 0.390254974 0.574804008 0.391655982 0.54716301 0.442274988 0.574804008 0.391655982 0.597958028 0.395009995 0.568620026 0.439269006 0.597958028 0.395009995 0.620751023 0.400707006 0.589810014 0.437348008 0.610401988 0.436275005 0.620751023 0.400707006 0.634823978 0.438344002 0.855198979 0.477298975 0.831044972 0.471535981 0.856935978 0.440946996 0.880900979 0.443502009 0.874988973 0.48546499 0.856935978 0.440946996 0.978428006 0.470342994 0.962001979 0.529217958 0.952884972 0.463505983 0.663448989 0.522983015 0.687039971 0.543148041 0.631799996 0.589452028 0.928489983 0.455585003 0.952884972 0.463505983 0.916378021 0.506318986 0.962001979 0.529217958 0.872556984 0.706030965 0.938322008 0.518121004 0.525465012 0.446310997 0.54716301 0.442274988 0.541190982 0.605291963 0.597472012 0.592854977 0.572266996 0.597751021 0.568620026 0.439269006 0.618277013 0.589375973 0.597472012 0.592854977 0.610401988 0.436275005 0.541190982 0.605291963 0.503585994 0.614902973 0.525465012 0.446310997 0.823455989 0.664137959 0.805844009 0.649172008 0.898523986 0.496774971 0.855198979 0.477298975 0.874988973 0.48546499 0.790753007 0.637140036 0.904622018 0.448696971 0.928489983 0.455585003 0.898523986 0.496774971 0.880900979 0.443502009 0.904622018 0.448696971 0.874988973 0.48546499 0.527580976 0.390223026 0.533529997 0.337770998 0.551312983 0.390254974 0.533529997 0.337770998 0.527580976 0.390223026 0.503794014 0.338387012 0.835470021 0.368179977 0.868884981 0.377736986 0.850799024 0.403748989 0.614950001 0.354727983 0.627894998 0.335986018 0.638180017 0.367082 0.589560986 0.345655024 0.594642997 0.335559011 0.614950001 0.354727983 0.823455989 0.664137959 0.916378021 0.506318986 0.845641017 0.682945013 0.563744009 0.336503029 0.589560986 0.345655024 0.551312983 0.390254974 0.745763004 0.553174019 0.775153995 0.541864991 0.705778003 0.608590961 </float_array>
          <technique_common>
            <accessor count="780" offset="0" source="#milky_white-tex0-array" stride="2">
              <param name="S" type="float" />
              <param name="T" type="float" />
            </accessor>
          </technique_common>
        </source>
        <vertices id="milky_white-vertices">
          <input semantic="POSITION" source="#milky_white-positions" />
        </vertices>
        <polylist count="260" material="defaultMaterial">
          <input offset="0" semantic="VERTEX" source="#milky_white-vertices" />
          <input offset="0" semantic="NORMAL" source="#milky_white-normals" />
          <input offset="0" semantic="TEXCOORD" source="#milky_white-tex0" set="0" />
          <vcount>3 3 3 3 3 3 3 3 3 3 3 3 3 3 3 3 3 3 3 3 3 3 3 3 3 3 3 3 3 3 3 3 3 3 3 3 3 3 3 3 3 3 3 3 3 3 3 3 3 3 3 3 3 3 3 3 3 3 3 3 3 3 3 3 3 3 3 3 3 3 3 3 3 3 3 3 3 3 3 3 3 3 3 3 3 3 3 3 3 3 3 3 3 3 3 3 3 3 3 3 3 3 3 3 3 3 3 3 3 3 3 3 3 3 3 3 3 3 3 3 3 3 3 3 3 3 3 3 3 3 3 3 3 3 3 3 3 3 3 3 3 3 3 3 3 3 3 3 3 3 3 3 3 3 3 3 3 3 3 3 3 3 3 3 3 3 3 3 3 3 3 3 3 3 3 3 3 3 3 3 3 3 3 3 3 3 3 3 3 3 3 3 3 3 3 3 3 3 3 3 3 3 3 3 3 3 3 3 3 3 3 3 3 3 3 3 3 3 3 3 3 3 3 3 3 3 3 3 3 3 3 3 3 3 3 3 3 3 3 3 3 3 3 3 3 3 3 3 3 3 3 3 3 3 3 3 3 3 3 3 </vcount>
          <p>0 1 2 3 4 5 6 7 8 9 10 11 12 13 14 15 16 17 18 19 20 21 22 23 24 25 26 27 28 29 30 31 32 33 34 35 36 37 38 39 40 41 42 43 44 45 46 47 48 49 50 51 52 53 54 55 56 57 58 59 60 61 62 63 64 65 66 67 68 69 70 71 72 73 74 75 76 77 78 79 80 81 82 83 84 85 86 87 88 89 90 91 92 93 94 95 96 97 98 99 100 101 102 103 104 105 106 107 108 109 110 111 112 113 114 115 116 117 118 119 120 121 122 123 124 125 126 127 128 129 130 131 132 133 134 135 136 137 138 139 140 141 142 143 144 145 146 147 148 149 150 151 152 153 154 155 156 157 158 159 160 161 162 163 164 165 166 167 168 169 170 171 172 173 174 175 176 177 178 179 180 181 182 183 184 185 186 187 188 189 190 191 192 193 194 195 196 197 198 199 200 201 202 203 204 205 206 207 208 209 210 211 212 213 214 215 216 217 218 219 220 221 222 223 224 225 226 227 228 229 230 231 232 233 234 235 236 237 238 239 240 241 242 243 244 245 246 247 248 249 250 251 252 253 254 255 256 257 258 259 260 261 262 263 264 265 266 267 268 269 270 271 272 273 274 275 276 277 278 279 280 281 282 283 284 285 286 287 288 289 290 291 292 293 294 295 296 297 298 299 300 301 302 303 304 305 306 307 308 309 310 311 312 313 314 315 316 317 318 319 320 321 322 323 324 325 326 327 328 329 330 331 332 333 334 335 336 337 338 339 340 341 342 343 344 345 346 347 348 349 350 351 352 353 354 355 356 357 358 359 360 361 362 363 364 365 366 367 368 369 370 371 372 373 374 375 376 377 378 379 380 381 382 383 384 385 386 387 388 389 390 391 392 393 394 395 396 397 398 399 400 401 402 403 404 405 406 407 408 409 410 411 412 413 414 415 416 417 418 419 420 421 422 423 424 425 426 427 428 429 430 431 432 433 434 435 436 437 438 439 440 441 442 443 444 445 446 447 448 449 450 451 452 453 454 455 456 457 458 459 460 461 462 463 464 465 466 467 468 469 470 471 472 473 474 475 476 477 478 479 480 481 482 483 484 485 486 487 488 489 490 491 492 493 494 495 496 497 498 499 500 501 502 503 504 505 506 507 508 509 510 511 512 513 514 515 516 517 518 519 520 521 522 523 524 525 526 527 528 529 530 531 532 533 534 535 536 537 538 539 540 541 542 543 544 545 546 547 548 549 550 551 552 553 554 555 556 557 558 559 560 561 562 563 564 565 566 567 568 569 570 571 572 573 574 575 576 577 578 579 580 581 582 583 584 585 586 587 588 589 590 591 592 593 594 595 596 597 598 599 600 601 602 603 604 605 606 607 608 609 610 611 612 613 614 615 616 617 618 619 620 621 622 623 624 625 626 627 628 629 630 631 632 633 634 635 636 637 638 639 640 641 642 643 644 645 646 647 648 649 650 651 652 653 654 655 656 657 658 659 660 661 662 663 664 665 666 667 668 669 670 671 672 673 674 675 676 677 678 679 680 681 682 683 684 685 686 687 688 689 690 691 692 693 694 695 696 697 698 699 700 701 702 703 704 705 706 707 708 709 710 711 712 713 714 715 716 717 718 719 720 721 722 723 724 725 726 727 728 729 730 731 732 733 734 735 736 737 738 739 740 741 742 743 744 745 746 747 748 749 750 751 752 753 754 755 756 757 758 759 760 761 762 763 764 765 766 767 768 769 770 771 772 773 774 775 776 777 778 779 </p>
        </polylist>
      </mesh>
    </geometry>
    <geometry id="shiny_white" name="shiny_white" >
      <mesh>
        <source id="shiny_white-positions" name="shiny_white-positions">
          <float_array id="shiny_white-positions-array" count="14094"> 0.0983610004 -0.0152820004 0.107499003 0.102821 -0.00730999978 0.101845004 0.0965420008 -0.00729800016 0.115534 0.102821 -0.00730999978 0.101845004 0.100284003 -0.0155370003 0.100588001 0.101839997 -0.0123129999 0.0939989984 0.0950689986 -0.0143550001 0.115636997 0.0965420008 -0.00729800016 0.115534 0.0927959979 -0.00718499999 0.125110999 0.0927959979 -0.00718499999 0.125110999 0.0885910019 -0.00741899991 0.142107993 0.0887190029 -0.0181510001 0.134492993 0.0885910019 -0.00741899991 0.142107993 0.0829040036 -0.0193460006 0.153491005 0.084792003 -0.0255490001 0.141840994 0.0770710036 -0.0331959985 0.154813007 0.0798679963 -0.0345529988 0.145069003 0.084792003 -0.0255490001 0.141840994 0.0752220005 -0.0427929983 0.144123003 0.0798679963 -0.0345529988 0.145069003 0.0770710036 -0.0331959985 0.154813007 0.0607360005 -0.0657769963 0.124861002 0.0685219988 -0.0573359989 0.125148997 0.068971999 -0.0541890003 0.134197995 0.0607360005 -0.0657769963 0.124861002 0.0617219992 -0.0653600022 0.110200003 0.0692820027 -0.0575259998 0.112163 0.0692820027 -0.0575259998 0.112163 0.0617219992 -0.0653600022 0.110200003 0.0643140003 -0.0619970001 0.101622999 0.0789910033 -0.0453720018 0.0900890008 0.0864719972 -0.0359449983 0.0880940035 0.0873809978 -0.0357449986 0.0951500013 0.0949359983 -0.0248709992 0.102096997 0.0875699967 -0.0358209983 0.101058997 0.0873809978 -0.0357449986 0.0951500013 0.0727329999 -0.0535509996 0.103486001 0.0702890009 -0.0562959984 0.106351003 0.0643140003 -0.0619970001 0.101622999 0.0720459968 -0.048556 0.140994996 0.0607730001 -0.0563400015 0.152022004 0.0598010011 -0.0630640015 0.138643995 0.0927959979 -0.00718499999 0.125110999 0.0965420008 -0.00729800016 0.115534 0.096559003 -8.19999987e-05 0.115906 0.0829040036 -0.0193460006 0.153491005 0.0885910019 -0.00741899991 0.142107993 0.0845659971 -0.00854100008 0.154532 0.0961199999 -0.00626000017 0.0671700016 0.0982320011 -0.0061420002 0.0723669976 0.0965770036 -0.0122239999 0.0724899992 0.0944859982 -0.0241919998 0.0866699964 0.0864719972 -0.0359449983 0.0880940035 0.0839949995 -0.0349380001 0.0751679987 0.0765450001 -0.0447669998 0.0780479982 0.0839949995 -0.0349380001 0.0751679987 0.0864719972 -0.0359449983 0.0880940035 0.0617219992 -0.0653600022 0.110200003 0.0607360005 -0.0657769963 0.124861002 0.0486579984 -0.0768690035 0.123487003 0.0569479987 -0.0677540004 0.0938329995 0.0643140003 -0.0619970001 0.101622999 0.0617219992 -0.0653600022 0.110200003 -0.00154299999 -0.0910549983 0.146620005 0.0115339998 -0.090940997 0.144088 0.0129850004 -0.0878880024 0.147808 0.0129850004 -0.0878880024 0.147808 0.0115339998 -0.090940997 0.144088 0.0203949995 -0.0905760005 0.139116004 0.0273540001 -0.0900470018 0.131850004 0.0203949995 -0.0905760005 0.139116004 0.0175119992 -0.0918599963 0.134866998 0.0367829986 -0.0865140036 0.121549003 0.0306299999 -0.0871070027 0.134718001 0.0273540001 -0.0900470018 0.131850004 0.0376939997 -0.0855949968 0.108144 0.0367829986 -0.0865140036 0.121549003 0.0326149985 -0.0892309994 0.119984999 0.0332069993 -0.088177003 0.108167998 0.028198 -0.0894860029 0.108351 0.0254580006 -0.0883560032 0.0978529975 0.0242110007 -0.086078003 0.0875210017 0.0301469993 -0.0870129988 0.095702 0.0254580006 -0.0883560032 0.0978529975 -0.0111499997 -0.0923179984 0.140432 -0.00147500006 -0.0924889967 0.141570002 -0.00154299999 -0.0910549983 0.146620005 -0.0142879998 -0.0877460018 0.148585007 -0.0264819991 -0.0874300003 0.142086998 -0.0242030006 -0.0904370025 0.138821006 -0.0242030006 -0.0904370025 0.138821006 -0.0323330015 -0.0896029994 0.129779994 -0.0280680005 -0.0910520032 0.127470002 -0.0358650014 -0.0865779966 0.131799996 -0.0407110006 -0.0852269977 0.118539996 -0.0367540009 -0.0884580016 0.117559001 -0.0367540009 -0.0884580016 0.117559001 -0.0368280001 -0.0873489976 0.107208997 -0.0321299993 -0.0892309994 0.108382002 -0.0368280001 -0.0873489976 0.107208997 -0.0339559987 -0.0862509981 0.0974949971 -0.0295819994 -0.0883390009 0.0993430018 -0.0339559987 -0.0862509981 0.0974949971 -0.0373760015 -0.0819749981 0.0958160013 -0.0300389994 -0.0813829973 0.0863239989 -0.0275609996 -0.0852369964 0.0882589966 -0.0300389994 -0.0813829973 0.0863239989 -0.0233280007 -0.0805760026 0.08072 -0.0213450007 -0.0846799985 0.0831139982 -0.0233280007 -0.0805760026 0.08072 -0.0130799999 -0.0801760033 0.0759020001 -0.0120989997 -0.0841969997 0.0788260028 -0.0130799999 -0.0801760033 0.0759020001 -0.00236400007 -0.0802839994 0.0739639997 0.00649699988 -0.0844239965 0.0779189989 0.006116 -0.0867080018 0.082396999 -0.00173000002 -0.0865679979 0.0814779997 0.00649699988 -0.0844239965 0.0779189989 0.00673200004 -0.0807449967 0.0744550005 0.0180750005 -0.0816780031 0.0779080018 0.0242110007 -0.086078003 0.0875210017 0.0203859992 -0.0876749977 0.0908759981 0.0149790002 -0.0871139988 0.0860050023 0.0376939997 -0.0855949968 0.108144 0.0494240001 -0.0762929991 0.108364999 0.0486579984 -0.0768690035 0.123487003 0.101839997 -0.0123129999 0.0939989984 0.0954039991 -0.0244050007 0.0944290012 0.0944859982 -0.0241919998 0.0866699964 0.0944859982 -0.0241919998 0.0866699964 0.090820998 -0.0242299996 0.0731590018 0.0965770036 -0.0122239999 0.0724899992 0.0804179981 -0.0448019989 0.101476997 0.0727329999 -0.0535509996 0.103486001 0.0799010023 -0.0450600013 0.0964210033 0.0666130036 -0.0555660017 0.0809020028 0.0765450001 -0.0447669998 0.0780479982 0.0789910033 -0.0453720018 0.0900890008 0.0704979971 -0.0549260005 0.0929170027 0.0643140003 -0.0619970001 0.101622999 0.0569479987 -0.0677540004 0.0938329995 0.0829040036 -0.0193460006 0.153491005 0.080178 -0.0172819998 0.161657006 0.0749410018 -0.0300760008 0.162640005 0.0682940036 -0.0396829993 0.164735004 0.0702179968 -0.0448930003 0.153369993 0.0770710036 -0.0331959985 0.154813007 0.0598770007 -0.0472670011 0.168045998 0.0495180003 -0.0534080006 0.171623006 0.0506200008 -0.0624389984 0.156376004 0.0300040003 -0.0607549995 0.176257998 0.0282729995 -0.0683979988 0.166699007 0.0394780003 -0.0667800009 0.161593005 0.0134690003 -0.0704630017 0.169190004 0.0137019996 -0.0640930012 0.177605003 -0.00154700002 -0.066133 0.176774994 0.0137019996 -0.0640930012 0.177605003 0.0134690003 -0.0704630017 0.169190004 0.0282729995 -0.0683979988 0.166699007 0.0495180003 -0.0534080006 0.171623006 0.0417729989 -0.0570200011 0.174094006 0.0394780003 -0.0667800009 0.161593005 0.0720459968 -0.048556 0.140994996 0.0752220005 -0.0427929983 0.144123003 0.0702179968 -0.0448930003 0.153369993 0.0702179968 -0.0448930003 0.153369993 0.0682940036 -0.0396829993 0.164735004 0.0598770007 -0.0472670011 0.168045998 0.0799010023 -0.0450600013 0.0964210033 0.0873809978 -0.0357449986 0.0951500013 0.0875699967 -0.0358209983 0.101058997 0.0954039991 -0.0244050007 0.0944290012 0.0873809978 -0.0357449986 0.0951500013 0.0864719972 -0.0359449983 0.0880940035 0.101839997 -0.0123129999 0.0939989984 0.100284003 -0.0155370003 0.100588001 0.0954039991 -0.0244050007 0.0944290012 0.0704979971 -0.0549260005 0.0929170027 0.0789910033 -0.0453720018 0.0900890008 0.0799010023 -0.0450600013 0.0964210033 0.0376939997 -0.0855949968 0.108144 0.0343430005 -0.0842619985 0.0939240009 0.0441219993 -0.0767839998 0.090764001 0.0598010011 -0.0630640015 0.138643995 0.0438399985 -0.0763920024 0.138076007 0.0486579984 -0.0768690035 0.123487003 0.0438399985 -0.0763920024 0.138076007 0.0306299999 -0.0871070027 0.134718001 0.0367829986 -0.0865140036 0.121549003 0.0598010011 -0.0630640015 0.138643995 0.0607730001 -0.0563400015 0.152022004 0.0506200008 -0.0624389984 0.156376004 -0.00210799999 -0.0726070032 0.167711005 -0.00167100003 -0.0778739974 0.16133 0.0129399998 -0.0774509981 0.160236001 0.0129399998 -0.0774509981 0.160236001 -0.00167100003 -0.0778739974 0.16133 -0.00162800006 -0.0877280012 0.150698006 0.0129399998 -0.0774509981 0.160236001 0.0255469996 -0.0776150003 0.154855996 0.0282729995 -0.0683979988 0.166699007 0.0255469996 -0.0776150003 0.154855996 0.0129399998 -0.0774509981 0.160236001 0.0129850004 -0.0878880024 0.147808 0.0255469996 -0.0776150003 0.154855996 0.0366079994 -0.0764380023 0.147925004 0.0394780003 -0.0667800009 0.161593005 0.0366079994 -0.0764380023 0.147925004 0.0255469996 -0.0776150003 0.154855996 0.0226949994 -0.0874710009 0.142741993 0.0366079994 -0.0764380023 0.147925004 0.0438399985 -0.0763920024 0.138076007 0.0506200008 -0.0624389984 0.156376004 0.0366079994 -0.0764380023 0.147925004 0.0306299999 -0.0871070027 0.134718001 0.0438399985 -0.0763920024 0.138076007 0.0845659971 -0.00854100008 0.154532 0.0816859975 -0.00851599965 0.161794007 0.080178 -0.0172819998 0.161657006 0.0849699974 -8.19999987e-05 0.154043004 0.0845659971 -0.00854100008 0.154532 0.0885910019 -0.00741899991 0.142107993 -0.0373760015 -0.0819749981 0.0958160013 -0.0389610007 -0.0792270005 0.095002003 -0.0300389994 -0.0813829973 0.0863239989 -0.0300389994 -0.0813829973 0.0863239989 -0.0350430012 -0.0739099979 0.0839570016 -0.0261359997 -0.072811 0.076586999 -0.0233280007 -0.0805760026 0.08072 -0.0261359997 -0.072811 0.076586999 -0.0148870004 -0.0732700005 0.0718460009 0.00766499992 -0.0743129998 0.0693939999 0.00673200004 -0.0807449967 0.0744550005 -0.00236400007 -0.0802839994 0.0739639997 -0.0031320001 -0.0737340003 0.0693619996 -0.00236400007 -0.0802839994 0.0739639997 -0.0130799999 -0.0801760033 0.0759020001 0.00766499992 -0.0743129998 0.0693939999 0.0229129996 -0.0746439993 0.0720949993 0.0180750005 -0.0816780031 0.0779080018 0.0229129996 -0.0746439993 0.0720949993 0.0351670012 -0.0756070018 0.0786919966 0.0276459996 -0.0831469968 0.0847269967 0.0351670012 -0.0756070018 0.0786919966 0.0441219993 -0.0767839998 0.090764001 0.0343430005 -0.0842619985 0.0939240009 -0.00167100003 -0.0778739974 0.16133 -0.017221 -0.0773499981 0.159437001 -0.0142879998 -0.0877460018 0.148585007 -0.0328989998 -0.0777330026 0.151166007 -0.0264819991 -0.0874300003 0.142086998 -0.0142879998 -0.0877460018 0.148585007 -0.0358650014 -0.0865779966 0.131799996 -0.0264819991 -0.0874300003 0.142086998 -0.0328989998 -0.0777330026 0.151166007 -0.0407110006 -0.0852269977 0.118539996 -0.0358650014 -0.0865779966 0.131799996 -0.0459330007 -0.0764070004 0.138528004 -0.0420380011 -0.0666840002 0.162024006 -0.0589930005 -0.064576 0.145765007 -0.0459330007 -0.0764070004 0.138528004 -0.0210900009 -0.0671639964 0.172245994 -0.0420380011 -0.0666840002 0.162024006 -0.0328989998 -0.0777330026 0.151166007 -0.00167100003 -0.0778739974 0.16133 -0.00210799999 -0.0726070032 0.167711005 -0.017221 -0.0773499981 0.159437001 -0.0529120006 -0.0737520009 0.123565003 -0.0653819963 -0.062357001 0.134509996 -0.0673030019 -0.0600689985 0.123334996 -0.0405189991 -0.0837870017 0.106366999 -0.0407110006 -0.0852269977 0.118539996 -0.0473069996 -0.0782800019 0.113347001 -0.0660940036 -0.0546279997 0.0979209989 -0.0630699992 -0.0481280014 0.0814960003 -0.0618290007 -0.0537759997 0.0836419985 -0.063233003 -0.0592550002 0.0984750018 -0.0611819997 -0.0643279999 0.107518002 -0.0647080019 -0.0602440014 0.109461002 -0.0553090014 -0.0711459965 0.113415003 -0.0540650003 -0.072401002 0.118492 -0.0613140017 -0.0650829971 0.115944996 -0.0566640012 -0.0695179999 0.100083999 -0.0550579987 -0.0676050037 0.0889170021 -0.0435290001 -0.0758230016 0.0932480022 -0.0550579987 -0.0676050037 0.0889170021 -0.0566640012 -0.0695179999 0.100083999 -0.063233003 -0.0592550002 0.0984750018 -0.0473069996 -0.0782800019 0.113347001 -0.0407110006 -0.0852269977 0.118539996 -0.0529120006 -0.0737520009 0.123565003 -0.0613140017 -0.0650829971 0.115944996 -0.0673030019 -0.0600689985 0.123334996 -0.068705 -0.0565680005 0.111312002 -0.0566640012 -0.0695179999 0.100083999 -0.0565380007 -0.0704410002 0.108356997 -0.0611819997 -0.0643279999 0.107518002 -0.0474420004 -0.076568 0.103070997 -0.0503639989 -0.0753820017 0.109808996 -0.0565380007 -0.0704410002 0.108356997 -0.0591540001 -0.0670609996 0.111414 -0.0611819997 -0.0643279999 0.107518002 -0.0565380007 -0.0704410002 0.108356997 -0.0565380007 -0.0704410002 0.108356997 -0.0503639989 -0.0753820017 0.109808996 -0.0553090014 -0.0711459965 0.113415003 -0.0373760015 -0.0819749981 0.0958160013 -0.0405189991 -0.0837870017 0.106366999 -0.04366 -0.079810001 0.104833998 -0.0592710003 -0.0531670004 0.0834089965 -0.0618290007 -0.0537759997 0.0836419985 -0.0630699992 -0.0481280014 0.0814960003 -0.0550579987 -0.0676050037 0.0889170021 -0.0618290007 -0.0537759997 0.0836419985 -0.0592710003 -0.0531670004 0.0834089965 -0.0499150008 -0.0649539977 0.0881170034 -0.0415470004 -0.0744630024 0.0926119983 -0.0435290001 -0.0758230016 0.0932480022 0.0115339998 -0.090940997 0.144088 -0.00154299999 -0.0910549983 0.146620005 -0.00147500006 -0.0924889967 0.141570002 0.0203949995 -0.0905760005 0.139116004 0.0115339998 -0.090940997 0.144088 0.00976200029 -0.0922909975 0.139593005 0.0203949995 -0.0905760005 0.139116004 0.0273540001 -0.0900470018 0.131850004 0.0306299999 -0.0871070027 0.134718001 0.0326149985 -0.0892309994 0.119984999 0.0273540001 -0.0900470018 0.131850004 0.0233999994 -0.0912560001 0.128635004 0.0332069993 -0.088177003 0.108167998 0.0326149985 -0.0892309994 0.119984999 0.0277939998 -0.090421997 0.118368 0.0376939997 -0.0855949968 0.108144 0.0332069993 -0.088177003 0.108167998 0.0301469993 -0.0870129988 0.095702 0.0301469993 -0.0870129988 0.095702 0.0242110007 -0.086078003 0.0875210017 0.0276459996 -0.0831469968 0.0847269967 -0.012871 -0.090892002 0.144916996 -0.00154299999 -0.0910549983 0.146620005 -0.00162800006 -0.0877280012 0.150698006 -0.012871 -0.090892002 0.144916996 -0.0242030006 -0.0904370025 0.138821006 -0.0213510003 -0.0917719975 0.134956002 -0.0323330015 -0.0896029994 0.129779994 -0.0242030006 -0.0904370025 0.138821006 -0.0264819991 -0.0874300003 0.142086998 -0.0323330015 -0.0896029994 0.129779994 -0.0367540009 -0.0884580016 0.117559001 -0.0318190008 -0.0899130031 0.116590001 -0.0368280001 -0.0873489976 0.107208997 -0.0367540009 -0.0884580016 0.117559001 -0.0407110006 -0.0852269977 0.118539996 -0.0339559987 -0.0862509981 0.0974949971 -0.0368280001 -0.0873489976 0.107208997 -0.0405189991 -0.0837870017 0.106366999 -0.0339559987 -0.0862509981 0.0974949971 -0.0275609996 -0.0852369964 0.0882589966 -0.0242330004 -0.0874869972 0.091163002 -0.0242330004 -0.0874869972 0.091163002 -0.0275609996 -0.0852369964 0.0882589966 -0.0213450007 -0.0846799985 0.0831139982 -0.0120989997 -0.0841969997 0.0788260028 -0.0107519999 -0.0867099985 0.0829980001 -0.0186730009 -0.0870900005 0.0867860019 -0.0107519999 -0.0867099985 0.0829980001 -0.0120989997 -0.0841969997 0.0788260028 -0.00208500004 -0.0841310024 0.0771450028 0.00673200004 -0.0807449967 0.0744550005 0.00649699988 -0.0844239965 0.0779189989 -0.00208500004 -0.0841310024 0.0771450028 0.006116 -0.0867080018 0.082396999 0.00649699988 -0.0844239965 0.0779189989 0.0166720003 -0.0850559995 0.0815720037 0.0276459996 -0.0831469968 0.0847269967 0.0242110007 -0.086078003 0.0875210017 0.0166720003 -0.0850559995 0.0815720037 0.0965770036 -0.0122239999 0.0724899992 0.090820998 -0.0242299996 0.0731590018 0.0938680023 -0.0130679999 0.0667250007 0.0845770016 -0.0227039997 0.057957001 0.090820998 -0.0242299996 0.0731590018 0.0839949995 -0.0349380001 0.0751679987 0.093487002 -0.0129079996 0.065591 0.0938680023 -0.0130679999 0.0667250007 0.090820998 -0.0242299996 0.0731590018 0.0935660005 -0.00940600038 0.0632359982 0.093487002 -0.0129079996 0.065591 0.0892719999 -0.012786 0.0572870001 0.100717999 -0.0118129998 0.0856840014 0.102187999 -0.00580599997 0.0854170024 0.103643 -0.00630800007 0.0938789994 0.0982320011 -0.0061420002 0.0723669976 0.102187999 -0.00580599997 0.0854170024 0.100717999 -0.0118129998 0.0856840014 0.0982320011 -0.0061420002 0.0723669976 0.0961199999 -0.00626000017 0.0671700016 0.096593 -8.19999987e-05 0.0670379996 0.091054 -0.00663000019 0.0571330003 0.0934699997 -0.00491000013 0.0617539994 0.0935660005 -0.00940600038 0.0632359982 0.0934699997 -0.00491000013 0.0617539994 0.091054 -0.00663000019 0.0571330003 0.0914139971 -8.19999987e-05 0.0568609983 0.091054 -0.00663000019 0.0571330003 0.0892719999 -0.012786 0.0572870001 0.0799430013 -0.0109550003 0.0429009981 0.0845770016 -0.0227039997 0.057957001 0.0751570016 -0.022194 0.0449009985 0.0799430013 -0.0109550003 0.0429009981 0.0751570016 -0.022194 0.0449009985 0.0845770016 -0.0227039997 0.057957001 0.0676760003 -0.0353039987 0.0493699983 0.0845770016 -0.0227039997 0.057957001 0.0892719999 -0.012786 0.0572870001 0.093487002 -0.0129079996 0.065591 0.0676760003 -0.0353039987 0.0493699983 0.0839949995 -0.0349380001 0.0751679987 0.0765450001 -0.0447669998 0.0780479982 0.0666130036 -0.0555660017 0.0809020028 0.0524020009 -0.055794999 0.0619099997 0.0609190017 -0.0446409993 0.0538990013 0.0524060018 -0.0694480017 0.0869499967 0.0441219993 -0.0767839998 0.090764001 0.0351670012 -0.0756070018 0.0786919966 0.0524060018 -0.0694480017 0.0869499967 0.0420919992 -0.0681250021 0.0723659992 0.0524020009 -0.055794999 0.0619099997 0.0441219993 -0.0767839998 0.090764001 0.0524060018 -0.0694480017 0.0869499967 0.0569479987 -0.0677540004 0.0938329995 0.0569479987 -0.0677540004 0.0938329995 0.0524060018 -0.0694480017 0.0869499967 0.0666130036 -0.0555660017 0.0809020028 -0.00156799995 -0.0648609996 0.179579005 -0.00154700002 -0.066133 0.176774994 0.0137019996 -0.0640930012 0.177605003 0.0134469997 -0.0627050027 0.180761993 0.0137019996 -0.0640930012 0.177605003 0.0300040003 -0.0607549995 0.176257998 0.0417729989 -0.0570200011 0.174094006 0.0417309999 -0.0560079999 0.177226007 0.0306260008 -0.0593880005 0.179343 0.049656 -0.0524410009 0.174842998 0.0417309999 -0.0560079999 0.177226007 0.0417729989 -0.0570200011 0.174094006 0.0598980002 -0.0461449996 0.171453997 0.049656 -0.0524410009 0.174842998 0.0495180003 -0.0534080006 0.171623006 0.0682940036 -0.0385279991 0.167933002 0.0598980002 -0.0461449996 0.171453997 0.0598770007 -0.0472670011 0.168045998 0.0749410018 -0.0300760008 0.162640005 0.0748519972 -0.0291249994 0.165739 0.0682940036 -0.0385279991 0.167933002 0.0748519972 -0.0291249994 0.165739 0.0749410018 -0.0300760008 0.162640005 0.080178 -0.0172819998 0.161657006 0.0816859975 -0.00851599965 0.161794007 0.0811680034 -0.00824800041 0.164860994 0.0797640011 -0.0163679998 0.164978996 0.0819189996 -8.19999987e-05 0.161622003 0.0813940018 -8.19999987e-05 0.164917007 0.0811680034 -0.00824800041 0.164860994 0.0787269995 -0.00796500035 0.169722006 0.0811680034 -0.00824800041 0.164860994 0.0813940018 -8.19999987e-05 0.164917007 0.075620003 -0.00779299997 0.175062001 0.0762220025 -0.00351099996 0.174454004 0.0746840015 -0.00246100011 0.176774994 0.0692140013 -8.19999987e-05 0.184143007 0.0684280023 -0.00886700023 0.184488997 0.0746840015 -0.00246100011 0.176774994 0.0779749975 -0.0023980001 0.171627998 0.0762220025 -0.00351099996 0.174454004 0.075620003 -0.00779299997 0.175062001 -0.00163700001 -0.0611210018 0.184444994 -0.00156799995 -0.0648609996 0.179579005 0.0134469997 -0.0627050027 0.180761993 0.0134469997 -0.0627050027 0.180761993 0.0306260008 -0.0593880005 0.179343 0.0301709995 -0.0569269992 0.182779998 0.0414690003 -0.0532880016 0.180681005 0.0301709995 -0.0569269992 0.182779998 0.0306260008 -0.0593880005 0.179343 0.0593869984 -0.0427770019 0.175824001 0.0488610007 -0.0500589982 0.178672001 0.049656 -0.0524410009 0.174842998 0.0417309999 -0.0560079999 0.177226007 0.049656 -0.0524410009 0.174842998 0.0488610007 -0.0500589982 0.178672001 0.0682940036 -0.0385279991 0.167933002 0.067791 -0.0354980007 0.172092006 0.0593869984 -0.0427770019 0.175824001 0.067791 -0.0354980007 0.172092006 0.0682940036 -0.0385279991 0.167933002 0.0748519972 -0.0291249994 0.165739 0.0797640011 -0.0163679998 0.164978996 0.0811680034 -0.00824800041 0.164860994 0.0787269995 -0.00796500035 0.169722006 0.077477999 -0.0160290003 0.169510007 0.0723609999 -0.0282400008 0.170956999 0.0748519972 -0.0291249994 0.165739 0.0585540012 -8.19999987e-05 0.194499001 0.0574040003 -0.0115830004 0.194277003 0.0684280023 -0.00886700023 0.184488997 0.075620003 -0.00779299997 0.175062001 0.0740429983 -0.0157999992 0.175267994 0.077477999 -0.0160290003 0.169510007 0.0684280023 -0.00886700023 0.184488997 0.0677890033 -0.0163729992 0.183344007 0.0740429983 -0.0157999992 0.175267994 0.0563849993 -0.0211529993 0.192493007 0.0574040003 -0.0115830004 0.194277003 0.0473800004 -0.0133060003 0.200885996 0.0677890033 -0.0163729992 0.183344007 0.0684280023 -0.00886700023 0.184488997 0.0574040003 -0.0115830004 0.194277003 0.0675799996 -0.0281440001 0.178037003 0.0740429983 -0.0157999992 0.175267994 0.0677890033 -0.0163729992 0.183344007 0.0723609999 -0.0282400008 0.170956999 0.077477999 -0.0160290003 0.169510007 0.0740429983 -0.0157999992 0.175267994 0.0351670012 -0.0756070018 0.0786919966 0.0229129996 -0.0746439993 0.0720949993 0.026424 -0.0665310025 0.063657999 0.0420919992 -0.0681250021 0.0723659992 0.026424 -0.0665310025 0.063657999 0.0329070017 -0.0554829985 0.0518239997 0.0400910005 -0.0436579995 0.0407849997 0.0609190017 -0.0446409993 0.0538990013 0.0524020009 -0.055794999 0.0619099997 0.0609190017 -0.0446409993 0.0538990013 0.0400910005 -0.0436579995 0.0407849997 0.0441440009 -0.0352009982 0.0347039998 0.0676760003 -0.0353039987 0.0493699983 0.0441440009 -0.0352009982 0.0347039998 0.0493439995 -0.0223420002 0.0282279998 0.0536229983 -0.0110759996 0.0250940006 0.0799430013 -0.0109550003 0.0429009981 0.0751570016 -0.022194 0.0449009985 0.0549230017 -8.19999987e-05 0.0242989995 0.0809060037 -8.19999987e-05 0.0419880003 0.0799430013 -0.0109550003 0.0429009981 -0.0415470004 -0.0744630024 0.0926119983 -0.0499150008 -0.0649539977 0.0881170034 -0.0438150018 -0.0638509989 0.0792030022 -0.0592710003 -0.0531670004 0.0834089965 -0.0521310009 -0.0525519997 0.0731969997 -0.0438150018 -0.0638509989 0.0792030022 -0.0653140023 -0.0448729992 0.0801519975 -0.0632190034 -0.0378729999 0.0693840012 -0.0630699992 -0.0481280014 0.0814960003 0.0229129996 -0.0746439993 0.0720949993 0.00766499992 -0.0743129998 0.0693939999 0.0109799998 -0.064433001 0.0594789982 0.00766499992 -0.0743129998 0.0693939999 -0.0031320001 -0.0737340003 0.0693619996 -0.00284600002 -0.0634960011 0.0595539995 0.0109799998 -0.064433001 0.0594789982 -0.00284600002 -0.0634960011 0.0595539995 -0.00315800007 -0.0535910018 0.0483199991 0.014037 -0.0540589988 0.0474880002 0.0329070017 -0.0554829985 0.0518239997 0.026424 -0.0665310025 0.063657999 0.0329070017 -0.0554829985 0.0518239997 0.014037 -0.0540589988 0.0474880002 0.01774 -0.0446910001 0.037808001 -0.003363 -0.0440489985 0.0388699993 0.01774 -0.0446910001 0.037808001 0.014037 -0.0540589988 0.0474880002 0.0400910005 -0.0436579995 0.0407849997 0.01774 -0.0446910001 0.037808001 0.0209289994 -0.0343950018 0.0300750006 -0.00317799998 -0.0319470018 0.0310960002 0.0209289994 -0.0343950018 0.0300750006 0.01774 -0.0446910001 0.037808001 0.0209289994 -0.0343950018 0.0300750006 -0.00317799998 -0.0319470018 0.0310960002 -0.00327700004 -0.0183380004 0.0265699998 0.0441440009 -0.0352009982 0.0347039998 0.0209289994 -0.0343950018 0.0300750006 0.0250339992 -0.0216070004 0.0240059998 0.027617 -0.00864600018 0.0207620002 0.0536229983 -0.0110759996 0.0250940006 0.0493439995 -0.0223420002 0.0282279998 0.0536229983 -0.0110759996 0.0250940006 0.027617 -0.00864600018 0.0207620002 0.0286710002 -8.19999987e-05 0.0203499999 -0.00351199997 -8.19999987e-05 0.0251470003 0.0286710002 -8.19999987e-05 0.0203499999 0.027617 -0.00864600018 0.0207620002 -0.0179719999 -0.0634950027 0.0635899976 -0.00284600002 -0.0634960011 0.0595539995 -0.0031320001 -0.0737340003 0.0693619996 -0.0261359997 -0.072811 0.076586999 -0.0320059992 -0.0633039996 0.0703329965 -0.0179719999 -0.0634950027 0.0635899976 -0.0320059992 -0.0633039996 0.0703329965 -0.0261359997 -0.072811 0.076586999 -0.0350430012 -0.0739099979 0.0839570016 -0.0438150018 -0.0638509989 0.0792030022 -0.0521310009 -0.0525519997 0.0731969997 -0.0379879996 -0.0537599996 0.0625860021 -0.0226119999 -0.0535130017 0.0539360009 -0.0179719999 -0.0634950027 0.0635899976 -0.0320059992 -0.0633039996 0.0703329965 -0.00284600002 -0.0634960011 0.0595539995 -0.0179719999 -0.0634950027 0.0635899976 -0.0226119999 -0.0535130017 0.0539360009 -0.0442730002 -0.0435779989 0.0562600009 -0.0379879996 -0.0537599996 0.0625860021 -0.0521310009 -0.0525519997 0.0731969997 -0.0226119999 -0.0535130017 0.0539360009 -0.0379879996 -0.0537599996 0.0625860021 -0.0442730002 -0.0435779989 0.0562600009 -0.0246590003 -0.0431299992 0.0445730016 -0.003363 -0.0440489985 0.0388699993 -0.00315800007 -0.0535910018 0.0483199991 -0.0442730002 -0.0435779989 0.0562600009 -0.0632190034 -0.0378729999 0.0693840012 -0.0613289997 -0.0286059994 0.0611229986 -0.0246590003 -0.0431299992 0.0445730016 -0.0442730002 -0.0435779989 0.0562600009 -0.0451730005 -0.032345999 0.0490459986 -0.003363 -0.0440489985 0.0388699993 -0.0246590003 -0.0431299992 0.0445730016 -0.0269520003 -0.0320729986 0.0386179984 -0.0294400007 -0.0184499994 0.0354960002 -0.00327700004 -0.0183380004 0.0265699998 -0.00317799998 -0.0319470018 0.0310960002 -0.0451730005 -0.032345999 0.0490459986 -0.0473450013 -0.0178539995 0.0454109982 -0.0294400007 -0.0184499994 0.0354960002 -0.0614349991 -0.01767 0.0567829981 -0.0473450013 -0.0178539995 0.0454109982 -0.0451730005 -0.032345999 0.0490459986 -0.0618739985 -8.19999987e-05 0.0545639992 -0.0474120006 -8.19999987e-05 0.0441420004 -0.0473450013 -0.0178539995 0.0454109982 -0.0304579996 -8.19999987e-05 0.0348439999 -0.0294400007 -0.0184499994 0.0354960002 -0.0473450013 -0.0178539995 0.0454109982 -0.00154700002 -0.066133 0.176774994 -0.00156799995 -0.0648609996 0.179579005 -0.0217959993 -0.065628998 0.175399005 -0.0589930005 -0.064576 0.145765007 -0.0420380011 -0.0666840002 0.162024006 -0.0433159992 -0.0656690001 0.164379001 -0.0433159992 -0.0656690001 0.164379001 -0.0420380011 -0.0666840002 0.162024006 -0.0210900009 -0.0671639964 0.172245994 -0.0217959993 -0.065628998 0.175399005 -0.0217610002 -0.0623250008 0.180002004 -0.0322429985 -0.0622639991 0.175092995 -0.0217610002 -0.0623250008 0.180002004 -0.0217959993 -0.065628998 0.175399005 -0.00156799995 -0.0648609996 0.179579005 -0.0613289997 -0.0286059994 0.0611229986 -0.0645240024 -0.0285500009 0.0630469993 -0.0642879978 -0.0176999997 0.0582050011 -0.0645240024 -0.0285500009 0.0630469993 -0.0613289997 -0.0286059994 0.0611229986 -0.0632190034 -0.0378729999 0.0693840012 -0.0655350015 -0.0366920009 0.0699469969 -0.0632190034 -0.0378729999 0.0693840012 -0.0653140023 -0.0448729992 0.0801519975 -0.0678460002 -0.0436000004 0.0803989992 -0.0653140023 -0.0448729992 0.0801519975 -0.0685020015 -0.0519809984 0.0973709971 -0.0712400004 -0.0551940016 0.111514002 -0.0709889978 -0.0505179986 0.097616002 -0.0685020015 -0.0519809984 0.0973709971 -0.068705 -0.0565680005 0.111312002 -0.0673030019 -0.0600689985 0.123334996 -0.0702069998 -0.0586570017 0.123923004 -0.0702069998 -0.0586570017 0.123923004 -0.0673030019 -0.0600689985 0.123334996 -0.0653819963 -0.062357001 0.134509996 -0.0645240024 -0.0285500009 0.0630469993 -0.0685719997 -0.0273400005 0.0674820021 -0.0683410019 -0.0165899992 0.0624510013 -0.0655350015 -0.0366920009 0.0699469969 -0.0692280009 -0.0328239985 0.0720369965 -0.0685719997 -0.0273400005 0.0674820021 -0.0678460002 -0.0436000004 0.0803989992 -0.0719320029 -0.0392460003 0.0822639987 -0.0692280009 -0.0328239985 0.0720369965 -0.0709889978 -0.0505179986 0.097616002 -0.0745029971 -0.0465640016 0.0988529995 -0.0719320029 -0.0392460003 0.0822639987 -0.0751549974 -0.0500419997 0.112017997 -0.0745029971 -0.0465640016 0.0988529995 -0.0709889978 -0.0505179986 0.097616002 -0.0712400004 -0.0551940016 0.111514002 -0.0702069998 -0.0586570017 0.123923004 -0.0750230029 -0.0539820008 0.124996997 -0.0675500035 -0.0612279996 0.135995001 -0.0614209995 -0.0630349964 0.147164002 -0.0648299977 -0.0594540015 0.149335995 0.014312 -0.0496580005 0.195140004 0.0147489998 -0.0422759987 0.200604007 -0.00275700004 -0.042603001 0.201923996 -0.00248400006 -0.0507539995 0.195610002 -0.00163700001 -0.0611210018 0.184444994 0.0134939998 -0.0596049987 0.184827998 0.0134939998 -0.0596049987 0.184827998 0.0301709995 -0.0569269992 0.182779998 0.0302549992 -0.0487050004 0.191386998 0.014312 -0.0496580005 0.195140004 0.0302549992 -0.0487050004 0.191386998 0.0302510001 -0.0411439985 0.197449997 0.0301709995 -0.0569269992 0.182779998 0.0414690003 -0.0532880016 0.180681005 0.0398540013 -0.0469020009 0.188315004 0.047603 -0.0438200012 0.185868993 0.0398540013 -0.0469020009 0.188315004 0.0414690003 -0.0532880016 0.180681005 0.0573199987 -0.038054999 0.182429999 0.047603 -0.0438200012 0.185868993 0.0488610007 -0.0500589982 0.178672001 0.067791 -0.0354980007 0.172092006 0.0675799996 -0.0281440001 0.178037003 0.0573199987 -0.038054999 0.182429999 0.0547549985 -0.0320859998 0.188739002 0.0573199987 -0.038054999 0.182429999 0.0675799996 -0.0281440001 0.178037003 0.0343969986 -0.0394780003 0.196756005 0.0302510001 -0.0411439985 0.197449997 0.0302549992 -0.0487050004 0.191386998 0.0343969986 -0.0394780003 0.196756005 0.0458059981 -0.0343790017 0.194056004 0.0364160016 -0.0350719988 0.198530003 0.0547549985 -0.0320859998 0.188739002 0.0458059981 -0.0343790017 0.194056004 0.047603 -0.0438200012 0.185868993 -0.00163700001 -0.0611210018 0.184444994 -0.00248400006 -0.0507539995 0.195610002 -0.0204060003 -0.0505589992 0.193293005 -0.00248400006 -0.0507539995 0.195610002 -0.00275700004 -0.042603001 0.201923996 -0.0205630008 -0.0418779999 0.199770004 -0.0387680009 -0.0502669998 0.186906993 -0.0571479984 -0.0510610007 0.172236994 -0.0473189987 -0.0622210018 0.166514993 -0.0433159992 -0.0656690001 0.164379001 -0.0322429985 -0.0622639991 0.175092995 -0.0473189987 -0.0622210018 0.166514993 -0.0357449986 -0.013878 0.206288993 -0.0534290001 -0.0140420003 0.197054997 -0.0517890006 -0.0276539996 0.194144994 0.0547549985 -0.0320859998 0.188739002 0.0563849993 -0.0211529993 0.192493007 0.0469500013 -0.0239790007 0.198066995 0.0675799996 -0.0281440001 0.178037003 0.0677890033 -0.0163729992 0.183344007 0.0563849993 -0.0211529993 0.192493007 0.0458059981 -0.0343790017 0.194056004 0.0469500013 -0.0239790007 0.198066995 0.0350780003 -0.0303949993 0.201481 -0.0708300024 -0.051355999 0.153117999 -0.0571479984 -0.0510610007 0.172236994 -0.0636000037 -0.040736001 0.176659003 -0.0851219967 -0.0134579996 0.162959993 -0.0821409971 -0.0268890001 0.161017999 -0.0682739988 -0.0279770009 0.180157006 -0.0701199993 -0.0141500002 0.183264002 -0.0682739988 -0.0279770009 0.180157006 -0.0517890006 -0.0276539996 0.194144994 -0.081772998 -0.0384950005 0.144869998 -0.0870900005 -0.0269210003 0.148397997 -0.0894870013 -0.0257820003 0.129492 -0.0764560029 -0.0500690006 0.141341999 -0.0800099969 -0.0465410016 0.126212001 -0.0750230029 -0.0539820008 0.124996997 -0.0685719997 -0.0273400005 0.0674820021 -0.0752160028 -0.0255139992 0.0759150013 -0.0748319998 -0.0146110002 0.0698890015 -0.0800099969 -0.0465410016 0.126212001 -0.0808020011 -0.0426709987 0.113330998 -0.0751549974 -0.0500419997 0.112017997 -0.0808020011 -0.0426709987 0.113330998 -0.0801320001 -0.0383130014 0.100547001 -0.0745029971 -0.0465640016 0.0988529995 -0.0801320001 -0.0383130014 0.100547001 -0.0770360008 -0.031764999 0.0842740014 -0.0719320029 -0.0392460003 0.0822639987 -0.0692280009 -0.0328239985 0.0720369965 -0.0719320029 -0.0392460003 0.0822639987 -0.0770360008 -0.031764999 0.0842740014 -0.0692280009 -0.0328239985 0.0720369965 -0.0752160028 -0.0255139992 0.0759150013 -0.0685719997 -0.0273400005 0.0674820021 -0.0847479999 -0.0361610018 0.127851993 -0.0849429965 -0.0336019993 0.114683002 -0.0808020011 -0.0426709987 0.113330998 -0.089083001 -0.0245329998 0.116034999 -0.087173 -0.0219439995 0.102306001 -0.0836519971 -0.0301290005 0.101426996 -0.087173 -0.0219439995 0.102306001 -0.0826990008 -0.0183910001 0.0861819983 -0.0798669979 -0.0250780005 0.0852280036 -0.0752160028 -0.0255139992 0.0759150013 -0.0770360008 -0.031764999 0.0842740014 -0.0798669979 -0.0250780005 0.0852280036 -0.0210900009 -0.0671639964 0.172245994 -0.017221 -0.0773499981 0.159437001 -0.00210799999 -0.0726070032 0.167711005 -0.0204060003 -0.0505589992 0.193293005 -0.0205630008 -0.0418779999 0.199770004 -0.0319130011 -0.0412819982 0.196902007 -0.0517890006 -0.0276539996 0.194144994 -0.047460001 -0.0386140011 0.191295996 -0.0380700007 -0.0345650017 0.198332995 0.0804179981 -0.0448019989 0.101476997 0.0875699967 -0.0358209983 0.101058997 0.0671029985 -0.036187999 0.107956998 0.0667809993 -0.0417260006 0.109038003 0.0670709983 -0.0448429994 0.111345999 0.0727329999 -0.0535509996 0.103486001 0.0702890009 -0.0562959984 0.106351003 0.0727329999 -0.0535509996 0.103486001 0.0670709983 -0.0448429994 0.111345999 0.0673400015 -0.0307139996 0.109153003 0.0671029985 -0.036187999 0.107956998 0.0875699967 -0.0358209983 0.101058997 0.084792003 -0.0255490001 0.141840994 0.0674119964 -0.028647 0.135267004 0.066866003 -0.0247070007 0.130974993 0.0674119964 -0.028647 0.135267004 0.084792003 -0.0255490001 0.141840994 0.0798679963 -0.0345529988 0.145069003 0.0671320036 -0.0353959985 0.137728006 0.0798679963 -0.0345529988 0.145069003 0.0752220005 -0.0427929983 0.144123003 0.0720459968 -0.048556 0.140994996 0.0670889989 -0.0445460007 0.134608001 0.0669749975 -0.0405259989 0.136840999 0.0670889989 -0.0445460007 0.134608001 0.0720459968 -0.048556 0.140994996 0.068971999 -0.0541890003 0.134197995 0.0685219988 -0.0573359989 0.125148997 0.0672520027 -0.0493500009 0.124467999 0.067148 -0.0479339994 0.130622 0.0671809986 -0.0272780005 0.111658998 0.0673400015 -0.0307139996 0.109153003 0.0949359983 -0.0248709992 0.102096997 0.0983610004 -0.0152820004 0.107499003 0.0671010017 -0.0245050006 0.114983998 0.0671809986 -0.0272780005 0.111658998 0.0887190029 -0.0181510001 0.134492993 0.066866003 -0.0247070007 0.130974993 0.0668670014 -0.0227790009 0.125492007 0.0669030026 -0.0227329992 0.119506001 0.0950689986 -0.0143550001 0.115636997 0.0915300027 -0.0147430003 0.125674993 0.0950689986 -0.0143550001 0.115636997 0.0669030026 -0.0227329992 0.119506001 0.0671010017 -0.0245050006 0.114983998 0.0672260001 -0.0491439998 0.119383 0.0672520027 -0.0493500009 0.124467999 0.0685219988 -0.0573359989 0.125148997 0.0692820027 -0.0575259998 0.112163 0.0702890009 -0.0562959984 0.106351003 0.0671389997 -0.0477770008 0.114955999 -0.047460001 -0.0386140011 0.191295996 -0.0636000037 -0.040736001 0.176659003 -0.0571479984 -0.0510610007 0.172236994 0.100284003 -0.0155370003 0.100588001 0.102821 -0.00730999978 0.101845004 0.0983610004 -0.0152820004 0.107499003 0.100284003 -0.0155370003 0.100588001 0.098402001 -0.0178309996 0.104280002 0.0949359983 -0.0248709992 0.102096997 -0.047460001 -0.0386140011 0.191295996 -0.0358499996 -0.0392509997 0.196701005 -0.0380700007 -0.0345650017 0.198332995 -0.0373519994 -0.0302169994 0.200452 -0.0328360014 -0.0273059998 0.203894004 -0.0517890006 -0.0276539996 0.194144994 -0.0387680009 -0.0502669998 0.186906993 -0.0319130011 -0.0412819982 0.196902007 -0.0358499996 -0.0392509997 0.196701005 -0.0614209995 -0.0630349964 0.147164002 -0.0675500035 -0.0612279996 0.135995001 -0.0653819963 -0.062357001 0.134509996 -0.0702069998 -0.0586570017 0.123923004 -0.0675500035 -0.0612279996 0.135995001 -0.0707900003 -0.0571350008 0.138242006 -0.081772998 -0.0384950005 0.144869998 -0.0764560029 -0.0500690006 0.141341999 -0.0708300024 -0.051355999 0.153117999 -0.0707900003 -0.0571350008 0.138242006 -0.0648299977 -0.0594540015 0.149335995 -0.0708300024 -0.051355999 0.153117999 -0.0653819963 -0.062357001 0.134509996 -0.0529120006 -0.0737520009 0.123565003 -0.0459330007 -0.0764070004 0.138528004 0.0159329996 -0.0277730003 0.207931995 0.0172499996 -0.0141249998 0.211126 -0.00157299999 -0.013979 0.212797001 0.0312200002 -0.0278220009 0.204009995 0.0318539999 -0.014184 0.207525 0.0172499996 -0.0141249998 0.211126 -0.00157299999 -0.013979 0.212797001 -0.0221129991 -0.0138069997 0.210555002 -0.0208250005 -0.0276449993 0.207383007 -0.0221129991 -0.0138069997 0.210555002 -0.0357449986 -0.013878 0.206288993 -0.0328360014 -0.0273059998 0.203894004 -0.0357449986 -0.013878 0.206288993 -0.036208 -8.19999987e-05 0.206520006 -0.0533530004 -8.19999987e-05 0.197389007 -0.0855299979 -8.19999987e-05 0.163451001 -0.0851219967 -0.0134579996 0.162959993 -0.0701199993 -0.0141500002 0.183264002 -0.069467999 -8.19999987e-05 0.183697999 -0.0701199993 -0.0141500002 0.183264002 -0.0534290001 -0.0140420003 0.197054997 -0.0821409971 -0.0268890001 0.161017999 -0.0851219967 -0.0134579996 0.162959993 -0.090406999 -0.0134969996 0.150608003 -0.0894870013 -0.0257820003 0.129492 -0.0929170027 -0.0129699996 0.130798995 -0.0923720002 -0.01229 0.117190003 -0.0923720002 -0.01229 0.117190003 -0.0905190036 -0.0109660001 0.103201002 -0.087173 -0.0219439995 0.102306001 -0.0905190036 -0.0109660001 0.103201002 -0.0851999968 -0.00919799972 0.0865529999 -0.0826990008 -0.0183910001 0.0861819983 -0.0870900005 -0.0269210003 0.148397997 -0.090406999 -0.0134969996 0.150608003 -0.0929170027 -0.0129699996 0.130798995 -0.0814549997 -8.19999987e-05 0.0777060017 -0.0807259977 -0.0119040003 0.0782210007 -0.0851999968 -0.00919799972 0.0865529999 -0.0807259977 -0.0119040003 0.0782210007 -0.079667002 -0.0219519995 0.0810490027 -0.0826990008 -0.0183910001 0.0861819983 -0.0435290001 -0.0758230016 0.0932480022 -0.0415470004 -0.0744630024 0.0926119983 -0.0389610007 -0.0792270005 0.095002003 -0.0350430012 -0.0739099979 0.0839570016 -0.0300389994 -0.0813829973 0.0863239989 -0.0389610007 -0.0792270005 0.095002003 -0.0630699992 -0.0481280014 0.0814960003 -0.0632190034 -0.0378729999 0.0693840012 -0.0521310009 -0.0525519997 0.0731969997 -0.04366 -0.079810001 0.104833998 -0.0473069996 -0.0782800019 0.113347001 -0.0503639989 -0.0753820017 0.109808996 -0.0660940036 -0.0546279997 0.0979209989 -0.0647080019 -0.0602440014 0.109461002 -0.068705 -0.0565680005 0.111312002 -0.0613140017 -0.0650829971 0.115944996 -0.0540650003 -0.072401002 0.118492 -0.0529120006 -0.0737520009 0.123565003 -0.0503639989 -0.0753820017 0.109808996 -0.0473069996 -0.0782800019 0.113347001 -0.0540650003 -0.072401002 0.118492 -0.0613140017 -0.0650829971 0.115944996 -0.0647080019 -0.0602440014 0.109461002 -0.0611819997 -0.0643279999 0.107518002 -0.0389610007 -0.0792270005 0.095002003 -0.04366 -0.079810001 0.104833998 -0.0474420004 -0.076568 0.103070997 -0.0630699992 -0.0481280014 0.0814960003 -0.0660940036 -0.0546279997 0.0979209989 -0.0685020015 -0.0519809984 0.0973709971 0.0318539999 -0.014184 0.207525 0.0312200002 -0.0278220009 0.204009995 0.0469500013 -0.0239790007 0.198066995 0.0458059981 -0.0343790017 0.194056004 0.0343969986 -0.0394780003 0.196756005 0.0398540013 -0.0469020009 0.188315004 0.067791 -0.0354980007 0.172092006 0.0723609999 -0.0282400008 0.170956999 0.0675799996 -0.0281440001 0.178037003 0.0312200002 -0.0278220009 0.204009995 0.0350780003 -0.0303949993 0.201481 0.0469500013 -0.0239790007 0.198066995 -0.0768940002 -0.0390219986 0.157288 -0.0636000037 -0.040736001 0.176659003 -0.0682739988 -0.0279770009 0.180157006 -0.0636000037 -0.040736001 0.176659003 -0.047460001 -0.0386140011 0.191295996 -0.0517890006 -0.0276539996 0.194144994 -0.081772998 -0.0384950005 0.144869998 -0.0847479999 -0.0361610018 0.127851993 -0.0800099969 -0.0465410016 0.126212001 -0.089083001 -0.0245329998 0.116034999 -0.0849429965 -0.0336019993 0.114683002 -0.0847479999 -0.0361610018 0.127851993 -0.0849429965 -0.0336019993 0.114683002 -0.0836519971 -0.0301290005 0.101426996 -0.0801320001 -0.0383130014 0.100547001 -0.0836519971 -0.0301290005 0.101426996 -0.0798669979 -0.0250780005 0.0852280036 -0.0770360008 -0.031764999 0.0842740014 -0.0870900005 -0.0269210003 0.148397997 -0.081772998 -0.0384950005 0.144869998 -0.0768940002 -0.0390219986 0.157288 -0.0387680009 -0.0502669998 0.186906993 -0.0322429985 -0.0622639991 0.175092995 -0.0217610002 -0.0623250008 0.180002004 -0.079667002 -0.0219519995 0.0810490027 -0.0807259977 -0.0119040003 0.0782210007 -0.0748319998 -0.0146110002 0.0698890015 -0.0798669979 -0.0250780005 0.0852280036 -0.0826990008 -0.0183910001 0.0861819983 -0.079667002 -0.0219519995 0.0810490027 0.0936010033 -0.00626000017 0.0671700016 0.0961199999 -0.00626000017 0.0671700016 0.0945010036 -0.0122999996 0.0673580021 0.0938680023 -0.0130679999 0.0667250007 0.0911789984 -0.0129779996 0.0667250007 0.0918119997 -0.0122999996 0.0673580021 0.093487002 -0.0129079996 0.065591 0.090797998 -0.0126280002 0.065591 0.0911789984 -0.0129779996 0.0667250007 0.091196999 -8.19999987e-05 0.0612410009 0.0912050009 -0.00491000013 0.0617539994 0.0934699997 -0.00491000013 0.0617539994 0.090797998 -0.0126280002 0.065591 0.093487002 -0.0129079996 0.065591 0.0935660005 -0.00940600038 0.0632359982 0.0912050009 -0.00491000013 0.0617539994 0.0908769965 -0.00930000003 0.0633969977 0.0935660005 -0.00940600038 0.0632359982 -0.0648299977 -0.0594540015 0.149335995 -0.0473189987 -0.0622210018 0.166514993 -0.0571479984 -0.0510610007 0.172236994 -0.0614209995 -0.0630349964 0.147164002 -0.0433159992 -0.0656690001 0.164379001 -0.0473189987 -0.0622210018 0.166514993 -0.00149000005 -0.0900719985 0.140389994 0.00932800025 -0.0898820013 0.138486996 0.00976200029 -0.0922909975 0.139593005 0.00932800025 -0.0898820013 0.138486996 0.0167900007 -0.0894669965 0.133937001 0.0175119992 -0.0918599963 0.134866998 0.0167900007 -0.0894669965 0.133937001 0.0224590003 -0.0888850018 0.127937004 0.0233999994 -0.0912560001 0.128635004 0.0224590003 -0.0888850018 0.127937004 0.0266890004 -0.0880820006 0.118052997 0.0277939998 -0.090421997 0.118368 0.0266890004 -0.0880820006 0.118052997 0.0270780008 -0.0871810019 0.108409002 0.028198 -0.0894860029 0.108351 0.0270780008 -0.0871810019 0.108409002 0.0244399998 -0.0860930011 0.0983019993 0.0254580006 -0.0883560032 0.0978529975 0.0244399998 -0.0860930011 0.0983019993 0.0195569992 -0.0854379982 0.0915850028 0.0203859992 -0.0876749977 0.0908759981 -0.00149000005 -0.0900719985 0.140389994 -0.00147500006 -0.0924889967 0.141570002 -0.0111499997 -0.0923179984 0.140432 -0.0108040003 -0.0899079964 0.139294997 -0.0111499997 -0.0923179984 0.140432 -0.0213510003 -0.0917719975 0.134956002 -0.0206259992 -0.0893820003 0.134021997 -0.0213510003 -0.0917719975 0.134956002 -0.0280680005 -0.0910520032 0.127470002 -0.0270920005 -0.0886889994 0.126815006 -0.0280680005 -0.0910520032 0.127470002 -0.0318190008 -0.0899130031 0.116590001 -0.0307030007 -0.0875919983 0.116341002 -0.0318190008 -0.0899130031 0.116590001 -0.0321299993 -0.0892309994 0.108382002 -0.0310030002 -0.0869349986 0.108438 -0.0321299993 -0.0892309994 0.108382002 -0.0295819994 -0.0883390009 0.0993430018 -0.0285490006 -0.0860769972 0.0997359976 -0.0295819994 -0.0883390009 0.0993430018 -0.0242330004 -0.0874869972 0.091163002 -0.0233999994 -0.0852570012 0.0918620005 -0.0242330004 -0.0874869972 0.091163002 -0.0186730009 -0.0870900005 0.0867860019 -0.0180469994 -0.0848750025 0.0876469985 -0.0186730009 -0.0870900005 0.0867860019 -0.0107519999 -0.0867099985 0.0829980001 -0.0104210004 -0.0845090002 0.0839999989 -0.0107519999 -0.0867099985 0.0829980001 -0.00173000002 -0.0865679979 0.0814779997 0.00581800006 -0.0845070034 0.0834219977 -0.00173500006 -0.0843719989 0.0825380012 -0.00173000002 -0.0865679979 0.0814779997 0.0143510001 -0.0848980024 0.0868949965 0.00581800006 -0.0845070034 0.0834219977 0.006116 -0.0867080018 0.082396999 0.0195569992 -0.0854379982 0.0915850028 0.0143510001 -0.0848980024 0.0868949965 0.0149790002 -0.0871139988 0.0860050023 0.0737949982 -0.00344099989 0.174355 0.0721419975 -0.0024019999 0.176661998 0.0746840015 -0.00246100011 0.176774994 0.0751120001 -0.00235199998 0.171696007 0.0737949982 -0.00344099989 0.174355 0.0762220025 -0.00351099996 0.174454004 0.0756480023 -8.19999987e-05 0.170866996 0.0751120001 -0.00235199998 0.171696007 0.0779749975 -0.0023980001 0.171627998 0.0735569969 -8.19999987e-05 0.174261004 0.0737949982 -0.00344099989 0.174355 0.0751120001 -0.00235199998 0.171696007 0.027617 -0.00864600018 0.0207620002 0.0250339992 -0.0216070004 0.0240059998 -0.00327700004 -0.0183380004 0.0265699998 0.0928689986 -8.19999987e-05 0.125168994 0.0886429995 -8.19999987e-05 0.142362997 0.0885910019 -0.00741899991 0.142107993 0.0845659971 -0.00854100008 0.154532 0.0849699974 -8.19999987e-05 0.154043004 0.0819189996 -8.19999987e-05 0.161622003 0.103427 -8.19999987e-05 0.101801999 0.096559003 -8.19999987e-05 0.115906 0.0965420008 -0.00729800016 0.115534 0.102187999 -0.00580599997 0.0854170024 0.102595001 -8.19999987e-05 0.0853750035 0.104106002 -8.19999987e-05 0.0938529968 0.0987079963 -8.19999987e-05 0.0725400001 0.102595001 -8.19999987e-05 0.0853750035 0.102187999 -0.00580599997 0.0854170024 0.103643 -0.00630800007 0.0938789994 0.104106002 -8.19999987e-05 0.0938529968 0.103427 -8.19999987e-05 0.101801999 0.0809060037 -8.19999987e-05 0.0419880003 0.0914139971 -8.19999987e-05 0.0568609983 0.091054 -0.00663000019 0.0571330003 0.078629002 -8.19999987e-05 0.170759007 0.0786110014 -8.19999987e-05 0.170790002 0.0779749975 -0.0023980001 0.171627998 0.0172499996 -0.0141249998 0.211126 0.0181079991 -8.19999987e-05 0.211583003 -0.00121899997 -8.19999987e-05 0.213339999 0.0318539999 -0.014184 0.207525 0.0316249989 -8.19999987e-05 0.208297998 0.0181079991 -8.19999987e-05 0.211583003 0.0473800004 -0.0133060003 0.200885996 0.0478500016 -8.19999987e-05 0.201550007 0.0316249989 -8.19999987e-05 0.208297998 0.0574040003 -0.0115830004 0.194277003 0.0585540012 -8.19999987e-05 0.194499001 0.0478500016 -8.19999987e-05 0.201550007 -0.0294400007 -0.0184499994 0.0354960002 -0.0304579996 -8.19999987e-05 0.0348439999 -0.00351199997 -8.19999987e-05 0.0251470003 -0.0647540018 -8.19999987e-05 0.0562480018 -0.0618739985 -8.19999987e-05 0.0545639992 -0.0614349991 -0.01767 0.0567829981 -0.0683410019 -0.0165899992 0.0624510013 -0.0690060034 -8.19999987e-05 0.0607840009 -0.0647540018 -8.19999987e-05 0.0562480018 -0.00121899997 -8.19999987e-05 0.213339999 -0.0227249991 -8.19999987e-05 0.210622996 -0.0221129991 -0.0138069997 0.210555002 -0.0227249991 -8.19999987e-05 0.210622996 -0.036208 -8.19999987e-05 0.206520006 -0.0357449986 -0.013878 0.206288993 -0.0851219967 -0.0134579996 0.162959993 -0.0855299979 -8.19999987e-05 0.163451001 -0.091587998 -8.19999987e-05 0.151419997 -0.0748319998 -0.0146110002 0.0698890015 -0.0756440014 -8.19999987e-05 0.0684880018 -0.0690060034 -8.19999987e-05 0.0607840009 -0.0929170027 -0.0129699996 0.130798995 -0.0939939991 -8.19999987e-05 0.131468996 -0.0934650004 -8.19999987e-05 0.117693 -0.0923720002 -0.01229 0.117190003 -0.0934650004 -8.19999987e-05 0.117693 -0.0913819969 -8.19999987e-05 0.104089998 -0.0905190036 -0.0109660001 0.103201002 -0.0913819969 -8.19999987e-05 0.104089998 -0.0858459994 -8.19999987e-05 0.086920999 -0.090406999 -0.0134969996 0.150608003 -0.091587998 -8.19999987e-05 0.151419997 -0.0939939991 -8.19999987e-05 0.131468996 -0.0807259977 -0.0119040003 0.0782210007 -0.0814549997 -8.19999987e-05 0.0777060017 -0.0756440014 -8.19999987e-05 0.0684880018 0.0941160023 -8.19999987e-05 0.0671259984 0.096593 -8.19999987e-05 0.0670379996 0.0961199999 -0.00626000017 0.0671700016 0.0721419975 -0.0024019999 0.176661998 0.0714609995 -8.19999987e-05 0.177507997 0.0739839971 -8.19999987e-05 0.177704006 0.0735569969 -8.19999987e-05 0.174261004 0.0714609995 -8.19999987e-05 0.177507997 0.0721419975 -0.0024019999 0.176661998 0.0965420008 0.00713399984 0.115534 0.102821 0.00714599993 0.101845004 0.0983610004 0.0151180001 0.107499003 0.102821 0.00714599993 0.101845004 0.103643 0.00614400022 0.0938789994 0.101839997 0.0121489996 0.0939989984 0.0927959979 0.00702100014 0.125110999 0.0965420008 0.00713399984 0.115534 0.0950689986 0.0141909998 0.115636997 0.0887190029 0.0179869998 0.134492993 0.0885910019 0.00725500006 0.142107993 0.0927959979 0.00702100014 0.125110999 0.084792003 0.0253849998 0.141840994 0.0829040036 0.0191820003 0.153491005 0.0885910019 0.00725500006 0.142107993 0.0770710036 0.0330320001 0.154813007 0.0829040036 0.0191820003 0.153491005 0.084792003 0.0253849998 0.141840994 0.0770710036 0.0330320001 0.154813007 0.0798679963 0.0343890004 0.145069003 0.0752220005 0.0426289998 0.144123003 0.068971999 0.0540250018 0.134197995 0.0685219988 0.0571720004 0.125148997 0.0607360005 0.0656130016 0.124861002 0.0692820027 0.0573620014 0.112163 0.0617219992 0.065196 0.110200003 0.0607360005 0.0656130016 0.124861002 0.0643140003 0.0618330017 0.101622999 0.0617219992 0.065196 0.110200003 0.0692820027 0.0573620014 0.112163 0.0789910033 0.0452079996 0.0900890008 0.0799010023 0.0448959991 0.0964210033 0.0873809978 0.0355810001 0.0951500013 0.0873809978 0.0355810001 0.0951500013 0.0875699967 0.0356569998 0.101058997 0.0949359983 0.0247070007 0.102096997 0.0643140003 0.0618330017 0.101622999 0.0702890009 0.0561319999 0.106351003 0.0727329999 0.0533870012 0.103486001 0.0720459968 0.0483920015 0.140994996 0.068971999 0.0540250018 0.134197995 0.059799999 0.0628999993 0.138643995 0.0927959979 0.00702100014 0.125110999 0.0928689986 -8.19999987e-05 0.125168994 0.096559003 -8.19999987e-05 0.115906 0.0829040036 0.0191820003 0.153491005 0.0845659971 0.00837699976 0.154532 0.0885910019 0.00725500006 0.142107993 0.0961199999 0.00609599985 0.0671700016 0.0945010036 0.0121360002 0.0673580021 0.0965770036 0.0120599996 0.0724899992 0.0944859982 0.0240279995 0.0866699964 0.090820998 0.0240659993 0.0731590018 0.0839949995 0.0347740017 0.0751679987 0.0765450001 0.0446030013 0.0780479982 0.0789910033 0.0452079996 0.0900890008 0.0864719972 0.0357809998 0.0880940035 0.0617219992 0.065196 0.110200003 0.0494240001 0.0761289969 0.108364999 0.0486579984 0.0767050013 0.123487003 0.0569479987 0.0675899982 0.0938329995 0.0494240001 0.0761289969 0.108364999 0.0617219992 0.065196 0.110200003 -0.00154299999 0.0908910036 0.146620005 -0.00162800006 0.087563999 0.150698006 0.0129850004 0.0877240002 0.147808 0.0203949995 0.0904119983 0.139116004 0.0115339998 0.0907770023 0.144088 0.0129850004 0.0877240002 0.147808 0.0273540001 0.0898829997 0.131850004 0.0233999994 0.0910919979 0.128635004 0.0175119992 0.0916960016 0.134866998 0.0367829986 0.0863500014 0.121549003 0.0326149985 0.0890669972 0.119984999 0.0273540001 0.0898829997 0.131850004 0.0376939997 0.0854310021 0.108144 0.0332069993 0.0880130008 0.108167998 0.0326149985 0.0890669972 0.119984999 0.0332069993 0.0880130008 0.108167998 0.0301469993 0.0868489966 0.095702 0.0254580006 0.088192001 0.0978529975 0.0242110007 0.0859140009 0.0875210017 0.0203859992 0.087511003 0.0908759981 0.0254580006 0.088192001 0.0978529975 -0.0111499997 0.0921540037 0.140432 -0.012871 0.0907279998 0.144916996 -0.00154299999 0.0908910036 0.146620005 -0.0142879998 0.0875819996 0.148585007 -0.012871 0.0907279998 0.144916996 -0.0242030006 0.0902730003 0.138821006 -0.0242030006 0.0902730003 0.138821006 -0.0213510003 0.0916080028 0.134956002 -0.0280680005 0.090888001 0.127470002 -0.0358650014 0.0864140019 0.131799996 -0.0323330015 0.0894389972 0.129779994 -0.0367540009 0.0882939994 0.117559001 -0.0367540009 0.0882939994 0.117559001 -0.0318190008 0.089749001 0.116590001 -0.0321299993 0.0890669972 0.108382002 -0.0368280001 0.0871850029 0.107208997 -0.0321299993 0.0890669972 0.108382002 -0.0295819994 0.0881749988 0.0993430018 -0.0339559987 0.0860870034 0.0974949971 -0.0275609996 0.0850730017 0.0882589966 -0.0300389994 0.0812190026 0.0863239989 -0.0275609996 0.0850730017 0.0882589966 -0.0213450007 0.0845159963 0.0831139982 -0.0233280007 0.0804120004 0.08072 -0.0213450007 0.0845159963 0.0831139982 -0.0120989997 0.0840329975 0.0788260028 -0.0130799999 0.0800120011 0.0759020001 -0.0120989997 0.0840329975 0.0788260028 -0.00208500004 0.0839670002 0.0771450028 -0.00236400007 0.0801199973 0.0739639997 0.00649699988 0.0842600018 0.0779189989 -0.00208500004 0.0839670002 0.0771450028 -0.00173000002 0.0864040032 0.0814779997 0.00649699988 0.0842600018 0.0779189989 0.0166720003 0.0848919973 0.0815720037 0.0180750005 0.0815140009 0.0779080018 0.0242110007 0.0859140009 0.0875210017 0.0166720003 0.0848919973 0.0815720037 0.0149790002 0.0869499967 0.0860050023 0.0486579984 0.0767050013 0.123487003 0.0494240001 0.0761289969 0.108364999 0.0376939997 0.0854310021 0.108144 0.101839997 0.0121489996 0.0939989984 0.100717999 0.0116490005 0.0856840014 0.0944859982 0.0240279995 0.0866699964 0.0965770036 0.0120599996 0.0724899992 0.090820998 0.0240659993 0.0731590018 0.0944859982 0.0240279995 0.0866699964 0.0804179981 0.0446380004 0.101476997 0.0799010023 0.0448959991 0.0964210033 0.0727329999 0.0533870012 0.103486001 0.0666130036 0.0554019995 0.0809020028 0.0704979971 0.0547619984 0.0929170027 0.0789910033 0.0452079996 0.0900890008 0.0704979971 0.0547619984 0.0929170027 0.0666130036 0.0554019995 0.0809020028 0.0569479987 0.0675899982 0.0938329995 0.0829040036 0.0191820003 0.153491005 0.0770710036 0.0330320001 0.154813007 0.0749410018 0.0299120005 0.162640005 0.0682940036 0.0395190008 0.164735004 0.0749410018 0.0299120005 0.162640005 0.0770710036 0.0330320001 0.154813007 0.0598770007 0.0471029989 0.168045998 0.0607730001 0.0561759993 0.152022004 0.0506200008 0.0622749999 0.156376004 0.0394780003 0.0666159987 0.161593005 0.0282729995 0.0682339966 0.166699007 0.0300040003 0.0605910011 0.176257998 0.0134690003 0.0702989995 0.169190004 -0.00210799999 0.072443001 0.167711005 -0.00154700002 0.0659689978 0.176774994 0.0282729995 0.0682339966 0.166699007 0.0134690003 0.0702989995 0.169190004 0.0137019996 0.063928999 0.177605003 0.0495180003 0.0532439984 0.171623006 0.0506200008 0.0622749999 0.156376004 0.0394780003 0.0666159987 0.161593005 0.0720459968 0.0483920015 0.140994996 0.0607730001 0.0561759993 0.152022004 0.0702179968 0.0447290018 0.153369993 0.0598770007 0.0471029989 0.168045998 0.0682940036 0.0395190008 0.164735004 0.0702179968 0.0447290018 0.153369993 0.0875699967 0.0356569998 0.101058997 0.0873809978 0.0355810001 0.0951500013 0.0799010023 0.0448959991 0.0964210033 0.0954039991 0.0242410004 0.0944290012 0.0944859982 0.0240279995 0.0866699964 0.0864719972 0.0357809998 0.0880940035 0.101839997 0.0121489996 0.0939989984 0.0954039991 0.0242410004 0.0944290012 0.100284003 0.0153729999 0.100588001 0.0704979971 0.0547619984 0.0929170027 0.0727329999 0.0533870012 0.103486001 0.0799010023 0.0448959991 0.0964210033 0.0376939997 0.0854310021 0.108144 0.0494240001 0.0761289969 0.108364999 0.0441219993 0.0766199976 0.090764001 0.0486579984 0.0767050013 0.123487003 0.0438399985 0.0762280002 0.138076007 0.059799999 0.0628999993 0.138643995 0.0367829986 0.0863500014 0.121549003 0.0306299999 0.0869430006 0.134718001 0.0438399985 0.0762280002 0.138076007 0.059799999 0.0628999993 0.138643995 0.0438399985 0.0762280002 0.138076007 0.0506200008 0.0622749999 0.156376004 0.0129399998 0.0772870034 0.160236001 -0.00167100003 0.0777100027 0.16133 -0.00210799999 0.072443001 0.167711005 0.0129399998 0.0772870034 0.160236001 0.0129850004 0.0877240002 0.147808 -0.00162800006 0.087563999 0.150698006 0.0129399998 0.0772870034 0.160236001 0.0134690003 0.0702989995 0.169190004 0.0282729995 0.0682339966 0.166699007 0.0255469996 0.0774509981 0.154855996 0.0226949994 0.0873069987 0.142741993 0.0129850004 0.0877240002 0.147808 0.0255469996 0.0774509981 0.154855996 0.0282729995 0.0682339966 0.166699007 0.0394780003 0.0666159987 0.161593005 0.0366079994 0.0762740001 0.147925004 0.0306299999 0.0869430006 0.134718001 0.0226949994 0.0873069987 0.142741993 0.0366079994 0.0762740001 0.147925004 0.0394780003 0.0666159987 0.161593005 0.0506200008 0.0622749999 0.156376004 0.0366079994 0.0762740001 0.147925004 0.0438399985 0.0762280002 0.138076007 0.0306299999 0.0869430006 0.134718001 0.0845659971 0.00837699976 0.154532 0.0829040036 0.0191820003 0.153491005 0.080178 0.0171179995 0.161657006 0.0849699974 -8.19999987e-05 0.154043004 0.0886429995 -8.19999987e-05 0.142362997 0.0885910019 0.00725500006 0.142107993 -0.0373760015 0.0818110034 0.0958160013 -0.0300389994 0.0812190026 0.0863239989 -0.0389610007 0.0790629983 0.095002003 -0.0261359997 0.0726469979 0.076586999 -0.0350430012 0.0737460032 0.0839570016 -0.0300389994 0.0812190026 0.0863239989 -0.0148870004 0.0731059983 0.0718460009 -0.0261359997 0.0726469979 0.076586999 -0.0233280007 0.0804120004 0.08072 -0.00236400007 0.0801199973 0.0739639997 0.00673200004 0.0805810019 0.0744550005 0.00766499992 0.0741489977 0.0693939999 -0.0130799999 0.0800120011 0.0759020001 -0.00236400007 0.0801199973 0.0739639997 -0.0031320001 0.0735699981 0.0693619996 0.00766499992 0.0741489977 0.0693939999 0.00673200004 0.0805810019 0.0744550005 0.0180750005 0.0815140009 0.0779080018 0.0229129996 0.0744789988 0.0720949993 0.0180750005 0.0815140009 0.0779080018 0.0276459996 0.0829830021 0.0847269967 0.0351670012 0.0754429996 0.0786919966 0.0276459996 0.0829830021 0.0847269967 0.0343430005 0.0840979964 0.0939240009 -0.00167100003 0.0777100027 0.16133 -0.00162800006 0.087563999 0.150698006 -0.0142879998 0.0875819996 0.148585007 -0.0142879998 0.0875819996 0.148585007 -0.0264819991 0.0872659981 0.142086998 -0.0328989998 0.0775690004 0.151166007 -0.0358650014 0.0864140019 0.131799996 -0.0459330007 0.0762429982 0.138528004 -0.0328989998 0.0775690004 0.151166007 -0.0407110006 0.085063003 0.118539996 -0.0529120006 0.0735879987 0.123565003 -0.0459330007 0.0762429982 0.138528004 -0.0420380011 0.066519998 0.162024006 -0.0328989998 0.0775690004 0.151166007 -0.0459330007 0.0762429982 0.138528004 -0.0328989998 0.0775690004 0.151166007 -0.0420380011 0.066519998 0.162024006 -0.0210900009 0.0670000017 0.172245994 -0.00167100003 0.0777100027 0.16133 -0.017221 0.0771860033 0.159437001 -0.00210799999 0.072443001 0.167711005 -0.0529120006 0.0735879987 0.123565003 -0.0673030019 0.059905 0.123334996 -0.0653819963 0.0621929988 0.134509996 -0.0405189991 0.0836229995 0.106366999 -0.04366 0.0796459988 0.104833998 -0.0473069996 0.0781159997 0.113347001 -0.0660940036 0.0544640012 0.0979209989 -0.063233003 0.0590910017 0.0984750018 -0.0618290007 0.0536120012 0.0836419985 -0.063233003 0.0590910017 0.0984750018 -0.0660940036 0.0544640012 0.0979209989 -0.0647080019 0.0600799993 0.109461002 -0.0613140017 0.0649190024 0.115944996 -0.0540650003 0.0722369999 0.118492 -0.0553090014 0.0709820017 0.113415003 -0.0435290001 0.0756589994 0.0932480022 -0.0550579987 0.0674410015 0.0889170021 -0.0566640012 0.0693539977 0.100083999 -0.0550579987 0.0674410015 0.0889170021 -0.0618290007 0.0536120012 0.0836419985 -0.063233003 0.0590910017 0.0984750018 -0.0473069996 0.0781159997 0.113347001 -0.0540650003 0.0722369999 0.118492 -0.0529120006 0.0735879987 0.123565003 -0.0613140017 0.0649190024 0.115944996 -0.0647080019 0.0600799993 0.109461002 -0.068705 0.0564039983 0.111312002 -0.0566640012 0.0693539977 0.100083999 -0.063233003 0.0590910017 0.0984750018 -0.0611819997 0.0641639978 0.107518002 -0.0565380007 0.070276998 0.108356997 -0.0503639989 0.0752179995 0.109808996 -0.0474420004 0.0764039978 0.103070997 -0.0591540001 0.0668969974 0.111414 -0.0553090014 0.0709820017 0.113415003 -0.0565380007 0.070276998 0.108356997 -0.0565380007 0.070276998 0.108356997 -0.0553090014 0.0709820017 0.113415003 -0.0503639989 0.0752179995 0.109808996 -0.04366 0.0796459988 0.104833998 -0.0405189991 0.0836229995 0.106366999 -0.0373760015 0.0818110034 0.0958160013 -0.0592710003 0.0530029982 0.0834089965 -0.0630699992 0.0479639992 0.0814960003 -0.0618290007 0.0536120012 0.0836419985 -0.0550579987 0.0674410015 0.0889170021 -0.0499150008 0.064790003 0.0881170034 -0.0592710003 0.0530029982 0.0834089965 -0.0435290001 0.0756589994 0.0932480022 -0.0415470004 0.0742990002 0.0926119983 -0.0499150008 0.064790003 0.0881170034 0.0115339998 0.0907770023 0.144088 0.00976200029 0.0921270028 0.139593005 -0.00147500006 0.092325002 0.141570002 0.0203949995 0.0904119983 0.139116004 0.0175119992 0.0916960016 0.134866998 0.00976200029 0.0921270028 0.139593005 0.0203949995 0.0904119983 0.139116004 0.0226949994 0.0873069987 0.142741993 0.0306299999 0.0869430006 0.134718001 0.0326149985 0.0890669972 0.119984999 0.0277939998 0.0902580023 0.118368 0.0233999994 0.0910919979 0.128635004 0.0332069993 0.0880130008 0.108167998 0.028198 0.0893220007 0.108351 0.0277939998 0.0902580023 0.118368 0.0376939997 0.0854310021 0.108144 0.0343430005 0.0840979964 0.0939240009 0.0301469993 0.0868489966 0.095702 0.0301469993 0.0868489966 0.095702 0.0343430005 0.0840979964 0.0939240009 0.0276459996 0.0829830021 0.0847269967 -0.012871 0.0907279998 0.144916996 -0.0142879998 0.0875819996 0.148585007 -0.00162800006 0.087563999 0.150698006 -0.012871 0.0907279998 0.144916996 -0.0111499997 0.0921540037 0.140432 -0.0213510003 0.0916080028 0.134956002 -0.0323330015 0.0894389972 0.129779994 -0.0358650014 0.0864140019 0.131799996 -0.0264819991 0.0872659981 0.142086998 -0.0323330015 0.0894389972 0.129779994 -0.0280680005 0.090888001 0.127470002 -0.0318190008 0.089749001 0.116590001 -0.0368280001 0.0871850029 0.107208997 -0.0405189991 0.0836229995 0.106366999 -0.0407110006 0.085063003 0.118539996 -0.0339559987 0.0860870034 0.0974949971 -0.0373760015 0.0818110034 0.0958160013 -0.0405189991 0.0836229995 0.106366999 -0.0339559987 0.0860870034 0.0974949971 -0.0295819994 0.0881749988 0.0993430018 -0.0242330004 0.0873230025 0.091163002 -0.0242330004 0.0873230025 0.091163002 -0.0186730009 0.0869259983 0.0867860019 -0.0213450007 0.0845159963 0.0831139982 -0.0186730009 0.0869259983 0.0867860019 -0.0107519999 0.0865459964 0.0829980001 -0.0120989997 0.0840329975 0.0788260028 -0.0107519999 0.0865459964 0.0829980001 -0.00173000002 0.0864040032 0.0814779997 -0.00208500004 0.0839670002 0.0771450028 0.00673200004 0.0805810019 0.0744550005 -0.00236400007 0.0801199973 0.0739639997 -0.00208500004 0.0839670002 0.0771450028 0.006116 0.0865439996 0.082396999 0.0149790002 0.0869499967 0.0860050023 0.0166720003 0.0848919973 0.0815720037 0.0276459996 0.0829830021 0.0847269967 0.0180750005 0.0815140009 0.0779080018 0.0166720003 0.0848919973 0.0815720037 0.0965770036 0.0120599996 0.0724899992 0.0945010036 0.0121360002 0.0673580021 0.0938680023 0.0129039995 0.0667250007 0.0845770016 0.0225399993 0.057957001 0.0676760003 0.0351400003 0.0493699983 0.0839949995 0.0347740017 0.0751679987 0.093487002 0.0127440002 0.065591 0.0845770016 0.0225399993 0.057957001 0.090820998 0.0240659993 0.0731590018 0.0935660005 0.00924200006 0.0632359982 0.091054 0.00646599988 0.0571330003 0.0892719999 0.0126219997 0.0572870001 0.100717999 0.0116490005 0.0856840014 0.101839997 0.0121489996 0.0939989984 0.103643 0.00614400022 0.0938789994 0.0982320011 0.00597799988 0.0723669976 0.0965770036 0.0120599996 0.0724899992 0.100717999 0.0116490005 0.0856840014 0.0982320011 0.00597799988 0.0723669976 0.0987079963 -8.19999987e-05 0.0725400001 0.096593 -8.19999987e-05 0.0670379996 0.091054 0.00646599988 0.0571330003 0.0935660005 0.00924200006 0.0632359982 0.0934699997 0.00474599982 0.0617539994 0.0934699997 0.00474599982 0.0617539994 0.0937089995 -8.19999987e-05 0.0612410009 0.0914139971 -8.19999987e-05 0.0568609983 0.091054 0.00646599988 0.0571330003 0.0799430013 0.010791 0.0429009981 0.0892719999 0.0126219997 0.0572870001 0.0845770016 0.0225399993 0.057957001 0.0892719999 0.0126219997 0.0572870001 0.0799430013 0.010791 0.0429009981 0.0751570016 0.0220299996 0.0449009985 0.0676760003 0.0351400003 0.0493699983 0.0845770016 0.0225399993 0.057957001 0.0845770016 0.0225399993 0.057957001 0.093487002 0.0127440002 0.065591 0.0892719999 0.0126219997 0.0572870001 0.0676760003 0.0351400003 0.0493699983 0.0609190017 0.0444770008 0.0538990013 0.0765450001 0.0446030013 0.0780479982 0.0666130036 0.0554019995 0.0809020028 0.0765450001 0.0446030013 0.0780479982 0.0609190017 0.0444770008 0.0538990013 0.0351670012 0.0754429996 0.0786919966 0.0441219993 0.0766199976 0.090764001 0.0524060018 0.0692839995 0.0869499967 0.0524060018 0.0692839995 0.0869499967 0.0666130036 0.0554019995 0.0809020028 0.0524020009 0.0556310005 0.0619099997 0.0569479987 0.0675899982 0.0938329995 0.0524060018 0.0692839995 0.0869499967 0.0441219993 0.0766199976 0.090764001 0.0569479987 0.0675899982 0.0938329995 0.0666130036 0.0554019995 0.0809020028 0.0524060018 0.0692839995 0.0869499967 -0.00156799995 0.0646969974 0.179579005 0.0134469997 0.0625410005 0.180761993 0.0137019996 0.063928999 0.177605003 0.0300040003 0.0605910011 0.176257998 0.0137019996 0.063928999 0.177605003 0.0134469997 0.0625410005 0.180761993 0.0306260008 0.0592239983 0.179343 0.0417309999 0.0558440015 0.177226007 0.0417729989 0.0568559989 0.174094006 0.049656 0.0522769988 0.174842998 0.0495180003 0.0532439984 0.171623006 0.0417729989 0.0568559989 0.174094006 0.0495180003 0.0532439984 0.171623006 0.049656 0.0522769988 0.174842998 0.0598980002 0.0459810011 0.171453997 0.0598770007 0.0471029989 0.168045998 0.0598980002 0.0459810011 0.171453997 0.0682940036 0.0383640006 0.167933002 0.0749410018 0.0299120005 0.162640005 0.0682940036 0.0395190008 0.164735004 0.0682940036 0.0383640006 0.167933002 0.0748519972 0.0289609991 0.165739 0.0797640011 0.0162039995 0.164978996 0.080178 0.0171179995 0.161657006 0.0816859975 0.00835200027 0.161794007 0.080178 0.0171179995 0.161657006 0.0797640011 0.0162039995 0.164978996 0.0819189996 -8.19999987e-05 0.161622003 0.0816859975 0.00835200027 0.161794007 0.0811680034 0.00808400009 0.164860994 0.0787269995 0.00780100003 0.169722006 0.078629002 -8.19999987e-05 0.170759007 0.0813940018 -8.19999987e-05 0.164917007 0.075620003 0.00762900012 0.175062001 0.0684280023 0.00870299991 0.184488997 0.0746840015 0.00229700003 0.176774994 0.0692140013 -8.19999987e-05 0.184143007 0.0739839971 -8.19999987e-05 0.177704006 0.0746840015 0.00229700003 0.176774994 0.075620003 0.00762900012 0.175062001 0.0762220025 0.00334700011 0.174454004 0.0779749975 0.00223400001 0.171627998 0.0134469997 0.0625410005 0.180761993 -0.00156799995 0.0646969974 0.179579005 -0.00163700001 0.0609569997 0.184444994 0.0134469997 0.0625410005 0.180761993 0.0134939998 0.0594410002 0.184827998 0.0301709995 0.0567630008 0.182779998 0.0414690003 0.0531239994 0.180681005 0.0417309999 0.0558440015 0.177226007 0.0306260008 0.0592239983 0.179343 0.049656 0.0522769988 0.174842998 0.0488610007 0.0498949997 0.178672001 0.0593869984 0.0426129997 0.175824001 0.0488610007 0.0498949997 0.178672001 0.049656 0.0522769988 0.174842998 0.0417309999 0.0558440015 0.177226007 0.0593869984 0.0426129997 0.175824001 0.067791 0.0353339985 0.172092006 0.0682940036 0.0383640006 0.167933002 0.0748519972 0.0289609991 0.165739 0.0682940036 0.0383640006 0.167933002 0.067791 0.0353339985 0.172092006 0.0797640011 0.0162039995 0.164978996 0.077477999 0.015865 0.169510007 0.0787269995 0.00780100003 0.169722006 0.0748519972 0.0289609991 0.165739 0.0723609999 0.0280760005 0.170956999 0.077477999 0.015865 0.169510007 0.0585540012 -8.19999987e-05 0.194499001 0.0692140013 -8.19999987e-05 0.184143007 0.0684280023 0.00870299991 0.184488997 0.075620003 0.00762900012 0.175062001 0.0787269995 0.00780100003 0.169722006 0.077477999 0.015865 0.169510007 0.0684280023 0.00870299991 0.184488997 0.075620003 0.00762900012 0.175062001 0.0740429983 0.0156360008 0.175267994 0.0563849993 0.0209890008 0.192493007 0.0469500013 0.0238150004 0.198066995 0.0473800004 0.013142 0.200885996 0.0677890033 0.0162090007 0.183344007 0.0563849993 0.0209890008 0.192493007 0.0574040003 0.0114190001 0.194277003 0.0675799996 0.0279799998 0.178037003 0.0677890033 0.0162090007 0.183344007 0.0740429983 0.0156360008 0.175267994 0.0723609999 0.0280760005 0.170956999 0.0675799996 0.0279799998 0.178037003 0.0740429983 0.0156360008 0.175267994 0.0351670012 0.0754429996 0.0786919966 0.0420919992 0.0679609999 0.0723659992 0.026424 0.066366002 0.063657999 0.0420919992 0.0679609999 0.0723659992 0.0524020009 0.0556310005 0.0619099997 0.0329070017 0.055319 0.0518239997 0.0400910005 0.043494001 0.0407849997 0.0329070017 0.055319 0.0518239997 0.0524020009 0.0556310005 0.0619099997 0.0609190017 0.0444770008 0.0538990013 0.0676760003 0.0351400003 0.0493699983 0.0441440009 0.0350369997 0.0347039998 0.0676760003 0.0351400003 0.0493699983 0.0751570016 0.0220299996 0.0449009985 0.0493439995 0.0221779998 0.0282279998 0.0536229983 0.0109120002 0.0250940006 0.0493439995 0.0221779998 0.0282279998 0.0751570016 0.0220299996 0.0449009985 0.0549230017 -8.19999987e-05 0.0242989995 0.0536229983 0.0109120002 0.0250940006 0.0799430013 0.010791 0.0429009981 -0.0415470004 0.0742990002 0.0926119983 -0.0350430012 0.0737460032 0.0839570016 -0.0438150018 0.0636859983 0.0792030022 -0.0438150018 0.0636859983 0.0792030022 -0.0521310009 0.0523880012 0.0731969997 -0.0592710003 0.0530029982 0.0834089965 -0.0653140023 0.0447090007 0.0801519975 -0.0630699992 0.0479639992 0.0814960003 -0.0632190034 0.0377090015 0.0693840012 0.0229129996 0.0744789988 0.0720949993 0.026424 0.066366002 0.063657999 0.0109799998 0.0642689988 0.0594789982 0.00766499992 0.0741489977 0.0693939999 0.0109799998 0.0642689988 0.0594789982 -0.00284600002 0.0633319989 0.0595539995 0.0109799998 0.0642689988 0.0594789982 0.014037 0.0538950004 0.0474880002 -0.00315800007 0.0534269996 0.0483199991 0.014037 0.0538950004 0.0474880002 0.0109799998 0.0642689988 0.0594789982 0.026424 0.066366002 0.063657999 0.0329070017 0.055319 0.0518239997 0.0400910005 0.043494001 0.0407849997 0.01774 0.0445270017 0.037808001 -0.003363 0.0438850001 0.0388699993 -0.00315800007 0.0534269996 0.0483199991 0.014037 0.0538950004 0.0474880002 0.0400910005 0.043494001 0.0407849997 0.0441440009 0.0350369997 0.0347039998 0.0209289994 0.0342309996 0.0300750006 -0.00317799998 0.0317829996 0.0310960002 -0.003363 0.0438850001 0.0388699993 0.01774 0.0445270017 0.037808001 -0.00327700004 0.0181740001 0.0265699998 -0.00317799998 0.0317829996 0.0310960002 0.0209289994 0.0342309996 0.0300750006 0.0441440009 0.0350369997 0.0347039998 0.0493439995 0.0221779998 0.0282279998 0.0250339992 0.0214430001 0.0240059998 0.0493439995 0.0221779998 0.0282279998 0.0536229983 0.0109120002 0.0250940006 0.027617 0.00848199986 0.0207620002 0.0536229983 0.0109120002 0.0250940006 0.0549230017 -8.19999987e-05 0.0242989995 0.0286710002 -8.19999987e-05 0.0203499999 -0.00351199997 -8.19999987e-05 0.0251470003 -0.00327700004 0.0181740001 0.0265699998 0.027617 0.00848199986 0.0207620002 -0.0031320001 0.0735699981 0.0693619996 -0.00284600002 0.0633319989 0.0595539995 -0.0179719999 0.0633310005 0.0635899976 -0.0179719999 0.0633310005 0.0635899976 -0.0320059992 0.0631399974 0.0703329965 -0.0261359997 0.0726469979 0.076586999 -0.0320059992 0.0631399974 0.0703329965 -0.0438150018 0.0636859983 0.0792030022 -0.0350430012 0.0737460032 0.0839570016 -0.0379879996 0.0535960011 0.0625860021 -0.0521310009 0.0523880012 0.0731969997 -0.0438150018 0.0636859983 0.0792030022 -0.0320059992 0.0631399974 0.0703329965 -0.0179719999 0.0633310005 0.0635899976 -0.0226119999 0.0533489995 0.0539360009 -0.00284600002 0.0633319989 0.0595539995 -0.00315800007 0.0534269996 0.0483199991 -0.0226119999 0.0533489995 0.0539360009 -0.0442730002 0.0434140004 0.0562600009 -0.0632190034 0.0377090015 0.0693840012 -0.0521310009 0.0523880012 0.0731969997 -0.0226119999 0.0533489995 0.0539360009 -0.0246590003 0.0429660007 0.0445730016 -0.0442730002 0.0434140004 0.0562600009 -0.0246590003 0.0429660007 0.0445730016 -0.0226119999 0.0533489995 0.0539360009 -0.00315800007 0.0534269996 0.0483199991 -0.0442730002 0.0434140004 0.0562600009 -0.0451730005 0.0321820006 0.0490459986 -0.0613289997 0.0284419991 0.0611229986 -0.0451730005 0.0321820006 0.0490459986 -0.0442730002 0.0434140004 0.0562600009 -0.0246590003 0.0429660007 0.0445730016 -0.0269520003 0.0319090001 0.0386179984 -0.0246590003 0.0429660007 0.0445730016 -0.003363 0.0438850001 0.0388699993 -0.00317799998 0.0317829996 0.0310960002 -0.00327700004 0.0181740001 0.0265699998 -0.0294400007 0.0182859991 0.0354960002 -0.0451730005 0.0321820006 0.0490459986 -0.0269520003 0.0319090001 0.0386179984 -0.0294400007 0.0182859991 0.0354960002 -0.0451730005 0.0321820006 0.0490459986 -0.0473450013 0.0176899992 0.0454109982 -0.0614349991 0.0175059997 0.0567829981 -0.0618739985 -8.19999987e-05 0.0545639992 -0.0614349991 0.0175059997 0.0567829981 -0.0473450013 0.0176899992 0.0454109982 -0.0304579996 -8.19999987e-05 0.0348439999 -0.0474120006 -8.19999987e-05 0.0441420004 -0.0473450013 0.0176899992 0.0454109982 -0.00154700002 0.0659689978 0.176774994 -0.0210900009 0.0670000017 0.172245994 -0.0217959993 0.0654650033 0.175399005 -0.0433159992 0.065504998 0.164379001 -0.0420380011 0.066519998 0.162024006 -0.0589930005 0.0644119978 0.145765007 -0.0433159992 0.065504998 0.164379001 -0.0217959993 0.0654650033 0.175399005 -0.0210900009 0.0670000017 0.172245994 -0.0217959993 0.0654650033 0.175399005 -0.0433159992 0.065504998 0.164379001 -0.0322429985 0.0621000007 0.175092995 -0.0217610002 0.0621609986 0.180002004 -0.00163700001 0.0609569997 0.184444994 -0.00156799995 0.0646969974 0.179579005 -0.0613289997 0.0284419991 0.0611229986 -0.0614349991 0.0175059997 0.0567829981 -0.0642879978 0.0175359994 0.0582050011 -0.0645240024 0.0283860005 0.0630469993 -0.0655350015 0.0365279987 0.0699469969 -0.0632190034 0.0377090015 0.0693840012 -0.0655350015 0.0365279987 0.0699469969 -0.0678460002 0.0434359983 0.0803989992 -0.0653140023 0.0447090007 0.0801519975 -0.0678460002 0.0434359983 0.0803989992 -0.0709889978 0.0503540002 0.097616002 -0.0685020015 0.0518169999 0.0973709971 -0.0712400004 0.0550299995 0.111514002 -0.068705 0.0564039983 0.111312002 -0.0685020015 0.0518169999 0.0973709971 -0.068705 0.0564039983 0.111312002 -0.0712400004 0.0550299995 0.111514002 -0.0702069998 0.0584929995 0.123923004 -0.0653819963 0.0621929988 0.134509996 -0.0673030019 0.059905 0.123334996 -0.0702069998 0.0584929995 0.123923004 -0.0645240024 0.0283860005 0.0630469993 -0.0642879978 0.0175359994 0.0582050011 -0.0683410019 0.0164260007 0.0624510013 -0.0655350015 0.0365279987 0.0699469969 -0.0645240024 0.0283860005 0.0630469993 -0.0685719997 0.0271760002 0.0674820021 -0.0678460002 0.0434359983 0.0803989992 -0.0655350015 0.0365279987 0.0699469969 -0.0692280009 0.03266 0.0720369965 -0.0709889978 0.0503540002 0.097616002 -0.0678460002 0.0434359983 0.0803989992 -0.0719320029 0.0390819982 0.0822639987 -0.0751549974 0.0498780012 0.112017997 -0.0712400004 0.0550299995 0.111514002 -0.0709889978 0.0503540002 0.097616002 -0.0712400004 0.0550299995 0.111514002 -0.0751549974 0.0498780012 0.112017997 -0.0750230029 0.0538179986 0.124996997 -0.0675500035 0.0610640012 0.135995001 -0.0707900003 0.0569709986 0.138242006 -0.0648299977 0.0592899993 0.149335995 -0.00275700004 0.0424389988 0.201923996 0.0147489998 0.0421120003 0.200604007 0.014312 0.0494929999 0.195140004 -0.00248400006 0.050590001 0.195610002 0.014312 0.0494929999 0.195140004 0.0134939998 0.0594410002 0.184827998 0.0302549992 0.0485409983 0.191386998 0.0301709995 0.0567630008 0.182779998 0.0134939998 0.0594410002 0.184827998 0.014312 0.0494929999 0.195140004 0.0147489998 0.0421120003 0.200604007 0.0302510001 0.04098 0.197449997 0.0301709995 0.0567630008 0.182779998 0.0302549992 0.0485409983 0.191386998 0.0398540013 0.0467379987 0.188315004 0.047603 0.043655999 0.185868993 0.0488610007 0.0498949997 0.178672001 0.0414690003 0.0531239994 0.180681005 0.0573199987 0.0378910005 0.182429999 0.0593869984 0.0426129997 0.175824001 0.0488610007 0.0498949997 0.178672001 0.067791 0.0353339985 0.172092006 0.0593869984 0.0426129997 0.175824001 0.0573199987 0.0378910005 0.182429999 0.0547549985 0.0319220014 0.188739002 0.0675799996 0.0279799998 0.178037003 0.0573199987 0.0378910005 0.182429999 0.0343969986 0.0393140018 0.196756005 0.0398540013 0.0467379987 0.188315004 0.0302549992 0.0485409983 0.191386998 0.0343969986 0.0393140018 0.196756005 0.0364160016 0.0349080004 0.198530003 0.0458059981 0.0342149995 0.194056004 0.0547549985 0.0319220014 0.188739002 0.0573199987 0.0378910005 0.182429999 0.047603 0.043655999 0.185868993 -0.00163700001 0.0609569997 0.184444994 -0.0217610002 0.0621609986 0.180002004 -0.0204060003 0.0503950007 0.193293005 -0.00248400006 0.050590001 0.195610002 -0.0204060003 0.0503950007 0.193293005 -0.0205630008 0.0417140014 0.199770004 -0.0387680009 0.0501030013 0.186906993 -0.0322429985 0.0621000007 0.175092995 -0.0473189987 0.0620569997 0.166514993 -0.0433159992 0.065504998 0.164379001 -0.0473189987 0.0620569997 0.166514993 -0.0322429985 0.0621000007 0.175092995 -0.0357449986 0.0137139997 0.206288993 -0.0328360014 0.0271419995 0.203894004 -0.0517890006 0.0274899993 0.194144994 0.0547549985 0.0319220014 0.188739002 0.0458059981 0.0342149995 0.194056004 0.0469500013 0.0238150004 0.198066995 0.0675799996 0.0279799998 0.178037003 0.0547549985 0.0319220014 0.188739002 0.0563849993 0.0209890008 0.192493007 0.0458059981 0.0342149995 0.194056004 0.0364160016 0.0349080004 0.198530003 0.0350780003 0.0302310009 0.201481 -0.0708300024 0.0511920005 0.153117999 -0.0768940002 0.0388580002 0.157288 -0.0636000037 0.0405719988 0.176659003 -0.0851219967 0.0132940002 0.162959993 -0.0701199993 0.0139859999 0.183264002 -0.0682739988 0.0278130006 0.180157006 -0.0701199993 0.0139859999 0.183264002 -0.0534290001 0.013878 0.197054997 -0.0517890006 0.0274899993 0.194144994 -0.081772998 0.0383309983 0.144869998 -0.0847479999 0.0359969996 0.127851993 -0.0894870013 0.025618 0.129492 -0.0764560029 0.0499049984 0.141341999 -0.0707900003 0.0569709986 0.138242006 -0.0750230029 0.0538179986 0.124996997 -0.0685719997 0.0271760002 0.0674820021 -0.0683410019 0.0164260007 0.0624510013 -0.0748319998 0.0144469999 0.0698890015 -0.0800099969 0.0463769995 0.126212001 -0.0750230029 0.0538179986 0.124996997 -0.0751549974 0.0498780012 0.112017997 -0.0808020011 0.0425070003 0.113330998 -0.0751549974 0.0498780012 0.112017997 -0.0745029971 0.0463999994 0.0988529995 -0.0801320001 0.0381489992 0.100547001 -0.0745029971 0.0463999994 0.0988529995 -0.0719320029 0.0390819982 0.0822639987 -0.0770360008 0.0316010006 0.0842740014 -0.0719320029 0.0390819982 0.0822639987 -0.0692280009 0.03266 0.0720369965 -0.0692280009 0.03266 0.0720369965 -0.0685719997 0.0271760002 0.0674820021 -0.0752160028 0.0253500007 0.0759150013 -0.0847479999 0.0359969996 0.127851993 -0.0800099969 0.0463769995 0.126212001 -0.0808020011 0.0425070003 0.113330998 -0.089083001 0.0243689995 0.116034999 -0.0849429965 0.0334380008 0.114683002 -0.0836519971 0.029964 0.101426996 -0.087173 0.0217799991 0.102306001 -0.0836519971 0.029964 0.101426996 -0.0798669979 0.0249140002 0.0852280036 -0.0752160028 0.0253500007 0.0759150013 -0.079667002 0.0217879992 0.0810490027 -0.0798669979 0.0249140002 0.0852280036 -0.0210900009 0.0670000017 0.172245994 -0.00154700002 0.0659689978 0.176774994 -0.00210799999 0.072443001 0.167711005 -0.0204060003 0.0503950007 0.193293005 -0.0387680009 0.0501030013 0.186906993 -0.0319130011 0.0411179997 0.196902007 -0.0517890006 0.0274899993 0.194144994 -0.0373519994 0.0300520007 0.200452 -0.0380700007 0.0344009995 0.198332995 0.0804179981 0.0446380004 0.101476997 0.0667809993 0.0415619984 0.109038003 0.0671029985 0.0360240005 0.107956998 0.0667809993 0.0415619984 0.109038003 0.0804179981 0.0446380004 0.101476997 0.0727329999 0.0533870012 0.103486001 0.0702890009 0.0561319999 0.106351003 0.0671389997 0.0476129986 0.114955999 0.0670709983 0.044679001 0.111345999 0.0673400015 0.0305499993 0.109153003 0.0949359983 0.0247070007 0.102096997 0.0875699967 0.0356569998 0.101058997 0.084792003 0.0253849998 0.141840994 0.0887190029 0.0179869998 0.134492993 0.066866003 0.0245430004 0.130974993 0.0674119964 0.0284829997 0.135267004 0.0671320036 0.0352320001 0.137728006 0.0798679963 0.0343890004 0.145069003 0.0671320036 0.0352320001 0.137728006 0.0669749975 0.0403620005 0.136840999 0.0752220005 0.0426289998 0.144123003 0.0720459968 0.0483920015 0.140994996 0.0752220005 0.0426289998 0.144123003 0.0669749975 0.0403620005 0.136840999 0.0670889989 0.0443819985 0.134608001 0.067148 0.047770001 0.130622 0.068971999 0.0540250018 0.134197995 0.0685219988 0.0571720004 0.125148997 0.068971999 0.0540250018 0.134197995 0.067148 0.047770001 0.130622 0.0671809986 0.0271140002 0.111658998 0.098402001 0.0176669993 0.104280002 0.0949359983 0.0247070007 0.102096997 0.0671809986 0.0271140002 0.111658998 0.0671010017 0.0243410002 0.114983998 0.0983610004 0.0151180001 0.107499003 0.0668670014 0.0226150006 0.125492007 0.066866003 0.0245430004 0.130974993 0.0887190029 0.0179869998 0.134492993 0.0915300027 0.014579 0.125674993 0.0950689986 0.0141909998 0.115636997 0.0669030026 0.0225690007 0.119506001 0.0671010017 0.0243410002 0.114983998 0.0669030026 0.0225690007 0.119506001 0.0950689986 0.0141909998 0.115636997 0.0672260001 0.0489800014 0.119383 0.0692820027 0.0573620014 0.112163 0.0685219988 0.0571720004 0.125148997 0.0692820027 0.0573620014 0.112163 0.0672260001 0.0489800014 0.119383 0.0671389997 0.0476129986 0.114955999 -0.047460001 0.0384499989 0.191295996 -0.0387680009 0.0501030013 0.186906993 -0.0571479984 0.0508969985 0.172236994 0.100284003 0.0153729999 0.100588001 0.098402001 0.0176669993 0.104280002 0.0983610004 0.0151180001 0.107499003 0.0949359983 0.0247070007 0.102096997 0.098402001 0.0176669993 0.104280002 0.100284003 0.0153729999 0.100588001 -0.047460001 0.0384499989 0.191295996 -0.0380700007 0.0344009995 0.198332995 -0.0358499996 0.0390870012 0.196701005 -0.0373519994 0.0300520007 0.200452 -0.0517890006 0.0274899993 0.194144994 -0.0328360014 0.0271419995 0.203894004 -0.0387680009 0.0501030013 0.186906993 -0.047460001 0.0384499989 0.191295996 -0.0358499996 0.0390870012 0.196701005 -0.0614209995 0.0628710017 0.147164002 -0.0589930005 0.0644119978 0.145765007 -0.0653819963 0.0621929988 0.134509996 -0.0702069998 0.0584929995 0.123923004 -0.0750230029 0.0538179986 0.124996997 -0.0707900003 0.0569709986 0.138242006 -0.081772998 0.0383309983 0.144869998 -0.0768940002 0.0388580002 0.157288 -0.0708300024 0.0511920005 0.153117999 -0.0708300024 0.0511920005 0.153117999 -0.0648299977 0.0592899993 0.149335995 -0.0707900003 0.0569709986 0.138242006 -0.0459330007 0.0762429982 0.138528004 -0.0529120006 0.0735879987 0.123565003 -0.0653819963 0.0621929988 0.134509996 0.0159329996 0.027609 0.207931995 -0.00190399995 0.0278050005 0.209175006 -0.00157299999 0.0138140004 0.212797001 0.0312200002 0.0276570003 0.204009995 0.0159329996 0.027609 0.207931995 0.0172499996 0.0139610004 0.211126 -0.00157299999 0.0138140004 0.212797001 -0.00190399995 0.0278050005 0.209175006 -0.0208250005 0.0274810009 0.207383007 -0.0221129991 0.0136430003 0.210555002 -0.0208250005 0.0274810009 0.207383007 -0.0328360014 0.0271419995 0.203894004 -0.0533530004 -8.19999987e-05 0.197389007 -0.036208 -8.19999987e-05 0.206520006 -0.0357449986 0.0137139997 0.206288993 -0.0855299979 -8.19999987e-05 0.163451001 -0.069467999 -8.19999987e-05 0.183697999 -0.0701199993 0.0139859999 0.183264002 -0.069467999 -8.19999987e-05 0.183697999 -0.0533530004 -8.19999987e-05 0.197389007 -0.0534290001 0.013878 0.197054997 -0.0821409971 0.0267249998 0.161017999 -0.0870900005 0.026757 0.148397997 -0.090406999 0.0133330002 0.150608003 -0.0894870013 0.025618 0.129492 -0.089083001 0.0243689995 0.116034999 -0.0923720002 0.0121259997 0.117190003 -0.0923720002 0.0121259997 0.117190003 -0.089083001 0.0243689995 0.116034999 -0.087173 0.0217799991 0.102306001 -0.0905190036 0.0108019998 0.103201002 -0.087173 0.0217799991 0.102306001 -0.0826990008 0.0182259995 0.0861819983 -0.0870900005 0.026757 0.148397997 -0.0894870013 0.025618 0.129492 -0.0929170027 0.0128060002 0.130798995 -0.0814549997 -8.19999987e-05 0.0777060017 -0.0858459994 -8.19999987e-05 0.086920999 -0.0851999968 0.00903400034 0.0865529999 -0.0807259977 0.01174 0.0782210007 -0.0851999968 0.00903400034 0.0865529999 -0.0826990008 0.0182259995 0.0861819983 -0.0435290001 0.0756589994 0.0932480022 -0.0389610007 0.0790629983 0.095002003 -0.0415470004 0.0742990002 0.0926119983 -0.0350430012 0.0737460032 0.0839570016 -0.0415470004 0.0742990002 0.0926119983 -0.0389610007 0.0790629983 0.095002003 -0.0521310009 0.0523880012 0.0731969997 -0.0632190034 0.0377090015 0.0693840012 -0.0630699992 0.0479639992 0.0814960003 -0.04366 0.0796459988 0.104833998 -0.0474420004 0.0764039978 0.103070997 -0.0503639989 0.0752179995 0.109808996 -0.0660940036 0.0544640012 0.0979209989 -0.0685020015 0.0518169999 0.0973709971 -0.068705 0.0564039983 0.111312002 -0.0613140017 0.0649190024 0.115944996 -0.0673030019 0.059905 0.123334996 -0.0529120006 0.0735879987 0.123565003 -0.0503639989 0.0752179995 0.109808996 -0.0553090014 0.0709820017 0.113415003 -0.0540650003 0.0722369999 0.118492 -0.0611819997 0.0641639978 0.107518002 -0.0647080019 0.0600799993 0.109461002 -0.0613140017 0.0649190024 0.115944996 -0.0389610007 0.0790629983 0.095002003 -0.0435290001 0.0756589994 0.0932480022 -0.0474420004 0.0764039978 0.103070997 -0.0630699992 0.0479639992 0.0814960003 -0.0653140023 0.0447090007 0.0801519975 -0.0685020015 0.0518169999 0.0973709971 0.0469500013 0.0238150004 0.198066995 0.0312200002 0.0276570003 0.204009995 0.0318539999 0.0140199997 0.207525 0.0398540013 0.0467379987 0.188315004 0.0343969986 0.0393140018 0.196756005 0.0458059981 0.0342149995 0.194056004 0.067791 0.0353339985 0.172092006 0.0675799996 0.0279799998 0.178037003 0.0723609999 0.0280760005 0.170956999 0.0312200002 0.0276570003 0.204009995 0.0469500013 0.0238150004 0.198066995 0.0350780003 0.0302310009 0.201481 -0.0768940002 0.0388580002 0.157288 -0.0821409971 0.0267249998 0.161017999 -0.0682739988 0.0278130006 0.180157006 -0.0517890006 0.0274899993 0.194144994 -0.047460001 0.0384499989 0.191295996 -0.0636000037 0.0405719988 0.176659003 -0.081772998 0.0383309983 0.144869998 -0.0764560029 0.0499049984 0.141341999 -0.0800099969 0.0463769995 0.126212001 -0.089083001 0.0243689995 0.116034999 -0.0894870013 0.025618 0.129492 -0.0847479999 0.0359969996 0.127851993 -0.0849429965 0.0334380008 0.114683002 -0.0808020011 0.0425070003 0.113330998 -0.0801320001 0.0381489992 0.100547001 -0.0836519971 0.029964 0.101426996 -0.0801320001 0.0381489992 0.100547001 -0.0770360008 0.0316010006 0.0842740014 -0.0870900005 0.026757 0.148397997 -0.0821409971 0.0267249998 0.161017999 -0.0768940002 0.0388580002 0.157288 -0.0387680009 0.0501030013 0.186906993 -0.0204060003 0.0503950007 0.193293005 -0.0217610002 0.0621609986 0.180002004 -0.079667002 0.0217879992 0.0810490027 -0.0752160028 0.0253500007 0.0759150013 -0.0748319998 0.0144469999 0.0698890015 -0.0798669979 0.0249140002 0.0852280036 -0.079667002 0.0217879992 0.0810490027 -0.0826990008 0.0182259995 0.0861819983 0.0945010036 0.0121360002 0.0673580021 0.0961199999 0.00609599985 0.0671700016 0.0936010033 0.00609599985 0.0671700016 0.0938680023 0.0129039995 0.0667250007 0.0945010036 0.0121360002 0.0673580021 0.0918119997 0.0121360002 0.0673580021 0.093487002 0.0127440002 0.065591 0.0938680023 0.0129039995 0.0667250007 0.0911789984 0.0128140002 0.0667250007 0.091196999 -8.19999987e-05 0.0612410009 0.0937089995 -8.19999987e-05 0.0612410009 0.0934699997 0.00474599982 0.0617539994 0.0935660005 0.00924200006 0.0632359982 0.093487002 0.0127440002 0.065591 0.090797998 0.0124639999 0.065591 0.0912050009 0.00474599982 0.0617539994 0.0934699997 0.00474599982 0.0617539994 0.0935660005 0.00924200006 0.0632359982 -0.0648299977 0.0592899993 0.149335995 -0.0708300024 0.0511920005 0.153117999 -0.0571479984 0.0508969985 0.172236994 -0.0614209995 0.0628710017 0.147164002 -0.0648299977 0.0592899993 0.149335995 -0.0473189987 0.0620569997 0.166514993 -0.00149000005 0.0899079964 0.140389994 -0.00147500006 0.092325002 0.141570002 0.00976200029 0.0921270028 0.139593005 0.00932800025 0.0897179991 0.138486996 0.00976200029 0.0921270028 0.139593005 0.0175119992 0.0916960016 0.134866998 0.0167900007 0.0893030018 0.133937001 0.0175119992 0.0916960016 0.134866998 0.0233999994 0.0910919979 0.128635004 0.0224590003 0.0887209997 0.127937004 0.0233999994 0.0910919979 0.128635004 0.0277939998 0.0902580023 0.118368 0.0266890004 0.0879179984 0.118052997 0.0277939998 0.0902580023 0.118368 0.028198 0.0893220007 0.108351 0.0270780008 0.0870169997 0.108409002 0.028198 0.0893220007 0.108351 0.0254580006 0.088192001 0.0978529975 0.0244399998 0.0859289989 0.0983019993 0.0254580006 0.088192001 0.0978529975 0.0203859992 0.087511003 0.0908759981 -0.0111499997 0.0921540037 0.140432 -0.00147500006 0.092325002 0.141570002 -0.00149000005 0.0899079964 0.140389994 -0.0213510003 0.0916080028 0.134956002 -0.0111499997 0.0921540037 0.140432 -0.0108040003 0.0897430032 0.139294997 -0.0280680005 0.090888001 0.127470002 -0.0213510003 0.0916080028 0.134956002 -0.0206259992 0.0892179981 0.134021997 -0.0318190008 0.089749001 0.116590001 -0.0280680005 0.090888001 0.127470002 -0.0270920005 0.0885249972 0.126815006 -0.0321299993 0.0890669972 0.108382002 -0.0318190008 0.089749001 0.116590001 -0.0307030007 0.0874280035 0.116341002 -0.0295819994 0.0881749988 0.0993430018 -0.0321299993 0.0890669972 0.108382002 -0.0310030002 0.0867709965 0.108438 -0.0242330004 0.0873230025 0.091163002 -0.0295819994 0.0881749988 0.0993430018 -0.0285490006 0.0859130025 0.0997359976 -0.0186730009 0.0869259983 0.0867860019 -0.0242330004 0.0873230025 0.091163002 -0.0233999994 0.085092999 0.0918620005 -0.0107519999 0.0865459964 0.0829980001 -0.0186730009 0.0869259983 0.0867860019 -0.0180469994 0.0847110003 0.0876469985 -0.00173000002 0.0864040032 0.0814779997 -0.0107519999 0.0865459964 0.0829980001 -0.0104210004 0.084344998 0.0839999989 0.00581800006 0.0843430012 0.0834219977 0.006116 0.0865439996 0.082396999 -0.00173000002 0.0864040032 0.0814779997 0.0143510001 0.0847340003 0.0868949965 0.0149790002 0.0869499967 0.0860050023 0.006116 0.0865439996 0.082396999 0.0195569992 0.0852740034 0.0915850028 0.0203859992 0.087511003 0.0908759981 0.0149790002 0.0869499967 0.0860050023 0.0737949982 0.00327700004 0.174355 0.0762220025 0.00334700011 0.174454004 0.0746840015 0.00229700003 0.176774994 0.0751120001 0.0021879999 0.171696007 0.0779749975 0.00223400001 0.171627998 0.0762220025 0.00334700011 0.174454004 0.0756480023 -8.19999987e-05 0.170866996 0.0786110014 -8.19999987e-05 0.170790002 0.0779749975 0.00223400001 0.171627998 0.0735569969 -8.19999987e-05 0.174261004 0.0756480023 -8.19999987e-05 0.170866996 0.0751120001 0.0021879999 0.171696007 0.027617 0.00848199986 0.0207620002 -0.00327700004 0.0181740001 0.0265699998 0.0250339992 0.0214430001 0.0240059998 0.0928689986 -8.19999987e-05 0.125168994 0.0927959979 0.00702100014 0.125110999 0.0885910019 0.00725500006 0.142107993 0.0845659971 0.00837699976 0.154532 0.0816859975 0.00835200027 0.161794007 0.0819189996 -8.19999987e-05 0.161622003 0.103427 -8.19999987e-05 0.101801999 0.102821 0.00714599993 0.101845004 0.0965420008 0.00713399984 0.115534 0.102187999 0.00564200012 0.0854170024 0.103643 0.00614400022 0.0938789994 0.104106002 -8.19999987e-05 0.0938529968 0.0987079963 -8.19999987e-05 0.0725400001 0.0982320011 0.00597799988 0.0723669976 0.102187999 0.00564200012 0.0854170024 0.103643 0.00614400022 0.0938789994 0.102821 0.00714599993 0.101845004 0.103427 -8.19999987e-05 0.101801999 0.0809060037 -8.19999987e-05 0.0419880003 0.0799430013 0.010791 0.0429009981 0.091054 0.00646599988 0.0571330003 0.078629002 -8.19999987e-05 0.170759007 0.0787269995 0.00780100003 0.169722006 0.0779749975 0.00223400001 0.171627998 0.0172499996 0.0139610004 0.211126 -0.00157299999 0.0138140004 0.212797001 -0.00121899997 -8.19999987e-05 0.213339999 0.0318539999 0.0140199997 0.207525 0.0172499996 0.0139610004 0.211126 0.0181079991 -8.19999987e-05 0.211583003 0.0473800004 0.013142 0.200885996 0.0318539999 0.0140199997 0.207525 0.0316249989 -8.19999987e-05 0.208297998 0.0574040003 0.0114190001 0.194277003 0.0473800004 0.013142 0.200885996 0.0478500016 -8.19999987e-05 0.201550007 -0.0294400007 0.0182859991 0.0354960002 -0.00327700004 0.0181740001 0.0265699998 -0.00351199997 -8.19999987e-05 0.0251470003 -0.0647540018 -8.19999987e-05 0.0562480018 -0.0642879978 0.0175359994 0.0582050011 -0.0614349991 0.0175059997 0.0567829981 -0.0683410019 0.0164260007 0.0624510013 -0.0642879978 0.0175359994 0.0582050011 -0.0647540018 -8.19999987e-05 0.0562480018 -0.00121899997 -8.19999987e-05 0.213339999 -0.00157299999 0.0138140004 0.212797001 -0.0221129991 0.0136430003 0.210555002 -0.0227249991 -8.19999987e-05 0.210622996 -0.0221129991 0.0136430003 0.210555002 -0.0357449986 0.0137139997 0.206288993 -0.0851219967 0.0132940002 0.162959993 -0.090406999 0.0133330002 0.150608003 -0.091587998 -8.19999987e-05 0.151419997 -0.0748319998 0.0144469999 0.0698890015 -0.0683410019 0.0164260007 0.0624510013 -0.0690060034 -8.19999987e-05 0.0607840009 -0.0929170027 0.0128060002 0.130798995 -0.0923720002 0.0121259997 0.117190003 -0.0934650004 -8.19999987e-05 0.117693 -0.0923720002 0.0121259997 0.117190003 -0.0905190036 0.0108019998 0.103201002 -0.0913819969 -8.19999987e-05 0.104089998 -0.0905190036 0.0108019998 0.103201002 -0.0851999968 0.00903400034 0.0865529999 -0.0858459994 -8.19999987e-05 0.086920999 -0.090406999 0.0133330002 0.150608003 -0.0929170027 0.0128060002 0.130798995 -0.0939939991 -8.19999987e-05 0.131468996 -0.0807259977 0.01174 0.0782210007 -0.0748319998 0.0144469999 0.0698890015 -0.0756440014 -8.19999987e-05 0.0684880018 0.0941160023 -8.19999987e-05 0.0671259984 0.0936010033 0.00609599985 0.0671700016 0.0961199999 0.00609599985 0.0671700016 0.0721419975 0.00223800004 0.176661998 0.0746840015 0.00229700003 0.176774994 0.0739839971 -8.19999987e-05 0.177704006 0.0735569969 -8.19999987e-05 0.174261004 0.0737949982 0.00327700004 0.174355 0.0721419975 0.00223800004 0.176661998 -0.033197999 0 0.0377269983 -0.0324440002 -0.00752400002 0.037597999 -0.0178059991 0 0.0350989997 -0.0225620009 -0.0238959994 0.0359110013 -0.0178059991 -0.0258889999 0.0350989997 -0.0178059991 0 0.0350989997 -0.0268530007 -0.0196979996 0.0366440006 -0.0225620009 -0.0238959994 0.0359110013 -0.0178059991 0 0.0350989997 -0.0302579999 -0.0143109998 0.0372250006 -0.0268530007 -0.0196979996 0.0366440006 -0.0178059991 0 0.0350989997 -0.0324440002 -0.00752400002 0.037597999 -0.0302579999 -0.0143109998 0.0372250006 -0.0178059991 0 0.0350989997 0.0316240005 0 0.0320609994 0.0160099994 0 0.0320609994 0.0308599994 -0.00752400002 0.0320609994 0.0208349992 -0.0238959994 0.0320609994 0.0160099994 0 0.0320609994 0.0160099994 -0.0258889999 0.0320609994 0.0251870006 -0.0196979996 0.0320609994 0.0160099994 0 0.0320609994 0.0208349992 -0.0238959994 0.0320609994 0.0286420006 -0.0143109998 0.0320609994 0.0160099994 0 0.0320609994 0.0251870006 -0.0196979996 0.0320609994 0.0308599994 -0.00752400002 0.0320609994 0.0160099994 0 0.0320609994 0.0286420006 -0.0143109998 0.0320609994 -0.000843000016 0 0.0320609994 -0.0178059991 0 0.0350989997 -0.0178059991 -0.0258889999 0.0350989997 0.0160099994 0 0.0320609994 -0.000843000016 0 0.0320609994 -0.000843000016 -0.0258889999 0.0320609994 -0.033197999 0 0.0377269983 -0.0178059991 0 0.0350989997 -0.0324440002 0.00752499979 0.037597999 -0.0225620009 0.0238969997 0.0359110013 -0.0178059991 0 0.0350989997 -0.0178059991 0.0258900002 0.0350989997 -0.0268530007 0.0196989998 0.0366440006 -0.0178059991 0 0.0350989997 -0.0225620009 0.0238969997 0.0359110013 -0.0302579999 0.014312 0.0372250006 -0.0178059991 0 0.0350989997 -0.0268530007 0.0196989998 0.0366440006 -0.0324440002 0.00752499979 0.037597999 -0.0178059991 0 0.0350989997 -0.0302579999 0.014312 0.0372250006 0.0316240005 0 0.0320609994 0.0308599994 0.00752499979 0.0320609994 0.0160099994 0 0.0320609994 0.0208349992 0.0238969997 0.0320609994 0.0160099994 0.0258900002 0.0320609994 0.0160099994 0 0.0320609994 0.0251870006 0.0196989998 0.0320609994 0.0208349992 0.0238969997 0.0320609994 0.0160099994 0 0.0320609994 0.0286420006 0.014312 0.0320609994 0.0251870006 0.0196989998 0.0320609994 0.0160099994 0 0.0320609994 0.0308599994 0.00752499979 0.0320609994 0.0286420006 0.014312 0.0320609994 0.0160099994 0 0.0320609994 -0.000843000016 0 0.0320609994 -0.000843000016 0.0258900002 0.0320609994 -0.0178059991 0.0258900002 0.0350989997 0.0160099994 0 0.0320609994 0.0160099994 0.0258900002 0.0320609994 -0.000843000016 0.0258900002 0.0320609994 0.0950689986 -0.0143550001 0.115636997 0.0983610004 -0.0152820004 0.107499003 0.0965420008 -0.00729800016 0.115534 0.103643 -0.00630800007 0.0938789994 0.102821 -0.00730999978 0.101845004 0.101839997 -0.0123129999 0.0939989984 0.0915300027 -0.0147430003 0.125674993 0.0950689986 -0.0143550001 0.115636997 0.0927959979 -0.00718499999 0.125110999 0.0915300027 -0.0147430003 0.125674993 0.0927959979 -0.00718499999 0.125110999 0.0887190029 -0.0181510001 0.134492993 0.0887190029 -0.0181510001 0.134492993 0.0885910019 -0.00741899991 0.142107993 0.084792003 -0.0255490001 0.141840994 0.0829040036 -0.0193460006 0.153491005 0.0770710036 -0.0331959985 0.154813007 0.084792003 -0.0255490001 0.141840994 0.0702179968 -0.0448930003 0.153369993 0.0752220005 -0.0427929983 0.144123003 0.0770710036 -0.0331959985 0.154813007 0.0598010011 -0.0630640015 0.138643995 0.0607360005 -0.0657769963 0.124861002 0.068971999 -0.0541890003 0.134197995 0.0685219988 -0.0573359989 0.125148997 0.0607360005 -0.0657769963 0.124861002 0.0692820027 -0.0575259998 0.112163 0.0702890009 -0.0562959984 0.106351003 0.0692820027 -0.0575259998 0.112163 0.0643140003 -0.0619970001 0.101622999 0.0799010023 -0.0450600013 0.0964210033 0.0789910033 -0.0453720018 0.0900890008 0.0873809978 -0.0357449986 0.0951500013 0.0954039991 -0.0244050007 0.0944290012 0.0949359983 -0.0248709992 0.102096997 0.0873809978 -0.0357449986 0.0951500013 0.0704979971 -0.0549260005 0.0929170027 0.0727329999 -0.0535509996 0.103486001 0.0643140003 -0.0619970001 0.101622999 0.068971999 -0.0541890003 0.134197995 0.0720459968 -0.048556 0.140994996 0.0598010011 -0.0630640015 0.138643995 0.0928689986 -8.19999987e-05 0.125168994 0.0927959979 -0.00718499999 0.125110999 0.096559003 -8.19999987e-05 0.115906 0.0945010036 -0.0122999996 0.0673580021 0.0961199999 -0.00626000017 0.0671700016 0.0965770036 -0.0122239999 0.0724899992 0.090820998 -0.0242299996 0.0731590018 0.0944859982 -0.0241919998 0.0866699964 0.0839949995 -0.0349380001 0.0751679987 0.0789910033 -0.0453720018 0.0900890008 0.0765450001 -0.0447669998 0.0780479982 0.0864719972 -0.0359449983 0.0880940035 0.0494240001 -0.0762929991 0.108364999 0.0617219992 -0.0653600022 0.110200003 0.0486579984 -0.0768690035 0.123487003 0.0494240001 -0.0762929991 0.108364999 0.0569479987 -0.0677540004 0.0938329995 0.0617219992 -0.0653600022 0.110200003 -0.00162800006 -0.0877280012 0.150698006 -0.00154299999 -0.0910549983 0.146620005 0.0129850004 -0.0878880024 0.147808 0.0226949994 -0.0874710009 0.142741993 0.0129850004 -0.0878880024 0.147808 0.0203949995 -0.0905760005 0.139116004 0.0233999994 -0.0912560001 0.128635004 0.0273540001 -0.0900470018 0.131850004 0.0175119992 -0.0918599963 0.134866998 0.0326149985 -0.0892309994 0.119984999 0.0367829986 -0.0865140036 0.121549003 0.0273540001 -0.0900470018 0.131850004 0.0332069993 -0.088177003 0.108167998 0.0376939997 -0.0855949968 0.108144 0.0326149985 -0.0892309994 0.119984999 0.0301469993 -0.0870129988 0.095702 0.0332069993 -0.088177003 0.108167998 0.0254580006 -0.0883560032 0.0978529975 0.0203859992 -0.0876749977 0.0908759981 0.0242110007 -0.086078003 0.0875210017 0.0254580006 -0.0883560032 0.0978529975 -0.012871 -0.090892002 0.144916996 -0.0111499997 -0.0923179984 0.140432 -0.00154299999 -0.0910549983 0.146620005 -0.012871 -0.090892002 0.144916996 -0.0142879998 -0.0877460018 0.148585007 -0.0242030006 -0.0904370025 0.138821006 -0.0213510003 -0.0917719975 0.134956002 -0.0242030006 -0.0904370025 0.138821006 -0.0280680005 -0.0910520032 0.127470002 -0.0323330015 -0.0896029994 0.129779994 -0.0358650014 -0.0865779966 0.131799996 -0.0367540009 -0.0884580016 0.117559001 -0.0318190008 -0.0899130031 0.116590001 -0.0367540009 -0.0884580016 0.117559001 -0.0321299993 -0.0892309994 0.108382002 -0.0321299993 -0.0892309994 0.108382002 -0.0368280001 -0.0873489976 0.107208997 -0.0295819994 -0.0883390009 0.0993430018 -0.0275609996 -0.0852369964 0.0882589966 -0.0339559987 -0.0862509981 0.0974949971 -0.0300389994 -0.0813829973 0.0863239989 -0.0213450007 -0.0846799985 0.0831139982 -0.0275609996 -0.0852369964 0.0882589966 -0.0233280007 -0.0805760026 0.08072 -0.0120989997 -0.0841969997 0.0788260028 -0.0213450007 -0.0846799985 0.0831139982 -0.0130799999 -0.0801760033 0.0759020001 -0.00208500004 -0.0841310024 0.0771450028 -0.0120989997 -0.0841969997 0.0788260028 -0.00236400007 -0.0802839994 0.0739639997 -0.00208500004 -0.0841310024 0.0771450028 0.00649699988 -0.0844239965 0.0779189989 -0.00173000002 -0.0865679979 0.0814779997 0.0166720003 -0.0850559995 0.0815720037 0.00649699988 -0.0844239965 0.0779189989 0.0180750005 -0.0816780031 0.0779080018 0.0166720003 -0.0850559995 0.0815720037 0.0242110007 -0.086078003 0.0875210017 0.0149790002 -0.0871139988 0.0860050023 0.0367829986 -0.0865140036 0.121549003 0.0376939997 -0.0855949968 0.108144 0.0486579984 -0.0768690035 0.123487003 0.100717999 -0.0118129998 0.0856840014 0.101839997 -0.0123129999 0.0939989984 0.0944859982 -0.0241919998 0.0866699964 0.100717999 -0.0118129998 0.0856840014 0.0944859982 -0.0241919998 0.0866699964 0.0965770036 -0.0122239999 0.0724899992 0.0704979971 -0.0549260005 0.0929170027 0.0666130036 -0.0555660017 0.0809020028 0.0789910033 -0.0453720018 0.0900890008 0.0666130036 -0.0555660017 0.0809020028 0.0704979971 -0.0549260005 0.0929170027 0.0569479987 -0.0677540004 0.0938329995 0.0770710036 -0.0331959985 0.154813007 0.0829040036 -0.0193460006 0.153491005 0.0749410018 -0.0300760008 0.162640005 0.0749410018 -0.0300760008 0.162640005 0.0682940036 -0.0396829993 0.164735004 0.0770710036 -0.0331959985 0.154813007 0.0607730001 -0.0563400015 0.152022004 0.0598770007 -0.0472670011 0.168045998 0.0506200008 -0.0624389984 0.156376004 0.0417729989 -0.0570200011 0.174094006 0.0300040003 -0.0607549995 0.176257998 0.0394780003 -0.0667800009 0.161593005 -0.00210799999 -0.0726070032 0.167711005 0.0134690003 -0.0704630017 0.169190004 -0.00154700002 -0.066133 0.176774994 0.0300040003 -0.0607549995 0.176257998 0.0137019996 -0.0640930012 0.177605003 0.0282729995 -0.0683979988 0.166699007 0.0506200008 -0.0624389984 0.156376004 0.0495180003 -0.0534080006 0.171623006 0.0394780003 -0.0667800009 0.161593005 0.0607730001 -0.0563400015 0.152022004 0.0720459968 -0.048556 0.140994996 0.0702179968 -0.0448930003 0.153369993 0.0607730001 -0.0563400015 0.152022004 0.0702179968 -0.0448930003 0.153369993 0.0598770007 -0.0472670011 0.168045998 0.0804179981 -0.0448019989 0.101476997 0.0799010023 -0.0450600013 0.0964210033 0.0875699967 -0.0358209983 0.101058997 0.0944859982 -0.0241919998 0.0866699964 0.0954039991 -0.0244050007 0.0944290012 0.0864719972 -0.0359449983 0.0880940035 0.0727329999 -0.0535509996 0.103486001 0.0704979971 -0.0549260005 0.0929170027 0.0799010023 -0.0450600013 0.0964210033 0.0494240001 -0.0762929991 0.108364999 0.0376939997 -0.0855949968 0.108144 0.0441219993 -0.0767839998 0.090764001 0.0607360005 -0.0657769963 0.124861002 0.0598010011 -0.0630640015 0.138643995 0.0486579984 -0.0768690035 0.123487003 0.0486579984 -0.0768690035 0.123487003 0.0438399985 -0.0763920024 0.138076007 0.0367829986 -0.0865140036 0.121549003 0.0438399985 -0.0763920024 0.138076007 0.0598010011 -0.0630640015 0.138643995 0.0506200008 -0.0624389984 0.156376004 0.0134690003 -0.0704630017 0.169190004 -0.00210799999 -0.0726070032 0.167711005 0.0129399998 -0.0774509981 0.160236001 0.0129850004 -0.0878880024 0.147808 0.0129399998 -0.0774509981 0.160236001 -0.00162800006 -0.0877280012 0.150698006 0.0134690003 -0.0704630017 0.169190004 0.0129399998 -0.0774509981 0.160236001 0.0282729995 -0.0683979988 0.166699007 0.0226949994 -0.0874710009 0.142741993 0.0255469996 -0.0776150003 0.154855996 0.0129850004 -0.0878880024 0.147808 0.0282729995 -0.0683979988 0.166699007 0.0255469996 -0.0776150003 0.154855996 0.0394780003 -0.0667800009 0.161593005 0.0306299999 -0.0871070027 0.134718001 0.0366079994 -0.0764380023 0.147925004 0.0226949994 -0.0874710009 0.142741993 0.0394780003 -0.0667800009 0.161593005 0.0366079994 -0.0764380023 0.147925004 0.0506200008 -0.0624389984 0.156376004 0.0829040036 -0.0193460006 0.153491005 0.0845659971 -0.00854100008 0.154532 0.080178 -0.0172819998 0.161657006 0.0886429995 -8.19999987e-05 0.142362997 0.0849699974 -8.19999987e-05 0.154043004 0.0885910019 -0.00741899991 0.142107993 -0.0233280007 -0.0805760026 0.08072 -0.0300389994 -0.0813829973 0.0863239989 -0.0261359997 -0.072811 0.076586999 -0.0130799999 -0.0801760033 0.0759020001 -0.0233280007 -0.0805760026 0.08072 -0.0148870004 -0.0732700005 0.0718460009 -0.0031320001 -0.0737340003 0.0693619996 0.00766499992 -0.0743129998 0.0693939999 -0.00236400007 -0.0802839994 0.0739639997 -0.0148870004 -0.0732700005 0.0718460009 -0.0031320001 -0.0737340003 0.0693619996 -0.0130799999 -0.0801760033 0.0759020001 0.00673200004 -0.0807449967 0.0744550005 0.00766499992 -0.0743129998 0.0693939999 0.0180750005 -0.0816780031 0.0779080018 0.0180750005 -0.0816780031 0.0779080018 0.0229129996 -0.0746439993 0.0720949993 0.0276459996 -0.0831469968 0.0847269967 0.0276459996 -0.0831469968 0.0847269967 0.0351670012 -0.0756070018 0.0786919966 0.0343430005 -0.0842619985 0.0939240009 -0.00162800006 -0.0877280012 0.150698006 -0.00167100003 -0.0778739974 0.16133 -0.0142879998 -0.0877460018 0.148585007 -0.017221 -0.0773499981 0.159437001 -0.0328989998 -0.0777330026 0.151166007 -0.0142879998 -0.0877460018 0.148585007 -0.0459330007 -0.0764070004 0.138528004 -0.0358650014 -0.0865779966 0.131799996 -0.0328989998 -0.0777330026 0.151166007 -0.0529120006 -0.0737520009 0.123565003 -0.0407110006 -0.0852269977 0.118539996 -0.0459330007 -0.0764070004 0.138528004 -0.0328989998 -0.0777330026 0.151166007 -0.0420380011 -0.0666840002 0.162024006 -0.0459330007 -0.0764070004 0.138528004 -0.017221 -0.0773499981 0.159437001 -0.0210900009 -0.0671639964 0.172245994 -0.0328989998 -0.0777330026 0.151166007 -0.04366 -0.079810001 0.104833998 -0.0405189991 -0.0837870017 0.106366999 -0.0473069996 -0.0782800019 0.113347001 -0.063233003 -0.0592550002 0.0984750018 -0.0660940036 -0.0546279997 0.0979209989 -0.0618290007 -0.0537759997 0.0836419985 -0.0660940036 -0.0546279997 0.0979209989 -0.063233003 -0.0592550002 0.0984750018 -0.0647080019 -0.0602440014 0.109461002 -0.0591540001 -0.0670609996 0.111414 -0.0553090014 -0.0711459965 0.113415003 -0.0613140017 -0.0650829971 0.115944996 -0.0474420004 -0.076568 0.103070997 -0.0566640012 -0.0695179999 0.100083999 -0.0435290001 -0.0758230016 0.0932480022 -0.0618290007 -0.0537759997 0.0836419985 -0.0550579987 -0.0676050037 0.0889170021 -0.063233003 -0.0592550002 0.0984750018 -0.0540650003 -0.072401002 0.118492 -0.0473069996 -0.0782800019 0.113347001 -0.0529120006 -0.0737520009 0.123565003 -0.0647080019 -0.0602440014 0.109461002 -0.0613140017 -0.0650829971 0.115944996 -0.068705 -0.0565680005 0.111312002 -0.063233003 -0.0592550002 0.0984750018 -0.0566640012 -0.0695179999 0.100083999 -0.0611819997 -0.0643279999 0.107518002 -0.0566640012 -0.0695179999 0.100083999 -0.0474420004 -0.076568 0.103070997 -0.0565380007 -0.0704410002 0.108356997 -0.0553090014 -0.0711459965 0.113415003 -0.0591540001 -0.0670609996 0.111414 -0.0565380007 -0.0704410002 0.108356997 -0.0389610007 -0.0792270005 0.095002003 -0.0373760015 -0.0819749981 0.0958160013 -0.04366 -0.079810001 0.104833998 -0.0499150008 -0.0649539977 0.0881170034 -0.0550579987 -0.0676050037 0.0889170021 -0.0592710003 -0.0531670004 0.0834089965 -0.0550579987 -0.0676050037 0.0889170021 -0.0499150008 -0.0649539977 0.0881170034 -0.0435290001 -0.0758230016 0.0932480022 0.00976200029 -0.0922909975 0.139593005 0.0115339998 -0.090940997 0.144088 -0.00147500006 -0.0924889967 0.141570002 0.0175119992 -0.0918599963 0.134866998 0.0203949995 -0.0905760005 0.139116004 0.00976200029 -0.0922909975 0.139593005 0.0226949994 -0.0874710009 0.142741993 0.0203949995 -0.0905760005 0.139116004 0.0306299999 -0.0871070027 0.134718001 0.0277939998 -0.090421997 0.118368 0.0326149985 -0.0892309994 0.119984999 0.0233999994 -0.0912560001 0.128635004 0.028198 -0.0894860029 0.108351 0.0332069993 -0.088177003 0.108167998 0.0277939998 -0.090421997 0.118368 0.0343430005 -0.0842619985 0.0939240009 0.0376939997 -0.0855949968 0.108144 0.0301469993 -0.0870129988 0.095702 0.0343430005 -0.0842619985 0.0939240009 0.0301469993 -0.0870129988 0.095702 0.0276459996 -0.0831469968 0.0847269967 -0.0142879998 -0.0877460018 0.148585007 -0.012871 -0.090892002 0.144916996 -0.00162800006 -0.0877280012 0.150698006 -0.0111499997 -0.0923179984 0.140432 -0.012871 -0.090892002 0.144916996 -0.0213510003 -0.0917719975 0.134956002 -0.0358650014 -0.0865779966 0.131799996 -0.0323330015 -0.0896029994 0.129779994 -0.0264819991 -0.0874300003 0.142086998 -0.0280680005 -0.0910520032 0.127470002 -0.0323330015 -0.0896029994 0.129779994 -0.0318190008 -0.0899130031 0.116590001 -0.0405189991 -0.0837870017 0.106366999 -0.0368280001 -0.0873489976 0.107208997 -0.0407110006 -0.0852269977 0.118539996 -0.0373760015 -0.0819749981 0.0958160013 -0.0339559987 -0.0862509981 0.0974949971 -0.0405189991 -0.0837870017 0.106366999 -0.0295819994 -0.0883390009 0.0993430018 -0.0339559987 -0.0862509981 0.0974949971 -0.0242330004 -0.0874869972 0.091163002 -0.0186730009 -0.0870900005 0.0867860019 -0.0242330004 -0.0874869972 0.091163002 -0.0213450007 -0.0846799985 0.0831139982 -0.0213450007 -0.0846799985 0.0831139982 -0.0120989997 -0.0841969997 0.0788260028 -0.0186730009 -0.0870900005 0.0867860019 -0.00173000002 -0.0865679979 0.0814779997 -0.0107519999 -0.0867099985 0.0829980001 -0.00208500004 -0.0841310024 0.0771450028 -0.00236400007 -0.0802839994 0.0739639997 0.00673200004 -0.0807449967 0.0744550005 -0.00208500004 -0.0841310024 0.0771450028 0.0149790002 -0.0871139988 0.0860050023 0.006116 -0.0867080018 0.082396999 0.0166720003 -0.0850559995 0.0815720037 0.0180750005 -0.0816780031 0.0779080018 0.0276459996 -0.0831469968 0.0847269967 0.0166720003 -0.0850559995 0.0815720037 0.0945010036 -0.0122999996 0.0673580021 0.0965770036 -0.0122239999 0.0724899992 0.0938680023 -0.0130679999 0.0667250007 0.0676760003 -0.0353039987 0.0493699983 0.0845770016 -0.0227039997 0.057957001 0.0839949995 -0.0349380001 0.0751679987 0.0845770016 -0.0227039997 0.057957001 0.093487002 -0.0129079996 0.065591 0.090820998 -0.0242299996 0.0731590018 0.091054 -0.00663000019 0.0571330003 0.0935660005 -0.00940600038 0.0632359982 0.0892719999 -0.012786 0.0572870001 0.101839997 -0.0123129999 0.0939989984 0.100717999 -0.0118129998 0.0856840014 0.103643 -0.00630800007 0.0938789994 0.0965770036 -0.0122239999 0.0724899992 0.0982320011 -0.0061420002 0.0723669976 0.100717999 -0.0118129998 0.0856840014 0.0987079963 -8.19999987e-05 0.0725400001 0.0982320011 -0.0061420002 0.0723669976 0.096593 -8.19999987e-05 0.0670379996 0.0937089995 -8.19999987e-05 0.0612410009 0.0934699997 -0.00491000013 0.0617539994 0.0914139971 -8.19999987e-05 0.0568609983 0.0892719999 -0.012786 0.0572870001 0.0845770016 -0.0227039997 0.057957001 0.0799430013 -0.0109550003 0.0429009981 0.0609190017 -0.0446409993 0.0538990013 0.0676760003 -0.0353039987 0.0493699983 0.0765450001 -0.0447669998 0.0780479982 0.0765450001 -0.0447669998 0.0780479982 0.0666130036 -0.0555660017 0.0809020028 0.0609190017 -0.0446409993 0.0538990013 0.0420919992 -0.0681250021 0.0723659992 0.0524060018 -0.0694480017 0.0869499967 0.0351670012 -0.0756070018 0.0786919966 0.0666130036 -0.0555660017 0.0809020028 0.0524060018 -0.0694480017 0.0869499967 0.0524020009 -0.055794999 0.0619099997 0.0494240001 -0.0762929991 0.108364999 0.0441219993 -0.0767839998 0.090764001 0.0569479987 -0.0677540004 0.0938329995 0.0134469997 -0.0627050027 0.180761993 -0.00156799995 -0.0648609996 0.179579005 0.0137019996 -0.0640930012 0.177605003 0.0306260008 -0.0593880005 0.179343 0.0134469997 -0.0627050027 0.180761993 0.0300040003 -0.0607549995 0.176257998 0.0300040003 -0.0607549995 0.176257998 0.0417729989 -0.0570200011 0.174094006 0.0306260008 -0.0593880005 0.179343 0.0495180003 -0.0534080006 0.171623006 0.049656 -0.0524410009 0.174842998 0.0417729989 -0.0570200011 0.174094006 0.0598770007 -0.0472670011 0.168045998 0.0598980002 -0.0461449996 0.171453997 0.0495180003 -0.0534080006 0.171623006 0.0682940036 -0.0396829993 0.164735004 0.0682940036 -0.0385279991 0.167933002 0.0598770007 -0.0472670011 0.168045998 0.0682940036 -0.0396829993 0.164735004 0.0749410018 -0.0300760008 0.162640005 0.0682940036 -0.0385279991 0.167933002 0.0797640011 -0.0163679998 0.164978996 0.0748519972 -0.0291249994 0.165739 0.080178 -0.0172819998 0.161657006 0.080178 -0.0172819998 0.161657006 0.0816859975 -0.00851599965 0.161794007 0.0797640011 -0.0163679998 0.164978996 0.0816859975 -0.00851599965 0.161794007 0.0819189996 -8.19999987e-05 0.161622003 0.0811680034 -0.00824800041 0.164860994 0.078629002 -8.19999987e-05 0.170759007 0.0787269995 -0.00796500035 0.169722006 0.0813940018 -8.19999987e-05 0.164917007 0.0684280023 -0.00886700023 0.184488997 0.075620003 -0.00779299997 0.175062001 0.0746840015 -0.00246100011 0.176774994 0.0739839971 -8.19999987e-05 0.177704006 0.0692140013 -8.19999987e-05 0.184143007 0.0746840015 -0.00246100011 0.176774994 0.0787269995 -0.00796500035 0.169722006 0.0779749975 -0.0023980001 0.171627998 0.075620003 -0.00779299997 0.175062001 0.0134939998 -0.0596049987 0.184827998 -0.00163700001 -0.0611210018 0.184444994 0.0134469997 -0.0627050027 0.180761993 0.0134939998 -0.0596049987 0.184827998 0.0134469997 -0.0627050027 0.180761993 0.0301709995 -0.0569269992 0.182779998 0.0417309999 -0.0560079999 0.177226007 0.0414690003 -0.0532880016 0.180681005 0.0306260008 -0.0593880005 0.179343 0.0598980002 -0.0461449996 0.171453997 0.0593869984 -0.0427770019 0.175824001 0.049656 -0.0524410009 0.174842998 0.0414690003 -0.0532880016 0.180681005 0.0417309999 -0.0560079999 0.177226007 0.0488610007 -0.0500589982 0.178672001 0.0598980002 -0.0461449996 0.171453997 0.0682940036 -0.0385279991 0.167933002 0.0593869984 -0.0427770019 0.175824001 0.0723609999 -0.0282400008 0.170956999 0.067791 -0.0354980007 0.172092006 0.0748519972 -0.0291249994 0.165739 0.077477999 -0.0160290003 0.169510007 0.0797640011 -0.0163679998 0.164978996 0.0787269995 -0.00796500035 0.169722006 0.0797640011 -0.0163679998 0.164978996 0.077477999 -0.0160290003 0.169510007 0.0748519972 -0.0291249994 0.165739 0.0692140013 -8.19999987e-05 0.184143007 0.0585540012 -8.19999987e-05 0.194499001 0.0684280023 -0.00886700023 0.184488997 0.0787269995 -0.00796500035 0.169722006 0.075620003 -0.00779299997 0.175062001 0.077477999 -0.0160290003 0.169510007 0.075620003 -0.00779299997 0.175062001 0.0684280023 -0.00886700023 0.184488997 0.0740429983 -0.0157999992 0.175267994 0.0469500013 -0.0239790007 0.198066995 0.0563849993 -0.0211529993 0.192493007 0.0473800004 -0.0133060003 0.200885996 0.0563849993 -0.0211529993 0.192493007 0.0677890033 -0.0163729992 0.183344007 0.0574040003 -0.0115830004 0.194277003 0.0675799996 -0.0281440001 0.178037003 0.0723609999 -0.0282400008 0.170956999 0.0740429983 -0.0157999992 0.175267994 0.0420919992 -0.0681250021 0.0723659992 0.0351670012 -0.0756070018 0.0786919966 0.026424 -0.0665310025 0.063657999 0.0524020009 -0.055794999 0.0619099997 0.0420919992 -0.0681250021 0.0723659992 0.0329070017 -0.0554829985 0.0518239997 0.0329070017 -0.0554829985 0.0518239997 0.0400910005 -0.0436579995 0.0407849997 0.0524020009 -0.055794999 0.0619099997 0.0676760003 -0.0353039987 0.0493699983 0.0609190017 -0.0446409993 0.0538990013 0.0441440009 -0.0352009982 0.0347039998 0.0751570016 -0.022194 0.0449009985 0.0676760003 -0.0353039987 0.0493699983 0.0493439995 -0.0223420002 0.0282279998 0.0493439995 -0.0223420002 0.0282279998 0.0536229983 -0.0110759996 0.0250940006 0.0751570016 -0.022194 0.0449009985 0.0536229983 -0.0110759996 0.0250940006 0.0549230017 -8.19999987e-05 0.0242989995 0.0799430013 -0.0109550003 0.0429009981 -0.0350430012 -0.0739099979 0.0839570016 -0.0415470004 -0.0744630024 0.0926119983 -0.0438150018 -0.0638509989 0.0792030022 -0.0499150008 -0.0649539977 0.0881170034 -0.0592710003 -0.0531670004 0.0834089965 -0.0438150018 -0.0638509989 0.0792030022 0.026424 -0.0665310025 0.063657999 0.0229129996 -0.0746439993 0.0720949993 0.0109799998 -0.064433001 0.0594789982 0.0109799998 -0.064433001 0.0594789982 0.00766499992 -0.0743129998 0.0693939999 -0.00284600002 -0.0634960011 0.0595539995 0.014037 -0.0540589988 0.0474880002 0.0109799998 -0.064433001 0.0594789982 -0.00315800007 -0.0535910018 0.0483199991 0.0109799998 -0.064433001 0.0594789982 0.014037 -0.0540589988 0.0474880002 0.026424 -0.0665310025 0.063657999 0.0400910005 -0.0436579995 0.0407849997 0.0329070017 -0.0554829985 0.0518239997 0.01774 -0.0446910001 0.037808001 -0.00315800007 -0.0535910018 0.0483199991 -0.003363 -0.0440489985 0.0388699993 0.014037 -0.0540589988 0.0474880002 0.0441440009 -0.0352009982 0.0347039998 0.0400910005 -0.0436579995 0.0407849997 0.0209289994 -0.0343950018 0.0300750006 -0.003363 -0.0440489985 0.0388699993 -0.00317799998 -0.0319470018 0.0310960002 0.01774 -0.0446910001 0.037808001 0.0250339992 -0.0216070004 0.0240059998 0.0209289994 -0.0343950018 0.0300750006 -0.00327700004 -0.0183380004 0.0265699998 0.0493439995 -0.0223420002 0.0282279998 0.0441440009 -0.0352009982 0.0347039998 0.0250339992 -0.0216070004 0.0240059998 0.0250339992 -0.0216070004 0.0240059998 0.027617 -0.00864600018 0.0207620002 0.0493439995 -0.0223420002 0.0282279998 0.0549230017 -8.19999987e-05 0.0242989995 0.0536229983 -0.0110759996 0.0250940006 0.0286710002 -8.19999987e-05 0.0203499999 -0.00327700004 -0.0183380004 0.0265699998 -0.00351199997 -8.19999987e-05 0.0251470003 0.027617 -0.00864600018 0.0207620002 -0.0148870004 -0.0732700005 0.0718460009 -0.0179719999 -0.0634950027 0.0635899976 -0.0031320001 -0.0737340003 0.0693619996 -0.0148870004 -0.0732700005 0.0718460009 -0.0261359997 -0.072811 0.076586999 -0.0179719999 -0.0634950027 0.0635899976 -0.0438150018 -0.0638509989 0.0792030022 -0.0320059992 -0.0633039996 0.0703329965 -0.0350430012 -0.0739099979 0.0839570016 -0.0320059992 -0.0633039996 0.0703329965 -0.0438150018 -0.0638509989 0.0792030022 -0.0379879996 -0.0537599996 0.0625860021 -0.0379879996 -0.0537599996 0.0625860021 -0.0226119999 -0.0535130017 0.0539360009 -0.0320059992 -0.0633039996 0.0703329965 -0.00315800007 -0.0535910018 0.0483199991 -0.00284600002 -0.0634960011 0.0595539995 -0.0226119999 -0.0535130017 0.0539360009 -0.0632190034 -0.0378729999 0.0693840012 -0.0442730002 -0.0435779989 0.0562600009 -0.0521310009 -0.0525519997 0.0731969997 -0.0246590003 -0.0431299992 0.0445730016 -0.0226119999 -0.0535130017 0.0539360009 -0.0442730002 -0.0435779989 0.0562600009 -0.0226119999 -0.0535130017 0.0539360009 -0.0246590003 -0.0431299992 0.0445730016 -0.00315800007 -0.0535910018 0.0483199991 -0.0451730005 -0.032345999 0.0490459986 -0.0442730002 -0.0435779989 0.0562600009 -0.0613289997 -0.0286059994 0.0611229986 -0.0269520003 -0.0320729986 0.0386179984 -0.0246590003 -0.0431299992 0.0445730016 -0.0451730005 -0.032345999 0.0490459986 -0.00317799998 -0.0319470018 0.0310960002 -0.003363 -0.0440489985 0.0388699993 -0.0269520003 -0.0320729986 0.0386179984 -0.0269520003 -0.0320729986 0.0386179984 -0.0294400007 -0.0184499994 0.0354960002 -0.00317799998 -0.0319470018 0.0310960002 -0.0269520003 -0.0320729986 0.0386179984 -0.0451730005 -0.032345999 0.0490459986 -0.0294400007 -0.0184499994 0.0354960002 -0.0613289997 -0.0286059994 0.0611229986 -0.0614349991 -0.01767 0.0567829981 -0.0451730005 -0.032345999 0.0490459986 -0.0614349991 -0.01767 0.0567829981 -0.0618739985 -8.19999987e-05 0.0545639992 -0.0473450013 -0.0178539995 0.0454109982 -0.0474120006 -8.19999987e-05 0.0441420004 -0.0304579996 -8.19999987e-05 0.0348439999 -0.0473450013 -0.0178539995 0.0454109982 -0.0210900009 -0.0671639964 0.172245994 -0.00154700002 -0.066133 0.176774994 -0.0217959993 -0.065628998 0.175399005 -0.0614209995 -0.0630349964 0.147164002 -0.0589930005 -0.064576 0.145765007 -0.0433159992 -0.0656690001 0.164379001 -0.0217959993 -0.065628998 0.175399005 -0.0433159992 -0.0656690001 0.164379001 -0.0210900009 -0.0671639964 0.172245994 -0.0433159992 -0.0656690001 0.164379001 -0.0217959993 -0.065628998 0.175399005 -0.0322429985 -0.0622639991 0.175092995 -0.00163700001 -0.0611210018 0.184444994 -0.0217610002 -0.0623250008 0.180002004 -0.00156799995 -0.0648609996 0.179579005 -0.0614349991 -0.01767 0.0567829981 -0.0613289997 -0.0286059994 0.0611229986 -0.0642879978 -0.0176999997 0.0582050011 -0.0655350015 -0.0366920009 0.0699469969 -0.0645240024 -0.0285500009 0.0630469993 -0.0632190034 -0.0378729999 0.0693840012 -0.0678460002 -0.0436000004 0.0803989992 -0.0655350015 -0.0366920009 0.0699469969 -0.0653140023 -0.0448729992 0.0801519975 -0.0709889978 -0.0505179986 0.097616002 -0.0678460002 -0.0436000004 0.0803989992 -0.0685020015 -0.0519809984 0.0973709971 -0.068705 -0.0565680005 0.111312002 -0.0712400004 -0.0551940016 0.111514002 -0.0685020015 -0.0519809984 0.0973709971 -0.0712400004 -0.0551940016 0.111514002 -0.068705 -0.0565680005 0.111312002 -0.0702069998 -0.0586570017 0.123923004 -0.0675500035 -0.0612279996 0.135995001 -0.0702069998 -0.0586570017 0.123923004 -0.0653819963 -0.062357001 0.134509996 -0.0642879978 -0.0176999997 0.0582050011 -0.0645240024 -0.0285500009 0.0630469993 -0.0683410019 -0.0165899992 0.0624510013 -0.0645240024 -0.0285500009 0.0630469993 -0.0655350015 -0.0366920009 0.0699469969 -0.0685719997 -0.0273400005 0.0674820021 -0.0655350015 -0.0366920009 0.0699469969 -0.0678460002 -0.0436000004 0.0803989992 -0.0692280009 -0.0328239985 0.0720369965 -0.0678460002 -0.0436000004 0.0803989992 -0.0709889978 -0.0505179986 0.097616002 -0.0719320029 -0.0392460003 0.0822639987 -0.0712400004 -0.0551940016 0.111514002 -0.0751549974 -0.0500419997 0.112017997 -0.0709889978 -0.0505179986 0.097616002 -0.0751549974 -0.0500419997 0.112017997 -0.0712400004 -0.0551940016 0.111514002 -0.0750230029 -0.0539820008 0.124996997 -0.0707900003 -0.0571350008 0.138242006 -0.0675500035 -0.0612279996 0.135995001 -0.0648299977 -0.0594540015 0.149335995 -0.00248400006 -0.0507539995 0.195610002 0.014312 -0.0496580005 0.195140004 -0.00275700004 -0.042603001 0.201923996 0.014312 -0.0496580005 0.195140004 -0.00248400006 -0.0507539995 0.195610002 0.0134939998 -0.0596049987 0.184827998 0.014312 -0.0496580005 0.195140004 0.0134939998 -0.0596049987 0.184827998 0.0302549992 -0.0487050004 0.191386998 0.0147489998 -0.0422759987 0.200604007 0.014312 -0.0496580005 0.195140004 0.0302510001 -0.0411439985 0.197449997 0.0302549992 -0.0487050004 0.191386998 0.0301709995 -0.0569269992 0.182779998 0.0398540013 -0.0469020009 0.188315004 0.0488610007 -0.0500589982 0.178672001 0.047603 -0.0438200012 0.185868993 0.0414690003 -0.0532880016 0.180681005 0.0593869984 -0.0427770019 0.175824001 0.0573199987 -0.038054999 0.182429999 0.0488610007 -0.0500589982 0.178672001 0.0593869984 -0.0427770019 0.175824001 0.067791 -0.0354980007 0.172092006 0.0573199987 -0.038054999 0.182429999 0.0398540013 -0.0469020009 0.188315004 0.0343969986 -0.0394780003 0.196756005 0.0302549992 -0.0487050004 0.191386998 0.0573199987 -0.038054999 0.182429999 0.0547549985 -0.0320859998 0.188739002 0.047603 -0.0438200012 0.185868993 -0.0217610002 -0.0623250008 0.180002004 -0.00163700001 -0.0611210018 0.184444994 -0.0204060003 -0.0505589992 0.193293005 -0.0204060003 -0.0505589992 0.193293005 -0.00248400006 -0.0507539995 0.195610002 -0.0205630008 -0.0418779999 0.199770004 -0.0322429985 -0.0622639991 0.175092995 -0.0387680009 -0.0502669998 0.186906993 -0.0473189987 -0.0622210018 0.166514993 -0.0328360014 -0.0273059998 0.203894004 -0.0357449986 -0.013878 0.206288993 -0.0517890006 -0.0276539996 0.194144994 0.0458059981 -0.0343790017 0.194056004 0.0547549985 -0.0320859998 0.188739002 0.0469500013 -0.0239790007 0.198066995 0.0547549985 -0.0320859998 0.188739002 0.0675799996 -0.0281440001 0.178037003 0.0563849993 -0.0211529993 0.192493007 0.0364160016 -0.0350719988 0.198530003 0.0458059981 -0.0343790017 0.194056004 0.0350780003 -0.0303949993 0.201481 -0.0768940002 -0.0390219986 0.157288 -0.0708300024 -0.051355999 0.153117999 -0.0636000037 -0.040736001 0.176659003 -0.0701199993 -0.0141500002 0.183264002 -0.0851219967 -0.0134579996 0.162959993 -0.0682739988 -0.0279770009 0.180157006 -0.0534290001 -0.0140420003 0.197054997 -0.0701199993 -0.0141500002 0.183264002 -0.0517890006 -0.0276539996 0.194144994 -0.0847479999 -0.0361610018 0.127851993 -0.081772998 -0.0384950005 0.144869998 -0.0894870013 -0.0257820003 0.129492 -0.0707900003 -0.0571350008 0.138242006 -0.0764560029 -0.0500690006 0.141341999 -0.0750230029 -0.0539820008 0.124996997 -0.0683410019 -0.0165899992 0.0624510013 -0.0685719997 -0.0273400005 0.0674820021 -0.0748319998 -0.0146110002 0.0698890015 -0.0750230029 -0.0539820008 0.124996997 -0.0800099969 -0.0465410016 0.126212001 -0.0751549974 -0.0500419997 0.112017997 -0.0751549974 -0.0500419997 0.112017997 -0.0808020011 -0.0426709987 0.113330998 -0.0745029971 -0.0465640016 0.0988529995 -0.0745029971 -0.0465640016 0.0988529995 -0.0801320001 -0.0383130014 0.100547001 -0.0719320029 -0.0392460003 0.0822639987 -0.0752160028 -0.0255139992 0.0759150013 -0.0692280009 -0.0328239985 0.0720369965 -0.0770360008 -0.031764999 0.0842740014 -0.0800099969 -0.0465410016 0.126212001 -0.0847479999 -0.0361610018 0.127851993 -0.0808020011 -0.0426709987 0.113330998 -0.0849429965 -0.0336019993 0.114683002 -0.089083001 -0.0245329998 0.116034999 -0.0836519971 -0.0301290005 0.101426996 -0.0836519971 -0.0301290005 0.101426996 -0.087173 -0.0219439995 0.102306001 -0.0798669979 -0.0250780005 0.0852280036 -0.079667002 -0.0219519995 0.0810490027 -0.0752160028 -0.0255139992 0.0759150013 -0.0798669979 -0.0250780005 0.0852280036 -0.00154700002 -0.066133 0.176774994 -0.0210900009 -0.0671639964 0.172245994 -0.00210799999 -0.0726070032 0.167711005 -0.0387680009 -0.0502669998 0.186906993 -0.0204060003 -0.0505589992 0.193293005 -0.0319130011 -0.0412819982 0.196902007 -0.0373519994 -0.0302169994 0.200452 -0.0517890006 -0.0276539996 0.194144994 -0.0380700007 -0.0345650017 0.198332995 0.0667809993 -0.0417260006 0.109038003 0.0804179981 -0.0448019989 0.101476997 0.0671029985 -0.036187999 0.107956998 0.0804179981 -0.0448019989 0.101476997 0.0667809993 -0.0417260006 0.109038003 0.0727329999 -0.0535509996 0.103486001 0.0671389997 -0.0477770008 0.114955999 0.0702890009 -0.0562959984 0.106351003 0.0670709983 -0.0448429994 0.111345999 0.0949359983 -0.0248709992 0.102096997 0.0673400015 -0.0307139996 0.109153003 0.0875699967 -0.0358209983 0.101058997 0.0887190029 -0.0181510001 0.134492993 0.084792003 -0.0255490001 0.141840994 0.066866003 -0.0247070007 0.130974993 0.0671320036 -0.0353959985 0.137728006 0.0674119964 -0.028647 0.135267004 0.0798679963 -0.0345529988 0.145069003 0.0669749975 -0.0405259989 0.136840999 0.0671320036 -0.0353959985 0.137728006 0.0752220005 -0.0427929983 0.144123003 0.0752220005 -0.0427929983 0.144123003 0.0720459968 -0.048556 0.140994996 0.0669749975 -0.0405259989 0.136840999 0.067148 -0.0479339994 0.130622 0.0670889989 -0.0445460007 0.134608001 0.068971999 -0.0541890003 0.134197995 0.068971999 -0.0541890003 0.134197995 0.0685219988 -0.0573359989 0.125148997 0.067148 -0.0479339994 0.130622 0.098402001 -0.0178309996 0.104280002 0.0671809986 -0.0272780005 0.111658998 0.0949359983 -0.0248709992 0.102096997 0.098402001 -0.0178309996 0.104280002 0.0983610004 -0.0152820004 0.107499003 0.0671809986 -0.0272780005 0.111658998 0.0915300027 -0.0147430003 0.125674993 0.0887190029 -0.0181510001 0.134492993 0.0668670014 -0.0227790009 0.125492007 0.0668670014 -0.0227790009 0.125492007 0.0669030026 -0.0227329992 0.119506001 0.0915300027 -0.0147430003 0.125674993 0.0983610004 -0.0152820004 0.107499003 0.0950689986 -0.0143550001 0.115636997 0.0671010017 -0.0245050006 0.114983998 0.0692820027 -0.0575259998 0.112163 0.0672260001 -0.0491439998 0.119383 0.0685219988 -0.0573359989 0.125148997 0.0672260001 -0.0491439998 0.119383 0.0692820027 -0.0575259998 0.112163 0.0671389997 -0.0477770008 0.114955999 -0.0387680009 -0.0502669998 0.186906993 -0.047460001 -0.0386140011 0.191295996 -0.0571479984 -0.0510610007 0.172236994 0.098402001 -0.0178309996 0.104280002 0.100284003 -0.0155370003 0.100588001 0.0983610004 -0.0152820004 0.107499003 0.0954039991 -0.0244050007 0.0944290012 0.100284003 -0.0155370003 0.100588001 0.0949359983 -0.0248709992 0.102096997 -0.047460001 -0.0386140011 0.191295996 -0.0387680009 -0.0502669998 0.186906993 -0.0358499996 -0.0392509997 0.196701005 -0.0589930005 -0.064576 0.145765007 -0.0614209995 -0.0630349964 0.147164002 -0.0653819963 -0.062357001 0.134509996 -0.0750230029 -0.0539820008 0.124996997 -0.0702069998 -0.0586570017 0.123923004 -0.0707900003 -0.0571350008 0.138242006 -0.0768940002 -0.0390219986 0.157288 -0.081772998 -0.0384950005 0.144869998 -0.0708300024 -0.051355999 0.153117999 -0.0764560029 -0.0500690006 0.141341999 -0.0707900003 -0.0571350008 0.138242006 -0.0708300024 -0.051355999 0.153117999 -0.0589930005 -0.064576 0.145765007 -0.0653819963 -0.062357001 0.134509996 -0.0459330007 -0.0764070004 0.138528004 -0.00190399995 -0.0279690009 0.209175006 0.0159329996 -0.0277730003 0.207931995 -0.00157299999 -0.013979 0.212797001 0.0159329996 -0.0277730003 0.207931995 0.0312200002 -0.0278220009 0.204009995 0.0172499996 -0.0141249998 0.211126 -0.00190399995 -0.0279690009 0.209175006 -0.00157299999 -0.013979 0.212797001 -0.0208250005 -0.0276449993 0.207383007 -0.0208250005 -0.0276449993 0.207383007 -0.0221129991 -0.0138069997 0.210555002 -0.0328360014 -0.0273059998 0.203894004 -0.0534290001 -0.0140420003 0.197054997 -0.0357449986 -0.013878 0.206288993 -0.0533530004 -8.19999987e-05 0.197389007 -0.069467999 -8.19999987e-05 0.183697999 -0.0855299979 -8.19999987e-05 0.163451001 -0.0701199993 -0.0141500002 0.183264002 -0.0533530004 -8.19999987e-05 0.197389007 -0.069467999 -8.19999987e-05 0.183697999 -0.0534290001 -0.0140420003 0.197054997 -0.0870900005 -0.0269210003 0.148397997 -0.0821409971 -0.0268890001 0.161017999 -0.090406999 -0.0134969996 0.150608003 -0.089083001 -0.0245329998 0.116034999 -0.0894870013 -0.0257820003 0.129492 -0.0923720002 -0.01229 0.117190003 -0.089083001 -0.0245329998 0.116034999 -0.0923720002 -0.01229 0.117190003 -0.087173 -0.0219439995 0.102306001 -0.087173 -0.0219439995 0.102306001 -0.0905190036 -0.0109660001 0.103201002 -0.0826990008 -0.0183910001 0.0861819983 -0.0894870013 -0.0257820003 0.129492 -0.0870900005 -0.0269210003 0.148397997 -0.0929170027 -0.0129699996 0.130798995 -0.0858459994 -8.19999987e-05 0.086920999 -0.0814549997 -8.19999987e-05 0.0777060017 -0.0851999968 -0.00919799972 0.0865529999 -0.0851999968 -0.00919799972 0.0865529999 -0.0807259977 -0.0119040003 0.0782210007 -0.0826990008 -0.0183910001 0.0861819983 -0.0415470004 -0.0744630024 0.0926119983 -0.0350430012 -0.0739099979 0.0839570016 -0.0389610007 -0.0792270005 0.095002003 -0.0592710003 -0.0531670004 0.0834089965 -0.0630699992 -0.0481280014 0.0814960003 -0.0521310009 -0.0525519997 0.0731969997 -0.0474420004 -0.076568 0.103070997 -0.04366 -0.079810001 0.104833998 -0.0503639989 -0.0753820017 0.109808996 -0.0685020015 -0.0519809984 0.0973709971 -0.0660940036 -0.0546279997 0.0979209989 -0.068705 -0.0565680005 0.111312002 -0.0673030019 -0.0600689985 0.123334996 -0.0613140017 -0.0650829971 0.115944996 -0.0529120006 -0.0737520009 0.123565003 -0.0553090014 -0.0711459965 0.113415003 -0.0503639989 -0.0753820017 0.109808996 -0.0540650003 -0.072401002 0.118492 -0.0591540001 -0.0670609996 0.111414 -0.0613140017 -0.0650829971 0.115944996 -0.0611819997 -0.0643279999 0.107518002 -0.0435290001 -0.0758230016 0.0932480022 -0.0389610007 -0.0792270005 0.095002003 -0.0474420004 -0.076568 0.103070997 -0.0653140023 -0.0448729992 0.0801519975 -0.0630699992 -0.0481280014 0.0814960003 -0.0685020015 -0.0519809984 0.0973709971 0.0473800004 -0.0133060003 0.200885996 0.0318539999 -0.014184 0.207525 0.0469500013 -0.0239790007 0.198066995 0.047603 -0.0438200012 0.185868993 0.0458059981 -0.0343790017 0.194056004 0.0398540013 -0.0469020009 0.188315004 -0.0821409971 -0.0268890001 0.161017999 -0.0768940002 -0.0390219986 0.157288 -0.0682739988 -0.0279770009 0.180157006 -0.0682739988 -0.0279770009 0.180157006 -0.0636000037 -0.040736001 0.176659003 -0.0517890006 -0.0276539996 0.194144994 -0.0764560029 -0.0500690006 0.141341999 -0.081772998 -0.0384950005 0.144869998 -0.0800099969 -0.0465410016 0.126212001 -0.0894870013 -0.0257820003 0.129492 -0.089083001 -0.0245329998 0.116034999 -0.0847479999 -0.0361610018 0.127851993 -0.0808020011 -0.0426709987 0.113330998 -0.0849429965 -0.0336019993 0.114683002 -0.0801320001 -0.0383130014 0.100547001 -0.0801320001 -0.0383130014 0.100547001 -0.0836519971 -0.0301290005 0.101426996 -0.0770360008 -0.031764999 0.0842740014 -0.0821409971 -0.0268890001 0.161017999 -0.0870900005 -0.0269210003 0.148397997 -0.0768940002 -0.0390219986 0.157288 -0.0204060003 -0.0505589992 0.193293005 -0.0387680009 -0.0502669998 0.186906993 -0.0217610002 -0.0623250008 0.180002004 -0.0752160028 -0.0255139992 0.0759150013 -0.079667002 -0.0219519995 0.0810490027 -0.0748319998 -0.0146110002 0.0698890015 0.0918119997 -0.0122999996 0.0673580021 0.0936010033 -0.00626000017 0.0671700016 0.0945010036 -0.0122999996 0.0673580021 0.0945010036 -0.0122999996 0.0673580021 0.0938680023 -0.0130679999 0.0667250007 0.0918119997 -0.0122999996 0.0673580021 0.0938680023 -0.0130679999 0.0667250007 0.093487002 -0.0129079996 0.065591 0.0911789984 -0.0129779996 0.0667250007 0.0937089995 -8.19999987e-05 0.0612410009 0.091196999 -8.19999987e-05 0.0612410009 0.0934699997 -0.00491000013 0.0617539994 0.0908769965 -0.00930000003 0.0633969977 0.090797998 -0.0126280002 0.065591 0.0935660005 -0.00940600038 0.0632359982 0.0934699997 -0.00491000013 0.0617539994 0.0912050009 -0.00491000013 0.0617539994 0.0935660005 -0.00940600038 0.0632359982 -0.0708300024 -0.051355999 0.153117999 -0.0648299977 -0.0594540015 0.149335995 -0.0571479984 -0.0510610007 0.172236994 -0.0648299977 -0.0594540015 0.149335995 -0.0614209995 -0.0630349964 0.147164002 -0.0473189987 -0.0622210018 0.166514993 -0.00147500006 -0.0924889967 0.141570002 -0.00149000005 -0.0900719985 0.140389994 0.00976200029 -0.0922909975 0.139593005 0.00976200029 -0.0922909975 0.139593005 0.00932800025 -0.0898820013 0.138486996 0.0175119992 -0.0918599963 0.134866998 0.0175119992 -0.0918599963 0.134866998 0.0167900007 -0.0894669965 0.133937001 0.0233999994 -0.0912560001 0.128635004 0.0233999994 -0.0912560001 0.128635004 0.0224590003 -0.0888850018 0.127937004 0.0277939998 -0.090421997 0.118368 0.0277939998 -0.090421997 0.118368 0.0266890004 -0.0880820006 0.118052997 0.028198 -0.0894860029 0.108351 0.028198 -0.0894860029 0.108351 0.0270780008 -0.0871810019 0.108409002 0.0254580006 -0.0883560032 0.0978529975 0.0254580006 -0.0883560032 0.0978529975 0.0244399998 -0.0860930011 0.0983019993 0.0203859992 -0.0876749977 0.0908759981 -0.0108040003 -0.0899079964 0.139294997 -0.00149000005 -0.0900719985 0.140389994 -0.0111499997 -0.0923179984 0.140432 -0.0206259992 -0.0893820003 0.134021997 -0.0108040003 -0.0899079964 0.139294997 -0.0213510003 -0.0917719975 0.134956002 -0.0270920005 -0.0886889994 0.126815006 -0.0206259992 -0.0893820003 0.134021997 -0.0280680005 -0.0910520032 0.127470002 -0.0307030007 -0.0875919983 0.116341002 -0.0270920005 -0.0886889994 0.126815006 -0.0318190008 -0.0899130031 0.116590001 -0.0310030002 -0.0869349986 0.108438 -0.0307030007 -0.0875919983 0.116341002 -0.0321299993 -0.0892309994 0.108382002 -0.0285490006 -0.0860769972 0.0997359976 -0.0310030002 -0.0869349986 0.108438 -0.0295819994 -0.0883390009 0.0993430018 -0.0233999994 -0.0852570012 0.0918620005 -0.0285490006 -0.0860769972 0.0997359976 -0.0242330004 -0.0874869972 0.091163002 -0.0180469994 -0.0848750025 0.0876469985 -0.0233999994 -0.0852570012 0.0918620005 -0.0186730009 -0.0870900005 0.0867860019 -0.0104210004 -0.0845090002 0.0839999989 -0.0180469994 -0.0848750025 0.0876469985 -0.0107519999 -0.0867099985 0.0829980001 -0.00173500006 -0.0843719989 0.0825380012 -0.0104210004 -0.0845090002 0.0839999989 -0.00173000002 -0.0865679979 0.0814779997 0.006116 -0.0867080018 0.082396999 0.00581800006 -0.0845070034 0.0834219977 -0.00173000002 -0.0865679979 0.0814779997 0.0149790002 -0.0871139988 0.0860050023 0.0143510001 -0.0848980024 0.0868949965 0.006116 -0.0867080018 0.082396999 0.0203859992 -0.0876749977 0.0908759981 0.0195569992 -0.0854379982 0.0915850028 0.0149790002 -0.0871139988 0.0860050023 0.0762220025 -0.00351099996 0.174454004 0.0737949982 -0.00344099989 0.174355 0.0746840015 -0.00246100011 0.176774994 0.0779749975 -0.0023980001 0.171627998 0.0751120001 -0.00235199998 0.171696007 0.0762220025 -0.00351099996 0.174454004 0.0786110014 -8.19999987e-05 0.170790002 0.0756480023 -8.19999987e-05 0.170866996 0.0779749975 -0.0023980001 0.171627998 0.0756480023 -8.19999987e-05 0.170866996 0.0735569969 -8.19999987e-05 0.174261004 0.0751120001 -0.00235199998 0.171696007 0.0927959979 -0.00718499999 0.125110999 0.0928689986 -8.19999987e-05 0.125168994 0.0885910019 -0.00741899991 0.142107993 0.0816859975 -0.00851599965 0.161794007 0.0845659971 -0.00854100008 0.154532 0.0819189996 -8.19999987e-05 0.161622003 0.102821 -0.00730999978 0.101845004 0.103427 -8.19999987e-05 0.101801999 0.0965420008 -0.00729800016 0.115534 0.103643 -0.00630800007 0.0938789994 0.102187999 -0.00580599997 0.0854170024 0.104106002 -8.19999987e-05 0.0938529968 0.0982320011 -0.0061420002 0.0723669976 0.0987079963 -8.19999987e-05 0.0725400001 0.102187999 -0.00580599997 0.0854170024 0.102821 -0.00730999978 0.101845004 0.103643 -0.00630800007 0.0938789994 0.103427 -8.19999987e-05 0.101801999 0.0799430013 -0.0109550003 0.0429009981 0.0809060037 -8.19999987e-05 0.0419880003 0.091054 -0.00663000019 0.0571330003 0.0787269995 -0.00796500035 0.169722006 0.078629002 -8.19999987e-05 0.170759007 0.0779749975 -0.0023980001 0.171627998 -0.00157299999 -0.013979 0.212797001 0.0172499996 -0.0141249998 0.211126 -0.00121899997 -8.19999987e-05 0.213339999 0.0172499996 -0.0141249998 0.211126 0.0318539999 -0.014184 0.207525 0.0181079991 -8.19999987e-05 0.211583003 0.0318539999 -0.014184 0.207525 0.0473800004 -0.0133060003 0.200885996 0.0316249989 -8.19999987e-05 0.208297998 0.0473800004 -0.0133060003 0.200885996 0.0574040003 -0.0115830004 0.194277003 0.0478500016 -8.19999987e-05 0.201550007 -0.00327700004 -0.0183380004 0.0265699998 -0.0294400007 -0.0184499994 0.0354960002 -0.00351199997 -8.19999987e-05 0.0251470003 -0.0642879978 -0.0176999997 0.0582050011 -0.0647540018 -8.19999987e-05 0.0562480018 -0.0614349991 -0.01767 0.0567829981 -0.0642879978 -0.0176999997 0.0582050011 -0.0683410019 -0.0165899992 0.0624510013 -0.0647540018 -8.19999987e-05 0.0562480018 -0.00157299999 -0.013979 0.212797001 -0.00121899997 -8.19999987e-05 0.213339999 -0.0221129991 -0.0138069997 0.210555002 -0.0221129991 -0.0138069997 0.210555002 -0.0227249991 -8.19999987e-05 0.210622996 -0.0357449986 -0.013878 0.206288993 -0.090406999 -0.0134969996 0.150608003 -0.0851219967 -0.0134579996 0.162959993 -0.091587998 -8.19999987e-05 0.151419997 -0.0683410019 -0.0165899992 0.0624510013 -0.0748319998 -0.0146110002 0.0698890015 -0.0690060034 -8.19999987e-05 0.0607840009 -0.0923720002 -0.01229 0.117190003 -0.0929170027 -0.0129699996 0.130798995 -0.0934650004 -8.19999987e-05 0.117693 -0.0905190036 -0.0109660001 0.103201002 -0.0923720002 -0.01229 0.117190003 -0.0913819969 -8.19999987e-05 0.104089998 -0.0851999968 -0.00919799972 0.0865529999 -0.0905190036 -0.0109660001 0.103201002 -0.0858459994 -8.19999987e-05 0.086920999 -0.0929170027 -0.0129699996 0.130798995 -0.090406999 -0.0134969996 0.150608003 -0.0939939991 -8.19999987e-05 0.131468996 -0.0748319998 -0.0146110002 0.0698890015 -0.0807259977 -0.0119040003 0.0782210007 -0.0756440014 -8.19999987e-05 0.0684880018 0.0936010033 -0.00626000017 0.0671700016 0.0941160023 -8.19999987e-05 0.0671259984 0.0961199999 -0.00626000017 0.0671700016 0.0746840015 -0.00246100011 0.176774994 0.0721419975 -0.0024019999 0.176661998 0.0739839971 -8.19999987e-05 0.177704006 0.0737949982 -0.00344099989 0.174355 0.0735569969 -8.19999987e-05 0.174261004 0.0721419975 -0.0024019999 0.176661998 0.0950689986 0.0141909998 0.115636997 0.0965420008 0.00713399984 0.115534 0.0983610004 0.0151180001 0.107499003 0.100284003 0.0153729999 0.100588001 0.102821 0.00714599993 0.101845004 0.101839997 0.0121489996 0.0939989984 0.0915300027 0.014579 0.125674993 0.0927959979 0.00702100014 0.125110999 0.0950689986 0.0141909998 0.115636997 0.0915300027 0.014579 0.125674993 0.0887190029 0.0179869998 0.134492993 0.0927959979 0.00702100014 0.125110999 0.0887190029 0.0179869998 0.134492993 0.084792003 0.0253849998 0.141840994 0.0885910019 0.00725500006 0.142107993 0.0798679963 0.0343890004 0.145069003 0.0770710036 0.0330320001 0.154813007 0.084792003 0.0253849998 0.141840994 0.0702179968 0.0447290018 0.153369993 0.0770710036 0.0330320001 0.154813007 0.0752220005 0.0426289998 0.144123003 0.059799999 0.0628999993 0.138643995 0.068971999 0.0540250018 0.134197995 0.0607360005 0.0656130016 0.124861002 0.0685219988 0.0571720004 0.125148997 0.0692820027 0.0573620014 0.112163 0.0607360005 0.0656130016 0.124861002 0.0702890009 0.0561319999 0.106351003 0.0643140003 0.0618330017 0.101622999 0.0692820027 0.0573620014 0.112163 0.0864719972 0.0357809998 0.0880940035 0.0789910033 0.0452079996 0.0900890008 0.0873809978 0.0355810001 0.0951500013 0.0954039991 0.0242410004 0.0944290012 0.0873809978 0.0355810001 0.0951500013 0.0949359983 0.0247070007 0.102096997 0.0704979971 0.0547619984 0.0929170027 0.0643140003 0.0618330017 0.101622999 0.0727329999 0.0533870012 0.103486001 0.0607730001 0.0561759993 0.152022004 0.0720459968 0.0483920015 0.140994996 0.059799999 0.0628999993 0.138643995 0.0965420008 0.00713399984 0.115534 0.0927959979 0.00702100014 0.125110999 0.096559003 -8.19999987e-05 0.115906 0.0982320011 0.00597799988 0.0723669976 0.0961199999 0.00609599985 0.0671700016 0.0965770036 0.0120599996 0.0724899992 0.0864719972 0.0357809998 0.0880940035 0.0944859982 0.0240279995 0.0866699964 0.0839949995 0.0347740017 0.0751679987 0.0839949995 0.0347740017 0.0751679987 0.0765450001 0.0446030013 0.0780479982 0.0864719972 0.0357809998 0.0880940035 0.0607360005 0.0656130016 0.124861002 0.0617219992 0.065196 0.110200003 0.0486579984 0.0767050013 0.123487003 0.0643140003 0.0618330017 0.101622999 0.0569479987 0.0675899982 0.0938329995 0.0617219992 0.065196 0.110200003 0.0115339998 0.0907770023 0.144088 -0.00154299999 0.0908910036 0.146620005 0.0129850004 0.0877240002 0.147808 0.0226949994 0.0873069987 0.142741993 0.0203949995 0.0904119983 0.139116004 0.0129850004 0.0877240002 0.147808 0.0203949995 0.0904119983 0.139116004 0.0273540001 0.0898829997 0.131850004 0.0175119992 0.0916960016 0.134866998 0.0306299999 0.0869430006 0.134718001 0.0367829986 0.0863500014 0.121549003 0.0273540001 0.0898829997 0.131850004 0.0367829986 0.0863500014 0.121549003 0.0376939997 0.0854310021 0.108144 0.0326149985 0.0890669972 0.119984999 0.028198 0.0893220007 0.108351 0.0332069993 0.0880130008 0.108167998 0.0254580006 0.088192001 0.0978529975 0.0301469993 0.0868489966 0.095702 0.0242110007 0.0859140009 0.0875210017 0.0254580006 0.088192001 0.0978529975 -0.00147500006 0.092325002 0.141570002 -0.0111499997 0.0921540037 0.140432 -0.00154299999 0.0908910036 0.146620005 -0.0264819991 0.0872659981 0.142086998 -0.0142879998 0.0875819996 0.148585007 -0.0242030006 0.0902730003 0.138821006 -0.0323330015 0.0894389972 0.129779994 -0.0242030006 0.0902730003 0.138821006 -0.0280680005 0.090888001 0.127470002 -0.0407110006 0.085063003 0.118539996 -0.0358650014 0.0864140019 0.131799996 -0.0367540009 0.0882939994 0.117559001 -0.0368280001 0.0871850029 0.107208997 -0.0367540009 0.0882939994 0.117559001 -0.0321299993 0.0890669972 0.108382002 -0.0339559987 0.0860870034 0.0974949971 -0.0368280001 0.0871850029 0.107208997 -0.0295819994 0.0881749988 0.0993430018 -0.0373760015 0.0818110034 0.0958160013 -0.0339559987 0.0860870034 0.0974949971 -0.0300389994 0.0812190026 0.0863239989 -0.0300389994 0.0812190026 0.0863239989 -0.0275609996 0.0850730017 0.0882589966 -0.0233280007 0.0804120004 0.08072 -0.0233280007 0.0804120004 0.08072 -0.0213450007 0.0845159963 0.0831139982 -0.0130799999 0.0800120011 0.0759020001 -0.0130799999 0.0800120011 0.0759020001 -0.0120989997 0.0840329975 0.0788260028 -0.00236400007 0.0801199973 0.0739639997 0.006116 0.0865439996 0.082396999 0.00649699988 0.0842600018 0.0779189989 -0.00173000002 0.0864040032 0.0814779997 0.00673200004 0.0805810019 0.0744550005 0.00649699988 0.0842600018 0.0779189989 0.0180750005 0.0815140009 0.0779080018 0.0203859992 0.087511003 0.0908759981 0.0242110007 0.0859140009 0.0875210017 0.0149790002 0.0869499967 0.0860050023 0.0367829986 0.0863500014 0.121549003 0.0486579984 0.0767050013 0.123487003 0.0376939997 0.0854310021 0.108144 0.0954039991 0.0242410004 0.0944290012 0.101839997 0.0121489996 0.0939989984 0.0944859982 0.0240279995 0.0866699964 0.100717999 0.0116490005 0.0856840014 0.0965770036 0.0120599996 0.0724899992 0.0944859982 0.0240279995 0.0866699964 0.0765450001 0.0446030013 0.0780479982 0.0666130036 0.0554019995 0.0809020028 0.0789910033 0.0452079996 0.0900890008 0.0643140003 0.0618330017 0.101622999 0.0704979971 0.0547619984 0.0929170027 0.0569479987 0.0675899982 0.0938329995 0.080178 0.0171179995 0.161657006 0.0829040036 0.0191820003 0.153491005 0.0749410018 0.0299120005 0.162640005 0.0702179968 0.0447290018 0.153369993 0.0682940036 0.0395190008 0.164735004 0.0770710036 0.0330320001 0.154813007 0.0495180003 0.0532439984 0.171623006 0.0598770007 0.0471029989 0.168045998 0.0506200008 0.0622749999 0.156376004 0.0417729989 0.0568559989 0.174094006 0.0394780003 0.0666159987 0.161593005 0.0300040003 0.0605910011 0.176257998 0.0137019996 0.063928999 0.177605003 0.0134690003 0.0702989995 0.169190004 -0.00154700002 0.0659689978 0.176774994 0.0300040003 0.0605910011 0.176257998 0.0282729995 0.0682339966 0.166699007 0.0137019996 0.063928999 0.177605003 0.0417729989 0.0568559989 0.174094006 0.0495180003 0.0532439984 0.171623006 0.0394780003 0.0666159987 0.161593005 0.0752220005 0.0426289998 0.144123003 0.0720459968 0.0483920015 0.140994996 0.0702179968 0.0447290018 0.153369993 0.0607730001 0.0561759993 0.152022004 0.0598770007 0.0471029989 0.168045998 0.0702179968 0.0447290018 0.153369993 0.0804179981 0.0446380004 0.101476997 0.0875699967 0.0356569998 0.101058997 0.0799010023 0.0448959991 0.0964210033 0.0873809978 0.0355810001 0.0951500013 0.0954039991 0.0242410004 0.0944290012 0.0864719972 0.0357809998 0.0880940035 0.0789910033 0.0452079996 0.0900890008 0.0704979971 0.0547619984 0.0929170027 0.0799010023 0.0448959991 0.0964210033 0.0343430005 0.0840979964 0.0939240009 0.0376939997 0.0854310021 0.108144 0.0441219993 0.0766199976 0.090764001 0.0607360005 0.0656130016 0.124861002 0.0486579984 0.0767050013 0.123487003 0.059799999 0.0628999993 0.138643995 0.0486579984 0.0767050013 0.123487003 0.0367829986 0.0863500014 0.121549003 0.0438399985 0.0762280002 0.138076007 0.0607730001 0.0561759993 0.152022004 0.059799999 0.0628999993 0.138643995 0.0506200008 0.0622749999 0.156376004 0.0134690003 0.0702989995 0.169190004 0.0129399998 0.0772870034 0.160236001 -0.00210799999 0.072443001 0.167711005 -0.00167100003 0.0777100027 0.16133 0.0129399998 0.0772870034 0.160236001 -0.00162800006 0.087563999 0.150698006 0.0255469996 0.0774509981 0.154855996 0.0129399998 0.0772870034 0.160236001 0.0282729995 0.0682339966 0.166699007 0.0129399998 0.0772870034 0.160236001 0.0255469996 0.0774509981 0.154855996 0.0129850004 0.0877240002 0.147808 0.0366079994 0.0762740001 0.147925004 0.0255469996 0.0774509981 0.154855996 0.0394780003 0.0666159987 0.161593005 0.0255469996 0.0774509981 0.154855996 0.0366079994 0.0762740001 0.147925004 0.0226949994 0.0873069987 0.142741993 0.0438399985 0.0762280002 0.138076007 0.0366079994 0.0762740001 0.147925004 0.0506200008 0.0622749999 0.156376004 0.0816859975 0.00835200027 0.161794007 0.0845659971 0.00837699976 0.154532 0.080178 0.0171179995 0.161657006 0.0845659971 0.00837699976 0.154532 0.0849699974 -8.19999987e-05 0.154043004 0.0885910019 0.00725500006 0.142107993 -0.0233280007 0.0804120004 0.08072 -0.0261359997 0.0726469979 0.076586999 -0.0300389994 0.0812190026 0.0863239989 -0.0130799999 0.0800120011 0.0759020001 -0.0148870004 0.0731059983 0.0718460009 -0.0233280007 0.0804120004 0.08072 -0.0031320001 0.0735699981 0.0693619996 -0.00236400007 0.0801199973 0.0739639997 0.00766499992 0.0741489977 0.0693939999 -0.0148870004 0.0731059983 0.0718460009 -0.0130799999 0.0800120011 0.0759020001 -0.0031320001 0.0735699981 0.0693619996 0.0229129996 0.0744789988 0.0720949993 0.00766499992 0.0741489977 0.0693939999 0.0180750005 0.0815140009 0.0779080018 0.0351670012 0.0754429996 0.0786919966 0.0229129996 0.0744789988 0.0720949993 0.0276459996 0.0829830021 0.0847269967 0.0441219993 0.0766199976 0.090764001 0.0351670012 0.0754429996 0.0786919966 0.0343430005 0.0840979964 0.0939240009 -0.017221 0.0771860033 0.159437001 -0.00167100003 0.0777100027 0.16133 -0.0142879998 0.0875819996 0.148585007 -0.017221 0.0771860033 0.159437001 -0.0142879998 0.0875819996 0.148585007 -0.0328989998 0.0775690004 0.151166007 -0.0264819991 0.0872659981 0.142086998 -0.0358650014 0.0864140019 0.131799996 -0.0328989998 0.0775690004 0.151166007 -0.0358650014 0.0864140019 0.131799996 -0.0407110006 0.085063003 0.118539996 -0.0459330007 0.0762429982 0.138528004 -0.0589930005 0.0644119978 0.145765007 -0.0420380011 0.066519998 0.162024006 -0.0459330007 0.0762429982 0.138528004 -0.017221 0.0771860033 0.159437001 -0.0328989998 0.0775690004 0.151166007 -0.0210900009 0.0670000017 0.172245994 -0.0407110006 0.085063003 0.118539996 -0.0405189991 0.0836229995 0.106366999 -0.0473069996 0.0781159997 0.113347001 -0.0630699992 0.0479639992 0.0814960003 -0.0660940036 0.0544640012 0.0979209989 -0.0618290007 0.0536120012 0.0836419985 -0.0611819997 0.0641639978 0.107518002 -0.063233003 0.0590910017 0.0984750018 -0.0647080019 0.0600799993 0.109461002 -0.0591540001 0.0668969974 0.111414 -0.0613140017 0.0649190024 0.115944996 -0.0553090014 0.0709820017 0.113415003 -0.0474420004 0.0764039978 0.103070997 -0.0435290001 0.0756589994 0.0932480022 -0.0566640012 0.0693539977 0.100083999 -0.0566640012 0.0693539977 0.100083999 -0.0550579987 0.0674410015 0.0889170021 -0.063233003 0.0590910017 0.0984750018 -0.0407110006 0.085063003 0.118539996 -0.0473069996 0.0781159997 0.113347001 -0.0529120006 0.0735879987 0.123565003 -0.0673030019 0.059905 0.123334996 -0.0613140017 0.0649190024 0.115944996 -0.068705 0.0564039983 0.111312002 -0.0565380007 0.070276998 0.108356997 -0.0566640012 0.0693539977 0.100083999 -0.0611819997 0.0641639978 0.107518002 -0.0566640012 0.0693539977 0.100083999 -0.0565380007 0.070276998 0.108356997 -0.0474420004 0.0764039978 0.103070997 -0.0611819997 0.0641639978 0.107518002 -0.0591540001 0.0668969974 0.111414 -0.0565380007 0.070276998 0.108356997 -0.0389610007 0.0790629983 0.095002003 -0.04366 0.0796459988 0.104833998 -0.0373760015 0.0818110034 0.0958160013 -0.0618290007 0.0536120012 0.0836419985 -0.0550579987 0.0674410015 0.0889170021 -0.0592710003 0.0530029982 0.0834089965 -0.0550579987 0.0674410015 0.0889170021 -0.0435290001 0.0756589994 0.0932480022 -0.0499150008 0.064790003 0.0881170034 -0.00154299999 0.0908910036 0.146620005 0.0115339998 0.0907770023 0.144088 -0.00147500006 0.092325002 0.141570002 0.0115339998 0.0907770023 0.144088 0.0203949995 0.0904119983 0.139116004 0.00976200029 0.0921270028 0.139593005 0.0273540001 0.0898829997 0.131850004 0.0203949995 0.0904119983 0.139116004 0.0306299999 0.0869430006 0.134718001 0.0273540001 0.0898829997 0.131850004 0.0326149985 0.0890669972 0.119984999 0.0233999994 0.0910919979 0.128635004 0.0326149985 0.0890669972 0.119984999 0.0332069993 0.0880130008 0.108167998 0.0277939998 0.0902580023 0.118368 0.0332069993 0.0880130008 0.108167998 0.0376939997 0.0854310021 0.108144 0.0301469993 0.0868489966 0.095702 0.0242110007 0.0859140009 0.0875210017 0.0301469993 0.0868489966 0.095702 0.0276459996 0.0829830021 0.0847269967 -0.00154299999 0.0908910036 0.146620005 -0.012871 0.0907279998 0.144916996 -0.00162800006 0.087563999 0.150698006 -0.0242030006 0.0902730003 0.138821006 -0.012871 0.0907279998 0.144916996 -0.0213510003 0.0916080028 0.134956002 -0.0242030006 0.0902730003 0.138821006 -0.0323330015 0.0894389972 0.129779994 -0.0264819991 0.0872659981 0.142086998 -0.0367540009 0.0882939994 0.117559001 -0.0323330015 0.0894389972 0.129779994 -0.0318190008 0.089749001 0.116590001 -0.0367540009 0.0882939994 0.117559001 -0.0368280001 0.0871850029 0.107208997 -0.0407110006 0.085063003 0.118539996 -0.0368280001 0.0871850029 0.107208997 -0.0339559987 0.0860870034 0.0974949971 -0.0405189991 0.0836229995 0.106366999 -0.0275609996 0.0850730017 0.0882589966 -0.0339559987 0.0860870034 0.0974949971 -0.0242330004 0.0873230025 0.091163002 -0.0275609996 0.0850730017 0.0882589966 -0.0242330004 0.0873230025 0.091163002 -0.0213450007 0.0845159963 0.0831139982 -0.0213450007 0.0845159963 0.0831139982 -0.0186730009 0.0869259983 0.0867860019 -0.0120989997 0.0840329975 0.0788260028 -0.0120989997 0.0840329975 0.0788260028 -0.0107519999 0.0865459964 0.0829980001 -0.00208500004 0.0839670002 0.0771450028 0.00649699988 0.0842600018 0.0779189989 0.00673200004 0.0805810019 0.0744550005 -0.00208500004 0.0839670002 0.0771450028 0.00649699988 0.0842600018 0.0779189989 0.006116 0.0865439996 0.082396999 0.0166720003 0.0848919973 0.0815720037 0.0242110007 0.0859140009 0.0875210017 0.0276459996 0.0829830021 0.0847269967 0.0166720003 0.0848919973 0.0815720037 0.090820998 0.0240659993 0.0731590018 0.0965770036 0.0120599996 0.0724899992 0.0938680023 0.0129039995 0.0667250007 0.090820998 0.0240659993 0.0731590018 0.0845770016 0.0225399993 0.057957001 0.0839949995 0.0347740017 0.0751679987 0.0938680023 0.0129039995 0.0667250007 0.093487002 0.0127440002 0.065591 0.090820998 0.0240659993 0.0731590018 0.093487002 0.0127440002 0.065591 0.0935660005 0.00924200006 0.0632359982 0.0892719999 0.0126219997 0.0572870001 0.102187999 0.00564200012 0.0854170024 0.100717999 0.0116490005 0.0856840014 0.103643 0.00614400022 0.0938789994 0.102187999 0.00564200012 0.0854170024 0.0982320011 0.00597799988 0.0723669976 0.100717999 0.0116490005 0.0856840014 0.0961199999 0.00609599985 0.0671700016 0.0982320011 0.00597799988 0.0723669976 0.096593 -8.19999987e-05 0.0670379996 0.091054 0.00646599988 0.0571330003 0.0934699997 0.00474599982 0.0617539994 0.0914139971 -8.19999987e-05 0.0568609983 0.0751570016 0.0220299996 0.0449009985 0.0845770016 0.0225399993 0.057957001 0.0799430013 0.010791 0.0429009981 0.0839949995 0.0347740017 0.0751679987 0.0676760003 0.0351400003 0.0493699983 0.0765450001 0.0446030013 0.0780479982 0.0524020009 0.0556310005 0.0619099997 0.0666130036 0.0554019995 0.0809020028 0.0609190017 0.0444770008 0.0538990013 0.0420919992 0.0679609999 0.0723659992 0.0351670012 0.0754429996 0.0786919966 0.0524060018 0.0692839995 0.0869499967 0.0420919992 0.0679609999 0.0723659992 0.0524060018 0.0692839995 0.0869499967 0.0524020009 0.0556310005 0.0619099997 0.0494240001 0.0761289969 0.108364999 0.0569479987 0.0675899982 0.0938329995 0.0441219993 0.0766199976 0.090764001 -0.00154700002 0.0659689978 0.176774994 -0.00156799995 0.0646969974 0.179579005 0.0137019996 0.063928999 0.177605003 0.0306260008 0.0592239983 0.179343 0.0300040003 0.0605910011 0.176257998 0.0134469997 0.0625410005 0.180761993 0.0300040003 0.0605910011 0.176257998 0.0306260008 0.0592239983 0.179343 0.0417729989 0.0568559989 0.174094006 0.0417309999 0.0558440015 0.177226007 0.049656 0.0522769988 0.174842998 0.0417729989 0.0568559989 0.174094006 0.0598770007 0.0471029989 0.168045998 0.0495180003 0.0532439984 0.171623006 0.0598980002 0.0459810011 0.171453997 0.0682940036 0.0395190008 0.164735004 0.0598770007 0.0471029989 0.168045998 0.0682940036 0.0383640006 0.167933002 0.0748519972 0.0289609991 0.165739 0.0749410018 0.0299120005 0.162640005 0.0682940036 0.0383640006 0.167933002 0.0749410018 0.0299120005 0.162640005 0.0748519972 0.0289609991 0.165739 0.080178 0.0171179995 0.161657006 0.0811680034 0.00808400009 0.164860994 0.0816859975 0.00835200027 0.161794007 0.0797640011 0.0162039995 0.164978996 0.0813940018 -8.19999987e-05 0.164917007 0.0819189996 -8.19999987e-05 0.161622003 0.0811680034 0.00808400009 0.164860994 0.0811680034 0.00808400009 0.164860994 0.0787269995 0.00780100003 0.169722006 0.0813940018 -8.19999987e-05 0.164917007 0.0762220025 0.00334700011 0.174454004 0.075620003 0.00762900012 0.175062001 0.0746840015 0.00229700003 0.176774994 0.0684280023 0.00870299991 0.184488997 0.0692140013 -8.19999987e-05 0.184143007 0.0746840015 0.00229700003 0.176774994 0.0787269995 0.00780100003 0.169722006 0.075620003 0.00762900012 0.175062001 0.0779749975 0.00223400001 0.171627998 0.0134939998 0.0594410002 0.184827998 0.0134469997 0.0625410005 0.180761993 -0.00163700001 0.0609569997 0.184444994 0.0306260008 0.0592239983 0.179343 0.0134469997 0.0625410005 0.180761993 0.0301709995 0.0567630008 0.182779998 0.0301709995 0.0567630008 0.182779998 0.0414690003 0.0531239994 0.180681005 0.0306260008 0.0592239983 0.179343 0.0598980002 0.0459810011 0.171453997 0.049656 0.0522769988 0.174842998 0.0593869984 0.0426129997 0.175824001 0.0414690003 0.0531239994 0.180681005 0.0488610007 0.0498949997 0.178672001 0.0417309999 0.0558440015 0.177226007 0.0598980002 0.0459810011 0.171453997 0.0593869984 0.0426129997 0.175824001 0.0682940036 0.0383640006 0.167933002 0.0723609999 0.0280760005 0.170956999 0.0748519972 0.0289609991 0.165739 0.067791 0.0353339985 0.172092006 0.0811680034 0.00808400009 0.164860994 0.0797640011 0.0162039995 0.164978996 0.0787269995 0.00780100003 0.169722006 0.0797640011 0.0162039995 0.164978996 0.0748519972 0.0289609991 0.165739 0.077477999 0.015865 0.169510007 0.0574040003 0.0114190001 0.194277003 0.0585540012 -8.19999987e-05 0.194499001 0.0684280023 0.00870299991 0.184488997 0.0740429983 0.0156360008 0.175267994 0.075620003 0.00762900012 0.175062001 0.077477999 0.015865 0.169510007 0.0677890033 0.0162090007 0.183344007 0.0684280023 0.00870299991 0.184488997 0.0740429983 0.0156360008 0.175267994 0.0574040003 0.0114190001 0.194277003 0.0563849993 0.0209890008 0.192493007 0.0473800004 0.013142 0.200885996 0.0684280023 0.00870299991 0.184488997 0.0677890033 0.0162090007 0.183344007 0.0574040003 0.0114190001 0.194277003 0.077477999 0.015865 0.169510007 0.0723609999 0.0280760005 0.170956999 0.0740429983 0.0156360008 0.175267994 0.0229129996 0.0744789988 0.0720949993 0.0351670012 0.0754429996 0.0786919966 0.026424 0.066366002 0.063657999 0.026424 0.066366002 0.063657999 0.0420919992 0.0679609999 0.0723659992 0.0329070017 0.055319 0.0518239997 0.0609190017 0.0444770008 0.0538990013 0.0400910005 0.043494001 0.0407849997 0.0524020009 0.0556310005 0.0619099997 0.0400910005 0.043494001 0.0407849997 0.0609190017 0.0444770008 0.0538990013 0.0441440009 0.0350369997 0.0347039998 0.0441440009 0.0350369997 0.0347039998 0.0676760003 0.0351400003 0.0493699983 0.0493439995 0.0221779998 0.0282279998 0.0799430013 0.010791 0.0429009981 0.0536229983 0.0109120002 0.0250940006 0.0751570016 0.0220299996 0.0449009985 0.0809060037 -8.19999987e-05 0.0419880003 0.0549230017 -8.19999987e-05 0.0242989995 0.0799430013 0.010791 0.0429009981 -0.0499150008 0.064790003 0.0881170034 -0.0415470004 0.0742990002 0.0926119983 -0.0438150018 0.0636859983 0.0792030022 -0.0499150008 0.064790003 0.0881170034 -0.0438150018 0.0636859983 0.0792030022 -0.0592710003 0.0530029982 0.0834089965 0.00766499992 0.0741489977 0.0693939999 0.0229129996 0.0744789988 0.0720949993 0.0109799998 0.0642689988 0.0594789982 -0.0031320001 0.0735699981 0.0693619996 0.00766499992 0.0741489977 0.0693939999 -0.00284600002 0.0633319989 0.0595539995 -0.00284600002 0.0633319989 0.0595539995 0.0109799998 0.0642689988 0.0594789982 -0.00315800007 0.0534269996 0.0483199991 0.0329070017 0.055319 0.0518239997 0.014037 0.0538950004 0.0474880002 0.026424 0.066366002 0.063657999 0.014037 0.0538950004 0.0474880002 0.0329070017 0.055319 0.0518239997 0.01774 0.0445270017 0.037808001 0.01774 0.0445270017 0.037808001 -0.003363 0.0438850001 0.0388699993 0.014037 0.0538950004 0.0474880002 0.01774 0.0445270017 0.037808001 0.0400910005 0.043494001 0.0407849997 0.0209289994 0.0342309996 0.0300750006 0.0209289994 0.0342309996 0.0300750006 -0.00317799998 0.0317829996 0.0310960002 0.01774 0.0445270017 0.037808001 0.0250339992 0.0214430001 0.0240059998 -0.00327700004 0.0181740001 0.0265699998 0.0209289994 0.0342309996 0.0300750006 0.0209289994 0.0342309996 0.0300750006 0.0441440009 0.0350369997 0.0347039998 0.0250339992 0.0214430001 0.0240059998 0.0250339992 0.0214430001 0.0240059998 0.0493439995 0.0221779998 0.0282279998 0.027617 0.00848199986 0.0207620002 0.027617 0.00848199986 0.0207620002 0.0536229983 0.0109120002 0.0250940006 0.0286710002 -8.19999987e-05 0.0203499999 0.0286710002 -8.19999987e-05 0.0203499999 -0.00351199997 -8.19999987e-05 0.0251470003 0.027617 0.00848199986 0.0207620002 -0.0148870004 0.0731059983 0.0718460009 -0.0031320001 0.0735699981 0.0693619996 -0.0179719999 0.0633310005 0.0635899976 -0.0148870004 0.0731059983 0.0718460009 -0.0179719999 0.0633310005 0.0635899976 -0.0261359997 0.0726469979 0.076586999 -0.0261359997 0.0726469979 0.076586999 -0.0320059992 0.0631399974 0.0703329965 -0.0350430012 0.0737460032 0.0839570016 -0.0320059992 0.0631399974 0.0703329965 -0.0379879996 0.0535960011 0.0625860021 -0.0438150018 0.0636859983 0.0792030022 -0.0379879996 0.0535960011 0.0625860021 -0.0320059992 0.0631399974 0.0703329965 -0.0226119999 0.0533489995 0.0539360009 -0.0179719999 0.0633310005 0.0635899976 -0.00284600002 0.0633319989 0.0595539995 -0.0226119999 0.0533489995 0.0539360009 -0.0379879996 0.0535960011 0.0625860021 -0.0442730002 0.0434140004 0.0562600009 -0.0521310009 0.0523880012 0.0731969997 -0.0379879996 0.0535960011 0.0625860021 -0.0226119999 0.0533489995 0.0539360009 -0.0442730002 0.0434140004 0.0562600009 -0.003363 0.0438850001 0.0388699993 -0.0246590003 0.0429660007 0.0445730016 -0.00315800007 0.0534269996 0.0483199991 -0.0632190034 0.0377090015 0.0693840012 -0.0442730002 0.0434140004 0.0562600009 -0.0613289997 0.0284419991 0.0611229986 -0.0269520003 0.0319090001 0.0386179984 -0.0451730005 0.0321820006 0.0490459986 -0.0246590003 0.0429660007 0.0445730016 -0.00317799998 0.0317829996 0.0310960002 -0.0269520003 0.0319090001 0.0386179984 -0.003363 0.0438850001 0.0388699993 -0.0269520003 0.0319090001 0.0386179984 -0.00317799998 0.0317829996 0.0310960002 -0.0294400007 0.0182859991 0.0354960002 -0.0473450013 0.0176899992 0.0454109982 -0.0451730005 0.0321820006 0.0490459986 -0.0294400007 0.0182859991 0.0354960002 -0.0613289997 0.0284419991 0.0611229986 -0.0451730005 0.0321820006 0.0490459986 -0.0614349991 0.0175059997 0.0567829981 -0.0474120006 -8.19999987e-05 0.0441420004 -0.0618739985 -8.19999987e-05 0.0545639992 -0.0473450013 0.0176899992 0.0454109982 -0.0294400007 0.0182859991 0.0354960002 -0.0304579996 -8.19999987e-05 0.0348439999 -0.0473450013 0.0176899992 0.0454109982 -0.00156799995 0.0646969974 0.179579005 -0.00154700002 0.0659689978 0.176774994 -0.0217959993 0.0654650033 0.175399005 -0.0614209995 0.0628710017 0.147164002 -0.0433159992 0.065504998 0.164379001 -0.0589930005 0.0644119978 0.145765007 -0.0420380011 0.066519998 0.162024006 -0.0433159992 0.065504998 0.164379001 -0.0210900009 0.0670000017 0.172245994 -0.0217610002 0.0621609986 0.180002004 -0.0217959993 0.0654650033 0.175399005 -0.0322429985 0.0621000007 0.175092995 -0.0217959993 0.0654650033 0.175399005 -0.0217610002 0.0621609986 0.180002004 -0.00156799995 0.0646969974 0.179579005 -0.0645240024 0.0283860005 0.0630469993 -0.0613289997 0.0284419991 0.0611229986 -0.0642879978 0.0175359994 0.0582050011 -0.0613289997 0.0284419991 0.0611229986 -0.0645240024 0.0283860005 0.0630469993 -0.0632190034 0.0377090015 0.0693840012 -0.0632190034 0.0377090015 0.0693840012 -0.0655350015 0.0365279987 0.0699469969 -0.0653140023 0.0447090007 0.0801519975 -0.0653140023 0.0447090007 0.0801519975 -0.0678460002 0.0434359983 0.0803989992 -0.0685020015 0.0518169999 0.0973709971 -0.0709889978 0.0503540002 0.097616002 -0.0712400004 0.0550299995 0.111514002 -0.0685020015 0.0518169999 0.0973709971 -0.0673030019 0.059905 0.123334996 -0.068705 0.0564039983 0.111312002 -0.0702069998 0.0584929995 0.123923004 -0.0675500035 0.0610640012 0.135995001 -0.0653819963 0.0621929988 0.134509996 -0.0702069998 0.0584929995 0.123923004 -0.0685719997 0.0271760002 0.0674820021 -0.0645240024 0.0283860005 0.0630469993 -0.0683410019 0.0164260007 0.0624510013 -0.0692280009 0.03266 0.0720369965 -0.0655350015 0.0365279987 0.0699469969 -0.0685719997 0.0271760002 0.0674820021 -0.0719320029 0.0390819982 0.0822639987 -0.0678460002 0.0434359983 0.0803989992 -0.0692280009 0.03266 0.0720369965 -0.0745029971 0.0463999994 0.0988529995 -0.0709889978 0.0503540002 0.097616002 -0.0719320029 0.0390819982 0.0822639987 -0.0745029971 0.0463999994 0.0988529995 -0.0751549974 0.0498780012 0.112017997 -0.0709889978 0.0503540002 0.097616002 -0.0702069998 0.0584929995 0.123923004 -0.0712400004 0.0550299995 0.111514002 -0.0750230029 0.0538179986 0.124996997 -0.0614209995 0.0628710017 0.147164002 -0.0675500035 0.0610640012 0.135995001 -0.0648299977 0.0592899993 0.149335995 -0.00248400006 0.050590001 0.195610002 -0.00275700004 0.0424389988 0.201923996 0.014312 0.0494929999 0.195140004 -0.00163700001 0.0609569997 0.184444994 -0.00248400006 0.050590001 0.195610002 0.0134939998 0.0594410002 0.184827998 0.014312 0.0494929999 0.195140004 0.0302549992 0.0485409983 0.191386998 0.0134939998 0.0594410002 0.184827998 0.0302549992 0.0485409983 0.191386998 0.014312 0.0494929999 0.195140004 0.0302510001 0.04098 0.197449997 0.0414690003 0.0531239994 0.180681005 0.0301709995 0.0567630008 0.182779998 0.0398540013 0.0467379987 0.188315004 0.0398540013 0.0467379987 0.188315004 0.047603 0.043655999 0.185868993 0.0414690003 0.0531239994 0.180681005 0.047603 0.043655999 0.185868993 0.0573199987 0.0378910005 0.182429999 0.0488610007 0.0498949997 0.178672001 0.0675799996 0.0279799998 0.178037003 0.067791 0.0353339985 0.172092006 0.0573199987 0.0378910005 0.182429999 0.0302510001 0.04098 0.197449997 0.0343969986 0.0393140018 0.196756005 0.0302549992 0.0485409983 0.191386998 0.0458059981 0.0342149995 0.194056004 0.0547549985 0.0319220014 0.188739002 0.047603 0.043655999 0.185868993 -0.00248400006 0.050590001 0.195610002 -0.00163700001 0.0609569997 0.184444994 -0.0204060003 0.0503950007 0.193293005 -0.00275700004 0.0424389988 0.201923996 -0.00248400006 0.050590001 0.195610002 -0.0205630008 0.0417140014 0.199770004 -0.0571479984 0.0508969985 0.172236994 -0.0387680009 0.0501030013 0.186906993 -0.0473189987 0.0620569997 0.166514993 -0.0534290001 0.013878 0.197054997 -0.0357449986 0.0137139997 0.206288993 -0.0517890006 0.0274899993 0.194144994 0.0563849993 0.0209890008 0.192493007 0.0547549985 0.0319220014 0.188739002 0.0469500013 0.0238150004 0.198066995 0.0677890033 0.0162090007 0.183344007 0.0675799996 0.0279799998 0.178037003 0.0563849993 0.0209890008 0.192493007 0.0469500013 0.0238150004 0.198066995 0.0458059981 0.0342149995 0.194056004 0.0350780003 0.0302310009 0.201481 -0.0571479984 0.0508969985 0.172236994 -0.0708300024 0.0511920005 0.153117999 -0.0636000037 0.0405719988 0.176659003 -0.0821409971 0.0267249998 0.161017999 -0.0851219967 0.0132940002 0.162959993 -0.0682739988 0.0278130006 0.180157006 -0.0682739988 0.0278130006 0.180157006 -0.0701199993 0.0139859999 0.183264002 -0.0517890006 0.0274899993 0.194144994 -0.0870900005 0.026757 0.148397997 -0.081772998 0.0383309983 0.144869998 -0.0894870013 0.025618 0.129492 -0.0800099969 0.0463769995 0.126212001 -0.0764560029 0.0499049984 0.141341999 -0.0750230029 0.0538179986 0.124996997 -0.0752160028 0.0253500007 0.0759150013 -0.0685719997 0.0271760002 0.0674820021 -0.0748319998 0.0144469999 0.0698890015 -0.0808020011 0.0425070003 0.113330998 -0.0800099969 0.0463769995 0.126212001 -0.0751549974 0.0498780012 0.112017997 -0.0801320001 0.0381489992 0.100547001 -0.0808020011 0.0425070003 0.113330998 -0.0745029971 0.0463999994 0.0988529995 -0.0770360008 0.0316010006 0.0842740014 -0.0801320001 0.0381489992 0.100547001 -0.0719320029 0.0390819982 0.0822639987 -0.0752160028 0.0253500007 0.0759150013 -0.0770360008 0.0316010006 0.0842740014 -0.0692280009 0.03266 0.0720369965 -0.0849429965 0.0334380008 0.114683002 -0.0847479999 0.0359969996 0.127851993 -0.0808020011 0.0425070003 0.113330998 -0.087173 0.0217799991 0.102306001 -0.089083001 0.0243689995 0.116034999 -0.0836519971 0.029964 0.101426996 -0.0826990008 0.0182259995 0.0861819983 -0.087173 0.0217799991 0.102306001 -0.0798669979 0.0249140002 0.0852280036 -0.0770360008 0.0316010006 0.0842740014 -0.0752160028 0.0253500007 0.0759150013 -0.0798669979 0.0249140002 0.0852280036 -0.017221 0.0771860033 0.159437001 -0.0210900009 0.0670000017 0.172245994 -0.00210799999 0.072443001 0.167711005 -0.0205630008 0.0417140014 0.199770004 -0.0204060003 0.0503950007 0.193293005 -0.0319130011 0.0411179997 0.196902007 -0.047460001 0.0384499989 0.191295996 -0.0517890006 0.0274899993 0.194144994 -0.0380700007 0.0344009995 0.198332995 0.0875699967 0.0356569998 0.101058997 0.0804179981 0.0446380004 0.101476997 0.0671029985 0.0360240005 0.107956998 0.0670709983 0.044679001 0.111345999 0.0667809993 0.0415619984 0.109038003 0.0727329999 0.0533870012 0.103486001 0.0727329999 0.0533870012 0.103486001 0.0702890009 0.0561319999 0.106351003 0.0670709983 0.044679001 0.111345999 0.0671029985 0.0360240005 0.107956998 0.0673400015 0.0305499993 0.109153003 0.0875699967 0.0356569998 0.101058997 0.0674119964 0.0284829997 0.135267004 0.084792003 0.0253849998 0.141840994 0.066866003 0.0245430004 0.130974993 0.084792003 0.0253849998 0.141840994 0.0674119964 0.0284829997 0.135267004 0.0798679963 0.0343890004 0.145069003 0.0798679963 0.0343890004 0.145069003 0.0671320036 0.0352320001 0.137728006 0.0752220005 0.0426289998 0.144123003 0.0670889989 0.0443819985 0.134608001 0.0720459968 0.0483920015 0.140994996 0.0669749975 0.0403620005 0.136840999 0.0720459968 0.0483920015 0.140994996 0.0670889989 0.0443819985 0.134608001 0.068971999 0.0540250018 0.134197995 0.0672520027 0.0491859987 0.124467999 0.0685219988 0.0571720004 0.125148997 0.067148 0.047770001 0.130622 0.0673400015 0.0305499993 0.109153003 0.0671809986 0.0271140002 0.111658998 0.0949359983 0.0247070007 0.102096997 0.098402001 0.0176669993 0.104280002 0.0671809986 0.0271140002 0.111658998 0.0983610004 0.0151180001 0.107499003 0.0915300027 0.014579 0.125674993 0.0668670014 0.0226150006 0.125492007 0.0887190029 0.0179869998 0.134492993 0.0668670014 0.0226150006 0.125492007 0.0915300027 0.014579 0.125674993 0.0669030026 0.0225690007 0.119506001 0.0983610004 0.0151180001 0.107499003 0.0671010017 0.0243410002 0.114983998 0.0950689986 0.0141909998 0.115636997 0.0672520027 0.0491859987 0.124467999 0.0672260001 0.0489800014 0.119383 0.0685219988 0.0571720004 0.125148997 0.0702890009 0.0561319999 0.106351003 0.0692820027 0.0573620014 0.112163 0.0671389997 0.0476129986 0.114955999 -0.0636000037 0.0405719988 0.176659003 -0.047460001 0.0384499989 0.191295996 -0.0571479984 0.0508969985 0.172236994 0.102821 0.00714599993 0.101845004 0.100284003 0.0153729999 0.100588001 0.0983610004 0.0151180001 0.107499003 0.0954039991 0.0242410004 0.0944290012 0.0949359983 0.0247070007 0.102096997 0.100284003 0.0153729999 0.100588001 -0.0319130011 0.0411179997 0.196902007 -0.0387680009 0.0501030013 0.186906993 -0.0358499996 0.0390870012 0.196701005 -0.0675500035 0.0610640012 0.135995001 -0.0614209995 0.0628710017 0.147164002 -0.0653819963 0.0621929988 0.134509996 -0.0675500035 0.0610640012 0.135995001 -0.0702069998 0.0584929995 0.123923004 -0.0707900003 0.0569709986 0.138242006 -0.0764560029 0.0499049984 0.141341999 -0.081772998 0.0383309983 0.144869998 -0.0708300024 0.0511920005 0.153117999 -0.0764560029 0.0499049984 0.141341999 -0.0708300024 0.0511920005 0.153117999 -0.0707900003 0.0569709986 0.138242006 -0.0589930005 0.0644119978 0.145765007 -0.0459330007 0.0762429982 0.138528004 -0.0653819963 0.0621929988 0.134509996 0.0172499996 0.0139610004 0.211126 0.0159329996 0.027609 0.207931995 -0.00157299999 0.0138140004 0.212797001 0.0318539999 0.0140199997 0.207525 0.0312200002 0.0276570003 0.204009995 0.0172499996 0.0139610004 0.211126 -0.0221129991 0.0136430003 0.210555002 -0.00157299999 0.0138140004 0.212797001 -0.0208250005 0.0274810009 0.207383007 -0.0357449986 0.0137139997 0.206288993 -0.0221129991 0.0136430003 0.210555002 -0.0328360014 0.0271419995 0.203894004 -0.0534290001 0.013878 0.197054997 -0.0533530004 -8.19999987e-05 0.197389007 -0.0357449986 0.0137139997 0.206288993 -0.0851219967 0.0132940002 0.162959993 -0.0855299979 -8.19999987e-05 0.163451001 -0.0701199993 0.0139859999 0.183264002 -0.0701199993 0.0139859999 0.183264002 -0.069467999 -8.19999987e-05 0.183697999 -0.0534290001 0.013878 0.197054997 -0.0851219967 0.0132940002 0.162959993 -0.0821409971 0.0267249998 0.161017999 -0.090406999 0.0133330002 0.150608003 -0.0929170027 0.0128060002 0.130798995 -0.0894870013 0.025618 0.129492 -0.0923720002 0.0121259997 0.117190003 -0.0905190036 0.0108019998 0.103201002 -0.0923720002 0.0121259997 0.117190003 -0.087173 0.0217799991 0.102306001 -0.0851999968 0.00903400034 0.0865529999 -0.0905190036 0.0108019998 0.103201002 -0.0826990008 0.0182259995 0.0861819983 -0.090406999 0.0133330002 0.150608003 -0.0870900005 0.026757 0.148397997 -0.0929170027 0.0128060002 0.130798995 -0.0807259977 0.01174 0.0782210007 -0.0814549997 -8.19999987e-05 0.0777060017 -0.0851999968 0.00903400034 0.0865529999 -0.079667002 0.0217879992 0.0810490027 -0.0807259977 0.01174 0.0782210007 -0.0826990008 0.0182259995 0.0861819983 -0.0300389994 0.0812190026 0.0863239989 -0.0350430012 0.0737460032 0.0839570016 -0.0389610007 0.0790629983 0.095002003 -0.0592710003 0.0530029982 0.0834089965 -0.0521310009 0.0523880012 0.0731969997 -0.0630699992 0.0479639992 0.0814960003 -0.0473069996 0.0781159997 0.113347001 -0.04366 0.0796459988 0.104833998 -0.0503639989 0.0752179995 0.109808996 -0.0647080019 0.0600799993 0.109461002 -0.0660940036 0.0544640012 0.0979209989 -0.068705 0.0564039983 0.111312002 -0.0540650003 0.0722369999 0.118492 -0.0613140017 0.0649190024 0.115944996 -0.0529120006 0.0735879987 0.123565003 -0.0473069996 0.0781159997 0.113347001 -0.0503639989 0.0752179995 0.109808996 -0.0540650003 0.0722369999 0.118492 -0.0591540001 0.0668969974 0.111414 -0.0611819997 0.0641639978 0.107518002 -0.0613140017 0.0649190024 0.115944996 -0.04366 0.0796459988 0.104833998 -0.0389610007 0.0790629983 0.095002003 -0.0474420004 0.0764039978 0.103070997 -0.0660940036 0.0544640012 0.0979209989 -0.0630699992 0.0479639992 0.0814960003 -0.0685020015 0.0518169999 0.0973709971 0.0473800004 0.013142 0.200885996 0.0469500013 0.0238150004 0.198066995 0.0318539999 0.0140199997 0.207525 0.047603 0.043655999 0.185868993 0.0398540013 0.0467379987 0.188315004 0.0458059981 0.0342149995 0.194056004 -0.0636000037 0.0405719988 0.176659003 -0.0768940002 0.0388580002 0.157288 -0.0682739988 0.0278130006 0.180157006 -0.0682739988 0.0278130006 0.180157006 -0.0517890006 0.0274899993 0.194144994 -0.0636000037 0.0405719988 0.176659003 -0.0847479999 0.0359969996 0.127851993 -0.081772998 0.0383309983 0.144869998 -0.0800099969 0.0463769995 0.126212001 -0.0849429965 0.0334380008 0.114683002 -0.089083001 0.0243689995 0.116034999 -0.0847479999 0.0359969996 0.127851993 -0.0836519971 0.029964 0.101426996 -0.0849429965 0.0334380008 0.114683002 -0.0801320001 0.0381489992 0.100547001 -0.0798669979 0.0249140002 0.0852280036 -0.0836519971 0.029964 0.101426996 -0.0770360008 0.0316010006 0.0842740014 -0.081772998 0.0383309983 0.144869998 -0.0870900005 0.026757 0.148397997 -0.0768940002 0.0388580002 0.157288 -0.0322429985 0.0621000007 0.175092995 -0.0387680009 0.0501030013 0.186906993 -0.0217610002 0.0621609986 0.180002004 -0.0807259977 0.01174 0.0782210007 -0.079667002 0.0217879992 0.0810490027 -0.0748319998 0.0144469999 0.0698890015 0.0918119997 0.0121360002 0.0673580021 0.0945010036 0.0121360002 0.0673580021 0.0936010033 0.00609599985 0.0671700016 0.0911789984 0.0128140002 0.0667250007 0.0938680023 0.0129039995 0.0667250007 0.0918119997 0.0121360002 0.0673580021 0.090797998 0.0124639999 0.065591 0.093487002 0.0127440002 0.065591 0.0911789984 0.0128140002 0.0667250007 0.0912050009 0.00474599982 0.0617539994 0.091196999 -8.19999987e-05 0.0612410009 0.0934699997 0.00474599982 0.0617539994 0.0908769965 0.00913599972 0.0633969977 0.0935660005 0.00924200006 0.0632359982 0.090797998 0.0124639999 0.065591 0.0908769965 0.00913599972 0.0633969977 0.0912050009 0.00474599982 0.0617539994 0.0935660005 0.00924200006 0.0632359982 -0.0473189987 0.0620569997 0.166514993 -0.0648299977 0.0592899993 0.149335995 -0.0571479984 0.0508969985 0.172236994 -0.0433159992 0.065504998 0.164379001 -0.0614209995 0.0628710017 0.147164002 -0.0473189987 0.0620569997 0.166514993 0.00932800025 0.0897179991 0.138486996 -0.00149000005 0.0899079964 0.140389994 0.00976200029 0.0921270028 0.139593005 0.0167900007 0.0893030018 0.133937001 0.00932800025 0.0897179991 0.138486996 0.0175119992 0.0916960016 0.134866998 0.0224590003 0.0887209997 0.127937004 0.0167900007 0.0893030018 0.133937001 0.0233999994 0.0910919979 0.128635004 0.0266890004 0.0879179984 0.118052997 0.0224590003 0.0887209997 0.127937004 0.0277939998 0.0902580023 0.118368 0.0270780008 0.0870169997 0.108409002 0.0266890004 0.0879179984 0.118052997 0.028198 0.0893220007 0.108351 0.0244399998 0.0859289989 0.0983019993 0.0270780008 0.0870169997 0.108409002 0.0254580006 0.088192001 0.0978529975 0.0195569992 0.0852740034 0.0915850028 0.0244399998 0.0859289989 0.0983019993 0.0203859992 0.087511003 0.0908759981 -0.0108040003 0.0897430032 0.139294997 -0.0111499997 0.0921540037 0.140432 -0.00149000005 0.0899079964 0.140389994 -0.0206259992 0.0892179981 0.134021997 -0.0213510003 0.0916080028 0.134956002 -0.0108040003 0.0897430032 0.139294997 -0.0270920005 0.0885249972 0.126815006 -0.0280680005 0.090888001 0.127470002 -0.0206259992 0.0892179981 0.134021997 -0.0307030007 0.0874280035 0.116341002 -0.0318190008 0.089749001 0.116590001 -0.0270920005 0.0885249972 0.126815006 -0.0310030002 0.0867709965 0.108438 -0.0321299993 0.0890669972 0.108382002 -0.0307030007 0.0874280035 0.116341002 -0.0285490006 0.0859130025 0.0997359976 -0.0295819994 0.0881749988 0.0993430018 -0.0310030002 0.0867709965 0.108438 -0.0233999994 0.085092999 0.0918620005 -0.0242330004 0.0873230025 0.091163002 -0.0285490006 0.0859130025 0.0997359976 -0.0180469994 0.0847110003 0.0876469985 -0.0186730009 0.0869259983 0.0867860019 -0.0233999994 0.085092999 0.0918620005 -0.0104210004 0.084344998 0.0839999989 -0.0107519999 0.0865459964 0.0829980001 -0.0180469994 0.0847110003 0.0876469985 -0.00173500006 0.0842079967 0.0825380012 -0.00173000002 0.0864040032 0.0814779997 -0.0104210004 0.084344998 0.0839999989 -0.00173500006 0.0842079967 0.0825380012 0.00581800006 0.0843430012 0.0834219977 -0.00173000002 0.0864040032 0.0814779997 0.00581800006 0.0843430012 0.0834219977 0.0143510001 0.0847340003 0.0868949965 0.006116 0.0865439996 0.082396999 0.0143510001 0.0847340003 0.0868949965 0.0195569992 0.0852740034 0.0915850028 0.0149790002 0.0869499967 0.0860050023 0.0721419975 0.00223800004 0.176661998 0.0737949982 0.00327700004 0.174355 0.0746840015 0.00229700003 0.176774994 0.0737949982 0.00327700004 0.174355 0.0751120001 0.0021879999 0.171696007 0.0762220025 0.00334700011 0.174454004 0.0751120001 0.0021879999 0.171696007 0.0756480023 -8.19999987e-05 0.170866996 0.0779749975 0.00223400001 0.171627998 0.0737949982 0.00327700004 0.174355 0.0735569969 -8.19999987e-05 0.174261004 0.0751120001 0.0021879999 0.171696007 0.0886429995 -8.19999987e-05 0.142362997 0.0928689986 -8.19999987e-05 0.125168994 0.0885910019 0.00725500006 0.142107993 0.0849699974 -8.19999987e-05 0.154043004 0.0845659971 0.00837699976 0.154532 0.0819189996 -8.19999987e-05 0.161622003 0.096559003 -8.19999987e-05 0.115906 0.103427 -8.19999987e-05 0.101801999 0.0965420008 0.00713399984 0.115534 0.102595001 -8.19999987e-05 0.0853750035 0.102187999 0.00564200012 0.0854170024 0.104106002 -8.19999987e-05 0.0938529968 0.102595001 -8.19999987e-05 0.0853750035 0.0987079963 -8.19999987e-05 0.0725400001 0.102187999 0.00564200012 0.0854170024 0.104106002 -8.19999987e-05 0.0938529968 0.103643 0.00614400022 0.0938789994 0.103427 -8.19999987e-05 0.101801999 0.0914139971 -8.19999987e-05 0.0568609983 0.0809060037 -8.19999987e-05 0.0419880003 0.091054 0.00646599988 0.0571330003 0.0786110014 -8.19999987e-05 0.170790002 0.078629002 -8.19999987e-05 0.170759007 0.0779749975 0.00223400001 0.171627998 0.0181079991 -8.19999987e-05 0.211583003 0.0172499996 0.0139610004 0.211126 -0.00121899997 -8.19999987e-05 0.213339999 0.0316249989 -8.19999987e-05 0.208297998 0.0318539999 0.0140199997 0.207525 0.0181079991 -8.19999987e-05 0.211583003 0.0478500016 -8.19999987e-05 0.201550007 0.0473800004 0.013142 0.200885996 0.0316249989 -8.19999987e-05 0.208297998 0.0585540012 -8.19999987e-05 0.194499001 0.0574040003 0.0114190001 0.194277003 0.0478500016 -8.19999987e-05 0.201550007 -0.0304579996 -8.19999987e-05 0.0348439999 -0.0294400007 0.0182859991 0.0354960002 -0.00351199997 -8.19999987e-05 0.0251470003 -0.0618739985 -8.19999987e-05 0.0545639992 -0.0647540018 -8.19999987e-05 0.0562480018 -0.0614349991 0.0175059997 0.0567829981 -0.0690060034 -8.19999987e-05 0.0607840009 -0.0683410019 0.0164260007 0.0624510013 -0.0647540018 -8.19999987e-05 0.0562480018 -0.0227249991 -8.19999987e-05 0.210622996 -0.00121899997 -8.19999987e-05 0.213339999 -0.0221129991 0.0136430003 0.210555002 -0.036208 -8.19999987e-05 0.206520006 -0.0227249991 -8.19999987e-05 0.210622996 -0.0357449986 0.0137139997 0.206288993 -0.0855299979 -8.19999987e-05 0.163451001 -0.0851219967 0.0132940002 0.162959993 -0.091587998 -8.19999987e-05 0.151419997 -0.0756440014 -8.19999987e-05 0.0684880018 -0.0748319998 0.0144469999 0.0698890015 -0.0690060034 -8.19999987e-05 0.0607840009 -0.0939939991 -8.19999987e-05 0.131468996 -0.0929170027 0.0128060002 0.130798995 -0.0934650004 -8.19999987e-05 0.117693 -0.0934650004 -8.19999987e-05 0.117693 -0.0923720002 0.0121259997 0.117190003 -0.0913819969 -8.19999987e-05 0.104089998 -0.0913819969 -8.19999987e-05 0.104089998 -0.0905190036 0.0108019998 0.103201002 -0.0858459994 -8.19999987e-05 0.086920999 -0.091587998 -8.19999987e-05 0.151419997 -0.090406999 0.0133330002 0.150608003 -0.0939939991 -8.19999987e-05 0.131468996 -0.0814549997 -8.19999987e-05 0.0777060017 -0.0807259977 0.01174 0.0782210007 -0.0756440014 -8.19999987e-05 0.0684880018 0.096593 -8.19999987e-05 0.0670379996 0.0941160023 -8.19999987e-05 0.0671259984 0.0961199999 0.00609599985 0.0671700016 0.0714609995 -8.19999987e-05 0.177507997 0.0721419975 0.00223800004 0.176661998 0.0739839971 -8.19999987e-05 0.177704006 0.0714609995 -8.19999987e-05 0.177507997 0.0735569969 -8.19999987e-05 0.174261004 0.0721419975 0.00223800004 0.176661998 -0.000843000016 -0.0258889999 0.0320609994 -0.000843000016 0 0.0320609994 -0.0178059991 -0.0258889999 0.0350989997 0.0160099994 -0.0258889999 0.0320609994 0.0160099994 0 0.0320609994 -0.000843000016 -0.0258889999 0.0320609994 -0.0178059991 0 0.0350989997 -0.000843000016 0 0.0320609994 -0.0178059991 0.0258900002 0.0350989997 -0.000843000016 0 0.0320609994 0.0160099994 0 0.0320609994 -0.000843000016 0.0258900002 0.0320609994 </float_array>
          <technique_common>
            <accessor count="4698" offset="0" source="#shiny_white-positions-array" stride="3">
              <param name="X" type="float" />
              <param name="Y" type="float" />
              <param name="Z" type="float" />
            </accessor>
          </technique_common>
        </source>
        <source id="shiny_white-normals" name="shiny_white-normals">
          <float_array id="shiny_white-normals-array" count="14094"> 0.740348995 -0.521988988 0.423536003 0.953580976 -0.183142006 0.238899007 0.913815975 -0.110935003 0.390666991 0.953580976 -0.183142006 0.238899007 0.910672009 -0.395794988 0.118320003 0.928587019 -0.367504001 -0.0513320006 0.914395988 -0.173466995 0.365702987 0.913815975 -0.110935003 0.390666991 0.950285017 -0.0825529993 0.300179988 0.950285017 -0.0825529993 0.300179988 0.957975984 -0.0972620025 0.269784003 0.94729501 -0.175512001 0.267922014 0.957975984 -0.0972620025 0.269784003 0.910915971 -0.253517002 0.325419009 0.915737987 -0.271950006 0.295632988 0.836573005 -0.423687994 0.347270012 0.850306988 -0.429639995 0.303873003 0.915737987 -0.271950006 0.295632988 0.788902998 -0.536698997 0.299203008 0.850306988 -0.429639995 0.303873003 0.836573005 -0.423687994 0.347270012 0.69502902 -0.710165977 0.112002999 0.72646302 -0.674520016 0.131320998 0.727256 -0.656911016 0.198827997 0.69502902 -0.710165977 0.112002999 0.692800999 -0.720602989 -0.0264599994 0.719016016 -0.694967985 0.000153000001 0.719016016 -0.694967985 0.000153000001 0.692800999 -0.720602989 -0.0264599994 0.69304502 -0.716818988 -0.0764790028 0.740898013 -0.658649981 -0.131259993 0.784844995 -0.603137016 -0.142064005 0.798029006 -0.600023985 -0.0552689992 0.847926021 -0.529282987 0.0288709998 0.805597007 -0.591387987 -0.0351569988 0.798029006 -0.600023985 -0.0552689992 0.724174023 -0.686910987 -0.06061 0.708090007 -0.704671979 -0.0451060012 0.69304502 -0.716818988 -0.0764790028 0.734184027 -0.62352401 0.268563002 0.651661992 -0.67455101 0.34681201 0.665333986 -0.702413976 0.252784997 0.950285017 -0.0825529993 0.300179988 0.913815975 -0.110935003 0.390666991 0.915859997 0 0.401439995 0.910915971 -0.253517002 0.325419009 0.957975984 -0.0972620025 0.269784003 0.937590003 -0.0995820016 0.33307901 0.914395988 -0.169194996 -0.367718011 0.931882977 -0.161167994 -0.324930996 0.887233973 -0.344859004 -0.306313992 0.843043029 -0.508957028 -0.173772007 0.784844995 -0.603137016 -0.142064005 0.739952028 -0.60026902 -0.303445995 0.69017601 -0.660390019 -0.29578501 0.739952028 -0.60026902 -0.303445995 0.784844995 -0.603137016 -0.142064005 0.692800999 -0.720602989 -0.0264599994 0.69502902 -0.710165977 0.112002999 0.634631991 -0.76442802 0.113163002 0.639850974 -0.751823008 -0.159000993 0.69304502 -0.716818988 -0.0764790028 0.692800999 -0.720602989 -0.0264599994 0.0063169999 -0.87856698 0.477553993 0.177067995 -0.887233973 0.425947011 0.221107006 -0.777917027 0.588153005 0.221107006 -0.777917027 0.588153005 0.177067995 -0.887233973 0.425947011 0.297098011 -0.897274971 0.326487005 0.37845999 -0.905148029 0.193396002 0.297098011 -0.897274971 0.326487005 0.192633003 -0.968901992 0.155277997 0.575120986 -0.811730981 0.101291001 0.507888973 -0.799920976 0.319528997 0.37845999 -0.905148029 0.193396002 0.561052024 -0.82091701 -0.106174 0.575120986 -0.811730981 0.101291001 0.404309005 -0.914211988 0.0265820008 0.383038014 -0.915341973 -0.124118999 0.246650994 -0.961058021 -0.124453999 0.197789997 -0.961637974 -0.189916998 0.265785992 -0.890712976 -0.368694007 0.331400007 -0.910580993 -0.246895 0.197789997 -0.961637974 -0.189916998 -0.113834001 -0.959074974 0.259223998 0.00766000012 -0.962188005 0.272163987 0.0063169999 -0.87856698 0.477553993 -0.215124995 -0.760033011 0.613207996 -0.414990991 -0.773918986 0.478316993 -0.319894999 -0.886227012 0.335002005 -0.319894999 -0.886227012 0.335002005 -0.430707991 -0.884548008 0.178899005 -0.284494013 -0.955626011 0.0762659982 -0.564652979 -0.778007984 0.275368989 -0.655354023 -0.754661977 0.0310069993 -0.485397011 -0.874264002 0.00253299996 -0.485397011 -0.874264002 0.00253299996 -0.520340979 -0.837764025 -0.165409997 -0.330363005 -0.934507012 -0.132237002 -0.520340979 -0.837764025 -0.165409997 -0.503494024 -0.795617998 -0.336802006 -0.325266004 -0.912656009 -0.247413993 -0.503494024 -0.795617998 -0.336802006 -0.666676998 -0.606921971 -0.432599992 -0.548569977 -0.595903993 -0.58644402 -0.429823011 -0.764397025 -0.48051399 -0.548569977 -0.595903993 -0.58644402 -0.413953006 -0.569688976 -0.709951997 -0.317025989 -0.749137998 -0.58159101 -0.413953006 -0.569688976 -0.709951997 -0.245552003 -0.575609982 -0.779962003 -0.183050007 -0.746055007 -0.640217006 -0.245552003 -0.575609982 -0.779962003 -0.0708329976 -0.610553026 -0.788780987 0.0888699964 -0.795404017 -0.599506021 0.0753810033 -0.895290971 -0.438977987 -0.0216680001 -0.875972986 -0.481826007 0.0888699964 -0.795404017 -0.599506021 0.0948819965 -0.649555981 -0.754325986 0.227789998 -0.720449984 -0.654987991 0.265785992 -0.890712976 -0.368694007 0.172765002 -0.951170027 -0.255683988 0.139317006 -0.923429012 -0.357555002 0.561052024 -0.82091701 -0.106174 0.636250019 -0.768333972 -0.0693989992 0.634631991 -0.76442802 0.113163002 0.928587019 -0.367504001 -0.0513320006 0.848810971 -0.526260972 -0.050294999 0.843043029 -0.508957028 -0.173772007 0.843043029 -0.508957028 -0.173772007 0.816187024 -0.495193005 -0.297616988 0.887233973 -0.344859004 -0.306313992 0.763297975 -0.644429028 -0.0451669991 0.724174023 -0.686910987 -0.06061 0.757591009 -0.649830997 -0.0610679984 0.632435024 -0.713675022 -0.301126003 0.69017601 -0.660390019 -0.29578501 0.740898013 -0.658649981 -0.131259993 0.704702973 -0.698050022 -0.126803994 0.69304502 -0.716818988 -0.0764790028 0.639850974 -0.751823008 -0.159000993 0.910915971 -0.253517002 0.325419009 0.898281991 -0.244178995 0.365215003 0.834985971 -0.393077999 0.38499099 0.743430972 -0.545915008 0.386334002 0.746451974 -0.571916997 0.340128988 0.836573005 -0.423687994 0.347270012 0.635823011 -0.650380015 0.415571004 0.529801011 -0.710775971 0.462630004 0.552110016 -0.727500021 0.407299995 0.288217008 -0.774986982 0.562394977 0.285623014 -0.777947009 0.559587002 0.429304004 -0.760613024 0.486923009 0.135013998 -0.790551007 0.59730798 0.146213993 -0.790551007 0.59465301 -0.00338799995 -0.80993098 0.586474001 0.146213993 -0.790551007 0.59465301 0.135013998 -0.790551007 0.59730798 0.285623014 -0.777947009 0.559587002 0.529801011 -0.710775971 0.462630004 0.427044988 -0.749046028 0.50642401 0.429304004 -0.760613024 0.486923009 0.734184027 -0.62352401 0.268563002 0.788902998 -0.536698997 0.299203008 0.746451974 -0.571916997 0.340128988 0.746451974 -0.571916997 0.340128988 0.743430972 -0.545915008 0.386334002 0.635823011 -0.650380015 0.415571004 0.757591009 -0.649830997 -0.0610679984 0.798029006 -0.600023985 -0.0552689992 0.805597007 -0.591387987 -0.0351569988 0.848810971 -0.526260972 -0.050294999 0.798029006 -0.600023985 -0.0552689992 0.784844995 -0.603137016 -0.142064005 0.928587019 -0.367504001 -0.0513320006 0.910672009 -0.395794988 0.118320003 0.848810971 -0.526260972 -0.050294999 0.704702973 -0.698050022 -0.126803994 0.740898013 -0.658649981 -0.131259993 0.757591009 -0.649830997 -0.0610679984 0.561052024 -0.82091701 -0.106174 0.474929005 -0.824945986 -0.306374997 0.537308991 -0.787957013 -0.300577015 0.665333986 -0.702413976 0.252784997 0.573198974 -0.761376023 0.302805007 0.634631991 -0.76442802 0.113163002 0.573198974 -0.761376023 0.302805007 0.507888973 -0.799920976 0.319528997 0.575120986 -0.811730981 0.101291001 0.665333986 -0.702413976 0.252784997 0.651661992 -0.67455101 0.34681201 0.552110016 -0.727500021 0.407299995 -0.019196 -0.794701993 0.606647015 -0.0160530005 -0.753807008 0.656880021 0.154636994 -0.768395007 0.620959997 0.154636994 -0.768395007 0.620959997 -0.0160530005 -0.753807008 0.656880021 -0.00210599997 -0.757439017 0.652851999 0.154636994 -0.768395007 0.620959997 0.322916001 -0.773553014 0.545243979 0.285623014 -0.777947009 0.559587002 0.322916001 -0.773553014 0.545243979 0.154636994 -0.768395007 0.620959997 0.221107006 -0.777917027 0.588153005 0.322916001 -0.773553014 0.545243979 0.467848986 -0.769738019 0.434217006 0.429304004 -0.760613024 0.486923009 0.467848986 -0.769738019 0.434217006 0.322916001 -0.773553014 0.545243979 0.382396996 -0.789636016 0.479781002 0.467848986 -0.769738019 0.434217006 0.573198974 -0.761376023 0.302805007 0.552110016 -0.727500021 0.407299995 0.467848986 -0.769738019 0.434217006 0.507888973 -0.799920976 0.319528997 0.573198974 -0.761376023 0.302805007 0.937590003 -0.0995820016 0.33307901 0.925413013 -0.0926539972 0.367412001 0.898281991 -0.244178995 0.365215003 0.941343009 0 0.337352008 0.937590003 -0.0995820016 0.33307901 0.957975984 -0.0972620025 0.269784003 -0.666676998 -0.606921971 -0.432599992 -0.676229 -0.561295986 -0.477095991 -0.548569977 -0.595903993 -0.58644402 -0.548569977 -0.595903993 -0.58644402 -0.529038012 -0.631030977 -0.567339003 -0.396587998 -0.610004008 -0.685965002 -0.413953006 -0.569688976 -0.709951997 -0.396587998 -0.610004008 -0.685965002 -0.259254992 -0.608295023 -0.750145018 0.0487079993 -0.67058301 -0.740225971 0.0948819965 -0.649555981 -0.754325986 -0.0708329976 -0.610553026 -0.788780987 -0.108188003 -0.631061971 -0.768119991 -0.0708329976 -0.610553026 -0.788780987 -0.245552003 -0.575609982 -0.779962003 0.0487079993 -0.67058301 -0.740225971 0.198706001 -0.730674028 -0.653127015 0.227789998 -0.720449984 -0.654987991 0.198706001 -0.730674028 -0.653127015 0.370799989 -0.77275902 -0.515091002 0.359690994 -0.793298006 -0.491165012 0.370799989 -0.77275902 -0.515091002 0.537308991 -0.787957013 -0.300577015 0.474929005 -0.824945986 -0.306374997 -0.0160530005 -0.753807008 0.656880021 -0.191778004 -0.766960979 0.612322986 -0.215124995 -0.760033011 0.613207996 -0.393536001 -0.773064017 0.497420996 -0.414990991 -0.773918986 0.478316993 -0.215124995 -0.760033011 0.613207996 -0.564652979 -0.778007984 0.275368989 -0.414990991 -0.773918986 0.478316993 -0.393536001 -0.773064017 0.497420996 -0.655354023 -0.754661977 0.0310069993 -0.564652979 -0.778007984 0.275368989 -0.556016982 -0.778465986 0.291207999 -0.391705006 -0.787407994 0.475906014 -0.553453028 -0.783592999 0.282234997 -0.556016982 -0.778465986 0.291207999 -0.180395007 -0.796289027 0.577349007 -0.391705006 -0.787407994 0.475906014 -0.393536001 -0.773064017 0.497420996 -0.0160530005 -0.753807008 0.656880021 -0.019196 -0.794701993 0.606647015 -0.191778004 -0.766960979 0.612322986 -0.661306024 -0.748772025 0.0442520007 -0.642139971 -0.762260973 0.0812399983 -0.698903978 -0.711875021 -0.0684219971 -0.684590995 -0.698202014 -0.209356993 -0.655354023 -0.754661977 0.0310069993 -0.69649303 -0.711844027 -0.090121001 -0.828607976 -0.507981002 -0.235205993 -0.906095028 -0.30884701 -0.289041013 -0.874996006 -0.394024014 -0.281197995 -0.818292975 -0.538407981 -0.201177999 -0.790489972 -0.605639994 -0.0908230022 -0.787011027 -0.604785025 -0.121676996 -0.687735021 -0.725821972 0.0129399998 -0.683705986 -0.729575992 -0.0152899995 -0.73931098 -0.671711981 -0.0465410016 -0.69481498 -0.700949013 -0.160924003 -0.711905003 -0.661641002 -0.235266998 -0.514634013 -0.818628013 -0.254830003 -0.711905003 -0.661641002 -0.235266998 -0.69481498 -0.700949013 -0.160924003 -0.818292975 -0.538407981 -0.201177999 -0.69649303 -0.711844027 -0.090121001 -0.655354023 -0.754661977 0.0310069993 -0.661306024 -0.748772025 0.0442520007 -0.700949013 -0.707755029 -0.0880149975 -0.698903978 -0.711875021 -0.0684219971 -0.712943017 -0.677725017 -0.179906994 -0.69481498 -0.700949013 -0.160924003 -0.703360021 -0.71062398 -0.016144 -0.790489972 -0.605639994 -0.0908230022 -0.566789985 -0.79876101 -0.201727003 -0.628436983 -0.774223983 -0.075044997 -0.703360021 -0.71062398 -0.016144 -0.75426501 -0.656208992 -0.0210880004 -0.790489972 -0.605639994 -0.0908230022 -0.703360021 -0.71062398 -0.016144 -0.703360021 -0.71062398 -0.016144 -0.628436983 -0.774223983 -0.075044997 -0.687735021 -0.725821972 0.0129399998 -0.666676998 -0.606921971 -0.432599992 -0.684590995 -0.698202014 -0.209356993 -0.714681983 -0.648213029 -0.262672991 -0.000677999982 -0.355423987 -0.934705019 -0.000677999982 -0.355423987 -0.934705019 -0.000677999982 -0.355423987 -0.934705019 0.0437330008 -0.369549006 -0.928158998 -0.000518999994 -0.355937004 -0.934476972 0.00344899995 -0.355082989 -0.934812009 0.0456250012 -0.376354009 -0.925320983 0.00839299988 -0.433270991 -0.901211977 0.0154419998 -0.428876996 -0.903195024 0.177067995 -0.887233973 0.425947011 0.0063169999 -0.87856698 0.477553993 0.00766000012 -0.962188005 0.272163987 0.297098011 -0.897274971 0.326487005 0.177067995 -0.887233973 0.425947011 0.113651 -0.964506984 0.238288999 0.297098011 -0.897274971 0.326487005 0.37845999 -0.905148029 0.193396002 0.507888973 -0.799920976 0.319528997 0.404309005 -0.914211988 0.0265820008 0.37845999 -0.905148029 0.193396002 0.232398003 -0.969938993 0.0719320029 0.383038014 -0.915341973 -0.124118999 0.404309005 -0.914211988 0.0265820008 0.246864006 -0.968595982 -0.0290539991 0.561052024 -0.82091701 -0.106174 0.383038014 -0.915341973 -0.124118999 0.331400007 -0.910580993 -0.246895 0.331400007 -0.910580993 -0.246895 0.265785992 -0.890712976 -0.368694007 0.359690994 -0.793298006 -0.491165012 -0.171299994 -0.878445029 0.446027994 0.0063169999 -0.87856698 0.477553993 -0.00210599997 -0.757439017 0.652851999 -0.171299994 -0.878445029 0.446027994 -0.319894999 -0.886227012 0.335002005 -0.210272998 -0.960753024 0.180852994 -0.430707991 -0.884548008 0.178899005 -0.319894999 -0.886227012 0.335002005 -0.414990991 -0.773918986 0.478316993 -0.430707991 -0.884548008 0.178899005 -0.485397011 -0.874264002 0.00253299996 -0.291725993 -0.956084013 -0.0280159991 -0.520340979 -0.837764025 -0.165409997 -0.485397011 -0.874264002 0.00253299996 -0.655354023 -0.754661977 0.0310069993 -0.503494024 -0.795617998 -0.336802006 -0.520340979 -0.837764025 -0.165409997 -0.684590995 -0.698202014 -0.209356993 -0.503494024 -0.795617998 -0.336802006 -0.429823011 -0.764397025 -0.48051399 -0.28479901 -0.889949977 -0.356151015 -0.28479901 -0.889949977 -0.356151015 -0.429823011 -0.764397025 -0.48051399 -0.317025989 -0.749137998 -0.58159101 -0.183050007 -0.746055007 -0.640217006 -0.128056005 -0.868342996 -0.479079992 -0.209021002 -0.878902972 -0.42869401 -0.128056005 -0.868342996 -0.479079992 -0.183050007 -0.746055007 -0.640217006 -0.0412309989 -0.763207018 -0.644795001 0.0948819965 -0.649555981 -0.754325986 0.0888699964 -0.795404017 -0.599506021 -0.0412309989 -0.763207018 -0.644795001 0.0753810033 -0.895290971 -0.438977987 0.0888699964 -0.795404017 -0.599506021 0.195714995 -0.841121018 -0.504166007 0.359690994 -0.793298006 -0.491165012 0.265785992 -0.890712976 -0.368694007 0.195714995 -0.841121018 -0.504166007 0.887233973 -0.344859004 -0.306313992 0.816187024 -0.495193005 -0.297616988 0.840358019 -0.423566014 -0.338176012 0.739250004 -0.497878999 -0.453382999 0.816187024 -0.495193005 -0.297616988 0.739952028 -0.60026902 -0.303445995 0.828547001 -0.399304003 -0.392407 0.840358019 -0.423566014 -0.338176012 0.816187024 -0.495193005 -0.297616988 0.862452984 -0.248359993 -0.440961987 0.828547001 -0.399304003 -0.392407 0.805261016 -0.333200991 -0.490370989 0.912168026 -0.350383013 -0.212469995 0.960813999 -0.153690994 -0.230566993 0.983519971 -0.174870998 -0.045198001 0.931882977 -0.161167994 -0.324930996 0.960813999 -0.153690994 -0.230566993 0.912168026 -0.350383013 -0.212469995 0.931882977 -0.161167994 -0.324930996 0.914395988 -0.169194996 -0.367718011 0.930447996 0 -0.366374999 0.847742975 -0.152013004 -0.508103013 0.893276989 -0.0976900011 -0.43867299 0.862452984 -0.248359993 -0.440961987 0.893276989 -0.0976900011 -0.43867299 0.847742975 -0.152013004 -0.508103013 0.856074989 0 -0.516799986 0.847742975 -0.152013004 -0.508103013 0.805261016 -0.333200991 -0.490370989 0.677725017 -0.255317986 -0.689535022 0.739250004 -0.497878999 -0.453382999 0.606311023 -0.462844014 -0.646625996 0.677725017 -0.255317986 -0.689535022 0.606311023 -0.462844014 -0.646625996 0.739250004 -0.497878999 -0.453382999 0.556383014 -0.598955989 -0.575883985 0.739250004 -0.497878999 -0.453382999 0.805261016 -0.333200991 -0.490370989 0.828547001 -0.399304003 -0.392407 0.556383014 -0.598955989 -0.575883985 0.739952028 -0.60026902 -0.303445995 0.69017601 -0.660390019 -0.29578501 0.632435024 -0.713675022 -0.301126003 0.432722002 -0.74217999 -0.511704028 0.497878999 -0.681142986 -0.536759973 0.558915973 -0.766411006 -0.316477001 0.537308991 -0.787957013 -0.300577015 0.370799989 -0.77275902 -0.515091002 0.558915973 -0.766411006 -0.316477001 0.381024003 -0.772239983 -0.508346975 0.432722002 -0.74217999 -0.511704028 0.537308991 -0.787957013 -0.300577015 0.558915973 -0.766411006 -0.316477001 0.639850974 -0.751823008 -0.159000993 0.639850974 -0.751823008 -0.159000993 0.558915973 -0.766411006 -0.316477001 0.632435024 -0.713675022 -0.301126003 0.0318000019 -0.910305977 0.412701994 0.0167549998 -0.910153985 0.413922995 0.157781005 -0.899013996 0.408459991 0.156163007 -0.900753975 0.405194014 0.157781005 -0.899013996 0.408459991 0.267190009 -0.898555994 0.348093987 0.403820992 -0.869593978 0.284036011 0.391766012 -0.873866975 0.28779 0.279031008 -0.898495018 0.338847011 0.513900995 -0.826044023 0.231361002 0.391766012 -0.873866975 0.28779 0.403820992 -0.869593978 0.284036011 0.629902005 -0.739982009 0.235754997 0.513900995 -0.826044023 0.231361002 0.520096004 -0.822839975 0.228827998 0.767907023 -0.603290021 0.215216994 0.629902005 -0.739982009 0.235754997 0.637287021 -0.732474983 0.239326 0.873287022 -0.457929999 0.166112006 0.880764008 -0.443006992 0.167241007 0.767907023 -0.603290021 0.215216994 0.880764008 -0.443006992 0.167241007 0.873287022 -0.457929999 0.166112006 0.944913983 -0.269295007 0.185888007 0.980041027 -0.098269999 0.172765002 0.980682015 -0.0923490003 0.172307998 0.951017976 -0.245612994 0.187536001 0.987091005 0 0.160008997 0.987518013 0 0.157352999 0.980682015 -0.0923490003 0.172307998 0.875729024 -0.0948209986 0.473342001 0.888271987 -0.0870689973 0.45094201 0.899776995 0 0.436293006 0.82931 -0.096254997 0.550400972 0.84316498 -0.0424510017 0.535965979 0.804558992 -0.0355850011 0.59276098 0.751700997 0 0.659474015 0.738669991 -0.103670999 0.666005015 0.804558992 -0.0355850011 0.59276098 0.86184299 -0.0542920008 0.504226983 0.84316498 -0.0424510017 0.535965979 0.82931 -0.096254997 0.550400972 -0.0151979998 -0.763939023 0.645070016 -0.01822 -0.794457972 0.607012987 0.127293006 -0.789361 0.600543022 0.127293006 -0.789361 0.600543022 0.275673985 -0.762108028 0.585771978 0.267830014 -0.733847976 0.624256015 0.397716999 -0.684561014 0.610827982 0.267830014 -0.733847976 0.624256015 0.275673985 -0.762108028 0.585771978 0.626514018 -0.556993008 0.545152009 0.513260007 -0.640248001 0.57148999 0.530044973 -0.66338098 0.528153002 0.39973101 -0.709524989 0.580278993 0.530044973 -0.66338098 0.528153002 0.513260007 -0.640248001 0.57148999 0.733115971 -0.50276202 0.457960993 0.728599012 -0.468245 0.499832004 0.626514018 -0.556993008 0.545152009 0.728599012 -0.468245 0.499832004 0.733115971 -0.50276202 0.457960993 0.819329977 -0.359050006 0.446913004 0.864863992 -0.218878999 0.45173499 0.888271987 -0.0870689973 0.45094201 0.875729024 -0.0948209986 0.473342001 0.850887001 -0.220161006 0.476942986 0.799584985 -0.35157299 0.486831009 0.819329977 -0.359050006 0.446913004 0.621326029 0 0.783532023 0.614795029 -0.137730002 0.776543021 0.738669991 -0.103670999 0.666005015 0.82931 -0.096254997 0.550400972 0.808984995 -0.214453995 0.547258019 0.850887001 -0.220161006 0.476942986 0.738669991 -0.103670999 0.666005015 0.724844992 -0.227821007 0.650135994 0.808984995 -0.214453995 0.547258019 0.610920012 -0.274879992 0.742393017 0.614795029 -0.137730002 0.776543021 0.474287987 -0.149601996 0.867550015 0.724844992 -0.227821007 0.650135994 0.738669991 -0.103670999 0.666005015 0.614795029 -0.137730002 0.776543021 0.722526014 -0.355967999 0.592607975 0.808984995 -0.214453995 0.547258019 0.724844992 -0.227821007 0.650135994 0.799584985 -0.35157299 0.486831009 0.850887001 -0.220161006 0.476942986 0.808984995 -0.214453995 0.547258019 0.370799989 -0.77275902 -0.515091002 0.198706001 -0.730674028 -0.653127015 0.167210996 -0.757346988 -0.631214023 0.381024003 -0.772239983 -0.508346975 0.167210996 -0.757346988 -0.631214023 0.194677994 -0.747336984 -0.63527298 0.242927 -0.680715024 -0.69106102 0.497878999 -0.681142986 -0.536759973 0.432722002 -0.74217999 -0.511704028 0.497878999 -0.681142986 -0.536759973 0.242927 -0.680715024 -0.69106102 0.280586988 -0.575396001 -0.76821202 0.556383014 -0.598955989 -0.575883985 0.280586988 -0.575396001 -0.76821202 0.308023006 -0.43403399 -0.846583009 0.354716986 -0.237709001 -0.904232979 0.677725017 -0.255317986 -0.689535022 0.606311023 -0.462844014 -0.646625996 0.374615014 0 -0.927151978 0.696126997 0 -0.717886984 0.677725017 -0.255317986 -0.689535022 -0.588762999 -0.646779001 -0.484755993 -0.565415978 -0.677174985 -0.470809013 -0.508103013 -0.68086803 -0.527450979 -0.599536002 -0.651570022 -0.46470499 -0.561235011 -0.638629973 -0.526413977 -0.508103013 -0.68086803 -0.527450979 -0.619831026 -0.623829007 -0.476027995 -0.597827017 -0.546891987 -0.586046994 -0.638477981 -0.624164999 -0.450239986 0.198706001 -0.730674028 -0.653127015 0.0487079993 -0.67058301 -0.740225971 0.0159309991 -0.738731027 -0.673788011 0.0487079993 -0.67058301 -0.740225971 -0.108188003 -0.631061971 -0.768119991 -0.117985003 -0.718313992 -0.685598016 0.0159309991 -0.738731027 -0.673788011 -0.117985003 -0.718313992 -0.685598016 -0.128086001 -0.720084012 -0.681936026 0.0163269993 -0.736747026 -0.675953984 0.194677994 -0.747336984 -0.63527298 0.167210996 -0.757346988 -0.631214023 0.194677994 -0.747336984 -0.63527298 0.0163269993 -0.736747026 -0.675953984 0.0249029994 -0.658132017 -0.752463996 -0.147282004 -0.614337981 -0.775139987 0.0249029994 -0.658132017 -0.752463996 0.0163269993 -0.736747026 -0.675953984 0.242927 -0.680715024 -0.69106102 0.0249029994 -0.658132017 -0.752463996 0.0184640009 -0.512283981 -0.858608007 -0.176366001 -0.418377995 -0.890956998 0.0184640009 -0.512283981 -0.858608007 0.0249029994 -0.658132017 -0.752463996 0.0184640009 -0.512283981 -0.858608007 -0.176366001 -0.418377995 -0.890956998 -0.219000995 -0.206029996 -0.953702986 0.280586988 -0.575396001 -0.76821202 0.0184640009 -0.512283981 -0.858608007 0.0207829997 -0.345164001 -0.938292027 0.0108650001 -0.143498003 -0.989562988 0.354716986 -0.237709001 -0.904232979 0.308023006 -0.43403399 -0.846583009 0.354716986 -0.237709001 -0.904232979 0.0108650001 -0.143498003 -0.989562988 0.0159920007 0 -0.999846995 -0.244148001 0 -0.969726026 0.0159920007 0 -0.999846995 0.0108650001 -0.143498003 -0.989562988 -0.246619999 -0.701071024 -0.669057012 -0.117985003 -0.718313992 -0.685598016 -0.108188003 -0.631061971 -0.768119991 -0.396587998 -0.610004008 -0.685965002 -0.371746004 -0.691793978 -0.619006991 -0.246619999 -0.701071024 -0.669057012 -0.371746004 -0.691793978 -0.619006991 -0.396587998 -0.610004008 -0.685965002 -0.529038012 -0.631030977 -0.567339003 -0.508103013 -0.68086803 -0.527450979 -0.561235011 -0.638629973 -0.526413977 -0.407849014 -0.676687002 -0.612933993 -0.276039988 -0.697501004 -0.661244988 -0.246619999 -0.701071024 -0.669057012 -0.371746004 -0.691793978 -0.619006991 -0.117985003 -0.718313992 -0.685598016 -0.246619999 -0.701071024 -0.669057012 -0.276039988 -0.697501004 -0.661244988 -0.492781997 -0.570299029 -0.657185972 -0.407849014 -0.676687002 -0.612933993 -0.561235011 -0.638629973 -0.526413977 -0.276039988 -0.697501004 -0.661244988 -0.407849014 -0.676687002 -0.612933993 -0.492781997 -0.570299029 -0.657185972 -0.315438986 -0.58622998 -0.746177971 -0.147282004 -0.614337981 -0.775139987 -0.128086001 -0.720084012 -0.681936026 -0.492781997 -0.570299029 -0.657185972 -0.597827017 -0.546891987 -0.586046994 -0.606371999 -0.392376006 -0.691579998 -0.315438986 -0.58622998 -0.746177971 -0.492781997 -0.570299029 -0.657185972 -0.525864005 -0.393994004 -0.753807008 -0.147282004 -0.614337981 -0.775139987 -0.315438986 -0.58622998 -0.746177971 -0.361918986 -0.387524009 -0.84780401 -0.40180701 -0.17069 -0.899654984 -0.219000995 -0.206029996 -0.953702986 -0.176366001 -0.418377995 -0.890956998 -0.525864005 -0.393994004 -0.753807008 -0.54628098 -0.176427007 -0.818781018 -0.40180701 -0.17069 -0.899654984 -0.620014012 -0.208838001 -0.756249011 -0.54628098 -0.176427007 -0.818781018 -0.525864005 -0.393994004 -0.753807008 -0.607195973 0 -0.794519007 -0.532608986 0 -0.846338987 -0.54628098 -0.176427007 -0.818781018 -0.414045006 0 -0.910245001 -0.40180701 -0.17069 -0.899654984 -0.54628098 -0.176427007 -0.818781018 0.0167549998 -0.910153985 0.413922995 0.0318000019 -0.910305977 0.412701994 -0.119846001 -0.903316975 0.411817014 -0.435681999 -0.877162993 0.201757997 -0.253455997 -0.930814981 0.263314009 -0.249336004 -0.928403974 0.275398999 -0.249336004 -0.928403974 0.275398999 -0.253455997 -0.930814981 0.263314009 -0.129916996 -0.904111028 0.406994998 -0.195929006 -0.798943996 0.568560004 -0.181889996 -0.767663002 0.614489973 -0.293648988 -0.76888299 0.567919016 -0.181889996 -0.767663002 0.614489973 -0.195929006 -0.798943996 0.568560004 -0.01822 -0.794457972 0.607012987 -0.465254992 -0.425733 -0.776054978 -0.462507993 -0.467970997 -0.753014028 -0.438643008 -0.235603005 -0.867214024 -0.462507993 -0.467970997 -0.753014028 -0.465254992 -0.425733 -0.776054978 -0.468062013 -0.619921982 -0.629719019 -0.464614004 -0.621357024 -0.630878985 -0.468062013 -0.619921982 -0.629719019 -0.433881998 -0.756859004 -0.48872301 -0.432202995 -0.758598983 -0.487533003 -0.433881998 -0.756859004 -0.48872301 -0.496811002 -0.797510028 -0.342204005 -0.479384989 -0.84325701 -0.243048996 -0.500961006 -0.794579983 -0.342997998 -0.496811002 -0.797510028 -0.342204005 -0.476150006 -0.846736014 -0.237189993 -0.456586987 -0.877009988 -0.149541005 -0.461988986 -0.873959005 -0.150730997 -0.461988986 -0.873959005 -0.150730997 -0.456586987 -0.877009988 -0.149541005 -0.464919001 -0.885311007 -0.00378399994 -0.739372015 -0.316659987 -0.594133973 -0.754783988 -0.321206987 -0.571886003 -0.749229014 -0.180395007 -0.637225986 -0.741813004 -0.427015007 -0.517014027 -0.756676018 -0.404401004 -0.513626993 -0.754783988 -0.321206987 -0.571886003 -0.746086001 -0.511642992 -0.426068991 -0.773155987 -0.481124014 -0.413159996 -0.756676018 -0.404401004 -0.513626993 -0.762962997 -0.580859005 -0.283578008 -0.786858976 -0.551865995 -0.276100993 -0.773155987 -0.481124014 -0.413159996 -0.79598403 -0.57902801 -0.176366001 -0.786858976 -0.551865995 -0.276100993 -0.762962997 -0.580859005 -0.283578008 -0.77819097 -0.601062 -0.181921005 -0.711264014 -0.701834023 -0.0385139994 -0.774223983 -0.631397009 -0.0431229994 -0.733328998 -0.66692102 0.131870002 -0.572862983 -0.751244009 0.327708006 -0.625537992 -0.703207016 0.337870002 0.136051998 -0.658985972 0.739708006 0.137088999 -0.594531 0.792261004 -0.0286570005 -0.610644996 0.791374981 -0.0230410006 -0.672079027 0.740073979 -0.0151979998 -0.763939023 0.645070016 0.129825994 -0.754966974 0.642750025 0.129825994 -0.754966974 0.642750025 0.267830014 -0.733847976 0.624256015 0.275063008 -0.650807023 0.707633018 0.136051998 -0.658985972 0.739708006 0.275063008 -0.650807023 0.707633018 0.287544996 -0.59562999 0.749992013 0.267830014 -0.733847976 0.624256015 0.397716999 -0.684561014 0.610827982 0.394481987 -0.612689972 0.684804976 0.496048003 -0.565508008 0.658833981 0.394481987 -0.612689972 0.684804976 0.397716999 -0.684561014 0.610827982 0.609118998 -0.490462989 0.623188019 0.496048003 -0.565508008 0.658833981 0.513260007 -0.640248001 0.57148999 0.728599012 -0.468245 0.499832004 0.722526014 -0.355967999 0.592607975 0.609118998 -0.490462989 0.623188019 0.591418028 -0.401134998 0.699483991 0.609118998 -0.490462989 0.623188019 0.722526014 -0.355967999 0.592607975 0.382916003 -0.548844993 0.743034005 0.287544996 -0.59562999 0.749992013 0.275063008 -0.650807023 0.707633018 0.382916003 -0.548844993 0.743034005 0.477614999 -0.443587005 0.758324027 0.411846995 -0.44431901 0.795556009 0.591418028 -0.401134998 0.699483991 0.477614999 -0.443587005 0.758324027 0.496048003 -0.565508008 0.658833981 -0.0151979998 -0.763939023 0.645070016 -0.0230410006 -0.672079027 0.740073979 -0.172369003 -0.664723992 0.726920009 -0.0230410006 -0.672079027 0.740073979 -0.0286570005 -0.610644996 0.791374981 -0.168187007 -0.594072998 0.786615014 -0.357859999 -0.657247007 0.663227975 -0.541550994 -0.646229029 0.537644982 -0.444655001 -0.74495697 0.497269005 -0.383861989 -0.774070978 0.503372014 -0.293648988 -0.76888299 0.567919016 -0.444655001 -0.74495697 0.497269005 -0.379680991 -0.131016001 0.915768981 -0.549759984 -0.125309005 0.825830996 -0.530228972 -0.317117989 0.786279023 0.591418028 -0.401134998 0.699483991 0.610920012 -0.274879992 0.742393017 0.480147988 -0.295906991 0.825739026 0.722526014 -0.355967999 0.592607975 0.724844992 -0.227821007 0.650135994 0.610920012 -0.274879992 0.742393017 0.477614999 -0.443587005 0.758324027 0.480147988 -0.295906991 0.825739026 0.410778999 -0.317117989 0.854793012 -0.714987993 -0.591814995 0.372204006 -0.541550994 -0.646229029 0.537644982 -0.640950024 -0.502914011 0.579791009 -0.855189979 -0.154819995 0.494612992 -0.819329977 -0.361887991 0.444624007 -0.699697971 -0.336374998 0.630267978 -0.718222976 -0.120517999 0.685262978 -0.699697971 -0.336374998 0.630267978 -0.530228972 -0.317117989 0.786279023 -0.863337994 -0.460981995 0.205175996 -0.904507995 -0.364390999 0.221441999 -0.939634025 -0.34138 0.0218209997 -0.805750012 -0.558061004 0.198309004 -0.870021999 -0.492812991 -0.0123600001 -0.774223983 -0.631397009 -0.0431229994 -0.754783988 -0.321206987 -0.571886003 -0.803246975 -0.330058008 -0.495772988 -0.79500699 -0.180485994 -0.579057992 -0.870021999 -0.492812991 -0.0123600001 -0.862178028 -0.485884994 -0.143315002 -0.79598403 -0.57902801 -0.176366001 -0.862178028 -0.485884994 -0.143315002 -0.862788975 -0.432538986 -0.261604995 -0.786858976 -0.551865995 -0.276100993 -0.862788975 -0.432538986 -0.261604995 -0.839533985 -0.383801013 -0.384532988 -0.773155987 -0.481124014 -0.413159996 -0.756676018 -0.404401004 -0.513626993 -0.773155987 -0.481124014 -0.413159996 -0.839533985 -0.383801013 -0.384532988 -0.756676018 -0.404401004 -0.513626993 -0.803246975 -0.330058008 -0.495772988 -0.754783988 -0.321206987 -0.571886003 -0.908505023 -0.417492986 0.016694 -0.909969985 -0.395153999 -0.125492007 -0.862178028 -0.485884994 -0.143315002 -0.938627005 -0.322854996 -0.121250004 -0.919187009 -0.307260007 -0.246253997 -0.898464978 -0.360026985 -0.251228005 -0.919187009 -0.307260007 -0.246253997 -0.900510013 -0.266579002 -0.343486011 -0.875056982 -0.344736993 -0.33970201 -0.803246975 -0.330058008 -0.495772988 -0.839533985 -0.383801013 -0.384532988 -0.875056982 -0.344736993 -0.33970201 -0.180395007 -0.796289027 0.577349007 -0.191778004 -0.766960979 0.612322986 -0.019196 -0.794701993 0.606647015 -0.172369003 -0.664723992 0.726920009 -0.168187007 -0.594072998 0.786615014 -0.285165012 -0.594806015 0.751549006 -0.530228972 -0.317117989 0.786279023 -0.478439003 -0.490859985 0.728079975 -0.418500006 -0.397992015 0.816340029 0.383495986 -0.164983004 0.908658028 0.302224994 -0.255683988 0.918271005 0.389966011 -0.0903040022 0.916378975 0.660268009 0.125918999 0.740378976 0.929014027 0.237007007 0.284126997 0.672353029 -0.0817290023 0.735678971 0.903714001 0.0583209991 0.424115986 0.672353029 -0.0817290023 0.735678971 0.929014027 0.237007007 0.284126997 0.316812992 -0.38953799 0.864772022 0.389966011 -0.0903040022 0.916378975 0.302224994 -0.255683988 0.918271005 0.351909012 -0.649250984 -0.674215019 0.412853986 -0.535812974 -0.736503005 0.340709001 -0.808924019 -0.479079992 0.412853986 -0.535812974 -0.736503005 0.351909012 -0.649250984 -0.674215019 0.445722997 -0.360698014 -0.819269001 0.562180996 -0.160099998 -0.811335027 0.445722997 -0.360698014 -0.819269001 0.595080018 -0.0608839989 -0.80132401 0.767265975 0.134250998 -0.62706399 0.877620995 0.237007007 -0.416577995 0.734305978 0.149814993 -0.662038028 0.877620995 0.237007007 -0.416577995 0.767265975 0.134250998 -0.62706399 0.941038013 0.204108 -0.269692004 0.982756972 0.184088007 -0.0162049998 0.987640023 0.156315997 -0.00891099963 0.974852979 0.191716999 -0.113346003 0.338481009 -0.627673984 0.701009989 0.316812992 -0.38953799 0.864772022 0.318430007 -0.391461015 0.863308012 0.740348995 -0.521988988 0.423536003 0.337657005 -0.814446986 0.471816003 0.338481009 -0.627673984 0.701009989 0.313944012 -0.863551974 -0.394542992 0.340709001 -0.808924019 -0.479079992 0.315957993 -0.935208976 -0.159733996 0.313517004 -0.93304199 0.176336005 0.315256 -0.931059003 0.183630005 0.300911993 -0.951415002 -0.0649740025 0.315256 -0.931059003 0.183630005 0.313517004 -0.93304199 0.176336005 0.337657005 -0.814446986 0.471816003 0.981719017 0.186833993 0.0362249985 0.987640023 0.156315997 -0.00891099963 0.982756972 0.184088007 -0.0162049998 0.975341022 0.173589006 0.136204004 0.903714001 0.0583209991 0.424115986 0.973968029 0.197881997 0.110324003 -0.478439003 -0.490859985 0.728079975 -0.640950024 -0.502914011 0.579791009 -0.541550994 -0.646229029 0.537644982 0.910672009 -0.395794988 0.118320003 0.953580976 -0.183142006 0.238899007 0.740348995 -0.521988988 0.423536003 0.910672009 -0.395794988 0.118320003 0.734519005 -0.526170015 0.428449005 0.847926021 -0.529282987 0.0288709998 -0.478439003 -0.490859985 0.728079975 -0.367260009 -0.534012973 0.761497974 -0.418500006 -0.397992015 0.816340029 -0.426465988 -0.334941 0.840174973 -0.365734011 -0.253913999 0.895383 -0.530228972 -0.317117989 0.786279023 -0.357859999 -0.657247007 0.663227975 -0.285165012 -0.594806015 0.751549006 -0.367260009 -0.534012973 0.761497974 -0.443587005 -0.877590001 0.181738004 -0.45539701 -0.890193999 0.0117499996 -0.464919001 -0.885311007 -0.00378399994 -0.711264014 -0.701834023 -0.0385139994 -0.733328998 -0.66692102 0.131870002 -0.730063975 -0.665028989 0.157109007 -0.863337994 -0.460981995 0.205175996 -0.805750012 -0.558061004 0.198309004 -0.714987993 -0.591814995 0.372204006 -0.730063975 -0.665028989 0.157109007 -0.625537992 -0.703207016 0.337870002 -0.714987993 -0.591814995 0.372204006 -0.642139971 -0.762260973 0.0812399983 -0.661306024 -0.748772025 0.0442520007 -0.556016982 -0.778465986 0.291207999 0.156835005 -0.243171006 0.957212985 0.163457006 -0.142552003 0.976164997 -0.0114139998 -0.141057 0.98992902 0.329782993 -0.252449006 0.909664989 0.316904008 -0.150395006 0.936429977 0.163457006 -0.142552003 0.976164997 -0.0114139998 -0.141057 0.98992902 -0.204382002 -0.125674993 0.970763028 -0.186956003 -0.239296004 0.952757001 -0.204382002 -0.125674993 0.970763028 -0.379680991 -0.131016001 0.915768981 -0.365734011 -0.253913999 0.895383 -0.379680991 -0.131016001 0.915768981 -0.383769989 0 0.923398972 -0.558824003 0 0.829249024 -0.848627985 0 0.528946996 -0.855189979 -0.154819995 0.494612992 -0.718222976 -0.120517999 0.685262978 -0.713370025 0 0.700766027 -0.718222976 -0.120517999 0.685262978 -0.549759984 -0.125309005 0.825830996 -0.819329977 -0.361887991 0.444624007 -0.855189979 -0.154819995 0.494612992 -0.950101972 -0.181280002 0.253760993 -0.939634025 -0.34138 0.0218209997 -0.984161019 -0.173436999 0.0361949988 -0.980224013 -0.169865996 -0.101382002 -0.980224013 -0.169865996 -0.101382002 -0.960051 -0.161962003 -0.228156 -0.919187009 -0.307260007 -0.246253997 -0.960051 -0.161962003 -0.228156 -0.91851598 -0.134953007 -0.371562988 -0.900510013 -0.266579002 -0.343486011 -0.904507995 -0.364390999 0.221441999 -0.950101972 -0.181280002 0.253760993 -0.984161019 -0.173436999 0.0361949988 -0.872402012 0 -0.488754004 -0.863124013 -0.154088005 -0.480850011 -0.91851598 -0.134953007 -0.371562988 -0.863124013 -0.154088005 -0.480850011 -0.85323602 -0.322153002 -0.410108 -0.900510013 -0.266579002 -0.343486011 0.0154419998 -0.428876996 -0.903195024 0.00839299988 -0.433270991 -0.901211977 0.0154419998 -0.441603005 -0.89706099 -0.529038012 -0.631030977 -0.567339003 -0.548569977 -0.595903993 -0.58644402 -0.676229 -0.561295986 -0.477095991 -0.638477981 -0.624164999 -0.450239986 -0.597827017 -0.546891987 -0.586046994 -0.561235011 -0.638629973 -0.526413977 -0.574297011 -0.789696991 -0.215705007 -0.638386011 -0.765923023 -0.0758690014 -0.628436983 -0.774223983 -0.075044997 -0.679708004 -0.673605025 -0.290170014 -0.710287988 -0.678915024 -0.185705006 -0.712943017 -0.677725017 -0.179906994 -0.700949013 -0.707755029 -0.0880149975 -0.691426992 -0.721580029 -0.034883 -0.661306024 -0.748772025 0.0442520007 -0.628436983 -0.774223983 -0.075044997 -0.638386011 -0.765923023 -0.0758690014 -0.683705986 -0.729575992 -0.0152899995 -0.73931098 -0.671711981 -0.0465410016 -0.787011027 -0.604785025 -0.121676996 -0.790489972 -0.605639994 -0.0908230022 -0.516739011 -0.810388982 -0.276039988 -0.574297011 -0.789696991 -0.215705007 -0.566789985 -0.79876101 -0.201727003 -0.638477981 -0.624164999 -0.450239986 -0.679708004 -0.673605025 -0.290170014 -0.667500973 -0.669880986 -0.325022012 0.316904008 -0.150395006 0.936429977 0.329782993 -0.252449006 0.909664989 0.480147988 -0.295906991 0.825739026 0.477614999 -0.443587005 0.758324027 0.382916003 -0.548844993 0.743034005 0.394481987 -0.612689972 0.684804976 0.728599012 -0.468245 0.499832004 0.799584985 -0.35157299 0.486831009 0.722526014 -0.355967999 0.592607975 0.329782993 -0.252449006 0.909664989 0.410778999 -0.317117989 0.854793012 0.480147988 -0.295906991 0.825739026 -0.781701028 -0.483473986 0.393902004 -0.640950024 -0.502914011 0.579791009 -0.699697971 -0.336374998 0.630267978 -0.640950024 -0.502914011 0.579791009 -0.478439003 -0.490859985 0.728079975 -0.530228972 -0.317117989 0.786279023 -0.863337994 -0.460981995 0.205175996 -0.908505023 -0.417492986 0.016694 -0.870021999 -0.492812991 -0.0123600001 -0.938627005 -0.322854996 -0.121250004 -0.909969985 -0.395153999 -0.125492007 -0.908505023 -0.417492986 0.016694 -0.909969985 -0.395153999 -0.125492007 -0.898464978 -0.360026985 -0.251228005 -0.862788975 -0.432538986 -0.261604995 -0.898464978 -0.360026985 -0.251228005 -0.875056982 -0.344736993 -0.33970201 -0.839533985 -0.383801013 -0.384532988 -0.904507995 -0.364390999 0.221441999 -0.863337994 -0.460981995 0.205175996 -0.781701028 -0.483473986 0.393902004 -0.357859999 -0.657247007 0.663227975 -0.293648988 -0.76888299 0.567919016 -0.181889996 -0.767663002 0.614489973 -0.85323602 -0.322153002 -0.410108 -0.863124013 -0.154088005 -0.480850011 -0.79500699 -0.180485994 -0.579057992 -0.875056982 -0.344736993 -0.33970201 -0.900510013 -0.266579002 -0.343486011 -0.85323602 -0.322153002 -0.410108 0 -0.0204169992 -0.999786019 -0.00469999993 -0.019227 -0.999786019 0 0.217657998 -0.976011992 0.00451700017 0.642841995 -0.765954018 0.0224009994 0.670553029 -0.741478026 0.0119329998 0.433943003 -0.900844991 0.0581380017 0.866114974 0.496414006 0.084048003 0.775475025 0.625751019 0.0839869976 0.969329 0.230873004 0 0 0.999969006 0.0116579998 0.218360007 0.97576803 0 0.209571004 0.977783024 0.084048003 0.775475025 0.625751019 0.0581380017 0.866114974 0.496414006 0.0585649982 0.447461993 0.892360985 0.0116579998 0.218360007 0.97576803 0.0711999983 0.451795995 0.889248013 0.0585649982 0.447461993 0.892360985 -0.625537992 -0.703207016 0.337870002 -0.444655001 -0.74495697 0.497269005 -0.541550994 -0.646229029 0.537644982 -0.572862983 -0.751244009 0.327708006 -0.383861989 -0.774070978 0.503372014 -0.444655001 -0.74495697 0.497269005 -0.0262460001 -0.438643008 -0.898250997 -0.305460006 -0.442090988 -0.843317986 -0.300850987 -0.442030013 -0.84502703 -0.305460006 -0.442090988 -0.843317986 -0.547776997 -0.441419989 -0.71065402 -0.540574014 -0.441388994 -0.716178 -0.547776997 -0.441419989 -0.71065402 -0.736778021 -0.442945987 -0.510788023 -0.726127028 -0.443098009 -0.525681019 -0.736778021 -0.442945987 -0.510788023 -0.869228005 -0.440748006 -0.223884001 -0.863856971 -0.440869987 -0.243660003 -0.869228005 -0.440748006 -0.223884001 -0.89696902 -0.437543988 0.0628990009 -0.898068011 -0.437604994 0.0439769998 -0.89696902 -0.437543988 0.0628990009 -0.823419988 -0.441267014 0.356700003 -0.831568003 -0.441114992 0.337413013 -0.823419988 -0.441267014 0.356700003 -0.687155008 -0.438275993 0.579362988 -0.693441987 -0.438214988 0.571856022 -0.0262460001 -0.438643008 -0.898250997 -0.0251470003 -0.43867299 -0.898281991 0.252144009 -0.442274004 -0.860683024 0.258827001 -0.442304999 -0.858699024 0.252144009 -0.442274004 -0.860683024 0.528581023 -0.443251014 -0.723959982 0.537155986 -0.443342 -0.717521012 0.528581023 -0.443251014 -0.723959982 0.745627999 -0.445264995 -0.495682001 0.758140981 -0.44511199 -0.476516008 0.745627999 -0.445264995 -0.495682001 0.871547997 -0.441846997 -0.212409005 0.875361979 -0.441908002 -0.196020007 0.871547997 -0.441846997 -0.212409005 0.895505011 -0.441298008 0.0573749989 0.894131005 -0.441114992 0.0767539963 0.895505011 -0.441298008 0.0573749989 0.837091982 -0.438887 0.326487005 0.829919994 -0.438764989 0.344523013 0.837091982 -0.438887 0.326487005 0.688863993 -0.438124001 0.577440977 0.678242981 -0.438062996 0.589953005 0.688863993 -0.438124001 0.577440977 0.498367012 -0.432844013 0.751121998 0.490126997 -0.432660997 0.756645024 0.498367012 -0.432844013 0.751121998 0.286630005 -0.432417005 0.854884982 0.281502992 -0.432417005 0.856562972 0.286630005 -0.432417005 0.854884982 0.0210270006 -0.434248 0.900539994 -0.233406007 -0.436140001 0.869045019 0.0234379992 -0.434217006 0.900479019 0.0210270006 -0.434248 0.900539994 -0.491867006 -0.440901011 0.750724971 -0.233406007 -0.436140001 0.869045019 -0.239784002 -0.436201006 0.867305994 -0.687155008 -0.438275993 0.579362988 -0.491867006 -0.440901011 0.750724971 -0.505356014 -0.441083997 0.741630018 0.0386149995 0.921293974 -0.386943996 0.0386149995 0.921293974 -0.386943996 0.0386149995 0.921293974 -0.386943996 0.0189210009 0.924435973 0.380840003 0.0110780001 0.923429012 0.383587003 0.0166020002 0.924130976 0.381664008 0.0279549994 0 0.999602973 0.0278329998 0.336984992 0.941069007 0.0259709992 0.335307002 0.941739976 0.85244298 0 0.522782028 0.855006993 0.0748310015 0.513137996 0.865261018 0.0267949998 0.500564992 0.0108650001 -0.143498003 -0.989562988 0.0207829997 -0.345164001 -0.938292027 -0.219000995 -0.206029996 -0.953702986 0.952207983 0 0.305399001 0.962827981 0 0.270089 0.957975984 -0.0972620025 0.269784003 0.937590003 -0.0995820016 0.33307901 0.941343009 0 0.337352008 0.928525984 0 0.371196985 0.966337979 0 0.257178992 0.915859997 0 0.401439995 0.913815975 -0.110935003 0.390666991 0.960813999 -0.153690994 -0.230566993 0.972532988 0 -0.232703999 0.998961985 0 -0.0451060012 0.94641 0 -0.322854996 0.972532988 0 -0.232703999 0.960813999 -0.153690994 -0.230566993 0.983519971 -0.174870998 -0.045198001 0.998961985 0 -0.0451060012 0.966337979 0 0.257178992 0.696126997 0 -0.717886984 0.856074989 0 -0.516799986 0.847742975 -0.152013004 -0.508103013 0.883511007 0 0.468367994 0.864803016 0 0.502090991 0.86184299 -0.0542920008 0.504226983 0.163457006 -0.142552003 0.976164997 0.167118996 0 0.985930979 -0.0113220001 0 0.99990797 0.316904008 -0.150395006 0.936429977 0.312754005 0 0.949796975 0.167118996 0 0.985930979 0.474287987 -0.149601996 0.867550015 0.471632987 0 0.881771028 0.312754005 0 0.949796975 0.614795029 -0.137730002 0.776543021 0.621326029 0 0.783532023 0.471632987 0 0.881771028 -0.40180701 -0.17069 -0.899654984 -0.414045006 0 -0.910245001 -0.244148001 0 -0.969726026 -0.498032004 0 -0.867121994 -0.50456202 0 -0.863337994 -0.43711701 -0.218878999 -0.872340977 -0.749229014 -0.180395007 -0.637225986 -0.744895995 0 -0.667135 -0.73091799 0 -0.682424009 -0.0113220001 0 0.99990797 -0.213202 0 0.976988971 -0.204382002 -0.125674993 0.970763028 -0.213202 0 0.976988971 -0.383769989 0 0.923398972 -0.379680991 -0.131016001 0.915768981 -0.855189979 -0.154819995 0.494612992 -0.848627985 0 0.528946996 -0.960691988 0 0.27750501 -0.79500699 -0.180485994 -0.579057992 -0.799219012 0 -0.601001024 -0.744895995 0 -0.667135 -0.984161019 -0.173436999 0.0361949988 -0.99899298 0 0.0443429984 -0.995482981 0 -0.0948209986 -0.980224013 -0.169865996 -0.101382002 -0.995482981 0 -0.0948209986 -0.975219011 0 -0.221107006 -0.960051 -0.161962003 -0.228156 -0.975219011 0 -0.221107006 -0.929898977 0 -0.367747992 -0.950101972 -0.181280002 0.253760993 -0.960691988 0 0.27750501 -0.99899298 0 0.0443429984 -0.863124013 -0.154088005 -0.480850011 -0.872402012 0 -0.488754004 -0.799219012 0 -0.601001024 -0.0270390008 0 -0.999602973 -0.0355850011 0 -0.999359012 -0.00469999993 -0.019227 -0.999786019 0.0607930012 0.368328005 -0.927671015 0.0773949996 0 -0.996978998 0.065828003 0 -0.997802973 0.85244298 0 0.522782028 0.840083003 0 0.542405009 0.833429992 0.0599690005 0.549332976 0.913815975 0.110935003 0.390666991 0.953580976 0.183142006 0.238899007 0.740348995 0.521988988 0.423536003 0.953580976 0.183142006 0.238899007 0.983519971 0.174870998 -0.045198001 0.928587019 0.367504001 -0.0513320006 0.950285017 0.0825529993 0.300179988 0.913815975 0.110935003 0.390666991 0.914395988 0.173466995 0.365702987 0.94729501 0.175512001 0.267922014 0.957975984 0.0972620025 0.269784003 0.950285017 0.0825529993 0.300179988 0.915737987 0.271950006 0.295632988 0.910915971 0.253517002 0.325419009 0.957975984 0.0972620025 0.269784003 0.836573005 0.423687994 0.347270012 0.910915971 0.253517002 0.325419009 0.915737987 0.271950006 0.295632988 0.836573005 0.423687994 0.347270012 0.850306988 0.429639995 0.303873003 0.788902998 0.536698997 0.299172997 0.727256 0.656911016 0.198827997 0.72646302 0.674520016 0.131320998 0.69502902 0.710165977 0.112002999 0.719016016 0.694967985 0.000153000001 0.692800999 0.720602989 -0.0264599994 0.69502902 0.710165977 0.112002999 0.69304502 0.716818988 -0.0764790028 0.692800999 0.720602989 -0.0264599994 0.719016016 0.694967985 0.000153000001 0.740898013 0.658649981 -0.131259993 0.757591009 0.649830997 -0.0610679984 0.798029006 0.600023985 -0.0552689992 0.798029006 0.600023985 -0.0552689992 0.805597007 0.591387987 -0.0351569988 0.847926021 0.529282987 0.0288709998 0.69304502 0.716818988 -0.0764790028 0.708090007 0.704671979 -0.0451060012 0.724174023 0.686910987 -0.06061 0.734184027 0.62352401 0.268563002 0.727256 0.656911016 0.198827997 0.665333986 0.702413976 0.252784997 0.950285017 0.0825529993 0.300179988 0.952207983 0 0.305399001 0.915859997 0 0.401439995 0.910915971 0.253517002 0.325419009 0.937590003 0.0995820016 0.33307901 0.957975984 0.0972620025 0.269784003 0.914395988 0.169194996 -0.367718011 0.868220985 0.355571002 -0.345988005 0.887233973 0.344859004 -0.306313992 0.843043029 0.508957028 -0.173772007 0.816187024 0.495193005 -0.297616988 0.739952028 0.60026902 -0.303445995 0.69017601 0.660390019 -0.29578501 0.740898013 0.658649981 -0.131259993 0.784844995 0.603137016 -0.142064005 0.692800999 0.720602989 -0.0264599994 0.636250019 0.768333972 -0.0693989992 0.634631991 0.76442802 0.113163002 0.639850974 0.751823008 -0.159000993 0.636250019 0.768333972 -0.0693989992 0.692800999 0.720602989 -0.0264599994 0.0063169999 0.87856698 0.477522999 -0.00210599997 0.757439017 0.652851999 0.221107006 0.777917027 0.588153005 0.297098011 0.897274971 0.326487005 0.177067995 0.887233973 0.425947011 0.221107006 0.777917027 0.588153005 0.37845999 0.905148029 0.193396002 0.232398003 0.969938993 0.0719019994 0.192633003 0.968901992 0.155277997 0.575120986 0.811730981 0.101291001 0.404309005 0.914211988 0.0265820008 0.37845999 0.905148029 0.193396002 0.561052024 0.82091701 -0.106174 0.383038014 0.915341973 -0.124118999 0.404309005 0.914211988 0.0265820008 0.383038014 0.915341973 -0.124118999 0.331400007 0.910580993 -0.246895 0.197789997 0.961637974 -0.189916998 0.265785992 0.890712976 -0.368694007 0.172795996 0.951170027 -0.255683988 0.197789997 0.961637974 -0.189916998 -0.113834001 0.959074974 0.259223998 -0.171299994 0.878445029 0.446027994 0.0063169999 0.87856698 0.477522999 -0.215124995 0.760033011 0.613207996 -0.171299994 0.878445029 0.446027994 -0.319894999 0.886227012 0.335002005 -0.319894999 0.886227012 0.335002005 -0.210272998 0.960753024 0.180822 -0.284523994 0.955626011 0.0762960017 -0.564652979 0.778007984 0.275368989 -0.430707991 0.884548008 0.178899005 -0.485397011 0.874264002 0.00253299996 -0.485397011 0.874264002 0.00253299996 -0.291725993 0.956084013 -0.0280159991 -0.330363005 0.934507012 -0.132237002 -0.520340979 0.837764025 -0.165409997 -0.330363005 0.934507012 -0.132237002 -0.325266004 0.912656009 -0.247413993 -0.503494024 0.795617998 -0.336802006 -0.429791987 0.764397025 -0.48051399 -0.548569977 0.595903993 -0.58644402 -0.429791987 0.764397025 -0.48051399 -0.317025989 0.749137998 -0.58159101 -0.413953006 0.569688976 -0.709951997 -0.317025989 0.749137998 -0.58159101 -0.183050007 0.746055007 -0.640217006 -0.245552003 0.575609982 -0.779962003 -0.183050007 0.746055007 -0.640217006 -0.0412309989 0.763207018 -0.644795001 -0.0708329976 0.610553026 -0.788780987 0.0888699964 0.795404017 -0.599506021 -0.0412309989 0.763207018 -0.644795001 -0.0216680001 0.875972986 -0.481826007 0.0888699964 0.795404017 -0.599506021 0.195714995 0.841121018 -0.504166007 0.227789998 0.720449984 -0.654987991 0.265785992 0.890712976 -0.368694007 0.195714995 0.841121018 -0.504166007 0.139348 0.923429012 -0.357555002 0.634631991 0.76442802 0.113163002 0.636250019 0.768333972 -0.0693989992 0.561052024 0.82091701 -0.106174 0.928587019 0.367504001 -0.0513320006 0.912168026 0.350383013 -0.212469995 0.843043029 0.508957028 -0.173772007 0.887233973 0.344859004 -0.306313992 0.816187024 0.495193005 -0.297616988 0.843043029 0.508957028 -0.173772007 0.763297975 0.644429028 -0.0451669991 0.757591009 0.649830997 -0.0610679984 0.724174023 0.686910987 -0.06061 0.632435024 0.713675022 -0.301126003 0.704702973 0.698050022 -0.126803994 0.740898013 0.658649981 -0.131259993 0.704702973 0.698050022 -0.126803994 0.632435024 0.713675022 -0.301126003 0.639850974 0.751823008 -0.159000993 0.910915971 0.253517002 0.325419009 0.836573005 0.423687994 0.347270012 0.834985971 0.393077999 0.38499099 0.743430972 0.545915008 0.386334002 0.834985971 0.393077999 0.38499099 0.836573005 0.423687994 0.347270012 0.635823011 0.650380015 0.415571004 0.651661992 0.67455101 0.34681201 0.552110016 0.727500021 0.407299995 0.429304004 0.760613024 0.486923009 0.285623014 0.777947009 0.559587002 0.288217008 0.774986982 0.562394977 0.135013998 0.790551007 0.59730798 -0.019196 0.794701993 0.606647015 -0.00338799995 0.80993098 0.586474001 0.285623014 0.777947009 0.559587002 0.135013998 0.790551007 0.59730798 0.146213993 0.790551007 0.59465301 0.529801011 0.710775971 0.462630004 0.552110016 0.727500021 0.407299995 0.429304004 0.760613024 0.486923009 0.734184027 0.62352401 0.268563002 0.651661992 0.67455101 0.34681201 0.746451974 0.571916997 0.340128988 0.635823011 0.650380015 0.415571004 0.743430972 0.545915008 0.386334002 0.746451974 0.571916997 0.340128988 0.805597007 0.591387987 -0.0351569988 0.798029006 0.600023985 -0.0552689992 0.757591009 0.649830997 -0.0610679984 0.848810971 0.526260972 -0.050294999 0.843043029 0.508957028 -0.173772007 0.784844995 0.603137016 -0.142064005 0.928587019 0.367504001 -0.0513320006 0.848810971 0.526260972 -0.050294999 0.910672009 0.395794988 0.118320003 0.704702973 0.698050022 -0.126803994 0.724174023 0.686910987 -0.06061 0.757591009 0.649830997 -0.0610679984 0.561052024 0.82091701 -0.106174 0.636250019 0.768333972 -0.0693989992 0.537308991 0.787957013 -0.300577015 0.634631991 0.76442802 0.113163002 0.573198974 0.761376023 0.302805007 0.665333986 0.702413976 0.252784997 0.575120986 0.811730981 0.101291001 0.507888973 0.799920976 0.319528997 0.573198974 0.761376023 0.302805007 0.665333986 0.702413976 0.252784997 0.573198974 0.761376023 0.302805007 0.552110016 0.727500021 0.407299995 0.154636994 0.768395007 0.620959997 -0.0160530005 0.753807008 0.656880021 -0.019196 0.794701993 0.606647015 0.154636994 0.768395007 0.620959997 0.221107006 0.777917027 0.588153005 -0.00210599997 0.757439017 0.652851999 0.154636994 0.768395007 0.620959997 0.135013998 0.790551007 0.59730798 0.285623014 0.777947009 0.559587002 0.322916001 0.773553014 0.545243979 0.382396996 0.789636016 0.479781002 0.221107006 0.777917027 0.588153005 0.322916001 0.773553014 0.545243979 0.285623014 0.777947009 0.559587002 0.429304004 0.760613024 0.486923009 0.467848986 0.769738019 0.434217006 0.507888973 0.799920976 0.319528997 0.382396996 0.789636016 0.479781002 0.467848986 0.769738019 0.434217006 0.429304004 0.760613024 0.486923009 0.552110016 0.727500021 0.407299995 0.467848986 0.769738019 0.434217006 0.573198974 0.761376023 0.302805007 0.507888973 0.799920976 0.319528997 0.937590003 0.0995820016 0.33307901 0.910915971 0.253517002 0.325419009 0.898311973 0.244178995 0.365215003 0.941343009 0 0.337352008 0.962827981 0 0.270089 0.957975984 0.0972620025 0.269784003 -0.666676998 0.606921971 -0.432599992 -0.548569977 0.595903993 -0.58644402 -0.676229 0.561295986 -0.477095991 -0.396587998 0.610004008 -0.685965002 -0.529038012 0.631030977 -0.567339003 -0.548569977 0.595903993 -0.58644402 -0.259254992 0.608295023 -0.750145018 -0.396587998 0.610004008 -0.685965002 -0.413953006 0.569688976 -0.709951997 -0.0708329976 0.610553026 -0.788780987 0.0948819965 0.649555981 -0.754325986 0.0487079993 0.67058301 -0.740225971 -0.245552003 0.575609982 -0.779962003 -0.0708329976 0.610553026 -0.788780987 -0.108188003 0.631061971 -0.768119991 0.0487079993 0.67058301 -0.740225971 0.0948819965 0.649555981 -0.754325986 0.227789998 0.720449984 -0.654987991 0.198706001 0.730674028 -0.653127015 0.227789998 0.720449984 -0.654987991 0.359690994 0.793298006 -0.491165012 0.370799989 0.77275902 -0.515091002 0.359690994 0.793298006 -0.491165012 0.474929005 0.824945986 -0.306374997 -0.0160530005 0.753807008 0.656880021 -0.00210599997 0.757439017 0.652851999 -0.215124995 0.760033011 0.613207996 -0.215124995 0.760033011 0.613207996 -0.414990991 0.773918986 0.478316993 -0.393536001 0.773064017 0.497420996 -0.564652979 0.778007984 0.275368989 -0.556016982 0.778465986 0.291207999 -0.393536001 0.773064017 0.497420996 -0.655354023 0.754661977 0.0310069993 -0.661306024 0.748772025 0.0442520007 -0.556016982 0.778465986 0.291207999 -0.391705006 0.787407994 0.475906014 -0.393536001 0.773064017 0.497420996 -0.556016982 0.778465986 0.291207999 -0.393536001 0.773064017 0.497420996 -0.391705006 0.787407994 0.475906014 -0.180395007 0.796289027 0.577349007 -0.0160530005 0.753807008 0.656880021 -0.191778004 0.766960979 0.612322986 -0.019196 0.794701993 0.606647015 -0.661306024 0.748772025 0.0442520007 -0.584674001 0.803704977 -0.110233001 -0.642139971 0.762260973 0.0812399983 -0.684590995 0.698202014 -0.209356993 -0.714681983 0.648182988 -0.262703001 -0.69649303 0.711844027 -0.090121001 -0.828607976 0.507981002 -0.235205993 -0.818292975 0.538407981 -0.201177999 -0.874996006 0.394024014 -0.281197995 -0.818292975 0.538407981 -0.201177999 -0.828607976 0.507981002 -0.235205993 -0.787011027 0.604785025 -0.121676996 -0.73931098 0.671711981 -0.0465410016 -0.683705986 0.729575992 -0.0152899995 -0.687735021 0.725821972 0.0129399998 -0.514634013 0.818628013 -0.254830003 -0.711905003 0.661641002 -0.235266998 -0.69481498 0.700949013 -0.160924003 -0.711905003 0.661641002 -0.235266998 -0.874996006 0.394024014 -0.281197995 -0.818292975 0.538407981 -0.201177999 -0.69649303 0.711844027 -0.090121001 -0.691426992 0.721580029 -0.034883 -0.661306024 0.748772025 0.0442520007 -0.700949013 0.707755029 -0.0880149975 -0.710287988 0.678915024 -0.185705006 -0.598163009 0.772912025 -0.211614996 -0.69481498 0.700949013 -0.160924003 -0.818292975 0.538407981 -0.201177999 -0.790489972 0.605639994 -0.0908230022 -0.703360021 0.71062398 -0.016144 -0.628436983 0.774223983 -0.075044997 -0.566789985 0.79876101 -0.201727003 -0.75426501 0.656208992 -0.0210880004 -0.687735021 0.725821972 0.0129399998 -0.703360021 0.71062398 -0.016144 -0.703360021 0.71062398 -0.016144 -0.687735021 0.725821972 0.0129399998 -0.628436983 0.774223983 -0.075044997 -0.714681983 0.648182988 -0.262703001 -0.684590995 0.698202014 -0.209356993 -0.666676998 0.606921971 -0.432599992 -0.000677999982 0.355423987 -0.934705019 -0.000677999982 0.355423987 -0.934705019 -0.000677999982 0.355423987 -0.934705019 0.0437330008 0.369549006 -0.928158998 0.0456250012 0.376323998 -0.925320983 0.00344899995 0.355082989 -0.934812009 0.0154419998 0.428876996 -0.903195024 0.00839299988 0.433270991 -0.901211977 0.0456250012 0.376323998 -0.925320983 0.177067995 0.887233973 0.425947011 0.113651 0.964506984 0.238288999 0.00766000012 0.962188005 0.272163987 0.297098011 0.897274971 0.326487005 0.192633003 0.968901992 0.155277997 0.113651 0.964506984 0.238288999 0.297098011 0.897274971 0.326487005 0.382396996 0.789636016 0.479781002 0.507888973 0.799920976 0.319528997 0.404309005 0.914211988 0.0265820008 0.246864006 0.968595982 -0.0290539991 0.232398003 0.969938993 0.0719019994 0.383038014 0.915341973 -0.124118999 0.246650994 0.961058021 -0.124453999 0.246864006 0.968595982 -0.0290539991 0.561052024 0.82091701 -0.106174 0.474929005 0.824945986 -0.306374997 0.331400007 0.910580993 -0.246895 0.331400007 0.910580993 -0.246895 0.474929005 0.824945986 -0.306374997 0.359690994 0.793298006 -0.491165012 -0.171299994 0.878445029 0.446027994 -0.215124995 0.760033011 0.613207996 -0.00210599997 0.757439017 0.652851999 -0.171299994 0.878445029 0.446027994 -0.113834001 0.959074974 0.259223998 -0.210272998 0.960753024 0.180822 -0.430707991 0.884548008 0.178899005 -0.564652979 0.778007984 0.275368989 -0.414990991 0.773918986 0.478316993 -0.430707991 0.884548008 0.178899005 -0.284523994 0.955626011 0.0762960017 -0.291725993 0.956084013 -0.0280159991 -0.520340979 0.837764025 -0.165409997 -0.684590995 0.698202014 -0.209356993 -0.655354023 0.754661977 0.0310069993 -0.503494024 0.795617998 -0.336802006 -0.666676998 0.606921971 -0.432599992 -0.684590995 0.698202014 -0.209356993 -0.503494024 0.795617998 -0.336802006 -0.325266004 0.912656009 -0.247413993 -0.28479901 0.889949977 -0.356151015 -0.28479901 0.889949977 -0.356151015 -0.209021002 0.878902972 -0.42869401 -0.317025989 0.749137998 -0.58159101 -0.209021002 0.878902972 -0.42869401 -0.128056005 0.868342996 -0.479079992 -0.183050007 0.746055007 -0.640217006 -0.128056005 0.868342996 -0.479079992 -0.0216680001 0.875972986 -0.481826007 -0.0412309989 0.763207018 -0.644795001 0.0948819965 0.649555981 -0.754325986 -0.0708329976 0.610553026 -0.788780987 -0.0412309989 0.763207018 -0.644795001 0.0753810033 0.895321012 -0.438977987 0.139348 0.923429012 -0.357555002 0.195714995 0.841121018 -0.504166007 0.359690994 0.793298006 -0.491165012 0.227789998 0.720449984 -0.654987991 0.195714995 0.841121018 -0.504166007 0.887233973 0.344859004 -0.306313992 0.868220985 0.355571002 -0.345988005 0.840358019 0.423566014 -0.338176012 0.739250004 0.497878999 -0.453382999 0.556383014 0.598955989 -0.575883985 0.739952028 0.60026902 -0.303445995 0.828547001 0.399304003 -0.392407 0.739250004 0.497878999 -0.453382999 0.816187024 0.495193005 -0.297616988 0.862452984 0.248359993 -0.440961987 0.847742975 0.152013004 -0.508103013 0.805261016 0.333200991 -0.490370989 0.912168026 0.350383013 -0.212469995 0.928587019 0.367504001 -0.0513320006 0.983519971 0.174870998 -0.045198001 0.931882977 0.161167994 -0.324930996 0.887233973 0.344859004 -0.306313992 0.912168026 0.350383013 -0.212469995 0.931882977 0.161167994 -0.324930996 0.94641 0 -0.322854996 0.930447996 0 -0.366374999 0.847742975 0.152013004 -0.508103013 0.862452984 0.248359993 -0.440961987 0.893276989 0.0976900011 -0.43867299 0.893276989 0.0976900011 -0.43867299 0.88576901 0 -0.464094996 0.856074989 0 -0.516799986 0.847742975 0.152013004 -0.508103013 0.677725017 0.255317986 -0.689535022 0.805261016 0.333200991 -0.490370989 0.739250004 0.497878999 -0.453382999 0.805261016 0.333200991 -0.490370989 0.677725017 0.255317986 -0.689535022 0.606311023 0.462844014 -0.646625996 0.556383014 0.598955989 -0.575883985 0.739250004 0.497878999 -0.453382999 0.739250004 0.497878999 -0.453382999 0.828547001 0.399304003 -0.392407 0.805261016 0.333200991 -0.490370989 0.556383014 0.598955989 -0.575883985 0.497878999 0.681142986 -0.536728978 0.69017601 0.660390019 -0.29578501 0.632435024 0.713675022 -0.301126003 0.69017601 0.660390019 -0.29578501 0.497878999 0.681142986 -0.536728978 0.370799989 0.77275902 -0.515091002 0.537308991 0.787957013 -0.300577015 0.558915973 0.766411006 -0.316477001 0.558915973 0.766411006 -0.316477001 0.632435024 0.713675022 -0.301126003 0.432722002 0.74217999 -0.511704028 0.639850974 0.751823008 -0.159000993 0.558915973 0.766411006 -0.316477001 0.537308991 0.787957013 -0.300577015 0.639850974 0.751823008 -0.159000993 0.632435024 0.713675022 -0.301126003 0.558915973 0.766411006 -0.316477001 0.0318000019 0.910305977 0.412701994 0.156163007 0.900784016 0.405194014 0.157781005 0.899013996 0.408459991 0.267190009 0.898555994 0.348093987 0.157781005 0.899013996 0.408459991 0.156163007 0.900784016 0.405194014 0.279031008 0.898495018 0.338847011 0.391766012 0.873866975 0.28779 0.403820992 0.869593978 0.284036011 0.513900995 0.826044023 0.231361002 0.520096004 0.822839975 0.228827998 0.403820992 0.869593978 0.284036011 0.520096004 0.822839975 0.228827998 0.513900995 0.826044023 0.231361002 0.629902005 0.739982009 0.235725001 0.637287021 0.732474983 0.239326 0.629902005 0.739982009 0.235725001 0.767907023 0.603290021 0.215216994 0.873287022 0.457929999 0.166112006 0.765556991 0.605028987 0.218695998 0.767907023 0.603290021 0.215216994 0.880764008 0.443037003 0.167210996 0.951017976 0.245612994 0.187536001 0.944913983 0.269295007 0.185888007 0.980041027 0.098269999 0.172765002 0.944913983 0.269295007 0.185888007 0.951017976 0.245612994 0.187536001 0.987091005 0 0.160008997 0.980041027 0.098269999 0.172765002 0.980682015 0.0923490003 0.172307998 0.875729024 0.0948209986 0.473342001 0.883511007 0 0.468367994 0.899776995 0 0.436293006 0.82931 0.096254997 0.550400972 0.738669991 0.103670999 0.666005015 0.804558992 0.0355850011 0.59276098 0.751700997 0 0.659474015 0.803551972 0 0.595171988 0.804558992 0.0355850011 0.59276098 0.82931 0.096254997 0.550400972 0.84316498 0.0424510017 0.535965979 0.86184299 0.0542920008 0.504226983 0.127293006 0.789361 0.600543022 -0.01822 0.794457972 0.607012987 -0.0151979998 0.763939023 0.645070016 0.127293006 0.789361 0.600543022 0.129825994 0.754966974 0.642750025 0.267830014 0.733847976 0.624256015 0.397716999 0.684561014 0.610827982 0.39973101 0.709524989 0.580278993 0.275673985 0.762108028 0.585771978 0.530044973 0.66338098 0.528153002 0.513260007 0.640248001 0.57148999 0.626514018 0.556963027 0.545152009 0.513260007 0.640248001 0.57148999 0.530044973 0.66338098 0.528153002 0.39973101 0.709524989 0.580278993 0.626514018 0.556963027 0.545152009 0.728599012 0.468245 0.499832004 0.733115971 0.50276202 0.457960993 0.819329977 0.359050006 0.446913004 0.733115971 0.50276202 0.457960993 0.728599012 0.468245 0.499832004 0.864863992 0.218878999 0.45173499 0.850887001 0.220161006 0.476942986 0.875729024 0.0948209986 0.473342001 0.819329977 0.359050006 0.446913004 0.799584985 0.35157299 0.486831009 0.850887001 0.220161006 0.476942986 0.621326029 0 0.783532023 0.751700997 0 0.659474015 0.738669991 0.103670999 0.666005015 0.82931 0.096254997 0.550400972 0.875729024 0.0948209986 0.473342001 0.850887001 0.220161006 0.476942986 0.738669991 0.103670999 0.666005015 0.82931 0.096254997 0.550400972 0.808984995 0.214453995 0.547258019 0.610920012 0.274879992 0.742393017 0.480147988 0.295906991 0.825739026 0.474287987 0.149601996 0.867550015 0.724844992 0.227821007 0.650135994 0.610920012 0.274879992 0.742393017 0.614795029 0.137730002 0.776543021 0.722526014 0.355967999 0.592607975 0.724844992 0.227821007 0.650135994 0.808984995 0.214453995 0.547258019 0.799584985 0.35157299 0.486831009 0.722526014 0.355967999 0.592607975 0.808984995 0.214453995 0.547258019 0.370799989 0.77275902 -0.515091002 0.381024003 0.772239983 -0.508346975 0.167210996 0.757346988 -0.631214023 0.381024003 0.772239983 -0.508346975 0.432722002 0.74217999 -0.511704028 0.194677994 0.747336984 -0.63527298 0.242927 0.680715024 -0.69106102 0.194677994 0.747336984 -0.63527298 0.432722002 0.74217999 -0.511704028 0.497878999 0.681142986 -0.536728978 0.556383014 0.598955989 -0.575883985 0.280586988 0.575396001 -0.76821202 0.556383014 0.598955989 -0.575883985 0.606311023 0.462844014 -0.646625996 0.308023006 0.43403399 -0.846583009 0.354716986 0.237709001 -0.904232979 0.308023006 0.43403399 -0.846583009 0.606311023 0.462844014 -0.646625996 0.374615014 0 -0.927151978 0.354716986 0.237709001 -0.904232979 0.677725017 0.255317986 -0.689535022 -0.588762999 0.646779001 -0.484755993 -0.529038012 0.631030977 -0.567339003 -0.508103013 0.68086803 -0.527450979 -0.508103013 0.68086803 -0.527450979 -0.561235011 0.638629973 -0.526413977 -0.599536002 0.651570022 -0.46470499 -0.533493996 0.692647994 -0.485365987 -0.638477981 0.624164999 -0.450239986 -0.537706017 0.583392024 -0.608660996 0.198706001 0.730674028 -0.653127015 0.167210996 0.757346988 -0.631214023 0.0159309991 0.738731027 -0.673788011 0.0487079993 0.67058301 -0.740225971 0.0159309991 0.738731027 -0.673788011 -0.117985003 0.718313992 -0.685598016 0.0159309991 0.738731027 -0.673788011 0.0163269993 0.736747026 -0.675953984 -0.128086001 0.720084012 -0.681936026 0.0163269993 0.736747026 -0.675953984 0.0159309991 0.738731027 -0.673788011 0.167210996 0.757346988 -0.631214023 0.194677994 0.747336984 -0.63527298 0.242927 0.680715024 -0.69106102 0.0249029994 0.658132017 -0.752463996 -0.147282004 0.614337981 -0.775139987 -0.128086001 0.720084012 -0.681936026 0.0163269993 0.736747026 -0.675953984 0.242927 0.680715024 -0.69106102 0.280586988 0.575396001 -0.76821202 0.0184640009 0.512283981 -0.858608007 -0.176366001 0.418377995 -0.890956998 -0.147282004 0.614337981 -0.775139987 0.0249029994 0.658132017 -0.752463996 -0.219000995 0.206029996 -0.953702986 -0.176366001 0.418377995 -0.890956998 0.0184640009 0.512283981 -0.858608007 0.280586988 0.575396001 -0.76821202 0.308023006 0.43403399 -0.846583009 0.0207829997 0.345164001 -0.938292027 0.308023006 0.43403399 -0.846583009 0.354716986 0.237709001 -0.904232979 0.0108650001 0.143498003 -0.989562988 0.354716986 0.237709001 -0.904232979 0.374615014 0 -0.927151978 0.0159920007 0 -0.999846995 -0.244148001 0 -0.969726026 -0.219000995 0.206029996 -0.953702986 0.0108650001 0.143498003 -0.989562988 -0.108188003 0.631061971 -0.768119991 -0.117985003 0.718313992 -0.685598016 -0.246619999 0.701071024 -0.669057012 -0.246619999 0.701071024 -0.669057012 -0.371746004 0.691793978 -0.619006991 -0.396587998 0.610004008 -0.685965002 -0.371746004 0.691793978 -0.619006991 -0.508103013 0.68086803 -0.527450979 -0.529038012 0.631030977 -0.567339003 -0.407849014 0.676687002 -0.612933993 -0.561235011 0.638629973 -0.526413977 -0.508103013 0.68086803 -0.527450979 -0.371746004 0.691793978 -0.619006991 -0.246619999 0.701071024 -0.669057012 -0.276039988 0.697501004 -0.661244988 -0.117985003 0.718313992 -0.685598016 -0.128086001 0.720084012 -0.681936026 -0.276039988 0.697501004 -0.661244988 -0.492781997 0.570299029 -0.657185972 -0.537706017 0.583392024 -0.608660996 -0.561235011 0.638629973 -0.526413977 -0.276039988 0.697501004 -0.661244988 -0.315438986 0.58622998 -0.746177971 -0.492781997 0.570299029 -0.657185972 -0.315438986 0.58622998 -0.746177971 -0.276039988 0.697501004 -0.661244988 -0.128086001 0.720084012 -0.681936026 -0.492781997 0.570299029 -0.657185972 -0.525864005 0.393994004 -0.753807008 -0.606402993 0.392376006 -0.691579998 -0.525864005 0.393994004 -0.753807008 -0.492781997 0.570299029 -0.657185972 -0.315438986 0.58622998 -0.746177971 -0.361918986 0.387524009 -0.84780401 -0.315438986 0.58622998 -0.746177971 -0.147282004 0.614337981 -0.775139987 -0.176366001 0.418377995 -0.890956998 -0.219000995 0.206029996 -0.953702986 -0.40180701 0.17069 -0.899654984 -0.525864005 0.393994004 -0.753807008 -0.361918986 0.387524009 -0.84780401 -0.40180701 0.17069 -0.899654984 -0.525864005 0.393994004 -0.753807008 -0.54628098 0.176427007 -0.818781018 -0.620014012 0.208838001 -0.756249011 -0.607195973 0 -0.794519007 -0.620014012 0.208838001 -0.756249011 -0.54628098 0.176427007 -0.818781018 -0.414045006 0 -0.910245001 -0.532608986 0 -0.846338987 -0.54628098 0.176427007 -0.818781018 0.0167549998 0.910122991 0.413922995 -0.129916996 0.904111028 0.406994998 -0.119846001 0.903316975 0.411817014 -0.249305993 0.928403974 0.275398999 -0.253455997 0.930814981 0.263283014 -0.435681999 0.877162993 0.201757997 -0.249305993 0.928403974 0.275398999 -0.119846001 0.903316975 0.411817014 -0.129916996 0.904111028 0.406994998 -0.195929006 0.798943996 0.568560004 -0.383861989 0.774070978 0.503372014 -0.293648988 0.76888299 0.567919016 -0.181889996 0.767663002 0.614489973 -0.0151979998 0.763939023 0.645070016 -0.01822 0.794457972 0.607012987 -0.465254992 0.425733 -0.776054978 -0.43711701 0.218878999 -0.872340977 -0.438643008 0.235603005 -0.867214024 -0.462478012 0.467970997 -0.753014028 -0.464644015 0.621357024 -0.630878985 -0.537706017 0.583392024 -0.608660996 -0.464644015 0.621357024 -0.630878985 -0.432202995 0.758598983 -0.487533003 -0.533493996 0.692647994 -0.485365987 -0.432202995 0.758598983 -0.487533003 -0.500961006 0.794579983 -0.342997998 -0.583239019 0.739615977 -0.335765004 -0.479384989 0.84325701 -0.243048996 -0.598163009 0.772912025 -0.211614996 -0.583239019 0.739615977 -0.335765004 -0.598163009 0.772912025 -0.211614996 -0.479384989 0.84325701 -0.243048996 -0.461988986 0.873959005 -0.150730997 -0.464919001 0.885311007 -0.00378399994 -0.584674001 0.803704977 -0.110233001 -0.461988986 0.873959005 -0.150730997 -0.739372015 0.316659987 -0.594133973 -0.734610975 0.179906994 -0.654164016 -0.749229014 0.180395007 -0.637225986 -0.741813004 0.427015007 -0.517014027 -0.739372015 0.316659987 -0.594133973 -0.754783988 0.321206987 -0.571886003 -0.746086001 0.511642992 -0.426068991 -0.741813004 0.427015007 -0.517014027 -0.756676018 0.404401004 -0.513626993 -0.762962997 0.580859005 -0.283578008 -0.746086001 0.511642992 -0.426068991 -0.773155987 0.481124014 -0.413159996 -0.79598403 0.57902801 -0.176366001 -0.77819097 0.601062 -0.181921005 -0.762962997 0.580859005 -0.283578008 -0.77819097 0.601062 -0.181921005 -0.79598403 0.57902801 -0.176366001 -0.774223983 0.631397009 -0.0431229994 -0.733328998 0.66692102 0.131870002 -0.730063975 0.665028989 0.157109007 -0.625537992 0.703207016 0.337870002 -0.0286570005 0.610644996 0.791374981 0.137088999 0.594531 0.792261004 0.136051998 0.658985972 0.739708006 -0.0230410006 0.672079027 0.740073979 0.136051998 0.658985972 0.739708006 0.129825994 0.754966974 0.642750025 0.275063008 0.650807023 0.707633018 0.267830014 0.733847976 0.624256015 0.129825994 0.754966974 0.642750025 0.136051998 0.658985972 0.739708006 0.137088999 0.594531 0.792261004 0.287544996 0.59562999 0.749992013 0.267830014 0.733847976 0.624256015 0.275063008 0.650807023 0.707633018 0.394481987 0.612658978 0.684804976 0.496048003 0.565508008 0.658833981 0.513260007 0.640248001 0.57148999 0.397716999 0.684561014 0.610827982 0.609118998 0.490462989 0.623188019 0.626514018 0.556963027 0.545152009 0.513260007 0.640248001 0.57148999 0.728599012 0.468245 0.499832004 0.626514018 0.556963027 0.545152009 0.609118998 0.490462989 0.623188019 0.591418028 0.401134998 0.699483991 0.722526014 0.355967999 0.592607975 0.609118998 0.490462989 0.623188019 0.382916003 0.548844993 0.743034005 0.394481987 0.612658978 0.684804976 0.275063008 0.650807023 0.707633018 0.382916003 0.548844993 0.743034005 0.411846995 0.44431901 0.795556009 0.477614999 0.443587005 0.758324027 0.591418028 0.401134998 0.699483991 0.609118998 0.490462989 0.623188019 0.496048003 0.565508008 0.658833981 -0.0151979998 0.763939023 0.645070016 -0.181889996 0.767663002 0.614489973 -0.172369003 0.664723992 0.726920009 -0.0230410006 0.672079027 0.740073979 -0.172369003 0.664723992 0.726920009 -0.168187007 0.594072998 0.786615014 -0.357859999 0.657247007 0.663227975 -0.293648988 0.76888299 0.567919016 -0.444655001 0.74495697 0.497269005 -0.383861989 0.774070978 0.503372014 -0.444655001 0.74495697 0.497269005 -0.293648988 0.76888299 0.567919016 -0.379680991 0.131016001 0.915768981 -0.365734011 0.253913999 0.895383 -0.530228972 0.317117989 0.786279023 0.591418028 0.401134998 0.699483991 0.477614999 0.443587005 0.758324027 0.480147988 0.295906991 0.825739026 0.722526014 0.355967999 0.592607975 0.591418028 0.401134998 0.699483991 0.610920012 0.274879992 0.742393017 0.477614999 0.443587005 0.758324027 0.411846995 0.44431901 0.795556009 0.410778999 0.317117989 0.854793012 -0.714987993 0.591814995 0.372204006 -0.781701028 0.483473986 0.393902004 -0.640950024 0.502914011 0.579791009 -0.855189979 0.154819995 0.494612992 -0.718222976 0.120517999 0.685262978 -0.699697971 0.336374998 0.630267978 -0.718222976 0.120517999 0.685262978 -0.549759984 0.125309005 0.825830996 -0.530228972 0.317117989 0.786279023 -0.863337994 0.460981995 0.205175996 -0.908505023 0.417492986 0.016694 -0.939634025 0.34138 0.0218209997 -0.805750012 0.558061004 0.198309004 -0.730063975 0.665028989 0.157109007 -0.774223983 0.631397009 -0.0431229994 -0.754783988 0.321206987 -0.571886003 -0.749229014 0.180395007 -0.637225986 -0.79500699 0.180485994 -0.579057992 -0.870021999 0.492812991 -0.0123600001 -0.774223983 0.631397009 -0.0431229994 -0.79598403 0.57902801 -0.176366001 -0.862178028 0.485884994 -0.143315002 -0.79598403 0.57902801 -0.176366001 -0.786858976 0.551865995 -0.276100993 -0.862788975 0.432538986 -0.261604995 -0.786858976 0.551865995 -0.276100993 -0.773155987 0.481124014 -0.413159996 -0.839533985 0.383801013 -0.384532988 -0.773155987 0.481124014 -0.413159996 -0.756676018 0.404401004 -0.513626993 -0.756676018 0.404401004 -0.513626993 -0.754783988 0.321206987 -0.571886003 -0.803246975 0.330058008 -0.495772988 -0.908505023 0.417492986 0.016694 -0.870021999 0.492812991 -0.0123600001 -0.862178028 0.485884994 -0.143315002 -0.938627005 0.322854996 -0.121250004 -0.909969985 0.395153999 -0.125492007 -0.898464978 0.360026985 -0.251228005 -0.919187009 0.307260007 -0.246253997 -0.898464978 0.360026985 -0.251228005 -0.875056982 0.344736993 -0.33970201 -0.803246975 0.330058008 -0.495772988 -0.85323602 0.322153002 -0.410108 -0.875056982 0.344736993 -0.33970201 -0.180395007 0.796289027 0.577349007 -0.00338799995 0.80993098 0.586474001 -0.019196 0.794701993 0.606647015 -0.172369003 0.664723992 0.726920009 -0.357859999 0.657247007 0.663227975 -0.285165012 0.594806015 0.751549006 -0.530228972 0.317117989 0.786279023 -0.426465988 0.334941 0.840174973 -0.418500006 0.397992015 0.816340029 0.383495986 0.164983004 0.908658028 0.660268009 -0.125918999 0.740378976 0.389966011 0.0902739987 0.916378975 0.660268009 -0.125918999 0.740378976 0.383495986 0.164983004 0.908658028 0.672353029 0.0817290023 0.735678971 0.903714001 -0.0583209991 0.424115986 0.973968029 -0.197881997 0.110324003 0.929014027 -0.237007007 0.284096986 0.316812992 0.38953799 0.864772022 0.318430007 0.391461015 0.863308012 0.302224994 0.255683988 0.918271005 0.351909012 0.649250984 -0.674215019 0.313944012 0.863551974 -0.394542992 0.340709001 0.808924019 -0.479079992 0.412853986 0.535812974 -0.736503005 0.562180996 0.160099998 -0.811335027 0.445722997 0.360698014 -0.819269001 0.562180996 0.160099998 -0.811335027 0.734305978 -0.149814993 -0.662038028 0.595080018 0.0608839989 -0.80132401 0.767265975 -0.134250998 -0.62706399 0.595080018 0.0608839989 -0.80132401 0.734305978 -0.149814993 -0.662038028 0.877620995 -0.237007007 -0.416577995 0.974852979 -0.191716999 -0.113346003 0.941038013 -0.204108 -0.269692004 0.982756972 -0.184088007 -0.0162049998 0.941038013 -0.204108 -0.269692004 0.974852979 -0.191716999 -0.113346003 0.338481009 0.627673984 0.701009989 0.734519005 0.526170015 0.428449005 0.318430007 0.391461015 0.863308012 0.338481009 0.627673984 0.701009989 0.337657005 0.814446986 0.471816003 0.740348995 0.521988988 0.423536003 0.315957993 0.935208976 -0.159733996 0.340709001 0.808924019 -0.479079992 0.313944012 0.863551974 -0.394542992 0.300911993 0.951415002 -0.0649740025 0.315256 0.931059003 0.183630005 0.313517004 0.93304199 0.176336005 0.337657005 0.814446986 0.471816003 0.313517004 0.93304199 0.176336005 0.315256 0.931059003 0.183630005 0.981719017 -0.186833993 0.0362249985 0.975341022 -0.173589006 0.136204004 0.982756972 -0.184088007 -0.0162049998 0.975341022 -0.173589006 0.136204004 0.981719017 -0.186833993 0.0362249985 0.973968029 -0.197881997 0.110324003 -0.478439003 0.490859985 0.728079975 -0.357859999 0.657247007 0.663227975 -0.541550994 0.646229029 0.537644982 0.910672009 0.395794988 0.118320003 0.734519005 0.526170015 0.428449005 0.740348995 0.521988988 0.423536003 0.847926021 0.529282987 0.0288709998 0.734519005 0.526170015 0.428449005 0.910672009 0.395794988 0.118320003 -0.478439003 0.490859985 0.728079975 -0.418500006 0.397992015 0.816340029 -0.367260009 0.534012973 0.761497974 -0.426465988 0.334941 0.840174973 -0.530228972 0.317117989 0.786279023 -0.365734011 0.253913999 0.895383 -0.357859999 0.657247007 0.663227975 -0.478439003 0.490859985 0.728079975 -0.367260009 0.534012973 0.761497974 -0.443587005 0.877590001 0.181738004 -0.435681999 0.877162993 0.201757997 -0.464919001 0.885311007 -0.00378399994 -0.711264014 0.701865017 -0.0385139994 -0.774223983 0.631397009 -0.0431229994 -0.730063975 0.665028989 0.157109007 -0.863337994 0.460981995 0.205175996 -0.781701028 0.483473986 0.393902004 -0.714987993 0.591814995 0.372204006 -0.714987993 0.591814995 0.372204006 -0.625537992 0.703207016 0.337870002 -0.730063975 0.665028989 0.157109007 -0.556016982 0.778465986 0.291207999 -0.661306024 0.748772025 0.0442520007 -0.642139971 0.762260973 0.0812399983 0.156835005 0.243171006 0.957212985 -0.0139769996 0.250252008 0.968047023 -0.0114139998 0.141057 0.98992902 0.329782993 0.252449006 0.909664989 0.156835005 0.243171006 0.957212985 0.163457006 0.142552003 0.976164997 -0.0114139998 0.141057 0.98992902 -0.0139769996 0.250252008 0.968047023 -0.186956003 0.239296004 0.952757001 -0.204382002 0.125674993 0.970763028 -0.186956003 0.239296004 0.952757001 -0.365734011 0.253913999 0.895383 -0.558824003 0 0.829249024 -0.383769989 0 0.923398972 -0.379680991 0.131016001 0.915768981 -0.848627985 0 0.528946996 -0.713370025 0 0.700766027 -0.718222976 0.120517999 0.685262978 -0.713370025 0 0.700766027 -0.558824003 0 0.829249024 -0.549759984 0.125309005 0.825830996 -0.819329977 0.361887991 0.444624007 -0.904507995 0.364390999 0.221441999 -0.950101972 0.181280002 0.253760993 -0.939634025 0.34138 0.0218209997 -0.938627005 0.322854996 -0.121250004 -0.980224013 0.169865996 -0.101382002 -0.980224013 0.169865996 -0.101382002 -0.938627005 0.322854996 -0.121250004 -0.919187009 0.307260007 -0.246253997 -0.960051 0.161962003 -0.228156 -0.919187009 0.307260007 -0.246253997 -0.900510013 0.266579002 -0.343486011 -0.904507995 0.364390999 0.221441999 -0.939634025 0.34138 0.0218209997 -0.984161019 0.173436999 0.0361949988 -0.872402012 0 -0.488754004 -0.929898977 0 -0.367747992 -0.91851598 0.134953007 -0.371562988 -0.863124013 0.154088005 -0.480850011 -0.91851598 0.134953007 -0.371562988 -0.900510013 0.266579002 -0.343486011 0.0154419998 0.428876996 -0.903195024 0.0154419998 0.441603005 -0.89706099 0.00839299988 0.433270991 -0.901211977 -0.529038012 0.631030977 -0.567339003 -0.588762999 0.646779001 -0.484755993 -0.676229 0.561295986 -0.477095991 -0.561235011 0.638629973 -0.526413977 -0.537706017 0.583392024 -0.608660996 -0.638477981 0.624164999 -0.450239986 -0.574297011 0.789696991 -0.215705007 -0.566789985 0.79876101 -0.201727003 -0.628436983 0.774223983 -0.075044997 -0.679708004 0.673605025 -0.290170014 -0.583239019 0.739615977 -0.335765004 -0.598163009 0.772912025 -0.211614996 -0.700949013 0.707755029 -0.0880149975 -0.584674001 0.803704977 -0.110233001 -0.661306024 0.748772025 0.0442520007 -0.628436983 0.774223983 -0.075044997 -0.687735021 0.725821972 0.0129399998 -0.683705986 0.729575992 -0.0152899995 -0.790489972 0.605639994 -0.0908230022 -0.787011027 0.604785025 -0.121676996 -0.73931098 0.671711981 -0.0465410016 -0.516739011 0.810388982 -0.276008993 -0.514634013 0.818628013 -0.254830003 -0.566789985 0.79876101 -0.201727003 -0.638477981 0.624164999 -0.450239986 -0.533493996 0.692647994 -0.485365987 -0.583239019 0.739615977 -0.335765004 0.480147988 0.295906991 0.825739026 0.329782993 0.252449006 0.909664989 0.316904008 0.150395006 0.936429977 0.394481987 0.612658978 0.684804976 0.382916003 0.548844993 0.743034005 0.477614999 0.443587005 0.758324027 0.728599012 0.468245 0.499832004 0.722526014 0.355967999 0.592607975 0.799584985 0.35157299 0.486831009 0.329782993 0.252449006 0.909664989 0.480147988 0.295906991 0.825739026 0.410778999 0.317117989 0.854793012 -0.781701028 0.483473986 0.393902004 -0.819329977 0.361887991 0.444624007 -0.699697971 0.336374998 0.630267978 -0.530228972 0.317117989 0.786279023 -0.478439003 0.490859985 0.728079975 -0.640950024 0.502914011 0.579791009 -0.863337994 0.460981995 0.205175996 -0.805750012 0.558061004 0.198309004 -0.870021999 0.492812991 -0.0123600001 -0.938627005 0.322854996 -0.121250004 -0.939634025 0.34138 0.0218209997 -0.908505023 0.417492986 0.016694 -0.909969985 0.395153999 -0.125492007 -0.862178028 0.485884994 -0.143315002 -0.862788975 0.432538986 -0.261604995 -0.898464978 0.360026985 -0.251228005 -0.862788975 0.432538986 -0.261604995 -0.839533985 0.383801013 -0.384532988 -0.904507995 0.364390999 0.221441999 -0.819329977 0.361887991 0.444624007 -0.781701028 0.483473986 0.393902004 -0.357859999 0.657247007 0.663227975 -0.172369003 0.664723992 0.726920009 -0.181889996 0.767663002 0.614489973 -0.85323602 0.322153002 -0.410108 -0.803246975 0.330058008 -0.495772988 -0.79500699 0.180485994 -0.579057992 -0.875056982 0.344736993 -0.33970201 -0.85323602 0.322153002 -0.410108 -0.900510013 0.266579002 -0.343486011 0 -0.217657998 -0.976011992 -0.00469999993 0.019227 -0.999786019 0 0.0204169992 -0.999786019 0.00451700017 -0.642841995 -0.765954018 0 -0.217657998 -0.976011992 0.0119329998 -0.433943003 -0.900844991 0.0581380017 -0.866114974 0.496445 0.0331129991 -0.991119027 0.128727004 0.0839869976 -0.969329 0.230903 0 0 0.999969006 0 0 1 0 -0.209571004 0.977783024 0.0585649982 -0.447461993 0.892360985 0.0581380017 -0.866114974 0.496445 0.084048003 -0.775444984 0.625751019 0.0116579998 -0.218360007 0.97576803 0 -0.209571004 0.977783024 0.0585649982 -0.447461993 0.892360985 -0.625537992 0.703207016 0.337870002 -0.714987993 0.591814995 0.372204006 -0.541550994 0.646229029 0.537644982 -0.572862983 0.751244009 0.327708006 -0.625537992 0.703207016 0.337870002 -0.444655001 0.74495697 0.497269005 -0.0262460001 0.43867299 -0.898250997 -0.0251470003 0.43867299 -0.898281991 -0.300850987 0.442030013 -0.84502703 -0.305460006 0.442090988 -0.843317986 -0.300850987 0.442030013 -0.84502703 -0.540574014 0.441388994 -0.716178 -0.547776997 0.441419989 -0.71065402 -0.540574014 0.441388994 -0.716178 -0.726127028 0.443098009 -0.525681019 -0.736778021 0.442945987 -0.510819018 -0.726127028 0.443098009 -0.525681019 -0.863856971 0.440869987 -0.243660003 -0.869228005 0.440748006 -0.223884001 -0.863856971 0.440869987 -0.243660003 -0.898068011 0.437604994 0.0439769998 -0.89696902 0.437543988 0.0628990009 -0.898068011 0.437604994 0.0439769998 -0.831568003 0.441114992 0.337413013 -0.823419988 0.441267014 0.356669992 -0.831568003 0.441114992 0.337413013 -0.693472028 0.438214988 0.571886003 0.252144009 0.442274004 -0.860683024 -0.0251470003 0.43867299 -0.898281991 -0.0262460001 0.43867299 -0.898250997 0.528581023 0.443251014 -0.723930001 0.252144009 0.442274004 -0.860683024 0.258827001 0.442304999 -0.858699024 0.745658994 0.445264995 -0.495682001 0.528581023 0.443251014 -0.723930001 0.537155986 0.443372995 -0.717521012 0.871547997 0.441846997 -0.212409005 0.745658994 0.445264995 -0.495682001 0.758140981 0.44511199 -0.476516008 0.895505011 0.441298008 0.0573749989 0.871547997 0.441846997 -0.212409005 0.875361979 0.441908002 -0.196020007 0.837091982 0.438887 0.326487005 0.895505011 0.441298008 0.0573749989 0.894131005 0.441114992 0.0767539963 0.688863993 0.438124001 0.577440977 0.837091982 0.438887 0.326487005 0.829919994 0.438733995 0.344523013 0.498367012 0.432844013 0.751121998 0.688863993 0.438124001 0.577440977 0.678242981 0.438062996 0.589953005 0.286630005 0.432417005 0.854884982 0.498367012 0.432844013 0.751121998 0.490126997 0.432660997 0.756645024 0.0210270006 0.434248 0.900539994 0.286630005 0.432417005 0.854884982 0.281502992 0.432417005 0.856562972 -0.233406007 0.436140001 0.869045019 -0.239752993 0.436201006 0.867305994 0.0210270006 0.434248 0.900539994 -0.491867006 0.440901011 0.750724971 -0.505356014 0.441053987 0.741630018 -0.239752993 0.436201006 0.867305994 -0.687184989 0.438246012 0.579362988 -0.693472028 0.438214988 0.571886003 -0.505356014 0.441053987 0.741630018 0.0425699987 -0.920623004 -0.388125986 0.0425699987 -0.920623004 -0.388125986 0.0425699987 -0.920623004 -0.388125986 0.0189520009 -0.924405992 0.380840003 0.0239269994 -0.925015986 0.379101008 0.0166020002 -0.924130976 0.381664008 0.0279549994 0 0.999602973 0.0260019992 0 0.999634027 0.0259709992 -0.335307002 0.941739976 0.85244298 0 0.522782028 0.851374984 0 0.524551988 0.865261018 -0.0267949998 0.500564992 0.0108650001 0.143498003 -0.989562988 -0.219000995 0.206029996 -0.953702986 0.0207829997 0.345164001 -0.938292027 0.952207983 0 0.305399001 0.950285017 0.0825529993 0.300179988 0.957975984 0.0972620025 0.269784003 0.937590003 0.0995820016 0.33307901 0.925413013 0.0926539972 0.367412001 0.928525984 0 0.371196985 0.966337979 0 0.257178992 0.953580976 0.183142006 0.238899007 0.913815975 0.110935003 0.390666991 0.960813999 0.153690994 -0.230566993 0.983519971 0.174870998 -0.045198001 0.998961985 0 -0.0451060012 0.94641 0 -0.322854996 0.931882977 0.161167994 -0.324930996 0.960813999 0.153690994 -0.230566993 0.983519971 0.174870998 -0.045198001 0.953580976 0.183142006 0.238899007 0.966337979 0 0.257178992 0.696126997 0 -0.717886984 0.677725017 0.255317986 -0.689535022 0.847742975 0.152013004 -0.508103013 0.883511007 0 0.468367994 0.875729024 0.0948209986 0.473342001 0.86184299 0.0542920008 0.504226983 0.163457006 0.142552003 0.976164997 -0.0114139998 0.141057 0.98992902 -0.0113220001 0 0.99990797 0.316904008 0.150395006 0.936429977 0.163457006 0.142552003 0.976164997 0.167118996 0 0.985930979 0.474287987 0.149601996 0.867550015 0.316904008 0.150395006 0.936429977 0.312754005 0 0.949796975 0.614795029 0.137730002 0.776543021 0.474287987 0.149601996 0.867550015 0.471632987 0 0.881771028 -0.40180701 0.17069 -0.899654984 -0.219000995 0.206029996 -0.953702986 -0.244148001 0 -0.969726026 -0.498032004 0 -0.867121994 -0.438643008 0.235603005 -0.867214024 -0.43711701 0.218878999 -0.872340977 -0.749229014 0.180395007 -0.637225986 -0.734610975 0.179906994 -0.654164016 -0.73091799 0 -0.682424009 -0.0113220001 0 0.99990797 -0.0114139998 0.141057 0.98992902 -0.204382002 0.125674993 0.970763028 -0.213202 0 0.976988971 -0.204382002 0.125674993 0.970763028 -0.379680991 0.131016001 0.915768981 -0.855189979 0.154819995 0.494612992 -0.950101972 0.181280002 0.253760993 -0.960691988 0 0.27750501 -0.79500699 0.180485994 -0.579057992 -0.749229014 0.180395007 -0.637225986 -0.744895995 0 -0.667135 -0.984161019 0.173436999 0.0361949988 -0.980224013 0.169865996 -0.101382002 -0.995482981 0 -0.0948209986 -0.980224013 0.169865996 -0.101382002 -0.960051 0.161962003 -0.228156 -0.975219011 0 -0.221107006 -0.960051 0.161962003 -0.228156 -0.91851598 0.134953007 -0.371562988 -0.929898977 0 -0.367747992 -0.950101972 0.181280002 0.253760993 -0.984161019 0.173436999 0.0361949988 -0.99899298 0 0.0443429984 -0.863124013 0.154088005 -0.480850011 -0.79500699 0.180485994 -0.579057992 -0.799219012 0 -0.601001024 -0.0270390008 0 -0.999602973 0 0.0204169992 -0.999786019 -0.00469999993 0.019227 -0.999786019 0.0607930012 -0.368328005 -0.927671015 0.049989 -0.375835001 -0.925320983 0.065828003 0 -0.997802973 0.85244298 0 0.522782028 0.855006993 -0.0748310015 0.513137996 0.833429992 -0.0599690005 0.549332976 0.168274999 1.10000001e-05 0.985740006 0.168274999 1.10000001e-05 0.985740006 0.168274999 1.10000001e-05 0.985740006 0.168279007 0 0.985716999 0.172857001 0 0.984924018 0.172277004 0 0.985014975 0.168274 3.00000011e-06 0.985740006 0.168274 3.00000011e-06 0.985740006 0.168274 3.00000011e-06 0.985740006 0.168283999 -9.99999997e-07 0.985738993 0.168283999 -9.99999997e-07 0.985738993 0.168283999 -9.99999997e-07 0.985738993 0.168279007 3.00000011e-06 0.985738993 0.168279007 3.00000011e-06 0.985738993 0.168279007 3.00000011e-06 0.985738993 0 -0 1 0 -0 1 0 -0 1 -0 -0 1 0 -0 1 -0 -0 1 -0 -0 1 0 -0 1 -0 -0 1 -0 -0 1 0 -0 1 -0 -0 1 0 -0 1 0 -0 1 -0 -0 1 0.0884729996 0 0.996062994 0.172277004 0 0.985014975 0.172857001 0 0.984924018 0 -0 1 0.0884729996 0 0.996062994 0.0884729996 0 0.996062994 0.168274999 -1.10000001e-05 0.985740006 0.168274999 -1.10000001e-05 0.985740006 0.168274999 -1.10000001e-05 0.985740006 0.168279007 0 0.985716999 0.172277004 0 0.985014975 0.172857001 0 0.984924018 0.168274 -3.00000011e-06 0.985740006 0.168274 -3.00000011e-06 0.985740006 0.168274 -3.00000011e-06 0.985740006 0.168283999 9.99999997e-07 0.985738993 0.168283999 9.99999997e-07 0.985738993 0.168283999 9.99999997e-07 0.985738993 0.168279007 -3.00000011e-06 0.985738993 0.168279007 -3.00000011e-06 0.985738993 0.168279007 -3.00000011e-06 0.985738993 0 -0 1 -0 0 1 -0 0 1 -0 0 1 -0 0 1 -0 0 1 -0 0 1 -0 0 1 -0 0 1 -0 0 1 -0 0 1 -0 0 1 -0 0 1 -0 0 1 -0 0 1 0.0884729996 0 0.996062994 0.0884729996 0 0.996062994 0.172857001 0 0.984924018 -0 0 1 -0 0 1 0.0884729996 0 0.996062994 0.914395988 -0.173466995 0.365702987 0.740348995 -0.521988988 0.423536003 0.913815975 -0.110935003 0.390666991 0.983519971 -0.174870998 -0.045198001 0.953580976 -0.183142006 0.238899007 0.928587019 -0.367504001 -0.0513320006 0.949644029 -0.138126999 0.281167001 0.914395988 -0.173466995 0.365702987 0.950285017 -0.0825529993 0.300179988 0.949644029 -0.138126999 0.281167001 0.950285017 -0.0825529993 0.300179988 0.94729501 -0.175512001 0.267922014 0.94729501 -0.175512001 0.267922014 0.957975984 -0.0972620025 0.269784003 0.915737987 -0.271950006 0.295632988 0.910915971 -0.253517002 0.325419009 0.836573005 -0.423687994 0.347270012 0.915737987 -0.271950006 0.295632988 0.746451974 -0.571916997 0.340128988 0.788902998 -0.536698997 0.299203008 0.836573005 -0.423687994 0.347270012 0.665333986 -0.702413976 0.252784997 0.69502902 -0.710165977 0.112002999 0.727256 -0.656911016 0.198827997 0.72646302 -0.674520016 0.131320998 0.69502902 -0.710165977 0.112002999 0.719016016 -0.694967985 0.000153000001 0.708090007 -0.704671979 -0.0451060012 0.719016016 -0.694967985 0.000153000001 0.69304502 -0.716818988 -0.0764790028 0.757591009 -0.649830997 -0.0610679984 0.740898013 -0.658649981 -0.131259993 0.798029006 -0.600023985 -0.0552689992 0.848810971 -0.526260972 -0.050294999 0.847926021 -0.529282987 0.0288709998 0.798029006 -0.600023985 -0.0552689992 0.704702973 -0.698050022 -0.126803994 0.724174023 -0.686910987 -0.06061 0.69304502 -0.716818988 -0.0764790028 0.727256 -0.656911016 0.198827997 0.734184027 -0.62352401 0.268563002 0.665333986 -0.702413976 0.252784997 0.952207983 0 0.305399001 0.950285017 -0.0825529993 0.300179988 0.915859997 0 0.401439995 0.868220985 -0.355571002 -0.345988005 0.914395988 -0.169194996 -0.367718011 0.887233973 -0.344859004 -0.306313992 0.816187024 -0.495193005 -0.297616988 0.843043029 -0.508957028 -0.173772007 0.739952028 -0.60026902 -0.303445995 0.740898013 -0.658649981 -0.131259993 0.69017601 -0.660390019 -0.29578501 0.784844995 -0.603137016 -0.142064005 0.636250019 -0.768333972 -0.0693989992 0.692800999 -0.720602989 -0.0264599994 0.634631991 -0.76442802 0.113163002 0.636250019 -0.768333972 -0.0693989992 0.639850974 -0.751823008 -0.159000993 0.692800999 -0.720602989 -0.0264599994 -0.00210599997 -0.757439017 0.652851999 0.0063169999 -0.87856698 0.477553993 0.221107006 -0.777917027 0.588153005 0.382396996 -0.789636016 0.479781002 0.221107006 -0.777917027 0.588153005 0.297098011 -0.897274971 0.326487005 0.232398003 -0.969938993 0.0719320029 0.37845999 -0.905148029 0.193396002 0.192633003 -0.968901992 0.155277997 0.404309005 -0.914211988 0.0265820008 0.575120986 -0.811730981 0.101291001 0.37845999 -0.905148029 0.193396002 0.383038014 -0.915341973 -0.124118999 0.561052024 -0.82091701 -0.106174 0.404309005 -0.914211988 0.0265820008 0.331400007 -0.910580993 -0.246895 0.383038014 -0.915341973 -0.124118999 0.197789997 -0.961637974 -0.189916998 0.172765002 -0.951170027 -0.255683988 0.265785992 -0.890712976 -0.368694007 0.197789997 -0.961637974 -0.189916998 -0.171299994 -0.878445029 0.446027994 -0.113834001 -0.959074974 0.259223998 0.0063169999 -0.87856698 0.477553993 -0.171299994 -0.878445029 0.446027994 -0.215124995 -0.760033011 0.613207996 -0.319894999 -0.886227012 0.335002005 -0.210272998 -0.960753024 0.180852994 -0.319894999 -0.886227012 0.335002005 -0.284494013 -0.955626011 0.0762659982 -0.430707991 -0.884548008 0.178899005 -0.564652979 -0.778007984 0.275368989 -0.485397011 -0.874264002 0.00253299996 -0.291725993 -0.956084013 -0.0280159991 -0.485397011 -0.874264002 0.00253299996 -0.330363005 -0.934507012 -0.132237002 -0.330363005 -0.934507012 -0.132237002 -0.520340979 -0.837764025 -0.165409997 -0.325266004 -0.912656009 -0.247413993 -0.429823011 -0.764397025 -0.48051399 -0.503494024 -0.795617998 -0.336802006 -0.548569977 -0.595903993 -0.58644402 -0.317025989 -0.749137998 -0.58159101 -0.429823011 -0.764397025 -0.48051399 -0.413953006 -0.569688976 -0.709951997 -0.183050007 -0.746055007 -0.640217006 -0.317025989 -0.749137998 -0.58159101 -0.245552003 -0.575609982 -0.779962003 -0.0412309989 -0.763207018 -0.644795001 -0.183050007 -0.746055007 -0.640217006 -0.0708329976 -0.610553026 -0.788780987 -0.0412309989 -0.763207018 -0.644795001 0.0888699964 -0.795404017 -0.599506021 -0.0216680001 -0.875972986 -0.481826007 0.195714995 -0.841121018 -0.504166007 0.0888699964 -0.795404017 -0.599506021 0.227789998 -0.720449984 -0.654987991 0.195714995 -0.841121018 -0.504166007 0.265785992 -0.890712976 -0.368694007 0.139317006 -0.923429012 -0.357555002 0.575120986 -0.811730981 0.101291001 0.561052024 -0.82091701 -0.106174 0.634631991 -0.76442802 0.113163002 0.912168026 -0.350383013 -0.212469995 0.928587019 -0.367504001 -0.0513320006 0.843043029 -0.508957028 -0.173772007 0.912168026 -0.350383013 -0.212469995 0.843043029 -0.508957028 -0.173772007 0.887233973 -0.344859004 -0.306313992 0.704702973 -0.698050022 -0.126803994 0.632435024 -0.713675022 -0.301126003 0.740898013 -0.658649981 -0.131259993 0.632435024 -0.713675022 -0.301126003 0.704702973 -0.698050022 -0.126803994 0.639850974 -0.751823008 -0.159000993 0.836573005 -0.423687994 0.347270012 0.910915971 -0.253517002 0.325419009 0.834985971 -0.393077999 0.38499099 0.834985971 -0.393077999 0.38499099 0.743430972 -0.545915008 0.386334002 0.836573005 -0.423687994 0.347270012 0.651661992 -0.67455101 0.34681201 0.635823011 -0.650380015 0.415571004 0.552110016 -0.727500021 0.407299995 0.427044988 -0.749046028 0.50642401 0.288217008 -0.774986982 0.562394977 0.429304004 -0.760613024 0.486923009 -0.019196 -0.794701993 0.606647015 0.135013998 -0.790551007 0.59730798 -0.00338799995 -0.80993098 0.586474001 0.288217008 -0.774986982 0.562394977 0.146213993 -0.790551007 0.59465301 0.285623014 -0.777947009 0.559587002 0.552110016 -0.727500021 0.407299995 0.529801011 -0.710775971 0.462630004 0.429304004 -0.760613024 0.486923009 0.651661992 -0.67455101 0.34681201 0.734184027 -0.62352401 0.268563002 0.746451974 -0.571916997 0.340128988 0.651661992 -0.67455101 0.34681201 0.746451974 -0.571916997 0.340128988 0.635823011 -0.650380015 0.415571004 0.763297975 -0.644429028 -0.0451669991 0.757591009 -0.649830997 -0.0610679984 0.805597007 -0.591387987 -0.0351569988 0.843043029 -0.508957028 -0.173772007 0.848810971 -0.526260972 -0.050294999 0.784844995 -0.603137016 -0.142064005 0.724174023 -0.686910987 -0.06061 0.704702973 -0.698050022 -0.126803994 0.757591009 -0.649830997 -0.0610679984 0.636250019 -0.768333972 -0.0693989992 0.561052024 -0.82091701 -0.106174 0.537308991 -0.787957013 -0.300577015 0.69502902 -0.710165977 0.112002999 0.665333986 -0.702413976 0.252784997 0.634631991 -0.76442802 0.113163002 0.634631991 -0.76442802 0.113163002 0.573198974 -0.761376023 0.302805007 0.575120986 -0.811730981 0.101291001 0.573198974 -0.761376023 0.302805007 0.665333986 -0.702413976 0.252784997 0.552110016 -0.727500021 0.407299995 0.135013998 -0.790551007 0.59730798 -0.019196 -0.794701993 0.606647015 0.154636994 -0.768395007 0.620959997 0.221107006 -0.777917027 0.588153005 0.154636994 -0.768395007 0.620959997 -0.00210599997 -0.757439017 0.652851999 0.135013998 -0.790551007 0.59730798 0.154636994 -0.768395007 0.620959997 0.285623014 -0.777947009 0.559587002 0.382396996 -0.789636016 0.479781002 0.322916001 -0.773553014 0.545243979 0.221107006 -0.777917027 0.588153005 0.285623014 -0.777947009 0.559587002 0.322916001 -0.773553014 0.545243979 0.429304004 -0.760613024 0.486923009 0.507888973 -0.799920976 0.319528997 0.467848986 -0.769738019 0.434217006 0.382396996 -0.789636016 0.479781002 0.429304004 -0.760613024 0.486923009 0.467848986 -0.769738019 0.434217006 0.552110016 -0.727500021 0.407299995 0.910915971 -0.253517002 0.325419009 0.937590003 -0.0995820016 0.33307901 0.898281991 -0.244178995 0.365215003 0.962827981 0 0.270089 0.941343009 0 0.337352008 0.957975984 -0.0972620025 0.269784003 -0.413953006 -0.569688976 -0.709951997 -0.548569977 -0.595903993 -0.58644402 -0.396587998 -0.610004008 -0.685965002 -0.245552003 -0.575609982 -0.779962003 -0.413953006 -0.569688976 -0.709951997 -0.259254992 -0.608295023 -0.750145018 -0.108188003 -0.631061971 -0.768119991 0.0487079993 -0.67058301 -0.740225971 -0.0708329976 -0.610553026 -0.788780987 -0.259254992 -0.608295023 -0.750145018 -0.108188003 -0.631061971 -0.768119991 -0.245552003 -0.575609982 -0.779962003 0.0948819965 -0.649555981 -0.754325986 0.0487079993 -0.67058301 -0.740225971 0.227789998 -0.720449984 -0.654987991 0.227789998 -0.720449984 -0.654987991 0.198706001 -0.730674028 -0.653127015 0.359690994 -0.793298006 -0.491165012 0.359690994 -0.793298006 -0.491165012 0.370799989 -0.77275902 -0.515091002 0.474929005 -0.824945986 -0.306374997 -0.00210599997 -0.757439017 0.652851999 -0.0160530005 -0.753807008 0.656880021 -0.215124995 -0.760033011 0.613207996 -0.191778004 -0.766960979 0.612322986 -0.393536001 -0.773064017 0.497420996 -0.215124995 -0.760033011 0.613207996 -0.556016982 -0.778465986 0.291207999 -0.564652979 -0.778007984 0.275368989 -0.393536001 -0.773064017 0.497420996 -0.661306024 -0.748772025 0.0442520007 -0.655354023 -0.754661977 0.0310069993 -0.556016982 -0.778465986 0.291207999 -0.393536001 -0.773064017 0.497420996 -0.391705006 -0.787407994 0.475906014 -0.556016982 -0.778465986 0.291207999 -0.191778004 -0.766960979 0.612322986 -0.180395007 -0.796289027 0.577349007 -0.393536001 -0.773064017 0.497420996 -0.714681983 -0.648213029 -0.262672991 -0.684590995 -0.698202014 -0.209356993 -0.69649303 -0.711844027 -0.090121001 -0.818292975 -0.538407981 -0.201177999 -0.828607976 -0.507981002 -0.235205993 -0.874996006 -0.394024014 -0.281197995 -0.828607976 -0.507981002 -0.235205993 -0.818292975 -0.538407981 -0.201177999 -0.787011027 -0.604785025 -0.121676996 -0.75426501 -0.656208992 -0.0210880004 -0.687735021 -0.725821972 0.0129399998 -0.73931098 -0.671711981 -0.0465410016 -0.566789985 -0.79876101 -0.201727003 -0.69481498 -0.700949013 -0.160924003 -0.514634013 -0.818628013 -0.254830003 -0.874996006 -0.394024014 -0.281197995 -0.711905003 -0.661641002 -0.235266998 -0.818292975 -0.538407981 -0.201177999 -0.691426992 -0.721580029 -0.034883 -0.69649303 -0.711844027 -0.090121001 -0.661306024 -0.748772025 0.0442520007 -0.710287988 -0.678915024 -0.185705006 -0.700949013 -0.707755029 -0.0880149975 -0.712943017 -0.677725017 -0.179906994 -0.818292975 -0.538407981 -0.201177999 -0.69481498 -0.700949013 -0.160924003 -0.790489972 -0.605639994 -0.0908230022 -0.69481498 -0.700949013 -0.160924003 -0.566789985 -0.79876101 -0.201727003 -0.703360021 -0.71062398 -0.016144 -0.687735021 -0.725821972 0.0129399998 -0.75426501 -0.656208992 -0.0210880004 -0.703360021 -0.71062398 -0.016144 -0.676229 -0.561295986 -0.477095991 -0.666676998 -0.606921971 -0.432599992 -0.714681983 -0.648213029 -0.262672991 0.0456250012 -0.376354009 -0.925320983 0.0437330008 -0.369549006 -0.928158998 0.00344899995 -0.355082989 -0.934812009 0.0437330008 -0.369549006 -0.928158998 0.0456250012 -0.376354009 -0.925320983 0.0154419998 -0.428876996 -0.903195024 0.113651 -0.964506984 0.238288999 0.177067995 -0.887233973 0.425947011 0.00766000012 -0.962188005 0.272163987 0.192633003 -0.968901992 0.155277997 0.297098011 -0.897274971 0.326487005 0.113651 -0.964506984 0.238288999 0.382396996 -0.789636016 0.479781002 0.297098011 -0.897274971 0.326487005 0.507888973 -0.799920976 0.319528997 0.246864006 -0.968595982 -0.0290539991 0.404309005 -0.914211988 0.0265820008 0.232398003 -0.969938993 0.0719320029 0.246650994 -0.961058021 -0.124453999 0.383038014 -0.915341973 -0.124118999 0.246864006 -0.968595982 -0.0290539991 0.474929005 -0.824945986 -0.306374997 0.561052024 -0.82091701 -0.106174 0.331400007 -0.910580993 -0.246895 0.474929005 -0.824945986 -0.306374997 0.331400007 -0.910580993 -0.246895 0.359690994 -0.793298006 -0.491165012 -0.215124995 -0.760033011 0.613207996 -0.171299994 -0.878445029 0.446027994 -0.00210599997 -0.757439017 0.652851999 -0.113834001 -0.959074974 0.259223998 -0.171299994 -0.878445029 0.446027994 -0.210272998 -0.960753024 0.180852994 -0.564652979 -0.778007984 0.275368989 -0.430707991 -0.884548008 0.178899005 -0.414990991 -0.773918986 0.478316993 -0.284494013 -0.955626011 0.0762659982 -0.430707991 -0.884548008 0.178899005 -0.291725993 -0.956084013 -0.0280159991 -0.684590995 -0.698202014 -0.209356993 -0.520340979 -0.837764025 -0.165409997 -0.655354023 -0.754661977 0.0310069993 -0.666676998 -0.606921971 -0.432599992 -0.503494024 -0.795617998 -0.336802006 -0.684590995 -0.698202014 -0.209356993 -0.325266004 -0.912656009 -0.247413993 -0.503494024 -0.795617998 -0.336802006 -0.28479901 -0.889949977 -0.356151015 -0.209021002 -0.878902972 -0.42869401 -0.28479901 -0.889949977 -0.356151015 -0.317025989 -0.749137998 -0.58159101 -0.317025989 -0.749137998 -0.58159101 -0.183050007 -0.746055007 -0.640217006 -0.209021002 -0.878902972 -0.42869401 -0.0216680001 -0.875972986 -0.481826007 -0.128056005 -0.868342996 -0.479079992 -0.0412309989 -0.763207018 -0.644795001 -0.0708329976 -0.610553026 -0.788780987 0.0948819965 -0.649555981 -0.754325986 -0.0412309989 -0.763207018 -0.644795001 0.139317006 -0.923429012 -0.357555002 0.0753810033 -0.895290971 -0.438977987 0.195714995 -0.841121018 -0.504166007 0.227789998 -0.720449984 -0.654987991 0.359690994 -0.793298006 -0.491165012 0.195714995 -0.841121018 -0.504166007 0.868220985 -0.355571002 -0.345988005 0.887233973 -0.344859004 -0.306313992 0.840358019 -0.423566014 -0.338176012 0.556383014 -0.598955989 -0.575883985 0.739250004 -0.497878999 -0.453382999 0.739952028 -0.60026902 -0.303445995 0.739250004 -0.497878999 -0.453382999 0.828547001 -0.399304003 -0.392407 0.816187024 -0.495193005 -0.297616988 0.847742975 -0.152013004 -0.508103013 0.862452984 -0.248359993 -0.440961987 0.805261016 -0.333200991 -0.490370989 0.928587019 -0.367504001 -0.0513320006 0.912168026 -0.350383013 -0.212469995 0.983519971 -0.174870998 -0.045198001 0.887233973 -0.344859004 -0.306313992 0.931882977 -0.161167994 -0.324930996 0.912168026 -0.350383013 -0.212469995 0.94641 0 -0.322854996 0.931882977 -0.161167994 -0.324930996 0.930447996 0 -0.366374999 0.88576901 0 -0.464094996 0.893276989 -0.0976900011 -0.43867299 0.856074989 0 -0.516799986 0.805261016 -0.333200991 -0.490370989 0.739250004 -0.497878999 -0.453382999 0.677725017 -0.255317986 -0.689535022 0.497878999 -0.681142986 -0.536759973 0.556383014 -0.598955989 -0.575883985 0.69017601 -0.660390019 -0.29578501 0.69017601 -0.660390019 -0.29578501 0.632435024 -0.713675022 -0.301126003 0.497878999 -0.681142986 -0.536759973 0.381024003 -0.772239983 -0.508346975 0.558915973 -0.766411006 -0.316477001 0.370799989 -0.77275902 -0.515091002 0.632435024 -0.713675022 -0.301126003 0.558915973 -0.766411006 -0.316477001 0.432722002 -0.74217999 -0.511704028 0.636250019 -0.768333972 -0.0693989992 0.537308991 -0.787957013 -0.300577015 0.639850974 -0.751823008 -0.159000993 0.156163007 -0.900753975 0.405194014 0.0318000019 -0.910305977 0.412701994 0.157781005 -0.899013996 0.408459991 0.279031008 -0.898495018 0.338847011 0.156163007 -0.900753975 0.405194014 0.267190009 -0.898555994 0.348093987 0.267190009 -0.898555994 0.348093987 0.403820992 -0.869593978 0.284036011 0.279031008 -0.898495018 0.338847011 0.520096004 -0.822839975 0.228827998 0.513900995 -0.826044023 0.231361002 0.403820992 -0.869593978 0.284036011 0.637287021 -0.732474983 0.239326 0.629902005 -0.739982009 0.235754997 0.520096004 -0.822839975 0.228827998 0.765556991 -0.605028987 0.218695998 0.767907023 -0.603290021 0.215216994 0.637287021 -0.732474983 0.239326 0.765556991 -0.605028987 0.218695998 0.873287022 -0.457929999 0.166112006 0.767907023 -0.603290021 0.215216994 0.951017976 -0.245612994 0.187536001 0.880764008 -0.443006992 0.167241007 0.944913983 -0.269295007 0.185888007 0.944913983 -0.269295007 0.185888007 0.980041027 -0.098269999 0.172765002 0.951017976 -0.245612994 0.187536001 0.980041027 -0.098269999 0.172765002 0.987091005 0 0.160008997 0.980682015 -0.0923490003 0.172307998 0.883511007 0 0.468367994 0.875729024 -0.0948209986 0.473342001 0.899776995 0 0.436293006 0.738669991 -0.103670999 0.666005015 0.82931 -0.096254997 0.550400972 0.804558992 -0.0355850011 0.59276098 0.803551972 0 0.595171988 0.751700997 0 0.659474015 0.804558992 -0.0355850011 0.59276098 0.875729024 -0.0948209986 0.473342001 0.86184299 -0.0542920008 0.504226983 0.82931 -0.096254997 0.550400972 0.129825994 -0.754966974 0.642750025 -0.0151979998 -0.763939023 0.645070016 0.127293006 -0.789361 0.600543022 0.129825994 -0.754966974 0.642750025 0.127293006 -0.789361 0.600543022 0.267830014 -0.733847976 0.624256015 0.39973101 -0.709524989 0.580278993 0.397716999 -0.684561014 0.610827982 0.275673985 -0.762108028 0.585771978 0.625720978 -0.580645025 0.520829022 0.626514018 -0.556993008 0.545152009 0.530044973 -0.66338098 0.528153002 0.397716999 -0.684561014 0.610827982 0.39973101 -0.709524989 0.580278993 0.513260007 -0.640248001 0.57148999 0.625720978 -0.580645025 0.520829022 0.733115971 -0.50276202 0.457960993 0.626514018 -0.556993008 0.545152009 0.799584985 -0.35157299 0.486831009 0.728599012 -0.468245 0.499832004 0.819329977 -0.359050006 0.446913004 0.850887001 -0.220161006 0.476942986 0.864863992 -0.218878999 0.45173499 0.875729024 -0.0948209986 0.473342001 0.864863992 -0.218878999 0.45173499 0.850887001 -0.220161006 0.476942986 0.819329977 -0.359050006 0.446913004 0.751700997 0 0.659474015 0.621326029 0 0.783532023 0.738669991 -0.103670999 0.666005015 0.875729024 -0.0948209986 0.473342001 0.82931 -0.096254997 0.550400972 0.850887001 -0.220161006 0.476942986 0.82931 -0.096254997 0.550400972 0.738669991 -0.103670999 0.666005015 0.808984995 -0.214453995 0.547258019 0.480147988 -0.295906991 0.825739026 0.610920012 -0.274879992 0.742393017 0.474287987 -0.149601996 0.867550015 0.610920012 -0.274879992 0.742393017 0.724844992 -0.227821007 0.650135994 0.614795029 -0.137730002 0.776543021 0.722526014 -0.355967999 0.592607975 0.799584985 -0.35157299 0.486831009 0.808984995 -0.214453995 0.547258019 0.381024003 -0.772239983 -0.508346975 0.370799989 -0.77275902 -0.515091002 0.167210996 -0.757346988 -0.631214023 0.432722002 -0.74217999 -0.511704028 0.381024003 -0.772239983 -0.508346975 0.194677994 -0.747336984 -0.63527298 0.194677994 -0.747336984 -0.63527298 0.242927 -0.680715024 -0.69106102 0.432722002 -0.74217999 -0.511704028 0.556383014 -0.598955989 -0.575883985 0.497878999 -0.681142986 -0.536759973 0.280586988 -0.575396001 -0.76821202 0.606311023 -0.462844014 -0.646625996 0.556383014 -0.598955989 -0.575883985 0.308023006 -0.43403399 -0.846583009 0.308023006 -0.43403399 -0.846583009 0.354716986 -0.237709001 -0.904232979 0.606311023 -0.462844014 -0.646625996 0.354716986 -0.237709001 -0.904232979 0.374615014 0 -0.927151978 0.677725017 -0.255317986 -0.689535022 -0.529038012 -0.631030977 -0.567339003 -0.588762999 -0.646779001 -0.484755993 -0.508103013 -0.68086803 -0.527450979 -0.565415978 -0.677174985 -0.470809013 -0.599536002 -0.651570022 -0.46470499 -0.508103013 -0.68086803 -0.527450979 0.167210996 -0.757346988 -0.631214023 0.198706001 -0.730674028 -0.653127015 0.0159309991 -0.738731027 -0.673788011 0.0159309991 -0.738731027 -0.673788011 0.0487079993 -0.67058301 -0.740225971 -0.117985003 -0.718313992 -0.685598016 0.0163269993 -0.736747026 -0.675953984 0.0159309991 -0.738731027 -0.673788011 -0.128086001 -0.720084012 -0.681936026 0.0159309991 -0.738731027 -0.673788011 0.0163269993 -0.736747026 -0.675953984 0.167210996 -0.757346988 -0.631214023 0.242927 -0.680715024 -0.69106102 0.194677994 -0.747336984 -0.63527298 0.0249029994 -0.658132017 -0.752463996 -0.128086001 -0.720084012 -0.681936026 -0.147282004 -0.614337981 -0.775139987 0.0163269993 -0.736747026 -0.675953984 0.280586988 -0.575396001 -0.76821202 0.242927 -0.680715024 -0.69106102 0.0184640009 -0.512283981 -0.858608007 -0.147282004 -0.614337981 -0.775139987 -0.176366001 -0.418377995 -0.890956998 0.0249029994 -0.658132017 -0.752463996 0.0207829997 -0.345164001 -0.938292027 0.0184640009 -0.512283981 -0.858608007 -0.219000995 -0.206029996 -0.953702986 0.308023006 -0.43403399 -0.846583009 0.280586988 -0.575396001 -0.76821202 0.0207829997 -0.345164001 -0.938292027 0.0207829997 -0.345164001 -0.938292027 0.0108650001 -0.143498003 -0.989562988 0.308023006 -0.43403399 -0.846583009 0.374615014 0 -0.927151978 0.354716986 -0.237709001 -0.904232979 0.0159920007 0 -0.999846995 -0.219000995 -0.206029996 -0.953702986 -0.244148001 0 -0.969726026 0.0108650001 -0.143498003 -0.989562988 -0.259254992 -0.608295023 -0.750145018 -0.246619999 -0.701071024 -0.669057012 -0.108188003 -0.631061971 -0.768119991 -0.259254992 -0.608295023 -0.750145018 -0.396587998 -0.610004008 -0.685965002 -0.246619999 -0.701071024 -0.669057012 -0.508103013 -0.68086803 -0.527450979 -0.371746004 -0.691793978 -0.619006991 -0.529038012 -0.631030977 -0.567339003 -0.371746004 -0.691793978 -0.619006991 -0.508103013 -0.68086803 -0.527450979 -0.407849014 -0.676687002 -0.612933993 -0.407849014 -0.676687002 -0.612933993 -0.276039988 -0.697501004 -0.661244988 -0.371746004 -0.691793978 -0.619006991 -0.128086001 -0.720084012 -0.681936026 -0.117985003 -0.718313992 -0.685598016 -0.276039988 -0.697501004 -0.661244988 -0.597827017 -0.546891987 -0.586046994 -0.492781997 -0.570299029 -0.657185972 -0.561235011 -0.638629973 -0.526413977 -0.315438986 -0.58622998 -0.746177971 -0.276039988 -0.697501004 -0.661244988 -0.492781997 -0.570299029 -0.657185972 -0.276039988 -0.697501004 -0.661244988 -0.315438986 -0.58622998 -0.746177971 -0.128086001 -0.720084012 -0.681936026 -0.525864005 -0.393994004 -0.753807008 -0.492781997 -0.570299029 -0.657185972 -0.606371999 -0.392376006 -0.691579998 -0.361918986 -0.387524009 -0.84780401 -0.315438986 -0.58622998 -0.746177971 -0.525864005 -0.393994004 -0.753807008 -0.176366001 -0.418377995 -0.890956998 -0.147282004 -0.614337981 -0.775139987 -0.361918986 -0.387524009 -0.84780401 -0.361918986 -0.387524009 -0.84780401 -0.40180701 -0.17069 -0.899654984 -0.176366001 -0.418377995 -0.890956998 -0.361918986 -0.387524009 -0.84780401 -0.525864005 -0.393994004 -0.753807008 -0.40180701 -0.17069 -0.899654984 -0.606371999 -0.392376006 -0.691579998 -0.620014012 -0.208838001 -0.756249011 -0.525864005 -0.393994004 -0.753807008 -0.620014012 -0.208838001 -0.756249011 -0.607195973 0 -0.794519007 -0.54628098 -0.176427007 -0.818781018 -0.532608986 0 -0.846338987 -0.414045006 0 -0.910245001 -0.54628098 -0.176427007 -0.818781018 -0.129916996 -0.904111028 0.406994998 0.0167549998 -0.910153985 0.413922995 -0.119846001 -0.903316975 0.411817014 -0.443587005 -0.877590001 0.181738004 -0.435681999 -0.877162993 0.201757997 -0.249336004 -0.928403974 0.275398999 -0.119846001 -0.903316975 0.411817014 -0.249336004 -0.928403974 0.275398999 -0.129916996 -0.904111028 0.406994998 -0.383861989 -0.774070978 0.503372014 -0.195929006 -0.798943996 0.568560004 -0.293648988 -0.76888299 0.567919016 -0.0151979998 -0.763939023 0.645070016 -0.181889996 -0.767663002 0.614489973 -0.01822 -0.794457972 0.607012987 -0.43711701 -0.218878999 -0.872340977 -0.465254992 -0.425733 -0.776054978 -0.438643008 -0.235603005 -0.867214024 -0.464614004 -0.621357024 -0.630878985 -0.462507993 -0.467970997 -0.753014028 -0.468062013 -0.619921982 -0.629719019 -0.432202995 -0.758598983 -0.487533003 -0.464614004 -0.621357024 -0.630878985 -0.433881998 -0.756859004 -0.48872301 -0.500961006 -0.794579983 -0.342997998 -0.432202995 -0.758598983 -0.487533003 -0.496811002 -0.797510028 -0.342204005 -0.476150006 -0.846736014 -0.237189993 -0.479384989 -0.84325701 -0.243048996 -0.496811002 -0.797510028 -0.342204005 -0.479384989 -0.84325701 -0.243048996 -0.476150006 -0.846736014 -0.237189993 -0.461988986 -0.873959005 -0.150730997 -0.45539701 -0.890193999 0.0117499996 -0.461988986 -0.873959005 -0.150730997 -0.464919001 -0.885311007 -0.00378399994 -0.734610975 -0.179906994 -0.654164016 -0.739372015 -0.316659987 -0.594133973 -0.749229014 -0.180395007 -0.637225986 -0.739372015 -0.316659987 -0.594133973 -0.741813004 -0.427015007 -0.517014027 -0.754783988 -0.321206987 -0.571886003 -0.741813004 -0.427015007 -0.517014027 -0.746086001 -0.511642992 -0.426068991 -0.756676018 -0.404401004 -0.513626993 -0.746086001 -0.511642992 -0.426068991 -0.762962997 -0.580859005 -0.283578008 -0.773155987 -0.481124014 -0.413159996 -0.77819097 -0.601062 -0.181921005 -0.79598403 -0.57902801 -0.176366001 -0.762962997 -0.580859005 -0.283578008 -0.79598403 -0.57902801 -0.176366001 -0.77819097 -0.601062 -0.181921005 -0.774223983 -0.631397009 -0.0431229994 -0.730063975 -0.665028989 0.157109007 -0.733328998 -0.66692102 0.131870002 -0.625537992 -0.703207016 0.337870002 -0.0230410006 -0.672079027 0.740073979 0.136051998 -0.658985972 0.739708006 -0.0286570005 -0.610644996 0.791374981 0.136051998 -0.658985972 0.739708006 -0.0230410006 -0.672079027 0.740073979 0.129825994 -0.754966974 0.642750025 0.136051998 -0.658985972 0.739708006 0.129825994 -0.754966974 0.642750025 0.275063008 -0.650807023 0.707633018 0.137088999 -0.594531 0.792261004 0.136051998 -0.658985972 0.739708006 0.287544996 -0.59562999 0.749992013 0.275063008 -0.650807023 0.707633018 0.267830014 -0.733847976 0.624256015 0.394481987 -0.612689972 0.684804976 0.513260007 -0.640248001 0.57148999 0.496048003 -0.565508008 0.658833981 0.397716999 -0.684561014 0.610827982 0.626514018 -0.556993008 0.545152009 0.609118998 -0.490462989 0.623188019 0.513260007 -0.640248001 0.57148999 0.626514018 -0.556993008 0.545152009 0.728599012 -0.468245 0.499832004 0.609118998 -0.490462989 0.623188019 0.394481987 -0.612689972 0.684804976 0.382916003 -0.548844993 0.743034005 0.275063008 -0.650807023 0.707633018 0.609118998 -0.490462989 0.623188019 0.591418028 -0.401134998 0.699483991 0.496048003 -0.565508008 0.658833981 -0.181889996 -0.767663002 0.614489973 -0.0151979998 -0.763939023 0.645070016 -0.172369003 -0.664723992 0.726920009 -0.172369003 -0.664723992 0.726920009 -0.0230410006 -0.672079027 0.740073979 -0.168187007 -0.594072998 0.786615014 -0.293648988 -0.76888299 0.567919016 -0.357859999 -0.657247007 0.663227975 -0.444655001 -0.74495697 0.497269005 -0.365734011 -0.253913999 0.895383 -0.379680991 -0.131016001 0.915768981 -0.530228972 -0.317117989 0.786279023 0.477614999 -0.443587005 0.758324027 0.591418028 -0.401134998 0.699483991 0.480147988 -0.295906991 0.825739026 0.591418028 -0.401134998 0.699483991 0.722526014 -0.355967999 0.592607975 0.610920012 -0.274879992 0.742393017 0.411846995 -0.44431901 0.795556009 0.477614999 -0.443587005 0.758324027 0.410778999 -0.317117989 0.854793012 -0.781701028 -0.483473986 0.393902004 -0.714987993 -0.591814995 0.372204006 -0.640950024 -0.502914011 0.579791009 -0.718222976 -0.120517999 0.685262978 -0.855189979 -0.154819995 0.494612992 -0.699697971 -0.336374998 0.630267978 -0.549759984 -0.125309005 0.825830996 -0.718222976 -0.120517999 0.685262978 -0.530228972 -0.317117989 0.786279023 -0.908505023 -0.417492986 0.016694 -0.863337994 -0.460981995 0.205175996 -0.939634025 -0.34138 0.0218209997 -0.730063975 -0.665028989 0.157109007 -0.805750012 -0.558061004 0.198309004 -0.774223983 -0.631397009 -0.0431229994 -0.749229014 -0.180395007 -0.637225986 -0.754783988 -0.321206987 -0.571886003 -0.79500699 -0.180485994 -0.579057992 -0.774223983 -0.631397009 -0.0431229994 -0.870021999 -0.492812991 -0.0123600001 -0.79598403 -0.57902801 -0.176366001 -0.79598403 -0.57902801 -0.176366001 -0.862178028 -0.485884994 -0.143315002 -0.786858976 -0.551865995 -0.276100993 -0.786858976 -0.551865995 -0.276100993 -0.862788975 -0.432538986 -0.261604995 -0.773155987 -0.481124014 -0.413159996 -0.803246975 -0.330058008 -0.495772988 -0.756676018 -0.404401004 -0.513626993 -0.839533985 -0.383801013 -0.384532988 -0.870021999 -0.492812991 -0.0123600001 -0.908505023 -0.417492986 0.016694 -0.862178028 -0.485884994 -0.143315002 -0.909969985 -0.395153999 -0.125492007 -0.938627005 -0.322854996 -0.121250004 -0.898464978 -0.360026985 -0.251228005 -0.898464978 -0.360026985 -0.251228005 -0.919187009 -0.307260007 -0.246253997 -0.875056982 -0.344736993 -0.33970201 -0.85323602 -0.322153002 -0.410108 -0.803246975 -0.330058008 -0.495772988 -0.875056982 -0.344736993 -0.33970201 -0.00338799995 -0.80993098 0.586474001 -0.180395007 -0.796289027 0.577349007 -0.019196 -0.794701993 0.606647015 -0.357859999 -0.657247007 0.663227975 -0.172369003 -0.664723992 0.726920009 -0.285165012 -0.594806015 0.751549006 -0.426465988 -0.334941 0.840174973 -0.530228972 -0.317117989 0.786279023 -0.418500006 -0.397992015 0.816340029 0.660268009 0.125918999 0.740378976 0.383495986 -0.164983004 0.908658028 0.389966011 -0.0903040022 0.916378975 0.383495986 -0.164983004 0.908658028 0.660268009 0.125918999 0.740378976 0.672353029 -0.0817290023 0.735678971 0.973968029 0.197881997 0.110324003 0.903714001 0.0583209991 0.424115986 0.929014027 0.237007007 0.284126997 0.318430007 -0.391461015 0.863308012 0.316812992 -0.38953799 0.864772022 0.302224994 -0.255683988 0.918271005 0.313944012 -0.863551974 -0.394542992 0.351909012 -0.649250984 -0.674215019 0.340709001 -0.808924019 -0.479079992 0.562180996 -0.160099998 -0.811335027 0.412853986 -0.535812974 -0.736503005 0.445722997 -0.360698014 -0.819269001 0.734305978 0.149814993 -0.662038028 0.562180996 -0.160099998 -0.811335027 0.595080018 -0.0608839989 -0.80132401 0.595080018 -0.0608839989 -0.80132401 0.767265975 0.134250998 -0.62706399 0.734305978 0.149814993 -0.662038028 0.974852979 0.191716999 -0.113346003 0.877620995 0.237007007 -0.416577995 0.941038013 0.204108 -0.269692004 0.941038013 0.204108 -0.269692004 0.982756972 0.184088007 -0.0162049998 0.974852979 0.191716999 -0.113346003 0.734519005 -0.526170015 0.428449005 0.338481009 -0.627673984 0.701009989 0.318430007 -0.391461015 0.863308012 0.734519005 -0.526170015 0.428449005 0.740348995 -0.521988988 0.423536003 0.338481009 -0.627673984 0.701009989 0.300911993 -0.951415002 -0.0649740025 0.313944012 -0.863551974 -0.394542992 0.315957993 -0.935208976 -0.159733996 0.315957993 -0.935208976 -0.159733996 0.313517004 -0.93304199 0.176336005 0.300911993 -0.951415002 -0.0649740025 0.740348995 -0.521988988 0.423536003 0.315256 -0.931059003 0.183630005 0.337657005 -0.814446986 0.471816003 0.975341022 0.173589006 0.136204004 0.981719017 0.186833993 0.0362249985 0.982756972 0.184088007 -0.0162049998 0.981719017 0.186833993 0.0362249985 0.975341022 0.173589006 0.136204004 0.973968029 0.197881997 0.110324003 -0.357859999 -0.657247007 0.663227975 -0.478439003 -0.490859985 0.728079975 -0.541550994 -0.646229029 0.537644982 0.734519005 -0.526170015 0.428449005 0.910672009 -0.395794988 0.118320003 0.740348995 -0.521988988 0.423536003 0.848810971 -0.526260972 -0.050294999 0.910672009 -0.395794988 0.118320003 0.847926021 -0.529282987 0.0288709998 -0.478439003 -0.490859985 0.728079975 -0.357859999 -0.657247007 0.663227975 -0.367260009 -0.534012973 0.761497974 -0.435681999 -0.877162993 0.201757997 -0.443587005 -0.877590001 0.181738004 -0.464919001 -0.885311007 -0.00378399994 -0.774223983 -0.631397009 -0.0431229994 -0.711264014 -0.701834023 -0.0385139994 -0.730063975 -0.665028989 0.157109007 -0.781701028 -0.483473986 0.393902004 -0.863337994 -0.460981995 0.205175996 -0.714987993 -0.591814995 0.372204006 -0.805750012 -0.558061004 0.198309004 -0.730063975 -0.665028989 0.157109007 -0.714987993 -0.591814995 0.372204006 -0.553453028 -0.783592999 0.282234997 -0.642139971 -0.762260973 0.0812399983 -0.556016982 -0.778465986 0.291207999 -0.0139769996 -0.250252008 0.968047023 0.156835005 -0.243171006 0.957212985 -0.0114139998 -0.141057 0.98992902 0.156835005 -0.243171006 0.957212985 0.329782993 -0.252449006 0.909664989 0.163457006 -0.142552003 0.976164997 -0.0139769996 -0.250252008 0.968047023 -0.0114139998 -0.141057 0.98992902 -0.186956003 -0.239296004 0.952757001 -0.186956003 -0.239296004 0.952757001 -0.204382002 -0.125674993 0.970763028 -0.365734011 -0.253913999 0.895383 -0.549759984 -0.125309005 0.825830996 -0.379680991 -0.131016001 0.915768981 -0.558824003 0 0.829249024 -0.713370025 0 0.700766027 -0.848627985 0 0.528946996 -0.718222976 -0.120517999 0.685262978 -0.558824003 0 0.829249024 -0.713370025 0 0.700766027 -0.549759984 -0.125309005 0.825830996 -0.904507995 -0.364390999 0.221441999 -0.819329977 -0.361887991 0.444624007 -0.950101972 -0.181280002 0.253760993 -0.938627005 -0.322854996 -0.121250004 -0.939634025 -0.34138 0.0218209997 -0.980224013 -0.169865996 -0.101382002 -0.938627005 -0.322854996 -0.121250004 -0.980224013 -0.169865996 -0.101382002 -0.919187009 -0.307260007 -0.246253997 -0.919187009 -0.307260007 -0.246253997 -0.960051 -0.161962003 -0.228156 -0.900510013 -0.266579002 -0.343486011 -0.939634025 -0.34138 0.0218209997 -0.904507995 -0.364390999 0.221441999 -0.984161019 -0.173436999 0.0361949988 -0.929898977 0 -0.367747992 -0.872402012 0 -0.488754004 -0.91851598 -0.134953007 -0.371562988 -0.91851598 -0.134953007 -0.371562988 -0.863124013 -0.154088005 -0.480850011 -0.900510013 -0.266579002 -0.343486011 -0.588762999 -0.646779001 -0.484755993 -0.529038012 -0.631030977 -0.567339003 -0.676229 -0.561295986 -0.477095991 -0.599536002 -0.651570022 -0.46470499 -0.638477981 -0.624164999 -0.450239986 -0.561235011 -0.638629973 -0.526413977 -0.566789985 -0.79876101 -0.201727003 -0.574297011 -0.789696991 -0.215705007 -0.628436983 -0.774223983 -0.075044997 -0.667500973 -0.669880986 -0.325022012 -0.679708004 -0.673605025 -0.290170014 -0.712943017 -0.677725017 -0.179906994 -0.698903978 -0.711875021 -0.0684219971 -0.700949013 -0.707755029 -0.0880149975 -0.661306024 -0.748772025 0.0442520007 -0.687735021 -0.725821972 0.0129399998 -0.628436983 -0.774223983 -0.075044997 -0.683705986 -0.729575992 -0.0152899995 -0.75426501 -0.656208992 -0.0210880004 -0.73931098 -0.671711981 -0.0465410016 -0.790489972 -0.605639994 -0.0908230022 -0.514634013 -0.818628013 -0.254830003 -0.516739011 -0.810388982 -0.276039988 -0.566789985 -0.79876101 -0.201727003 -0.619831026 -0.623829007 -0.476027995 -0.638477981 -0.624164999 -0.450239986 -0.667500973 -0.669880986 -0.325022012 0.474287987 -0.149601996 0.867550015 0.316904008 -0.150395006 0.936429977 0.480147988 -0.295906991 0.825739026 0.496048003 -0.565508008 0.658833981 0.477614999 -0.443587005 0.758324027 0.394481987 -0.612689972 0.684804976 -0.819329977 -0.361887991 0.444624007 -0.781701028 -0.483473986 0.393902004 -0.699697971 -0.336374998 0.630267978 -0.699697971 -0.336374998 0.630267978 -0.640950024 -0.502914011 0.579791009 -0.530228972 -0.317117989 0.786279023 -0.805750012 -0.558061004 0.198309004 -0.863337994 -0.460981995 0.205175996 -0.870021999 -0.492812991 -0.0123600001 -0.939634025 -0.34138 0.0218209997 -0.938627005 -0.322854996 -0.121250004 -0.908505023 -0.417492986 0.016694 -0.862178028 -0.485884994 -0.143315002 -0.909969985 -0.395153999 -0.125492007 -0.862788975 -0.432538986 -0.261604995 -0.862788975 -0.432538986 -0.261604995 -0.898464978 -0.360026985 -0.251228005 -0.839533985 -0.383801013 -0.384532988 -0.819329977 -0.361887991 0.444624007 -0.904507995 -0.364390999 0.221441999 -0.781701028 -0.483473986 0.393902004 -0.172369003 -0.664723992 0.726920009 -0.357859999 -0.657247007 0.663227975 -0.181889996 -0.767663002 0.614489973 -0.803246975 -0.330058008 -0.495772988 -0.85323602 -0.322153002 -0.410108 -0.79500699 -0.180485994 -0.579057992 0.0119329998 0.433943003 -0.900844991 0 -0.0204169992 -0.999786019 0 0.217657998 -0.976011992 0 0.217657998 -0.976011992 0.00451700017 0.642841995 -0.765954018 0.0119329998 0.433943003 -0.900844991 0.0331129991 0.991119027 0.128727004 0.0581380017 0.866114974 0.496414006 0.0839869976 0.969329 0.230873004 0 0 1 0 0 0.999969006 0 0.209571004 0.977783024 0.0711999983 0.451795995 0.889248013 0.084048003 0.775475025 0.625751019 0.0585649982 0.447461993 0.892360985 0 0.209571004 0.977783024 0.0116579998 0.218360007 0.97576803 0.0585649982 0.447461993 0.892360985 -0.714987993 -0.591814995 0.372204006 -0.625537992 -0.703207016 0.337870002 -0.541550994 -0.646229029 0.537644982 -0.625537992 -0.703207016 0.337870002 -0.572862983 -0.751244009 0.327708006 -0.444655001 -0.74495697 0.497269005 -0.0251470003 -0.43867299 -0.898281991 -0.0262460001 -0.438643008 -0.898250997 -0.300850987 -0.442030013 -0.84502703 -0.300850987 -0.442030013 -0.84502703 -0.305460006 -0.442090988 -0.843317986 -0.540574014 -0.441388994 -0.716178 -0.540574014 -0.441388994 -0.716178 -0.547776997 -0.441419989 -0.71065402 -0.726127028 -0.443098009 -0.525681019 -0.726127028 -0.443098009 -0.525681019 -0.736778021 -0.442945987 -0.510788023 -0.863856971 -0.440869987 -0.243660003 -0.863856971 -0.440869987 -0.243660003 -0.869228005 -0.440748006 -0.223884001 -0.898068011 -0.437604994 0.0439769998 -0.898068011 -0.437604994 0.0439769998 -0.89696902 -0.437543988 0.0628990009 -0.831568003 -0.441114992 0.337413013 -0.831568003 -0.441114992 0.337413013 -0.823419988 -0.441267014 0.356700003 -0.693441987 -0.438214988 0.571856022 0.258827001 -0.442304999 -0.858699024 -0.0262460001 -0.438643008 -0.898250997 0.252144009 -0.442274004 -0.860683024 0.537155986 -0.443342 -0.717521012 0.258827001 -0.442304999 -0.858699024 0.528581023 -0.443251014 -0.723959982 0.758140981 -0.44511199 -0.476516008 0.537155986 -0.443342 -0.717521012 0.745627999 -0.445264995 -0.495682001 0.875361979 -0.441908002 -0.196020007 0.758140981 -0.44511199 -0.476516008 0.871547997 -0.441846997 -0.212409005 0.894131005 -0.441114992 0.0767539963 0.875361979 -0.441908002 -0.196020007 0.895505011 -0.441298008 0.0573749989 0.829919994 -0.438764989 0.344523013 0.894131005 -0.441114992 0.0767539963 0.837091982 -0.438887 0.326487005 0.678242981 -0.438062996 0.589953005 0.829919994 -0.438764989 0.344523013 0.688863993 -0.438124001 0.577440977 0.490126997 -0.432660997 0.756645024 0.678242981 -0.438062996 0.589953005 0.498367012 -0.432844013 0.751121998 0.281502992 -0.432417005 0.856562972 0.490126997 -0.432660997 0.756645024 0.286630005 -0.432417005 0.854884982 0.0234379992 -0.434217006 0.900479019 0.281502992 -0.432417005 0.856562972 0.0210270006 -0.434248 0.900539994 -0.239784002 -0.436201006 0.867305994 -0.233406007 -0.436140001 0.869045019 0.0210270006 -0.434248 0.900539994 -0.505356014 -0.441083997 0.741630018 -0.491867006 -0.440901011 0.750724971 -0.239784002 -0.436201006 0.867305994 -0.693441987 -0.438214988 0.571856022 -0.687155008 -0.438275993 0.579362988 -0.505356014 -0.441083997 0.741630018 0.0425699987 0.920623004 -0.388125986 0.0425699987 0.920623004 -0.388125986 0.0425699987 0.920623004 -0.388125986 0.0239269994 0.925015986 0.379101008 0.0189210009 0.924435973 0.380840003 0.0166020002 0.924130976 0.381664008 0.0260019992 0 0.999634027 0.0279549994 0 0.999602973 0.0259709992 0.335307002 0.941739976 0.851374984 0 0.524551988 0.85244298 0 0.522782028 0.865261018 0.0267949998 0.500564992 0.950285017 -0.0825529993 0.300179988 0.952207983 0 0.305399001 0.957975984 -0.0972620025 0.269784003 0.925413013 -0.0926539972 0.367412001 0.937590003 -0.0995820016 0.33307901 0.928525984 0 0.371196985 0.953580976 -0.183142006 0.238899007 0.966337979 0 0.257178992 0.913815975 -0.110935003 0.390666991 0.983519971 -0.174870998 -0.045198001 0.960813999 -0.153690994 -0.230566993 0.998961985 0 -0.0451060012 0.931882977 -0.161167994 -0.324930996 0.94641 0 -0.322854996 0.960813999 -0.153690994 -0.230566993 0.953580976 -0.183142006 0.238899007 0.983519971 -0.174870998 -0.045198001 0.966337979 0 0.257178992 0.677725017 -0.255317986 -0.689535022 0.696126997 0 -0.717886984 0.847742975 -0.152013004 -0.508103013 0.875729024 -0.0948209986 0.473342001 0.883511007 0 0.468367994 0.86184299 -0.0542920008 0.504226983 -0.0114139998 -0.141057 0.98992902 0.163457006 -0.142552003 0.976164997 -0.0113220001 0 0.99990797 0.163457006 -0.142552003 0.976164997 0.316904008 -0.150395006 0.936429977 0.167118996 0 0.985930979 0.316904008 -0.150395006 0.936429977 0.474287987 -0.149601996 0.867550015 0.312754005 0 0.949796975 0.474287987 -0.149601996 0.867550015 0.614795029 -0.137730002 0.776543021 0.471632987 0 0.881771028 -0.219000995 -0.206029996 -0.953702986 -0.40180701 -0.17069 -0.899654984 -0.244148001 0 -0.969726026 -0.438643008 -0.235603005 -0.867214024 -0.498032004 0 -0.867121994 -0.43711701 -0.218878999 -0.872340977 -0.734610975 -0.179906994 -0.654164016 -0.749229014 -0.180395007 -0.637225986 -0.73091799 0 -0.682424009 -0.0114139998 -0.141057 0.98992902 -0.0113220001 0 0.99990797 -0.204382002 -0.125674993 0.970763028 -0.204382002 -0.125674993 0.970763028 -0.213202 0 0.976988971 -0.379680991 -0.131016001 0.915768981 -0.950101972 -0.181280002 0.253760993 -0.855189979 -0.154819995 0.494612992 -0.960691988 0 0.27750501 -0.749229014 -0.180395007 -0.637225986 -0.79500699 -0.180485994 -0.579057992 -0.744895995 0 -0.667135 -0.980224013 -0.169865996 -0.101382002 -0.984161019 -0.173436999 0.0361949988 -0.995482981 0 -0.0948209986 -0.960051 -0.161962003 -0.228156 -0.980224013 -0.169865996 -0.101382002 -0.975219011 0 -0.221107006 -0.91851598 -0.134953007 -0.371562988 -0.960051 -0.161962003 -0.228156 -0.929898977 0 -0.367747992 -0.984161019 -0.173436999 0.0361949988 -0.950101972 -0.181280002 0.253760993 -0.99899298 0 0.0443429984 -0.79500699 -0.180485994 -0.579057992 -0.863124013 -0.154088005 -0.480850011 -0.799219012 0 -0.601001024 0 -0.0204169992 -0.999786019 -0.0270390008 0 -0.999602973 -0.00469999993 -0.019227 -0.999786019 0.049989 0.375835001 -0.925320983 0.0607930012 0.368328005 -0.927671015 0.065828003 0 -0.997802973 0.855006993 0.0748310015 0.513137996 0.85244298 0 0.522782028 0.833429992 0.0599690005 0.549332976 0.914395988 0.173466995 0.365702987 0.913815975 0.110935003 0.390666991 0.740348995 0.521988988 0.423536003 0.910672009 0.395794988 0.118320003 0.953580976 0.183142006 0.238899007 0.928587019 0.367504001 -0.0513320006 0.949644029 0.138126999 0.281167001 0.950285017 0.0825529993 0.300179988 0.914395988 0.173466995 0.365702987 0.949644029 0.138126999 0.281167001 0.94729501 0.175512001 0.267922014 0.950285017 0.0825529993 0.300179988 0.94729501 0.175512001 0.267922014 0.915737987 0.271950006 0.295632988 0.957975984 0.0972620025 0.269784003 0.850306988 0.429639995 0.303873003 0.836573005 0.423687994 0.347270012 0.915737987 0.271950006 0.295632988 0.746451974 0.571916997 0.340128988 0.836573005 0.423687994 0.347270012 0.788902998 0.536698997 0.299172997 0.665333986 0.702413976 0.252784997 0.727256 0.656911016 0.198827997 0.69502902 0.710165977 0.112002999 0.72646302 0.674520016 0.131320998 0.719016016 0.694967985 0.000153000001 0.69502902 0.710165977 0.112002999 0.708090007 0.704671979 -0.0451060012 0.69304502 0.716818988 -0.0764790028 0.719016016 0.694967985 0.000153000001 0.784844995 0.603137016 -0.142064005 0.740898013 0.658649981 -0.131259993 0.798029006 0.600023985 -0.0552689992 0.848810971 0.526260972 -0.050294999 0.798029006 0.600023985 -0.0552689992 0.847926021 0.529282987 0.0288709998 0.704702973 0.698050022 -0.126803994 0.69304502 0.716818988 -0.0764790028 0.724174023 0.686910987 -0.06061 0.651661992 0.67455101 0.34681201 0.734184027 0.62352401 0.268563002 0.665333986 0.702413976 0.252784997 0.913815975 0.110935003 0.390666991 0.950285017 0.0825529993 0.300179988 0.915859997 0 0.401439995 0.931882977 0.161167994 -0.324930996 0.914395988 0.169194996 -0.367718011 0.887233973 0.344859004 -0.306313992 0.784844995 0.603137016 -0.142064005 0.843043029 0.508957028 -0.173772007 0.739952028 0.60026902 -0.303445995 0.739952028 0.60026902 -0.303445995 0.69017601 0.660390019 -0.29578501 0.784844995 0.603137016 -0.142064005 0.69502902 0.710165977 0.112002999 0.692800999 0.720602989 -0.0264599994 0.634631991 0.76442802 0.113163002 0.69304502 0.716818988 -0.0764790028 0.639850974 0.751823008 -0.159000993 0.692800999 0.720602989 -0.0264599994 0.177067995 0.887233973 0.425947011 0.0063169999 0.87856698 0.477522999 0.221107006 0.777917027 0.588153005 0.382396996 0.789636016 0.479781002 0.297098011 0.897274971 0.326487005 0.221107006 0.777917027 0.588153005 0.297098011 0.897274971 0.326487005 0.37845999 0.905148029 0.193396002 0.192633003 0.968901992 0.155277997 0.507888973 0.799920976 0.319528997 0.575120986 0.811730981 0.101291001 0.37845999 0.905148029 0.193396002 0.575120986 0.811730981 0.101291001 0.561052024 0.82091701 -0.106174 0.404309005 0.914211988 0.0265820008 0.246650994 0.961058021 -0.124453999 0.383038014 0.915341973 -0.124118999 0.197789997 0.961637974 -0.189916998 0.331400007 0.910580993 -0.246895 0.265785992 0.890712976 -0.368694007 0.197789997 0.961637974 -0.189916998 0.00766000012 0.962188005 0.272163987 -0.113834001 0.959074974 0.259223998 0.0063169999 0.87856698 0.477522999 -0.414990991 0.773918986 0.478316993 -0.215124995 0.760033011 0.613207996 -0.319894999 0.886227012 0.335002005 -0.430707991 0.884548008 0.178899005 -0.319894999 0.886227012 0.335002005 -0.284523994 0.955626011 0.0762960017 -0.655354023 0.754661977 0.0310069993 -0.564652979 0.778007984 0.275368989 -0.485397011 0.874264002 0.00253299996 -0.520340979 0.837764025 -0.165409997 -0.485397011 0.874264002 0.00253299996 -0.330363005 0.934507012 -0.132237002 -0.503494024 0.795617998 -0.336802006 -0.520340979 0.837764025 -0.165409997 -0.325266004 0.912656009 -0.247413993 -0.666676998 0.606921971 -0.432599992 -0.503494024 0.795617998 -0.336802006 -0.548569977 0.595903993 -0.58644402 -0.548569977 0.595903993 -0.58644402 -0.429791987 0.764397025 -0.48051399 -0.413953006 0.569688976 -0.709951997 -0.413953006 0.569688976 -0.709951997 -0.317025989 0.749137998 -0.58159101 -0.245552003 0.575609982 -0.779962003 -0.245552003 0.575609982 -0.779962003 -0.183050007 0.746055007 -0.640217006 -0.0708329976 0.610553026 -0.788780987 0.0753810033 0.895321012 -0.438977987 0.0888699964 0.795404017 -0.599506021 -0.0216680001 0.875972986 -0.481826007 0.0948819965 0.649555981 -0.754325986 0.0888699964 0.795404017 -0.599506021 0.227789998 0.720449984 -0.654987991 0.172795996 0.951170027 -0.255683988 0.265785992 0.890712976 -0.368694007 0.139348 0.923429012 -0.357555002 0.575120986 0.811730981 0.101291001 0.634631991 0.76442802 0.113163002 0.561052024 0.82091701 -0.106174 0.848810971 0.526260972 -0.050294999 0.928587019 0.367504001 -0.0513320006 0.843043029 0.508957028 -0.173772007 0.912168026 0.350383013 -0.212469995 0.887233973 0.344859004 -0.306313992 0.843043029 0.508957028 -0.173772007 0.69017601 0.660390019 -0.29578501 0.632435024 0.713675022 -0.301126003 0.740898013 0.658649981 -0.131259993 0.69304502 0.716818988 -0.0764790028 0.704702973 0.698050022 -0.126803994 0.639850974 0.751823008 -0.159000993 0.898311973 0.244178995 0.365215003 0.910915971 0.253517002 0.325419009 0.834985971 0.393077999 0.38499099 0.746451974 0.571916997 0.340128988 0.743430972 0.545915008 0.386334002 0.836573005 0.423687994 0.347270012 0.529801011 0.710775971 0.462630004 0.635823011 0.650380015 0.415571004 0.552110016 0.727500021 0.407299995 0.427044988 0.749046028 0.50642401 0.429304004 0.760613024 0.486923009 0.288217008 0.774986982 0.562394977 0.146213993 0.790551007 0.59465301 0.135013998 0.790551007 0.59730798 -0.00338799995 0.80993098 0.586474001 0.288217008 0.774986982 0.562394977 0.285623014 0.777947009 0.559587002 0.146213993 0.790551007 0.59465301 0.427044988 0.749046028 0.50642401 0.529801011 0.710775971 0.462630004 0.429304004 0.760613024 0.486923009 0.788902998 0.536698997 0.299172997 0.734184027 0.62352401 0.268563002 0.746451974 0.571916997 0.340128988 0.651661992 0.67455101 0.34681201 0.635823011 0.650380015 0.415571004 0.746451974 0.571916997 0.340128988 0.763297975 0.644429028 -0.0451669991 0.805597007 0.591387987 -0.0351569988 0.757591009 0.649830997 -0.0610679984 0.798029006 0.600023985 -0.0552689992 0.848810971 0.526260972 -0.050294999 0.784844995 0.603137016 -0.142064005 0.740898013 0.658649981 -0.131259993 0.704702973 0.698050022 -0.126803994 0.757591009 0.649830997 -0.0610679984 0.474929005 0.824945986 -0.306374997 0.561052024 0.82091701 -0.106174 0.537308991 0.787957013 -0.300577015 0.69502902 0.710165977 0.112002999 0.634631991 0.76442802 0.113163002 0.665333986 0.702413976 0.252784997 0.634631991 0.76442802 0.113163002 0.575120986 0.811730981 0.101291001 0.573198974 0.761376023 0.302805007 0.651661992 0.67455101 0.34681201 0.665333986 0.702413976 0.252784997 0.552110016 0.727500021 0.407299995 0.135013998 0.790551007 0.59730798 0.154636994 0.768395007 0.620959997 -0.019196 0.794701993 0.606647015 -0.0160530005 0.753807008 0.656880021 0.154636994 0.768395007 0.620959997 -0.00210599997 0.757439017 0.652851999 0.322916001 0.773553014 0.545243979 0.154636994 0.768395007 0.620959997 0.285623014 0.777947009 0.559587002 0.154636994 0.768395007 0.620959997 0.322916001 0.773553014 0.545243979 0.221107006 0.777917027 0.588153005 0.467848986 0.769738019 0.434217006 0.322916001 0.773553014 0.545243979 0.429304004 0.760613024 0.486923009 0.322916001 0.773553014 0.545243979 0.467848986 0.769738019 0.434217006 0.382396996 0.789636016 0.479781002 0.573198974 0.761376023 0.302805007 0.467848986 0.769738019 0.434217006 0.552110016 0.727500021 0.407299995 0.925413013 0.0926539972 0.367412001 0.937590003 0.0995820016 0.33307901 0.898311973 0.244178995 0.365215003 0.937590003 0.0995820016 0.33307901 0.941343009 0 0.337352008 0.957975984 0.0972620025 0.269784003 -0.413953006 0.569688976 -0.709951997 -0.396587998 0.610004008 -0.685965002 -0.548569977 0.595903993 -0.58644402 -0.245552003 0.575609982 -0.779962003 -0.259254992 0.608295023 -0.750145018 -0.413953006 0.569688976 -0.709951997 -0.108188003 0.631061971 -0.768119991 -0.0708329976 0.610553026 -0.788780987 0.0487079993 0.67058301 -0.740225971 -0.259254992 0.608295023 -0.750145018 -0.245552003 0.575609982 -0.779962003 -0.108188003 0.631061971 -0.768119991 0.198706001 0.730674028 -0.653127015 0.0487079993 0.67058301 -0.740225971 0.227789998 0.720449984 -0.654987991 0.370799989 0.77275902 -0.515091002 0.198706001 0.730674028 -0.653127015 0.359690994 0.793298006 -0.491165012 0.537308991 0.787957013 -0.300577015 0.370799989 0.77275902 -0.515091002 0.474929005 0.824945986 -0.306374997 -0.191778004 0.766960979 0.612322986 -0.0160530005 0.753807008 0.656880021 -0.215124995 0.760033011 0.613207996 -0.191778004 0.766960979 0.612322986 -0.215124995 0.760033011 0.613207996 -0.393536001 0.773064017 0.497420996 -0.414990991 0.773918986 0.478316993 -0.564652979 0.778007984 0.275368989 -0.393536001 0.773064017 0.497420996 -0.564652979 0.778007984 0.275368989 -0.655354023 0.754661977 0.0310069993 -0.556016982 0.778465986 0.291207999 -0.553453028 0.783563018 0.282234997 -0.391705006 0.787407994 0.475906014 -0.556016982 0.778465986 0.291207999 -0.191778004 0.766960979 0.612322986 -0.393536001 0.773064017 0.497420996 -0.180395007 0.796289027 0.577349007 -0.655354023 0.754661977 0.0310069993 -0.684590995 0.698202014 -0.209356993 -0.69649303 0.711844027 -0.090121001 -0.906095028 0.30884701 -0.289041013 -0.828607976 0.507981002 -0.235205993 -0.874996006 0.394024014 -0.281197995 -0.790489972 0.605639994 -0.0908230022 -0.818292975 0.538407981 -0.201177999 -0.787011027 0.604785025 -0.121676996 -0.75426501 0.656208992 -0.0210880004 -0.73931098 0.671711981 -0.0465410016 -0.687735021 0.725821972 0.0129399998 -0.566789985 0.79876101 -0.201727003 -0.514634013 0.818628013 -0.254830003 -0.69481498 0.700949013 -0.160924003 -0.69481498 0.700949013 -0.160924003 -0.711905003 0.661641002 -0.235266998 -0.818292975 0.538407981 -0.201177999 -0.655354023 0.754661977 0.0310069993 -0.69649303 0.711844027 -0.090121001 -0.661306024 0.748772025 0.0442520007 -0.584674001 0.803704977 -0.110233001 -0.700949013 0.707755029 -0.0880149975 -0.598163009 0.772912025 -0.211614996 -0.703360021 0.71062398 -0.016144 -0.69481498 0.700949013 -0.160924003 -0.790489972 0.605639994 -0.0908230022 -0.69481498 0.700949013 -0.160924003 -0.703360021 0.71062398 -0.016144 -0.566789985 0.79876101 -0.201727003 -0.790489972 0.605639994 -0.0908230022 -0.75426501 0.656208992 -0.0210880004 -0.703360021 0.71062398 -0.016144 -0.676229 0.561295986 -0.477095991 -0.714681983 0.648182988 -0.262703001 -0.666676998 0.606921971 -0.432599992 -0.000518999994 0.355937004 -0.934476972 0.0437330008 0.369549006 -0.928158998 0.00344899995 0.355082989 -0.934812009 0.0437330008 0.369549006 -0.928158998 0.0154419998 0.428876996 -0.903195024 0.0456250012 0.376323998 -0.925320983 0.0063169999 0.87856698 0.477522999 0.177067995 0.887233973 0.425947011 0.00766000012 0.962188005 0.272163987 0.177067995 0.887233973 0.425947011 0.297098011 0.897274971 0.326487005 0.113651 0.964506984 0.238288999 0.37845999 0.905148029 0.193396002 0.297098011 0.897274971 0.326487005 0.507888973 0.799920976 0.319528997 0.37845999 0.905148029 0.193396002 0.404309005 0.914211988 0.0265820008 0.232398003 0.969938993 0.0719019994 0.404309005 0.914211988 0.0265820008 0.383038014 0.915341973 -0.124118999 0.246864006 0.968595982 -0.0290539991 0.383038014 0.915341973 -0.124118999 0.561052024 0.82091701 -0.106174 0.331400007 0.910580993 -0.246895 0.265785992 0.890712976 -0.368694007 0.331400007 0.910580993 -0.246895 0.359690994 0.793298006 -0.491165012 0.0063169999 0.87856698 0.477522999 -0.171299994 0.878445029 0.446027994 -0.00210599997 0.757439017 0.652851999 -0.319894999 0.886227012 0.335002005 -0.171299994 0.878445029 0.446027994 -0.210272998 0.960753024 0.180822 -0.319894999 0.886227012 0.335002005 -0.430707991 0.884548008 0.178899005 -0.414990991 0.773918986 0.478316993 -0.485397011 0.874264002 0.00253299996 -0.430707991 0.884548008 0.178899005 -0.291725993 0.956084013 -0.0280159991 -0.485397011 0.874264002 0.00253299996 -0.520340979 0.837764025 -0.165409997 -0.655354023 0.754661977 0.0310069993 -0.520340979 0.837764025 -0.165409997 -0.503494024 0.795617998 -0.336802006 -0.684590995 0.698202014 -0.209356993 -0.429791987 0.764397025 -0.48051399 -0.503494024 0.795617998 -0.336802006 -0.28479901 0.889949977 -0.356151015 -0.429791987 0.764397025 -0.48051399 -0.28479901 0.889949977 -0.356151015 -0.317025989 0.749137998 -0.58159101 -0.317025989 0.749137998 -0.58159101 -0.209021002 0.878902972 -0.42869401 -0.183050007 0.746055007 -0.640217006 -0.183050007 0.746055007 -0.640217006 -0.128056005 0.868342996 -0.479079992 -0.0412309989 0.763207018 -0.644795001 0.0888699964 0.795404017 -0.599506021 0.0948819965 0.649555981 -0.754325986 -0.0412309989 0.763207018 -0.644795001 0.0888699964 0.795404017 -0.599506021 0.0753810033 0.895321012 -0.438977987 0.195714995 0.841121018 -0.504166007 0.265785992 0.890712976 -0.368694007 0.359690994 0.793298006 -0.491165012 0.195714995 0.841121018 -0.504166007 0.816187024 0.495193005 -0.297616988 0.887233973 0.344859004 -0.306313992 0.840358019 0.423566014 -0.338176012 0.816187024 0.495193005 -0.297616988 0.739250004 0.497878999 -0.453382999 0.739952028 0.60026902 -0.303445995 0.840358019 0.423566014 -0.338176012 0.828547001 0.399304003 -0.392407 0.816187024 0.495193005 -0.297616988 0.828547001 0.399304003 -0.392407 0.862452984 0.248359993 -0.440961987 0.805261016 0.333200991 -0.490370989 0.960813999 0.153690994 -0.230566993 0.912168026 0.350383013 -0.212469995 0.983519971 0.174870998 -0.045198001 0.960813999 0.153690994 -0.230566993 0.931882977 0.161167994 -0.324930996 0.912168026 0.350383013 -0.212469995 0.914395988 0.169194996 -0.367718011 0.931882977 0.161167994 -0.324930996 0.930447996 0 -0.366374999 0.847742975 0.152013004 -0.508103013 0.893276989 0.0976900011 -0.43867299 0.856074989 0 -0.516799986 0.606311023 0.462844014 -0.646625996 0.739250004 0.497878999 -0.453382999 0.677725017 0.255317986 -0.689535022 0.739952028 0.60026902 -0.303445995 0.556383014 0.598955989 -0.575883985 0.69017601 0.660390019 -0.29578501 0.432722002 0.74217999 -0.511704028 0.632435024 0.713675022 -0.301126003 0.497878999 0.681142986 -0.536728978 0.381024003 0.772239983 -0.508346975 0.370799989 0.77275902 -0.515091002 0.558915973 0.766411006 -0.316477001 0.381024003 0.772239983 -0.508346975 0.558915973 0.766411006 -0.316477001 0.432722002 0.74217999 -0.511704028 0.636250019 0.768333972 -0.0693989992 0.639850974 0.751823008 -0.159000993 0.537308991 0.787957013 -0.300577015 0.0167549998 0.910122991 0.413922995 0.0318000019 0.910305977 0.412701994 0.157781005 0.899013996 0.408459991 0.279031008 0.898495018 0.338847011 0.267190009 0.898555994 0.348093987 0.156163007 0.900784016 0.405194014 0.267190009 0.898555994 0.348093987 0.279031008 0.898495018 0.338847011 0.403820992 0.869593978 0.284036011 0.391766012 0.873866975 0.28779 0.513900995 0.826044023 0.231361002 0.403820992 0.869593978 0.284036011 0.637287021 0.732474983 0.239326 0.520096004 0.822839975 0.228827998 0.629902005 0.739982009 0.235725001 0.765556991 0.605028987 0.218695998 0.637287021 0.732474983 0.239326 0.767907023 0.603290021 0.215216994 0.880764008 0.443037003 0.167210996 0.873287022 0.457929999 0.166112006 0.767907023 0.603290021 0.215216994 0.873287022 0.457929999 0.166112006 0.880764008 0.443037003 0.167210996 0.944913983 0.269295007 0.185888007 0.980682015 0.0923490003 0.172307998 0.980041027 0.098269999 0.172765002 0.951017976 0.245612994 0.187536001 0.987518013 0 0.157352999 0.987091005 0 0.160008997 0.980682015 0.0923490003 0.172307998 0.888271987 0.0870689973 0.45094201 0.875729024 0.0948209986 0.473342001 0.899776995 0 0.436293006 0.84316498 0.0424510017 0.535965979 0.82931 0.096254997 0.550400972 0.804558992 0.0355850011 0.59276098 0.738669991 0.103670999 0.666005015 0.751700997 0 0.659474015 0.804558992 0.0355850011 0.59276098 0.875729024 0.0948209986 0.473342001 0.82931 0.096254997 0.550400972 0.86184299 0.0542920008 0.504226983 0.129825994 0.754966974 0.642750025 0.127293006 0.789361 0.600543022 -0.0151979998 0.763939023 0.645070016 0.275673985 0.762108028 0.585771978 0.127293006 0.789361 0.600543022 0.267830014 0.733847976 0.624256015 0.267830014 0.733847976 0.624256015 0.397716999 0.684561014 0.610827982 0.275673985 0.762108028 0.585771978 0.625720978 0.580645025 0.520829022 0.530044973 0.66338098 0.528153002 0.626514018 0.556963027 0.545152009 0.397716999 0.684561014 0.610827982 0.513260007 0.640248001 0.57148999 0.39973101 0.709524989 0.580278993 0.625720978 0.580645025 0.520829022 0.626514018 0.556963027 0.545152009 0.733115971 0.50276202 0.457960993 0.799584985 0.35157299 0.486831009 0.819329977 0.359050006 0.446913004 0.728599012 0.468245 0.499832004 0.888271987 0.0870689973 0.45094201 0.864863992 0.218878999 0.45173499 0.875729024 0.0948209986 0.473342001 0.864863992 0.218878999 0.45173499 0.819329977 0.359050006 0.446913004 0.850887001 0.220161006 0.476942986 0.614795029 0.137730002 0.776543021 0.621326029 0 0.783532023 0.738669991 0.103670999 0.666005015 0.808984995 0.214453995 0.547258019 0.82931 0.096254997 0.550400972 0.850887001 0.220161006 0.476942986 0.724844992 0.227821007 0.650135994 0.738669991 0.103670999 0.666005015 0.808984995 0.214453995 0.547258019 0.614795029 0.137730002 0.776543021 0.610920012 0.274879992 0.742393017 0.474287987 0.149601996 0.867550015 0.738669991 0.103670999 0.666005015 0.724844992 0.227821007 0.650135994 0.614795029 0.137730002 0.776543021 0.850887001 0.220161006 0.476942986 0.799584985 0.35157299 0.486831009 0.808984995 0.214453995 0.547258019 0.198706001 0.730674028 -0.653127015 0.370799989 0.77275902 -0.515091002 0.167210996 0.757346988 -0.631214023 0.167210996 0.757346988 -0.631214023 0.381024003 0.772239983 -0.508346975 0.194677994 0.747336984 -0.63527298 0.497878999 0.681142986 -0.536728978 0.242927 0.680715024 -0.69106102 0.432722002 0.74217999 -0.511704028 0.242927 0.680715024 -0.69106102 0.497878999 0.681142986 -0.536728978 0.280586988 0.575396001 -0.76821202 0.280586988 0.575396001 -0.76821202 0.556383014 0.598955989 -0.575883985 0.308023006 0.43403399 -0.846583009 0.677725017 0.255317986 -0.689535022 0.354716986 0.237709001 -0.904232979 0.606311023 0.462844014 -0.646625996 0.696126997 0 -0.717886984 0.374615014 0 -0.927151978 0.677725017 0.255317986 -0.689535022 -0.565415978 0.677174985 -0.470809013 -0.588762999 0.646779001 -0.484755993 -0.508103013 0.68086803 -0.527450979 -0.565415978 0.677174985 -0.470809013 -0.508103013 0.68086803 -0.527450979 -0.599536002 0.651570022 -0.46470499 0.0487079993 0.67058301 -0.740225971 0.198706001 0.730674028 -0.653127015 0.0159309991 0.738731027 -0.673788011 -0.108188003 0.631061971 -0.768119991 0.0487079993 0.67058301 -0.740225971 -0.117985003 0.718313992 -0.685598016 -0.117985003 0.718313992 -0.685598016 0.0159309991 0.738731027 -0.673788011 -0.128086001 0.720084012 -0.681936026 0.194677994 0.747336984 -0.63527298 0.0163269993 0.736747026 -0.675953984 0.167210996 0.757346988 -0.631214023 0.0163269993 0.736747026 -0.675953984 0.194677994 0.747336984 -0.63527298 0.0249029994 0.658132017 -0.752463996 0.0249029994 0.658132017 -0.752463996 -0.147282004 0.614337981 -0.775139987 0.0163269993 0.736747026 -0.675953984 0.0249029994 0.658132017 -0.752463996 0.242927 0.680715024 -0.69106102 0.0184640009 0.512283981 -0.858608007 0.0184640009 0.512283981 -0.858608007 -0.176366001 0.418377995 -0.890956998 0.0249029994 0.658132017 -0.752463996 0.0207829997 0.345164001 -0.938292027 -0.219000995 0.206029996 -0.953702986 0.0184640009 0.512283981 -0.858608007 0.0184640009 0.512283981 -0.858608007 0.280586988 0.575396001 -0.76821202 0.0207829997 0.345164001 -0.938292027 0.0207829997 0.345164001 -0.938292027 0.308023006 0.43403399 -0.846583009 0.0108650001 0.143498003 -0.989562988 0.0108650001 0.143498003 -0.989562988 0.354716986 0.237709001 -0.904232979 0.0159920007 0 -0.999846995 0.0159920007 0 -0.999846995 -0.244148001 0 -0.969726026 0.0108650001 0.143498003 -0.989562988 -0.259254992 0.608295023 -0.750145018 -0.108188003 0.631061971 -0.768119991 -0.246619999 0.701071024 -0.669057012 -0.259254992 0.608295023 -0.750145018 -0.246619999 0.701071024 -0.669057012 -0.396587998 0.610004008 -0.685965002 -0.396587998 0.610004008 -0.685965002 -0.371746004 0.691793978 -0.619006991 -0.529038012 0.631030977 -0.567339003 -0.371746004 0.691793978 -0.619006991 -0.407849014 0.676687002 -0.612933993 -0.508103013 0.68086803 -0.527450979 -0.407849014 0.676687002 -0.612933993 -0.371746004 0.691793978 -0.619006991 -0.276039988 0.697501004 -0.661244988 -0.246619999 0.701071024 -0.669057012 -0.117985003 0.718313992 -0.685598016 -0.276039988 0.697501004 -0.661244988 -0.407849014 0.676687002 -0.612933993 -0.492781997 0.570299029 -0.657185972 -0.561235011 0.638629973 -0.526413977 -0.407849014 0.676687002 -0.612933993 -0.276039988 0.697501004 -0.661244988 -0.492781997 0.570299029 -0.657185972 -0.147282004 0.614337981 -0.775139987 -0.315438986 0.58622998 -0.746177971 -0.128086001 0.720084012 -0.681936026 -0.537706017 0.583392024 -0.608660996 -0.492781997 0.570299029 -0.657185972 -0.606402993 0.392376006 -0.691579998 -0.361918986 0.387524009 -0.84780401 -0.525864005 0.393994004 -0.753807008 -0.315438986 0.58622998 -0.746177971 -0.176366001 0.418377995 -0.890956998 -0.361918986 0.387524009 -0.84780401 -0.147282004 0.614337981 -0.775139987 -0.361918986 0.387524009 -0.84780401 -0.176366001 0.418377995 -0.890956998 -0.40180701 0.17069 -0.899654984 -0.54628098 0.176427007 -0.818781018 -0.525864005 0.393994004 -0.753807008 -0.40180701 0.17069 -0.899654984 -0.606402993 0.392376006 -0.691579998 -0.525864005 0.393994004 -0.753807008 -0.620014012 0.208838001 -0.756249011 -0.532608986 0 -0.846338987 -0.607195973 0 -0.794519007 -0.54628098 0.176427007 -0.818781018 -0.40180701 0.17069 -0.899654984 -0.414045006 0 -0.910245001 -0.54628098 0.176427007 -0.818781018 0.0318000019 0.910305977 0.412701994 0.0167549998 0.910122991 0.413922995 -0.119846001 0.903316975 0.411817014 -0.443587005 0.877590001 0.181738004 -0.249305993 0.928403974 0.275398999 -0.435681999 0.877162993 0.201757997 -0.253455997 0.930814981 0.263283014 -0.249305993 0.928403974 0.275398999 -0.129916996 0.904111028 0.406994998 -0.181889996 0.767663002 0.614489973 -0.195929006 0.798943996 0.568560004 -0.293648988 0.76888299 0.567919016 -0.195929006 0.798943996 0.568560004 -0.181889996 0.767663002 0.614489973 -0.01822 0.794457972 0.607012987 -0.462478012 0.467970997 -0.753014028 -0.465254992 0.425733 -0.776054978 -0.438643008 0.235603005 -0.867214024 -0.465254992 0.425733 -0.776054978 -0.462478012 0.467970997 -0.753014028 -0.537706017 0.583392024 -0.608660996 -0.537706017 0.583392024 -0.608660996 -0.464644015 0.621357024 -0.630878985 -0.533493996 0.692647994 -0.485365987 -0.533493996 0.692647994 -0.485365987 -0.432202995 0.758598983 -0.487533003 -0.583239019 0.739615977 -0.335765004 -0.500961006 0.794579983 -0.342997998 -0.479384989 0.84325701 -0.243048996 -0.583239019 0.739615977 -0.335765004 -0.584674001 0.803704977 -0.110233001 -0.598163009 0.772912025 -0.211614996 -0.461988986 0.873959005 -0.150730997 -0.45539701 0.890193999 0.0117499996 -0.464919001 0.885311007 -0.00378399994 -0.461988986 0.873959005 -0.150730997 -0.754783988 0.321206987 -0.571886003 -0.739372015 0.316659987 -0.594133973 -0.749229014 0.180395007 -0.637225986 -0.756676018 0.404401004 -0.513626993 -0.741813004 0.427015007 -0.517014027 -0.754783988 0.321206987 -0.571886003 -0.773155987 0.481124014 -0.413159996 -0.746086001 0.511642992 -0.426068991 -0.756676018 0.404401004 -0.513626993 -0.786858976 0.551865995 -0.276100993 -0.762962997 0.580859005 -0.283578008 -0.773155987 0.481124014 -0.413159996 -0.786858976 0.551865995 -0.276100993 -0.79598403 0.57902801 -0.176366001 -0.762962997 0.580859005 -0.283578008 -0.711264014 0.701865017 -0.0385139994 -0.77819097 0.601062 -0.181921005 -0.774223983 0.631397009 -0.0431229994 -0.572862983 0.751244009 0.327708006 -0.733328998 0.66692102 0.131870002 -0.625537992 0.703207016 0.337870002 -0.0230410006 0.672079027 0.740073979 -0.0286570005 0.610644996 0.791374981 0.136051998 0.658985972 0.739708006 -0.0151979998 0.763939023 0.645070016 -0.0230410006 0.672079027 0.740073979 0.129825994 0.754966974 0.642750025 0.136051998 0.658985972 0.739708006 0.275063008 0.650807023 0.707633018 0.129825994 0.754966974 0.642750025 0.275063008 0.650807023 0.707633018 0.136051998 0.658985972 0.739708006 0.287544996 0.59562999 0.749992013 0.397716999 0.684561014 0.610827982 0.267830014 0.733847976 0.624256015 0.394481987 0.612658978 0.684804976 0.394481987 0.612658978 0.684804976 0.496048003 0.565508008 0.658833981 0.397716999 0.684561014 0.610827982 0.496048003 0.565508008 0.658833981 0.609118998 0.490462989 0.623188019 0.513260007 0.640248001 0.57148999 0.722526014 0.355967999 0.592607975 0.728599012 0.468245 0.499832004 0.609118998 0.490462989 0.623188019 0.287544996 0.59562999 0.749992013 0.382916003 0.548844993 0.743034005 0.275063008 0.650807023 0.707633018 0.477614999 0.443587005 0.758324027 0.591418028 0.401134998 0.699483991 0.496048003 0.565508008 0.658833981 -0.0230410006 0.672079027 0.740073979 -0.0151979998 0.763939023 0.645070016 -0.172369003 0.664723992 0.726920009 -0.0286570005 0.610644996 0.791374981 -0.0230410006 0.672079027 0.740073979 -0.168187007 0.594072998 0.786615014 -0.541550994 0.646229029 0.537644982 -0.357859999 0.657247007 0.663227975 -0.444655001 0.74495697 0.497269005 -0.549759984 0.125309005 0.825830996 -0.379680991 0.131016001 0.915768981 -0.530228972 0.317117989 0.786279023 0.610920012 0.274879992 0.742393017 0.591418028 0.401134998 0.699483991 0.480147988 0.295906991 0.825739026 0.724844992 0.227821007 0.650135994 0.722526014 0.355967999 0.592607975 0.610920012 0.274879992 0.742393017 0.480147988 0.295906991 0.825739026 0.477614999 0.443587005 0.758324027 0.410778999 0.317117989 0.854793012 -0.541550994 0.646229029 0.537644982 -0.714987993 0.591814995 0.372204006 -0.640950024 0.502914011 0.579791009 -0.819329977 0.361887991 0.444624007 -0.855189979 0.154819995 0.494612992 -0.699697971 0.336374998 0.630267978 -0.699697971 0.336374998 0.630267978 -0.718222976 0.120517999 0.685262978 -0.530228972 0.317117989 0.786279023 -0.904507995 0.364390999 0.221441999 -0.863337994 0.460981995 0.205175996 -0.939634025 0.34138 0.0218209997 -0.870021999 0.492812991 -0.0123600001 -0.805750012 0.558061004 0.198309004 -0.774223983 0.631397009 -0.0431229994 -0.803246975 0.330058008 -0.495772988 -0.754783988 0.321206987 -0.571886003 -0.79500699 0.180485994 -0.579057992 -0.862178028 0.485884994 -0.143315002 -0.870021999 0.492812991 -0.0123600001 -0.79598403 0.57902801 -0.176366001 -0.862788975 0.432538986 -0.261604995 -0.862178028 0.485884994 -0.143315002 -0.786858976 0.551865995 -0.276100993 -0.839533985 0.383801013 -0.384532988 -0.862788975 0.432538986 -0.261604995 -0.773155987 0.481124014 -0.413159996 -0.803246975 0.330058008 -0.495772988 -0.839533985 0.383801013 -0.384532988 -0.756676018 0.404401004 -0.513626993 -0.909969985 0.395153999 -0.125492007 -0.908505023 0.417492986 0.016694 -0.862178028 0.485884994 -0.143315002 -0.919187009 0.307260007 -0.246253997 -0.938627005 0.322854996 -0.121250004 -0.898464978 0.360026985 -0.251228005 -0.900510013 0.266579002 -0.343486011 -0.919187009 0.307260007 -0.246253997 -0.875056982 0.344736993 -0.33970201 -0.839533985 0.383801013 -0.384532988 -0.803246975 0.330058008 -0.495772988 -0.875056982 0.344736993 -0.33970201 -0.191778004 0.766960979 0.612322986 -0.180395007 0.796289027 0.577349007 -0.019196 0.794701993 0.606647015 -0.168187007 0.594072998 0.786615014 -0.172369003 0.664723992 0.726920009 -0.285165012 0.594806015 0.751549006 -0.478439003 0.490859985 0.728079975 -0.530228972 0.317117989 0.786279023 -0.418500006 0.397992015 0.816340029 0.302224994 0.255683988 0.918271005 0.383495986 0.164983004 0.908658028 0.389966011 0.0902739987 0.916378975 0.929014027 -0.237007007 0.284096986 0.660268009 -0.125918999 0.740378976 0.672353029 0.0817290023 0.735678971 0.672353029 0.0817290023 0.735678971 0.903714001 -0.0583209991 0.424115986 0.929014027 -0.237007007 0.284096986 0.389966011 0.0902739987 0.916378975 0.316812992 0.38953799 0.864772022 0.302224994 0.255683988 0.918271005 0.412853986 0.535812974 -0.736503005 0.351909012 0.649250984 -0.674215019 0.340709001 0.808924019 -0.479079992 0.351909012 0.649250984 -0.674215019 0.412853986 0.535812974 -0.736503005 0.445722997 0.360698014 -0.819269001 0.445722997 0.360698014 -0.819269001 0.562180996 0.160099998 -0.811335027 0.595080018 0.0608839989 -0.80132401 0.877620995 -0.237007007 -0.416577995 0.767265975 -0.134250998 -0.62706399 0.734305978 -0.149814993 -0.662038028 0.767265975 -0.134250998 -0.62706399 0.877620995 -0.237007007 -0.416577995 0.941038013 -0.204108 -0.269692004 0.987640023 -0.156315997 -0.00891099963 0.982756972 -0.184088007 -0.0162049998 0.974852979 -0.191716999 -0.113346003 0.316812992 0.38953799 0.864772022 0.338481009 0.627673984 0.701009989 0.318430007 0.391461015 0.863308012 0.734519005 0.526170015 0.428449005 0.338481009 0.627673984 0.701009989 0.740348995 0.521988988 0.423536003 0.300911993 0.951415002 -0.0649740025 0.315957993 0.935208976 -0.159733996 0.313944012 0.863551974 -0.394542992 0.315957993 0.935208976 -0.159733996 0.300911993 0.951415002 -0.0649740025 0.313517004 0.93304199 0.176336005 0.740348995 0.521988988 0.423536003 0.337657005 0.814446986 0.471816003 0.315256 0.931059003 0.183630005 0.987640023 -0.156315997 -0.00891099963 0.981719017 -0.186833993 0.0362249985 0.982756972 -0.184088007 -0.0162049998 0.903714001 -0.0583209991 0.424115986 0.975341022 -0.173589006 0.136204004 0.973968029 -0.197881997 0.110324003 -0.640950024 0.502914011 0.579791009 -0.478439003 0.490859985 0.728079975 -0.541550994 0.646229029 0.537644982 0.953580976 0.183142006 0.238899007 0.910672009 0.395794988 0.118320003 0.740348995 0.521988988 0.423536003 0.848810971 0.526260972 -0.050294999 0.847926021 0.529282987 0.0288709998 0.910672009 0.395794988 0.118320003 -0.285165012 0.594806015 0.751549006 -0.357859999 0.657247007 0.663227975 -0.367260009 0.534012973 0.761497974 -0.45539701 0.890193999 0.0117499996 -0.443587005 0.877590001 0.181738004 -0.464919001 0.885311007 -0.00378399994 -0.733328998 0.66692102 0.131870002 -0.711264014 0.701865017 -0.0385139994 -0.730063975 0.665028989 0.157109007 -0.805750012 0.558061004 0.198309004 -0.863337994 0.460981995 0.205175996 -0.714987993 0.591814995 0.372204006 -0.805750012 0.558061004 0.198309004 -0.714987993 0.591814995 0.372204006 -0.730063975 0.665028989 0.157109007 -0.553453028 0.783563018 0.282234997 -0.556016982 0.778465986 0.291207999 -0.642139971 0.762260973 0.0812399983 0.163457006 0.142552003 0.976164997 0.156835005 0.243171006 0.957212985 -0.0114139998 0.141057 0.98992902 0.316904008 0.150395006 0.936429977 0.329782993 0.252449006 0.909664989 0.163457006 0.142552003 0.976164997 -0.204382002 0.125674993 0.970763028 -0.0114139998 0.141057 0.98992902 -0.186956003 0.239296004 0.952757001 -0.379680991 0.131016001 0.915768981 -0.204382002 0.125674993 0.970763028 -0.365734011 0.253913999 0.895383 -0.549759984 0.125309005 0.825830996 -0.558824003 0 0.829249024 -0.379680991 0.131016001 0.915768981 -0.855189979 0.154819995 0.494612992 -0.848627985 0 0.528946996 -0.718222976 0.120517999 0.685262978 -0.718222976 0.120517999 0.685262978 -0.713370025 0 0.700766027 -0.549759984 0.125309005 0.825830996 -0.855189979 0.154819995 0.494612992 -0.819329977 0.361887991 0.444624007 -0.950101972 0.181280002 0.253760993 -0.984161019 0.173436999 0.0361949988 -0.939634025 0.34138 0.0218209997 -0.980224013 0.169865996 -0.101382002 -0.960051 0.161962003 -0.228156 -0.980224013 0.169865996 -0.101382002 -0.919187009 0.307260007 -0.246253997 -0.91851598 0.134953007 -0.371562988 -0.960051 0.161962003 -0.228156 -0.900510013 0.266579002 -0.343486011 -0.950101972 0.181280002 0.253760993 -0.904507995 0.364390999 0.221441999 -0.984161019 0.173436999 0.0361949988 -0.863124013 0.154088005 -0.480850011 -0.872402012 0 -0.488754004 -0.91851598 0.134953007 -0.371562988 -0.85323602 0.322153002 -0.410108 -0.863124013 0.154088005 -0.480850011 -0.900510013 0.266579002 -0.343486011 -0.548569977 0.595903993 -0.58644402 -0.529038012 0.631030977 -0.567339003 -0.676229 0.561295986 -0.477095991 -0.599536002 0.651570022 -0.46470499 -0.561235011 0.638629973 -0.526413977 -0.638477981 0.624164999 -0.450239986 -0.638386011 0.765954018 -0.0758690014 -0.574297011 0.789696991 -0.215705007 -0.628436983 0.774223983 -0.075044997 -0.710287988 0.678915024 -0.185705006 -0.679708004 0.673605025 -0.290170014 -0.598163009 0.772912025 -0.211614996 -0.691426992 0.721580029 -0.034883 -0.700949013 0.707755029 -0.0880149975 -0.661306024 0.748772025 0.0442520007 -0.638386011 0.765954018 -0.0758690014 -0.628436983 0.774223983 -0.075044997 -0.683705986 0.729575992 -0.0152899995 -0.75426501 0.656208992 -0.0210880004 -0.790489972 0.605639994 -0.0908230022 -0.73931098 0.671711981 -0.0465410016 -0.574297011 0.789696991 -0.215705007 -0.516739011 0.810388982 -0.276008993 -0.566789985 0.79876101 -0.201727003 -0.679708004 0.673605025 -0.290170014 -0.638477981 0.624164999 -0.450239986 -0.583239019 0.739615977 -0.335765004 0.474287987 0.149601996 0.867550015 0.480147988 0.295906991 0.825739026 0.316904008 0.150395006 0.936429977 0.496048003 0.565508008 0.658833981 0.394481987 0.612658978 0.684804976 0.477614999 0.443587005 0.758324027 -0.640950024 0.502914011 0.579791009 -0.781701028 0.483473986 0.393902004 -0.699697971 0.336374998 0.630267978 -0.699697971 0.336374998 0.630267978 -0.530228972 0.317117989 0.786279023 -0.640950024 0.502914011 0.579791009 -0.908505023 0.417492986 0.016694 -0.863337994 0.460981995 0.205175996 -0.870021999 0.492812991 -0.0123600001 -0.909969985 0.395153999 -0.125492007 -0.938627005 0.322854996 -0.121250004 -0.908505023 0.417492986 0.016694 -0.898464978 0.360026985 -0.251228005 -0.909969985 0.395153999 -0.125492007 -0.862788975 0.432538986 -0.261604995 -0.875056982 0.344736993 -0.33970201 -0.898464978 0.360026985 -0.251228005 -0.839533985 0.383801013 -0.384532988 -0.863337994 0.460981995 0.205175996 -0.904507995 0.364390999 0.221441999 -0.781701028 0.483473986 0.393902004 -0.293648988 0.76888299 0.567919016 -0.357859999 0.657247007 0.663227975 -0.181889996 0.767663002 0.614489973 -0.863124013 0.154088005 -0.480850011 -0.85323602 0.322153002 -0.410108 -0.79500699 0.180485994 -0.579057992 0.0119329998 -0.433943003 -0.900844991 0 -0.217657998 -0.976011992 0 0.0204169992 -0.999786019 0.0224009994 -0.670553029 -0.741478026 0.00451700017 -0.642841995 -0.765954018 0.0119329998 -0.433943003 -0.900844991 0.084048003 -0.775444984 0.625751019 0.0581380017 -0.866114974 0.496445 0.0839869976 -0.969329 0.230903 0.0116579998 -0.218360007 0.97576803 0 0 0.999969006 0 -0.209571004 0.977783024 0.0711999983 -0.451795995 0.889248013 0.0585649982 -0.447461993 0.892360985 0.084048003 -0.775444984 0.625751019 0.0711999983 -0.451795995 0.889248013 0.0116579998 -0.218360007 0.97576803 0.0585649982 -0.447461993 0.892360985 -0.444655001 0.74495697 0.497269005 -0.625537992 0.703207016 0.337870002 -0.541550994 0.646229029 0.537644982 -0.383861989 0.774070978 0.503372014 -0.572862983 0.751244009 0.327708006 -0.444655001 0.74495697 0.497269005 -0.305460006 0.442090988 -0.843317986 -0.0262460001 0.43867299 -0.898250997 -0.300850987 0.442030013 -0.84502703 -0.547776997 0.441419989 -0.71065402 -0.305460006 0.442090988 -0.843317986 -0.540574014 0.441388994 -0.716178 -0.736778021 0.442945987 -0.510819018 -0.547776997 0.441419989 -0.71065402 -0.726127028 0.443098009 -0.525681019 -0.869228005 0.440748006 -0.223884001 -0.736778021 0.442945987 -0.510819018 -0.863856971 0.440869987 -0.243660003 -0.89696902 0.437543988 0.0628990009 -0.869228005 0.440748006 -0.223884001 -0.898068011 0.437604994 0.0439769998 -0.823419988 0.441267014 0.356669992 -0.89696902 0.437543988 0.0628990009 -0.831568003 0.441114992 0.337413013 -0.687184989 0.438246012 0.579362988 -0.823419988 0.441267014 0.356669992 -0.693472028 0.438214988 0.571886003 0.258827001 0.442304999 -0.858699024 0.252144009 0.442274004 -0.860683024 -0.0262460001 0.43867299 -0.898250997 0.537155986 0.443372995 -0.717521012 0.528581023 0.443251014 -0.723930001 0.258827001 0.442304999 -0.858699024 0.758140981 0.44511199 -0.476516008 0.745658994 0.445264995 -0.495682001 0.537155986 0.443372995 -0.717521012 0.875361979 0.441908002 -0.196020007 0.871547997 0.441846997 -0.212409005 0.758140981 0.44511199 -0.476516008 0.894131005 0.441114992 0.0767539963 0.895505011 0.441298008 0.0573749989 0.875361979 0.441908002 -0.196020007 0.829919994 0.438733995 0.344523013 0.837091982 0.438887 0.326487005 0.894131005 0.441114992 0.0767539963 0.678242981 0.438062996 0.589953005 0.688863993 0.438124001 0.577440977 0.829919994 0.438733995 0.344523013 0.490126997 0.432660997 0.756645024 0.498367012 0.432844013 0.751121998 0.678242981 0.438062996 0.589953005 0.281502992 0.432417005 0.856562972 0.286630005 0.432417005 0.854884982 0.490126997 0.432660997 0.756645024 0.0234379992 0.434217006 0.900479019 0.0210270006 0.434248 0.900539994 0.281502992 0.432417005 0.856562972 0.0234379992 0.434217006 0.900479019 -0.233406007 0.436140001 0.869045019 0.0210270006 0.434248 0.900539994 -0.233406007 0.436140001 0.869045019 -0.491867006 0.440901011 0.750724971 -0.239752993 0.436201006 0.867305994 -0.491867006 0.440901011 0.750724971 -0.687184989 0.438246012 0.579362988 -0.505356014 0.441053987 0.741630018 0.0386149995 -0.921293974 -0.386943996 0.0386149995 -0.921293974 -0.386943996 0.0386149995 -0.921293974 -0.386943996 0.0111090001 -0.923429012 0.383587003 0.0189520009 -0.924405992 0.380840003 0.0166020002 -0.924130976 0.381664008 0.0278329998 -0.336984992 0.941069007 0.0279549994 0 0.999602973 0.0259709992 -0.335307002 0.941739976 0.855006993 -0.0748310015 0.513137996 0.85244298 0 0.522782028 0.865261018 -0.0267949998 0.500564992 0.962827981 0 0.270089 0.952207983 0 0.305399001 0.957975984 0.0972620025 0.269784003 0.941343009 0 0.337352008 0.937590003 0.0995820016 0.33307901 0.928525984 0 0.371196985 0.915859997 0 0.401439995 0.966337979 0 0.257178992 0.913815975 0.110935003 0.390666991 0.972532988 0 -0.232703999 0.960813999 0.153690994 -0.230566993 0.998961985 0 -0.0451060012 0.972532988 0 -0.232703999 0.94641 0 -0.322854996 0.960813999 0.153690994 -0.230566993 0.998961985 0 -0.0451060012 0.983519971 0.174870998 -0.045198001 0.966337979 0 0.257178992 0.856074989 0 -0.516799986 0.696126997 0 -0.717886984 0.847742975 0.152013004 -0.508103013 0.864803016 0 0.502090991 0.883511007 0 0.468367994 0.86184299 0.0542920008 0.504226983 0.167118996 0 0.985930979 0.163457006 0.142552003 0.976164997 -0.0113220001 0 0.99990797 0.312754005 0 0.949796975 0.316904008 0.150395006 0.936429977 0.167118996 0 0.985930979 0.471632987 0 0.881771028 0.474287987 0.149601996 0.867550015 0.312754005 0 0.949796975 0.621326029 0 0.783532023 0.614795029 0.137730002 0.776543021 0.471632987 0 0.881771028 -0.414045006 0 -0.910245001 -0.40180701 0.17069 -0.899654984 -0.244148001 0 -0.969726026 -0.50456202 0 -0.863337994 -0.498032004 0 -0.867121994 -0.43711701 0.218878999 -0.872340977 -0.744895995 0 -0.667135 -0.749229014 0.180395007 -0.637225986 -0.73091799 0 -0.682424009 -0.213202 0 0.976988971 -0.0113220001 0 0.99990797 -0.204382002 0.125674993 0.970763028 -0.383769989 0 0.923398972 -0.213202 0 0.976988971 -0.379680991 0.131016001 0.915768981 -0.848627985 0 0.528946996 -0.855189979 0.154819995 0.494612992 -0.960691988 0 0.27750501 -0.799219012 0 -0.601001024 -0.79500699 0.180485994 -0.579057992 -0.744895995 0 -0.667135 -0.99899298 0 0.0443429984 -0.984161019 0.173436999 0.0361949988 -0.995482981 0 -0.0948209986 -0.995482981 0 -0.0948209986 -0.980224013 0.169865996 -0.101382002 -0.975219011 0 -0.221107006 -0.975219011 0 -0.221107006 -0.960051 0.161962003 -0.228156 -0.929898977 0 -0.367747992 -0.960691988 0 0.27750501 -0.950101972 0.181280002 0.253760993 -0.99899298 0 0.0443429984 -0.872402012 0 -0.488754004 -0.863124013 0.154088005 -0.480850011 -0.799219012 0 -0.601001024 -0.0355850011 0 -0.999359012 -0.0270390008 0 -0.999602973 -0.00469999993 0.019227 -0.999786019 0.0773949996 0 -0.996978998 0.0607930012 -0.368328005 -0.927671015 0.065828003 0 -0.997802973 0.840083003 0 0.542405009 0.85244298 0 0.522782028 0.833429992 -0.0599690005 0.549332976 0.0884729996 0 0.996062994 0.0884729996 0 0.996062994 0.172857001 0 0.984924018 -0 -0 1 0 -0 1 0.0884729996 0 0.996062994 0.172277004 0 0.985014975 0.0884729996 0 0.996062994 0.172857001 0 0.984924018 0.0884729996 0 0.996062994 -0 0 1 0.0884729996 0 0.996062994 </float_array>
          <technique_common>
            <accessor count="4698" offset="0" source="#shiny_white-normals-array" stride="3">
              <param name="X" type="float" />
              <param name="Y" type="float" />
              <param name="Z" type="float" />
            </accessor>
          </technique_common>
        </source>
        <source id="shiny_white-tex0" name="shiny_white-tex0">
          <float_array id="shiny_white-tex0-array" count="9396"> 0.510401011 -0.186854959 0.525840998 -0.197973013 0.523378015 -0.169932961 0.525840998 -0.197973013 0.510794997 -0.19995904 0.518061996 -0.211889029 0.509893 -0.170559049 0.523378015 -0.169932961 0.522422016 -0.150786996 0.522422016 -0.150786996 0.519836009 -0.117246985 0.499150008 -0.133960962 0.519836009 -0.117246985 0.490734011 -0.0964540243 0.481835991 -0.121148944 0.457053989 -0.0997259617 0.459591001 -0.118780971 0.481835991 -0.121148944 0.439687014 -0.126152039 0.459591001 -0.118780971 0.457053989 -0.0997259617 0.388651997 -0.177482009 0.40962401 -0.172700047 0.414997995 -0.153620958 0.388651997 -0.177482009 0.393669993 -0.205476999 0.412966013 -0.197749019 0.412966013 -0.197749019 0.393669993 -0.205476999 0.403815001 -0.21973896 0.447652996 -0.230368972 0.469363004 -0.228811026 0.468575001 -0.216295958 0.491616011 -0.199484944 0.467334002 -0.206230044 0.468575001 -0.216295958 0.424062014 -0.210435987 0.417629987 -0.207340002 0.403815001 -0.21973896 0.426497012 -0.136863947 0.397453994 -0.119747043 0.388960987 -0.149548054 0.522422016 -0.150786996 0.523378015 -0.169932961 0.53679502 -0.168537974 0.490734011 -0.0964540243 0.519836009 -0.117246985 0.516112983 -0.0923210382 0.526100993 -0.26485002 0.527368009 -0.25413096 0.51749903 -0.253123999 0.494906008 -0.227134943 0.469363004 -0.228811026 0.473188996 -0.252915025 0.451474994 -0.252817035 0.473188996 -0.252915025 0.469363004 -0.228811026 0.393669993 -0.205476999 0.388651997 -0.177482009 0.358262986 -0.187379003 0.390206993 -0.238886952 0.403815001 -0.21973896 0.393669993 -0.205476999 0.255499989 -0.14724195 0.279841006 -0.155560017 0.284310997 -0.146610975 0.284310997 -0.146610975 0.279841006 -0.155560017 0.296306014 -0.16624999 0.309615999 -0.180618048 0.296306014 -0.16624999 0.290178001 -0.174860001 0.329865992 -0.198181033 0.31744799 -0.172659993 0.309615999 -0.180618048 0.335808009 -0.224575996 0.329865992 -0.198181033 0.320648015 -0.203896046 0.325798005 -0.22755301 0.315697014 -0.230108023 0.317113012 -0.253720045 0.325305998 -0.275217056 0.32783699 -0.254045963 0.317113012 -0.253720045 0.234542996 -0.155508995 0.253814995 -0.157367945 0.255499989 -0.14724195 0.232414007 -0.135957003 0.206224993 -0.141005993 0.209070995 -0.150326967 0.209070995 -0.150326967 0.187765002 -0.160282016 0.193755001 -0.168177009 0.181808993 -0.152380943 0.161218002 -0.170508027 0.168934003 -0.177050948 0.168934003 -0.177050948 0.157756999 -0.193771958 0.167375997 -0.197046041 0.157756999 -0.193771958 0.150766 -0.212275028 0.160727993 -0.214334965 0.232458994 -0.362072945 0.233556002 -0.373363018 0.256453007 -0.368677974 0.254159987 -0.359007955 0.256453007 -0.368677974 0.272587001 -0.363044977 0.268855989 -0.353479028 0.272587001 -0.363044977 0.29143101 -0.35136795 0.285777986 -0.342821002 0.29143101 -0.35136795 0.307060987 -0.336629033 0.310505003 -0.314648032 0.302926987 -0.307672024 0.293455005 -0.321488976 0.310505003 -0.314648032 0.31802699 -0.322070003 0.329091996 -0.300884008 0.325305998 -0.275217056 0.31487 -0.272912025 0.311233997 -0.288943052 0.335808009 -0.224575996 0.363588989 -0.216629028 0.358262986 -0.187379003 0.518061996 -0.211889029 0.493634999 -0.213264942 0.494906008 -0.227134943 0.494906008 -0.227134943 0.494412005 -0.252774 0.51749903 -0.253123999 0.446096003 -0.210096002 0.424062014 -0.210435987 0.446666986 -0.21904099 0.42472899 -0.255246997 0.451474994 -0.252817035 0.447652996 -0.230368972 0.423999012 -0.231415987 0.403815001 -0.21973896 0.390206993 -0.238886952 0.490734011 -0.0964540243 0.492628008 -0.0794190168 0.459329009 -0.0828919411 0.430676013 -0.0848619938 0.428454012 -0.109488964 0.457053989 -0.0997259617 0.403521001 -0.0840519667 0.376608998 -0.0814839602 0.371484995 -0.116186023 0.333099991 -0.0764900446 0.323877007 -0.0995520353 0.346386999 -0.109076023 0.294804007 -0.0934870243 0.300558001 -0.0732409954 0.270585001 -0.0719280243 0.300558001 -0.0732409954 0.294804007 -0.0934870243 0.323877007 -0.0995520353 0.376608998 -0.0814839602 0.358029008 -0.0791909695 0.346386999 -0.109076023 0.426497012 -0.136863947 0.439687014 -0.126152039 0.428454012 -0.109488964 0.428454012 -0.109488964 0.430676013 -0.0848619938 0.403521001 -0.0840519667 0.446666986 -0.21904099 0.468575001 -0.216295958 0.467334002 -0.206230044 0.493634999 -0.213264942 0.468575001 -0.216295958 0.469363004 -0.228811026 0.518061996 -0.211889029 0.510794997 -0.19995904 0.493634999 -0.213264942 0.423999012 -0.231415987 0.447652996 -0.230368972 0.446666986 -0.21904099 0.335808009 -0.224575996 0.338559002 -0.254276037 0.363279998 -0.253329992 0.388960987 -0.149548054 0.348987997 -0.158854008 0.358262986 -0.187379003 0.348987997 -0.158854008 0.31744799 -0.172659993 0.329865992 -0.198181033 0.388960987 -0.149548054 0.397453994 -0.119747043 0.371484995 -0.116186023 0.263902009 -0.0931440592 0.261949003 -0.109212995 0.289918005 -0.115257025 0.289918005 -0.115257025 0.261949003 -0.109212995 0.257149011 -0.137083054 0.289918005 -0.115257025 0.313380986 -0.127796054 0.323877007 -0.0995520353 0.313380986 -0.127796054 0.289918005 -0.115257025 0.284310997 -0.146610975 0.313380986 -0.127796054 0.334879994 -0.140812993 0.346386999 -0.109076023 0.334879994 -0.140812993 0.313380986 -0.127796054 0.302412003 -0.15734005 0.334879994 -0.140812993 0.348987997 -0.158854008 0.371484995 -0.116186023 0.334879994 -0.140812993 0.31744799 -0.172659993 0.348987997 -0.158854008 0.516112983 -0.0923210382 0.51632601 -0.0772329569 0.492628008 -0.0794190168 0.536835015 -0.0927419662 0.516112983 -0.0923210382 0.519836009 -0.117246985 0.233556002 -0.373363018 0.234501004 -0.379922032 0.256453007 -0.368677974 0.256453007 -0.368677974 0.258697987 -0.387099981 0.280290991 -0.379709959 0.272587001 -0.363044977 0.280290991 -0.379709959 0.29984799 -0.365632057 0.330821991 -0.333045959 0.31802699 -0.322070003 0.307060987 -0.336629033 0.317259014 -0.349522948 0.307060987 -0.336629033 0.29143101 -0.35136795 0.330821991 -0.333045959 0.348495007 -0.308333039 0.329091996 -0.300884008 0.348495007 -0.308333039 0.359385997 -0.283048034 0.335801989 -0.277680993 0.359385997 -0.283048034 0.363279998 -0.253329992 0.338559002 -0.254276037 0.261949003 -0.109212995 0.231454 -0.106122017 0.232414007 -0.135957003 0.197567999 -0.113610983 0.206224993 -0.141005993 0.232414007 -0.135957003 0.181808993 -0.152380943 0.206224993 -0.141005993 0.197567999 -0.113610983 0.161218002 -0.170508027 0.181808993 -0.152380943 0.164554998 -0.126871943 0.186694995 -0.0809750557 0.141859993 -0.0975040197 0.164554998 -0.126871943 0.231507003 -0.0733920336 0.186694995 -0.0809750557 0.197567999 -0.113610983 0.261949003 -0.109212995 0.263902009 -0.0931440592 0.231454 -0.106122017 0.137863994 -0.145691991 0.119932003 -0.110788941 0.104042999 -0.126842976 0.148176 -0.190418005 0.161218002 -0.170508027 0.140103996 -0.170097947 0.0736100003 -0.167667985 0.051752001 -0.195076942 0.0635790005 -0.195088029 0.0834750012 -0.171458006 0.101094 -0.160763979 0.0937400013 -0.152390957 0.122097999 -0.159404039 0.129966006 -0.152580023 0.110017002 -0.146929979 0.105861999 -0.179579973 0.0945850015 -0.198274016 0.121875003 -0.206323981 0.0945850015 -0.198274016 0.105861999 -0.179579973 0.0834750012 -0.171458006 0.140103996 -0.170097947 0.161218002 -0.170508027 0.137863994 -0.145691991 0.110017002 -0.146929979 0.104042999 -0.126842976 0.0863939971 -0.143970013 0.105861999 -0.179579973 0.114965998 -0.16654098 0.101094 -0.160763979 0.128034994 -0.186424971 0.129639 -0.171916008 0.114965998 -0.16654098 0.110615999 -0.15741396 0.101094 -0.160763979 0.114965998 -0.16654098 0.114965998 -0.16654098 0.129639 -0.171916008 0.122097999 -0.159404039 0.139598995 -0.210368991 0.148176 -0.190418005 0.138065994 -0.188454986 0.0638599992 -0.200276971 0.0635790005 -0.195088029 0.051752001 -0.195076942 0.0945850015 -0.198274016 0.0635790005 -0.195088029 0.0638599992 -0.200276971 0.0943870023 -0.209310055 0.121528 -0.211249948 0.121875003 -0.206323981 0.279841006 -0.155560017 0.255499989 -0.14724195 0.253814995 -0.157367945 0.296306014 -0.16624999 0.279841006 -0.155560017 0.275321007 -0.164386988 0.296306014 -0.16624999 0.309615999 -0.180618048 0.31744799 -0.172659993 0.320648015 -0.203896046 0.309615999 -0.180618048 0.301741987 -0.187945008 0.325798005 -0.22755301 0.320648015 -0.203896046 0.31130299 -0.209000945 0.335808009 -0.224575996 0.325798005 -0.22755301 0.32783699 -0.254045963 0.32783699 -0.254045963 0.325305998 -0.275217056 0.335801989 -0.277680993 0.233484998 -0.145745039 0.255499989 -0.14724195 0.257149011 -0.137083054 0.233484998 -0.145745039 0.209070995 -0.150326967 0.211923003 -0.159657001 0.187765002 -0.160282016 0.209070995 -0.150326967 0.206224993 -0.141005993 0.187765002 -0.160282016 0.168934003 -0.177050948 0.176770002 -0.183609009 0.157756999 -0.193771958 0.168934003 -0.177050948 0.161218002 -0.170508027 0.150766 -0.212275028 0.157756999 -0.193771958 0.148176 -0.190418005 0.232458994 -0.362072945 0.254159987 -0.359007955 0.251818001 -0.349491 0.251818001 -0.349491 0.254159987 -0.359007955 0.268855989 -0.353479028 0.285777986 -0.342821002 0.279974014 -0.334601998 0.264986992 -0.344112992 0.279974014 -0.334601998 0.285777986 -0.342821002 0.300309002 -0.328848004 0.31802699 -0.322070003 0.310505003 -0.314648032 0.300309002 -0.328848004 0.302926987 -0.307672024 0.310505003 -0.314648032 0.320152014 -0.294736981 0.335801989 -0.277680993 0.325305998 -0.275217056 0.320152014 -0.294736981 0.51749903 -0.253123999 0.494412005 -0.252774 0.51681602 -0.262923002 0.497492999 -0.283139944 0.494412005 -0.252774 0.473188996 -0.252915025 0.517221987 -0.263182998 0.51681602 -0.262923002 0.494412005 -0.252774 0.522103012 -0.26699698 0.517221987 -0.263182998 0.516798973 -0.280779004 0.519430995 -0.227370024 0.528617024 -0.22803998 0.527682006 -0.212170959 0.527368009 -0.25413096 0.528617024 -0.22803998 0.519430995 -0.227370024 0.527368009 -0.25413096 0.526100993 -0.26485002 0.536755025 -0.265581965 0.526795983 -0.279800057 0.529281974 -0.269629955 0.522103012 -0.26699698 0.529281974 -0.269629955 0.526795983 -0.279800057 0.536718011 -0.279957056 0.526795983 -0.279800057 0.516798973 -0.280779004 0.518388987 -0.314332962 0.497492999 -0.283139944 0.496677995 -0.312929034 0.518388987 -0.314332962 0.496677995 -0.312929034 0.497492999 -0.283139944 0.467604995 -0.310606003 0.497492999 -0.283139944 0.516798973 -0.280779004 0.517221987 -0.263182998 0.467604995 -0.310606003 0.473188996 -0.252915025 0.451474994 -0.252817035 0.42472899 -0.255246997 0.417400986 -0.299566984 0.446503997 -0.307070971 0.38549 -0.254488945 0.363279998 -0.253329992 0.359385997 -0.283048034 0.38549 -0.254488945 0.382014006 -0.289145947 0.417400986 -0.299566984 0.363279998 -0.253329992 0.38549 -0.254488945 0.390206993 -0.238886952 0.390206993 -0.238886952 0.38549 -0.254488945 0.42472899 -0.255246997 -0.375533015 -0.271772981 -0.374635994 -0.265889049 -0.411758006 -0.269844055 -0.410991013 -0.276473999 -0.411758006 -0.269844055 -0.450168997 -0.277528048 -0.478953004 -0.286342978 -0.476386994 -0.292099953 -0.449952006 -0.284209967 -0.496340007 -0.30031395 -0.476386994 -0.292099953 -0.478953004 -0.286342978 -0.52055198 -0.314756989 -0.496340007 -0.30031395 -0.499581009 -0.294710994 -0.540983975 -0.331691027 -0.52055198 -0.314756989 -0.524805009 -0.309357047 -0.561649978 -0.348456979 -0.556739986 -0.352223992 -0.540983975 -0.331691027 -0.556739986 -0.352223992 -0.561649978 -0.348456979 -0.574373007 -0.376701951 -0.57850498 -0.39754796 -0.572679996 -0.398635983 -0.568500996 -0.379799962 -0.579742014 -0.417898059 -0.573238015 -0.417855024 -0.572679996 -0.398635983 -0.562843978 -0.399772048 -0.572679996 -0.398635983 -0.573238015 -0.417855024 -0.550589979 -0.399767995 -0.552442014 -0.40823698 -0.546445012 -0.411262989 -0.529697001 -0.417557955 -0.527472019 -0.398960948 -0.546445012 -0.411262989 -0.559619009 -0.411339045 -0.552442014 -0.40823698 -0.550589979 -0.399767995 -0.377487004 -0.283285975 -0.375533015 -0.271772981 -0.410991013 -0.276473999 -0.410991013 -0.276473999 -0.449952006 -0.284209967 -0.448453009 -0.291880965 -0.474270999 -0.299955964 -0.448453009 -0.291880965 -0.449952006 -0.284209967 -0.515725017 -0.324005961 -0.492063999 -0.307605982 -0.496340007 -0.30031395 -0.476386994 -0.292099953 -0.496340007 -0.30031395 -0.492063999 -0.307605982 -0.540983975 -0.331691027 -0.535731018 -0.339869976 -0.515725017 -0.324005961 -0.535731018 -0.339869976 -0.540983975 -0.331691027 -0.556739986 -0.352223992 -0.568500996 -0.379799962 -0.572679996 -0.398635983 -0.562843978 -0.399772048 -0.559149981 -0.381458998 -0.546380997 -0.355787039 -0.556739986 -0.352223992 -0.502171993 -0.417482018 -0.499837995 -0.394248962 -0.527472019 -0.398960948 -0.550589979 -0.399767995 -0.546595991 -0.382922053 -0.559149981 -0.381458998 -0.527472019 -0.398960948 -0.526970029 -0.383303046 -0.546595991 -0.382922053 -0.498632014 -0.374587059 -0.499837995 -0.394248962 -0.478356987 -0.391316056 -0.526970029 -0.383303046 -0.527472019 -0.398960948 -0.499837995 -0.394248962 -0.530332983 -0.357594013 -0.546595991 -0.382922053 -0.526970029 -0.383303046 -0.546380997 -0.355787039 -0.559149981 -0.381458998 -0.546595991 -0.382922053 0.359385997 -0.283048034 0.348495007 -0.308333039 0.369323999 -0.32148695 0.382014006 -0.289145947 0.369323999 -0.32148695 0.400270998 -0.336920023 0.432696998 -0.350325942 0.446503997 -0.307070971 0.417400986 -0.299566984 0.446503997 -0.307070971 0.432696998 -0.350325942 0.453548998 -0.359050989 0.467604995 -0.310606003 0.453548998 -0.359050989 0.483179003 -0.36905098 0.509649992 -0.375265956 0.518388987 -0.314332962 0.496677995 -0.312929034 0.536651015 -0.382189035 0.536707997 -0.316243052 0.518388987 -0.314332962 0.237908006 -0.391299009 0.241003007 -0.417948961 0.261943012 -0.415158033 0.244762003 -0.449437022 0.268512011 -0.444915056 0.261943012 -0.415158033 0.248438999 -0.470953941 0.27127099 -0.482409954 0.246849999 -0.462821007 0.348495007 -0.308333039 0.330821991 -0.333045959 0.354865998 -0.348935008 0.330821991 -0.333045959 0.317259014 -0.349522948 0.337752998 -0.369263053 0.354865998 -0.348935008 0.337752998 -0.369263053 0.359140992 -0.390457988 0.381359011 -0.367530942 0.400270998 -0.336920023 0.369323999 -0.32148695 0.400270998 -0.336920023 0.381359011 -0.367530942 0.405880004 -0.381391048 0.378737986 -0.409091949 0.405880004 -0.381391048 0.381359011 -0.367530942 0.432696998 -0.350325942 0.405880004 -0.381391048 0.429327995 -0.394428015 0.400023013 -0.428439975 0.429327995 -0.394428015 0.405880004 -0.381391048 0.429327995 -0.394428015 0.400023013 -0.428439975 0.420639008 -0.448142052 0.453548998 -0.359050989 0.429327995 -0.394428015 0.456346005 -0.406666994 0.48061499 -0.419291973 0.509649992 -0.375265956 0.483179003 -0.36905098 0.509649992 -0.375265956 0.48061499 -0.419291973 0.494985998 -0.428670049 0.443630993 -0.474905014 0.494985998 -0.428670049 0.48061499 -0.419291973 0.313988 -0.387881041 0.337752998 -0.369263053 0.317259014 -0.349522948 0.280290991 -0.379709959 0.288415998 -0.40397203 0.313988 -0.387881041 0.288415998 -0.40397203 0.280290991 -0.379709959 0.258697987 -0.387099981 0.261943012 -0.415158033 0.268512011 -0.444915056 0.298817992 -0.429270029 0.328455001 -0.413341999 0.313988 -0.387881041 0.288415998 -0.40397203 0.337752998 -0.369263053 0.313988 -0.387881041 0.328455001 -0.413341999 0.307714999 -0.454691052 0.298817992 -0.429270029 0.268512011 -0.444915056 0.328455001 -0.413341999 0.298817992 -0.429270029 0.307714999 -0.454691052 0.346464992 -0.434839964 0.378737986 -0.409091949 0.359140992 -0.390457988 0.307714999 -0.454691052 0.27127099 -0.482409954 0.293536007 -0.497882962 0.346464992 -0.434839964 0.307714999 -0.454691052 0.325594991 -0.474362969 0.378737986 -0.409091949 0.346464992 -0.434839964 0.361070991 -0.45520401 0.375418007 -0.478693962 0.420639008 -0.448142052 0.400023013 -0.428439975 0.325594991 -0.474362969 0.341105998 -0.499708056 0.375418007 -0.478693962 0.309926987 -0.516482949 0.341105998 -0.499708056 0.325594991 -0.474362969 0.329048008 -0.545979977 0.360013992 -0.528952003 0.341105998 -0.499708056 0.394409001 -0.508998036 0.375418007 -0.478693962 0.341105998 -0.499708056 -0.374635994 -0.265889049 -0.375533015 -0.271772981 -0.328265995 -0.271002054 -0.216872007 -0.270537019 -0.272134006 -0.263741016 -0.273039997 -0.26868403 -0.273039997 -0.26868403 -0.272134006 -0.263741016 -0.327136993 -0.263926029 -0.328265995 -0.271002054 -0.332026005 -0.281059027 -0.304933012 -0.279502988 -0.332026005 -0.281059027 -0.328265995 -0.271002054 -0.375533015 -0.271772981 -0.0110179996 -0.351835966 -0.0179500002 -0.353512049 -0.00717000011 -0.376966 -0.0179500002 -0.353512049 -0.0110179996 -0.351835966 -0.0301629994 -0.331822038 -0.0332840011 -0.335752964 -0.0301629994 -0.331822038 -0.0542079993 -0.315685987 -0.0565639995 -0.320587993 -0.0542079993 -0.315685987 -0.0923909992 -0.299252987 -0.125174001 -0.293872952 -0.0939259976 -0.304690957 -0.0923909992 -0.299252987 -0.124551997 -0.288233995 -0.154122993 -0.280096054 -0.154621005 -0.286455035 -0.154621005 -0.286455035 -0.154122993 -0.280096054 -0.183432996 -0.275784016 -0.0179500002 -0.353512049 -0.0288989991 -0.356834054 -0.0178880002 -0.379683018 -0.0332840011 -0.335752964 -0.0391299985 -0.344782948 -0.0288989991 -0.356834054 -0.0565639995 -0.320587993 -0.0617090017 -0.331292033 -0.0391299985 -0.344782948 -0.0939259976 -0.304690957 -0.0966949984 -0.314746976 -0.0617090017 -0.331292033 -0.125346005 -0.30666399 -0.0966949984 -0.314746976 -0.0939259976 -0.304690957 -0.125174001 -0.293872952 -0.154621005 -0.286455035 -0.154486001 -0.299698949 -0.184656993 -0.281206012 -0.216048002 -0.276890039 -0.214461997 -0.287665009 -0.413605005 -0.314136982 -0.415250987 -0.33156395 -0.381693989 -0.331961989 -0.379842997 -0.312713981 -0.377487004 -0.283285975 -0.411538005 -0.286195993 -0.411538005 -0.286195993 -0.448453009 -0.291880965 -0.446676999 -0.314898014 -0.413605005 -0.314136982 -0.446676999 -0.314898014 -0.445804 -0.333448052 -0.448453009 -0.291880965 -0.474270999 -0.299955964 -0.467604995 -0.317973018 -0.48488301 -0.324553013 -0.467604995 -0.317973018 -0.474270999 -0.299955964 -0.506516993 -0.336753011 -0.48488301 -0.324553013 -0.492063999 -0.307605982 -0.535731018 -0.339869976 -0.530332983 -0.357594013 -0.506516993 -0.336753011 -0.497366995 -0.351290941 -0.506516993 -0.336753011 -0.530332983 -0.357594013 -0.453592986 -0.337327003 -0.445804 -0.333448052 -0.446676999 -0.314898014 -0.453592986 -0.337327003 -0.476998001 -0.347692966 -0.457056999 -0.34699595 -0.497366995 -0.351290941 -0.476998001 -0.347692966 -0.48488301 -0.324553013 -0.377487004 -0.283285975 -0.379842997 -0.312713981 -0.343722999 -0.313187003 -0.379842997 -0.312713981 -0.381693989 -0.331961989 -0.347746998 -0.333045959 -0.305431992 -0.314025044 -0.259090006 -0.311437011 -0.266916007 -0.280454993 -0.273039997 -0.26868403 -0.304933012 -0.279502988 -0.266916007 -0.280454993 -0.327995002 -0.390158057 -0.293179005 -0.389760017 -0.292448997 -0.363456964 -0.497366995 -0.351290941 -0.498632014 -0.374587059 -0.478372991 -0.369668961 -0.530332983 -0.357594013 -0.526970029 -0.383303046 -0.498632014 -0.374587059 -0.476998001 -0.347692966 -0.478372991 -0.369668961 -0.453590989 -0.357398987 -0.212244004 -0.309064984 -0.259090006 -0.311437011 -0.255456001 -0.336210012 -0.209783003 -0.390298963 -0.210355997 -0.363816977 -0.253509998 -0.362719059 -0.255118996 -0.389505982 -0.253509998 -0.362719059 -0.292448997 -0.363456964 -0.185951993 -0.337064028 -0.187212005 -0.362712026 -0.152385995 -0.363263965 -0.185582995 -0.311095953 -0.153479993 -0.317510962 -0.154486001 -0.299698949 -0.0288989991 -0.356834054 -0.0490350015 -0.361749053 -0.0360580012 -0.384513021 -0.153479993 -0.317510962 -0.126643002 -0.324991941 -0.125346005 -0.30666399 -0.126643002 -0.324991941 -0.100304 -0.33414495 -0.0966949984 -0.314746976 -0.100304 -0.33414495 -0.0668739974 -0.348521948 -0.0617090017 -0.331292033 -0.0391299985 -0.344782948 -0.0617090017 -0.331292033 -0.0668739974 -0.348521948 -0.0391299985 -0.344782948 -0.0490350015 -0.361749053 -0.0288989991 -0.356834054 -0.152632996 -0.340397 -0.127151996 -0.344828963 -0.126643002 -0.324991941 -0.128094003 -0.36481595 -0.102297999 -0.369616985 -0.101111002 -0.351789951 -0.102297999 -0.369616985 -0.0701979995 -0.377117038 -0.0683730021 -0.362769961 -0.0490350015 -0.361749053 -0.0668739974 -0.348521948 -0.0683730021 -0.362769961 0.231507003 -0.0733920336 0.231454 -0.106122017 0.263902009 -0.0931440592 -0.343722999 -0.313187003 -0.347746998 -0.333045959 -0.32653001 -0.334702015 -0.292448997 -0.363456964 -0.296490014 -0.341258049 -0.318893999 -0.349745989 0.446096003 -0.210096002 0.467334002 -0.206230044 0.436726987 -0.178557038 0.430922002 -0.183977008 0.428932995 -0.185901999 0.424062014 -0.210435987 0.417629987 -0.207340002 0.424062014 -0.210435987 0.428932995 -0.185901999 0.442577004 -0.172323942 0.436726987 -0.178557038 0.467334002 -0.206230044 0.481835991 -0.121148944 0.456463993 -0.147282958 0.457215995 -0.150392056 0.456463993 -0.147282958 0.481835991 -0.121148944 0.459591001 -0.118780971 0.449187011 -0.144961953 0.459591001 -0.118780971 0.439687014 -0.126152039 0.426497012 -0.136863947 0.435000986 -0.151790023 0.442274004 -0.147271991 0.435000986 -0.151790023 0.426497012 -0.136863947 0.414997995 -0.153620958 0.40962401 -0.172700047 0.424614012 -0.171373963 0.427893996 -0.159868956 0.446231008 -0.167932034 0.442577004 -0.172323942 0.491616011 -0.199484944 0.510401011 -0.186854959 0.450118005 -0.163784981 0.446231008 -0.167932034 0.499150008 -0.133960962 0.457215995 -0.150392056 0.456386 -0.153972983 0.453622013 -0.159311056 0.509893 -0.170559049 0.506983995 -0.150756955 0.509893 -0.170559049 0.453622013 -0.159311056 0.450118005 -0.163784981 0.423853993 -0.179159045 0.424614012 -0.171373963 0.40962401 -0.172700047 0.412966013 -0.197749019 0.417629987 -0.207340002 0.425143003 -0.184203982 -0.296490014 -0.341258049 -0.255456001 -0.336210012 -0.259090006 -0.311437011 0.510794997 -0.19995904 0.525840998 -0.197973013 0.510401011 -0.186854959 0.510794997 -0.19995904 0.505855024 -0.193083048 0.491616011 -0.199484944 -0.296490014 -0.341258049 -0.320755988 -0.339347005 -0.318893999 -0.349745989 -0.322254986 -0.358715057 -0.331797987 -0.364416957 -0.292448997 -0.363456964 -0.305431992 -0.314025044 -0.32653001 -0.334702015 -0.320755988 -0.339347005 -0.216048002 -0.276890039 -0.184656993 -0.281206012 -0.183432996 -0.275784016 -0.154621005 -0.286455035 -0.184656993 -0.281206012 -0.185476005 -0.292284012 -0.185951993 -0.337064028 -0.185582995 -0.311095953 -0.212244004 -0.309064984 -0.185476005 -0.292284012 -0.214461997 -0.287665009 -0.212244004 -0.309064984 0.119932003 -0.110788941 0.137863994 -0.145691991 0.164554998 -0.126871943 -0.418336004 -0.36303699 -0.421694994 -0.389879942 -0.388170987 -0.390337944 -0.44659099 -0.362463951 -0.447860986 -0.389649987 -0.421694994 -0.389879942 -0.388170987 -0.390337944 -0.351543009 -0.390401959 -0.352382988 -0.363638043 -0.351543009 -0.390401959 -0.327995002 -0.390158057 -0.331797987 -0.364416957 -0.327995002 -0.390158057 -0.327271998 -0.415909052 -0.293590009 -0.415907025 -0.209913 -0.415581942 -0.209783003 -0.390298963 -0.255118996 -0.389505982 -0.256471992 -0.415912032 -0.255118996 -0.389505982 -0.293179005 -0.389760017 -0.210355997 -0.363816977 -0.209783003 -0.390298963 -0.187854007 -0.389704943 -0.152385995 -0.363263965 -0.152339995 -0.389662981 -0.128910005 -0.390365958 -0.128910005 -0.390365958 -0.103885002 -0.392773986 -0.102297999 -0.369616985 -0.103885002 -0.392773986 -0.0713770017 -0.39628005 -0.0701979995 -0.377117038 -0.187212005 -0.362712026 -0.187854007 -0.389704943 -0.152339995 -0.389662981 -0.053723 -0.414670944 -0.0545580015 -0.390576959 -0.0713770017 -0.39628005 -0.0545580015 -0.390576959 -0.0600819997 -0.369740963 -0.0701979995 -0.377117038 0.121875003 -0.206323981 0.121528 -0.211249948 0.133156002 -0.209290981 0.258697987 -0.387099981 0.256453007 -0.368677974 0.234501004 -0.379922032 0.246849999 -0.462821007 0.27127099 -0.482409954 0.268512011 -0.444915056 0.138065994 -0.188454986 0.140103996 -0.170097947 0.129639 -0.171916008 0.0736100003 -0.167667985 0.0937400013 -0.152390957 0.0863939971 -0.143970013 0.110017002 -0.146929979 0.129966006 -0.152580023 0.137863994 -0.145691991 0.129639 -0.171916008 0.140103996 -0.170097947 0.129966006 -0.152580023 0.110017002 -0.146929979 0.0937400013 -0.152390957 0.101094 -0.160763979 0.133156002 -0.209290981 0.138065994 -0.188454986 0.128034994 -0.186424971 0.051752001 -0.195076942 0.0736100003 -0.167667985 0.0670479983 -0.165102959 -0.447860986 -0.389649987 -0.44659099 -0.362463951 -0.478372991 -0.369668961 -0.476998001 -0.347692966 -0.453592986 -0.337327003 -0.467604995 -0.317973018 -0.535731018 -0.339869976 -0.546380997 -0.355787039 -0.530332983 -0.357594013 -0.44659099 -0.362463951 -0.453590989 -0.357398987 -0.478372991 -0.369668961 -0.210742995 -0.337309957 -0.255456001 -0.336210012 -0.253509998 -0.362719059 -0.255456001 -0.336210012 -0.296490014 -0.341258049 -0.292448997 -0.363456964 -0.185951993 -0.337064028 -0.152632996 -0.340397 -0.153479993 -0.317510962 -0.128094003 -0.36481595 -0.127151996 -0.344828963 -0.152632996 -0.340397 -0.127151996 -0.344828963 -0.101111002 -0.351789951 -0.100304 -0.33414495 -0.101111002 -0.351789951 -0.0683730021 -0.362769961 -0.0668739974 -0.348521948 -0.187212005 -0.362712026 -0.185951993 -0.337064028 -0.210742995 -0.337309957 -0.305431992 -0.314025044 -0.304933012 -0.279502988 -0.332026005 -0.281059027 -0.0600819997 -0.369740963 -0.0545580015 -0.390576959 -0.0360580012 -0.384513021 -0.0683730021 -0.362769961 -0.0701979995 -0.377117038 -0.0600819997 -0.369740963 0.362558007 -0.672353029 0.361079991 -0.637778044 0.264369994 -0.637778044 0.250202 -0.666576028 0.280411988 -0.679718971 0.280023992 -0.672353029 0.255973995 -0.696135044 0.284691989 -0.689525008 0.280411988 -0.679718971 0.448642999 -0.745558977 0.38687399 -0.741808057 0.382001013 -0.771226048 0.284691989 -0.689525008 0.255973995 -0.696135044 0.312817991 -0.75713098 0.38687399 -0.741808057 0.329145998 -0.728783965 0.312817991 -0.75713098 -0.214461997 -0.287665009 -0.266916007 -0.280454993 -0.259090006 -0.311437011 -0.216048002 -0.276890039 -0.273039997 -0.26868403 -0.266916007 -0.280454993 0.252775013 -0.162513018 0.273092002 -0.169170022 0.275321007 -0.164386988 0.273092002 -0.169170022 0.287007987 -0.179046035 0.290178001 -0.174860001 0.287007987 -0.179046035 0.297731012 -0.191431999 0.301741987 -0.187945008 0.297731012 -0.191431999 0.306629002 -0.211424947 0.31130299 -0.209000945 0.306629002 -0.211424947 0.310759008 -0.231552958 0.315697014 -0.230108023 0.310759008 -0.231552958 0.312029004 -0.254065037 0.317113012 -0.253720045 0.312029004 -0.254065037 0.309965998 -0.272325993 0.31487 -0.272912025 0.252775013 -0.162513018 0.253814995 -0.157367945 0.234542996 -0.155508995 0.234593004 -0.160771012 0.234542996 -0.155508995 0.211923003 -0.159657001 0.213241994 -0.164698005 0.211923003 -0.159657001 0.193755001 -0.168177009 0.196184993 -0.172729015 0.193755001 -0.168177009 0.176770002 -0.183609009 0.180246994 -0.187266946 0.176770002 -0.183609009 0.167375997 -0.197046041 0.171524003 -0.199833989 0.167375997 -0.197046041 0.160727993 -0.214334965 0.232905 -0.347046018 0.232670993 -0.351917028 0.251818001 -0.349491 0.251026988 -0.344673991 0.251818001 -0.349491 0.264986992 -0.344112992 0.263217986 -0.339637995 0.264986992 -0.344112992 0.279974014 -0.334601998 0.277233988 -0.330629945 0.279974014 -0.334601998 0.293455005 -0.321488976 0.298685014 -0.305248022 0.289833993 -0.318261027 0.293455005 -0.321488976 0.306461006 -0.287505984 0.298685014 -0.305248022 0.302926987 -0.307672024 0.309965998 -0.272325993 0.306461006 -0.287505984 0.311233997 -0.288943052 -0.55112499 -0.411679029 -0.547688007 -0.414759994 -0.546445012 -0.411262989 -0.555694997 -0.413810015 -0.55112499 -0.411679029 -0.552442014 -0.40823698 -0.557965994 -0.417752981 -0.555694997 -0.413810015 -0.559619009 -0.411339045 -0.551860988 -0.417711973 -0.55112499 -0.411679029 -0.555694997 -0.413810015 0.48061499 -0.419291973 0.456346005 -0.406666994 0.420639008 -0.448142052 0.536803007 -0.150081038 0.536817014 -0.116268992 0.519836009 -0.117246985 0.516112983 -0.0923210382 0.536835015 -0.0927419662 0.538733006 -0.0768949986 0.53677702 -0.197965026 0.53679502 -0.168537974 0.523378015 -0.169932961 0.528617024 -0.22803998 0.536767006 -0.228350043 0.536773026 -0.212414026 0.536760986 -0.254140019 0.536767006 -0.228350043 0.528617024 -0.22803998 0.527682006 -0.212170959 0.536773026 -0.212414026 0.53677702 -0.197965026 0.536707997 -0.316243052 0.536718011 -0.279957056 0.526795983 -0.279800057 -0.563174009 -0.417770028 -0.561787009 -0.417778015 -0.559619009 -0.411339045 -0.421694994 -0.389879942 -0.423568994 -0.416749001 -0.389196008 -0.416300058 -0.447860986 -0.389649987 -0.44738999 -0.416960001 -0.423568994 -0.416749001 -0.478356987 -0.391316056 -0.479247004 -0.417358994 -0.44738999 -0.416960001 -0.499837995 -0.394248962 -0.502171993 -0.417482018 -0.479247004 -0.417358994 0.375418007 -0.478693962 0.394409001 -0.508998036 0.443630993 -0.474905014 -0.00298599992 -0.414384007 0.00340300007 -0.414347053 -0.00116800005 -0.376183033 -0.0178880002 -0.379683018 -0.0146199996 -0.414448977 -0.00298599992 -0.414384007 -0.389196008 -0.416300058 -0.350508988 -0.415910006 -0.351543009 -0.390401959 -0.350508988 -0.415910006 -0.327271998 -0.415909052 -0.327995002 -0.390158057 -0.209783003 -0.390298963 -0.209913 -0.415581942 -0.188139006 -0.415446997 -0.0360580012 -0.384513021 -0.0336520001 -0.414558053 -0.0146199996 -0.414448977 -0.152339995 -0.389662981 -0.152740002 -0.415235043 -0.129375994 -0.415099978 -0.128910005 -0.390365958 -0.129375994 -0.415099978 -0.105398998 -0.414963007 -0.103885002 -0.392773986 -0.105398998 -0.414963007 -0.0720380023 -0.414775014 -0.187854007 -0.389704943 -0.188139006 -0.415446997 -0.152740002 -0.415235043 -0.0545580015 -0.390576959 -0.053723 -0.414670944 -0.0336520001 -0.414558053 0.447403997 -0.672353029 0.446680993 -0.637778044 0.361079991 -0.637778044 -0.547688007 -0.414759994 -0.546186984 -0.417675018 -0.543896973 -0.417659998 -0.551860988 -0.417711973 -0.546186984 -0.417675018 -0.547688007 -0.414759994 0.550209999 -0.169947028 0.547719002 -0.197981954 0.563169003 -0.186874986 0.547719002 -0.197981954 0.545867026 -0.212174058 0.555489004 -0.211902022 0.551182985 -0.150800943 0.550209999 -0.169947028 0.563691974 -0.170582056 0.57446897 -0.134003997 0.553798974 -0.117267013 0.551182985 -0.150800943 0.591799021 -0.121222019 0.582935989 -0.0965150595 0.553798974 -0.117267013 0.616612017 -0.0998430252 0.582935989 -0.0965150595 0.591799021 -0.121222019 0.616612017 -0.0998430252 0.614049017 -0.118893981 0.633944988 -0.126299977 0.658611 -0.153803945 0.663972974 -0.172886014 0.684942007 -0.177693009 0.660605013 -0.197927952 0.67989397 -0.205680013 0.684942007 -0.177693009 0.669730008 -0.219925046 0.67989397 -0.205680013 0.660605013 -0.197927952 0.625876009 -0.230486989 0.62687701 -0.219159961 0.604970992 -0.21638 0.604970992 -0.21638 0.606226027 -0.206315994 0.581950009 -0.199534059 0.669730008 -0.219925046 0.655929983 -0.207509041 0.649495006 -0.210592031 0.647125006 -0.137034059 0.658611 -0.153803945 0.684655011 -0.149762034 0.551182985 -0.150800943 0.536803007 -0.150081038 0.53679502 -0.168537974 0.582935989 -0.0965150595 0.557560027 -0.0923500061 0.553798974 -0.117267013 0.547406971 -0.264858007 0.557301998 -0.263210058 0.556008995 -0.253136992 0.57862699 -0.22717905 0.579088986 -0.252818942 0.600309014 -0.252993941 0.622022986 -0.252930045 0.625876009 -0.230486989 0.604166985 -0.228894949 0.67989397 -0.205680013 0.709963977 -0.21686697 0.715324998 -0.187623024 0.683314025 -0.239091039 0.709963977 -0.21686697 0.67989397 -0.205680013 0.818148017 -0.147487998 0.816487014 -0.137325048 0.789327025 -0.146883965 0.777330995 -0.166535974 0.793805003 -0.155837059 0.789327025 -0.146883965 0.764003992 -0.180904984 0.771878004 -0.188238025 0.783463001 -0.175148964 0.743719995 -0.198451996 0.752937973 -0.204177022 0.764003992 -0.180904984 0.737740993 -0.224845052 0.747750998 -0.227833986 0.752937973 -0.204177022 0.747750998 -0.227833986 0.745670021 -0.254330993 0.756397009 -0.254019976 0.748167992 -0.275509953 0.758608997 -0.273221016 0.756397009 -0.254019976 0.839132011 -0.155719042 0.840171993 -0.145948052 0.818148017 -0.147487998 0.841226995 -0.136150956 0.840171993 -0.145948052 0.864606023 -0.150465012 0.864606023 -0.150465012 0.861775994 -0.159805059 0.879980981 -0.168267965 0.891888022 -0.152431965 0.885950029 -0.160351992 0.904844999 -0.177054048 0.904844999 -0.177054048 0.897028983 -0.183637977 0.906473994 -0.197041988 0.916083992 -0.193735957 0.906473994 -0.197041988 0.913183987 -0.214308023 0.840866029 -0.362542987 0.819171011 -0.359439969 0.816860974 -0.369104981 0.819171011 -0.359439969 0.80448401 -0.353885055 0.800737023 -0.363443971 0.80448401 -0.353885055 0.787581027 -0.343194962 0.781912982 -0.351732969 0.787581027 -0.343194962 0.773074985 -0.329195023 0.766309023 -0.336966038 0.762902975 -0.31497395 0.773074985 -0.329195023 0.779941976 -0.321846962 0.762902975 -0.31497395 0.753289998 -0.295042992 0.744338989 -0.301179051 0.748167992 -0.275509953 0.753289998 -0.295042992 0.762217999 -0.28926301 0.715324998 -0.187623024 0.709963977 -0.21686697 0.737740993 -0.224845052 0.555489004 -0.211902022 0.554103017 -0.227380037 0.57862699 -0.22717905 0.556008995 -0.253136992 0.579088986 -0.252818942 0.57862699 -0.22717905 0.627460003 -0.210216045 0.62687701 -0.219159961 0.649495006 -0.210592031 0.648766994 -0.255401015 0.64952898 -0.231570959 0.625876009 -0.230486989 0.64952898 -0.231570959 0.648766994 -0.255401015 0.683314025 -0.239091039 0.582935989 -0.0965150595 0.616612017 -0.0998430252 0.618135989 -0.0830090046 0.646782994 -0.0850260258 0.618135989 -0.0830090046 0.616612017 -0.0998430252 0.673928976 -0.0842549801 0.676185012 -0.11995399 0.702149987 -0.116425991 0.727241993 -0.109339952 0.749740005 -0.0998270512 0.744288981 -0.0767639875 0.778795004 -0.0937570333 0.809682012 -0.0933849812 0.806743979 -0.0721739531 0.749740005 -0.0998270512 0.778795004 -0.0937570333 0.776802003 -0.073513031 0.700828016 -0.0817220211 0.702149987 -0.116425991 0.727241993 -0.109339952 0.647125006 -0.137034059 0.676185012 -0.11995399 0.645197988 -0.10965395 0.673928976 -0.0842549801 0.646782994 -0.0850260258 0.645197988 -0.10965395 0.606226027 -0.206315994 0.604970992 -0.21638 0.62687701 -0.219159961 0.579913974 -0.213310003 0.57862699 -0.22717905 0.604166985 -0.228894949 0.555489004 -0.211902022 0.579913974 -0.213310003 0.562767029 -0.199978948 0.64952898 -0.231570959 0.649495006 -0.210592031 0.62687701 -0.219159961 0.737740993 -0.224845052 0.709963977 -0.21686697 0.710223973 -0.253569007 0.715324998 -0.187623024 0.724624991 -0.159108996 0.684655011 -0.149762034 0.743719995 -0.198451996 0.756168008 -0.172938943 0.724624991 -0.159108996 0.684655011 -0.149762034 0.724624991 -0.159108996 0.702149987 -0.116425991 0.783695996 -0.115527034 0.811653972 -0.109454036 0.809682012 -0.0933849812 0.783695996 -0.115527034 0.789327025 -0.146883965 0.816487014 -0.137325048 0.783695996 -0.115527034 0.778795004 -0.0937570333 0.749740005 -0.0998270512 0.760241985 -0.128072977 0.771220028 -0.157619953 0.789327025 -0.146883965 0.760241985 -0.128072977 0.749740005 -0.0998270512 0.727241993 -0.109339952 0.738743007 -0.141082048 0.756168008 -0.172938943 0.771220028 -0.157619953 0.738743007 -0.141082048 0.727241993 -0.109339952 0.702149987 -0.116425991 0.738743007 -0.141082048 0.724624991 -0.159108996 0.756168008 -0.172938943 0.557560027 -0.0923500061 0.582935989 -0.0965150595 0.584837973 -0.079480052 0.536835015 -0.0927419662 0.536817014 -0.116268992 0.553798974 -0.117267013 0.839749992 -0.373829961 0.816860974 -0.369104981 0.838793993 -0.380385995 0.793006003 -0.380095959 0.814585984 -0.387521982 0.816860974 -0.369104981 0.773473978 -0.365983963 0.793006003 -0.380095959 0.800737023 -0.363443971 0.766309023 -0.336966038 0.755367994 -0.322384953 0.742555022 -0.333343029 0.781912982 -0.351732969 0.766309023 -0.336966038 0.756089985 -0.349843979 0.742555022 -0.333343029 0.755367994 -0.322384953 0.744338989 -0.301179051 0.724923015 -0.308598995 0.744338989 -0.301179051 0.737666011 -0.277961016 0.714073002 -0.283295035 0.737666011 -0.277961016 0.734946012 -0.254547 0.811653972 -0.109454036 0.816487014 -0.137325048 0.841226995 -0.136150956 0.841226995 -0.136150956 0.867433012 -0.141132951 0.876029015 -0.113711953 0.891888022 -0.152431965 0.909071982 -0.126873016 0.876029015 -0.113711953 0.912542999 -0.170487046 0.935820997 -0.145599961 0.909071982 -0.126873016 0.890595019 -0.0810409784 0.876029015 -0.113711953 0.909071982 -0.126873016 0.876029015 -0.113711953 0.890595019 -0.0810409784 0.845794022 -0.0735709667 0.811653972 -0.109454036 0.842137992 -0.106309056 0.809682012 -0.0933849812 0.935820997 -0.145599961 0.969574988 -0.126631021 0.953640997 -0.110641956 0.925655007 -0.190350056 0.935760021 -0.188352942 0.933659971 -0.170006037 1.00014901 -0.167340994 0.990297019 -0.171164989 1.01027501 -0.194725037 0.990297019 -0.171164989 1.00014901 -0.167340994 0.979965985 -0.152137995 0.963671029 -0.146736026 0.943741024 -0.152454972 0.951632023 -0.159248948 0.952017009 -0.206164002 0.979278982 -0.198019028 0.967936993 -0.179365993 0.979278982 -0.198019028 1.01027501 -0.194725037 0.990297019 -0.171164989 0.933659971 -0.170006037 0.943741024 -0.152454972 0.935820997 -0.145599961 0.963671029 -0.146736026 0.979965985 -0.152137995 0.987282991 -0.143690944 0.967936993 -0.179365993 0.990297019 -0.171164989 0.972642004 -0.160536051 0.958787978 -0.166360021 0.94413197 -0.171785951 0.945787013 -0.186287999 0.963108003 -0.157220006 0.951632023 -0.159248948 0.958787978 -0.166360021 0.958787978 -0.166360021 0.951632023 -0.159248948 0.94413197 -0.171785951 0.935760021 -0.188352942 0.925655007 -0.190350056 0.934301019 -0.210271001 1.01001203 -0.199915051 1.02210295 -0.194672942 1.01027501 -0.194725037 0.979278982 -0.198019028 0.979516029 -0.209053993 1.01001203 -0.199915051 0.952017009 -0.206164002 0.952381015 -0.211089015 0.979516029 -0.209053993 0.793805003 -0.155837059 0.798332989 -0.16466701 0.819848001 -0.157616973 0.777330995 -0.166535974 0.783463001 -0.175148964 0.798332989 -0.16466701 0.777330995 -0.166535974 0.771220028 -0.157619953 0.756168008 -0.172938943 0.752937973 -0.204177022 0.762281001 -0.209292054 0.771878004 -0.188238025 0.747750998 -0.227833986 0.757851005 -0.230401993 0.762281001 -0.209292054 0.737740993 -0.224845052 0.734946012 -0.254547 0.745670021 -0.254330993 0.745670021 -0.254330993 0.734946012 -0.254547 0.737666011 -0.277961016 0.840171993 -0.145948052 0.841226995 -0.136150956 0.816487014 -0.137325048 0.840171993 -0.145948052 0.839132011 -0.155719042 0.861775994 -0.159805059 0.885950029 -0.160351992 0.891888022 -0.152431965 0.867433012 -0.141132951 0.885950029 -0.160351992 0.879980981 -0.168267965 0.897028983 -0.183637977 0.916083992 -0.193735957 0.925655007 -0.190350056 0.912542999 -0.170487046 0.923138976 -0.212213993 0.934301019 -0.210271001 0.925655007 -0.190350056 0.840866029 -0.362542987 0.840672016 -0.352386951 0.821529984 -0.349926949 0.821529984 -0.349926949 0.808369994 -0.344526052 0.80448401 -0.353885055 0.808369994 -0.344526052 0.793398976 -0.334985971 0.787581027 -0.343194962 0.793398976 -0.334985971 0.779941976 -0.321846962 0.773074985 -0.329195023 0.755367994 -0.322384953 0.766309023 -0.336966038 0.773074985 -0.329195023 0.770492971 -0.308009982 0.762217999 -0.28926301 0.753289998 -0.295042992 0.737666011 -0.277961016 0.744338989 -0.301179051 0.753289998 -0.295042992 0.556008995 -0.253136992 0.557301998 -0.263210058 0.556671023 -0.26293695 0.575958014 -0.283184052 0.605807006 -0.310695052 0.600309014 -0.252993941 0.556254029 -0.263198018 0.575958014 -0.283184052 0.579088986 -0.252818942 0.551358998 -0.26700902 0.546647012 -0.279806972 0.556649983 -0.280796051 0.554103017 -0.227380037 0.555489004 -0.211902022 0.545867026 -0.212174058 0.546149015 -0.254135013 0.556008995 -0.253136992 0.554103017 -0.227380037 0.546149015 -0.254135013 0.536760986 -0.254140019 0.536755025 -0.265581965 0.546647012 -0.279806972 0.551358998 -0.26700902 0.544170976 -0.269634962 0.544170976 -0.269634962 0.536724985 -0.270266056 0.536718011 -0.279957056 0.546647012 -0.279806972 0.555024981 -0.314347982 0.556649983 -0.280796051 0.575958014 -0.283184052 0.556649983 -0.280796051 0.555024981 -0.314347982 0.57673198 -0.312975049 0.605807006 -0.310695052 0.575958014 -0.283184052 0.575958014 -0.283184052 0.556254029 -0.263198018 0.556649983 -0.280796051 0.605807006 -0.310695052 0.626913011 -0.307191968 0.622022986 -0.252930045 0.648766994 -0.255401015 0.622022986 -0.252930045 0.626913011 -0.307191968 0.714073002 -0.283295035 0.710223973 -0.253569007 0.688009024 -0.254699945 0.688009024 -0.254699945 0.648766994 -0.255401015 0.656028986 -0.299731016 0.683314025 -0.239091039 0.688009024 -0.254699945 0.710223973 -0.253569007 0.683314025 -0.239091039 0.648766994 -0.255401015 0.688009024 -0.254699945 -0.373681009 -0.561090946 -0.409153998 -0.556897044 -0.409833997 -0.563537955 -0.448314011 -0.556409955 -0.409833997 -0.563537955 -0.409153998 -0.556897044 -0.448188007 -0.549725056 -0.474707991 -0.54222095 -0.477194995 -0.548012972 -0.494758993 -0.534301043 -0.497922987 -0.539947987 -0.477194995 -0.548012972 -0.497922987 -0.539947987 -0.494758993 -0.534301043 -0.519161999 -0.520207047 -0.523341 -0.525665045 -0.519161999 -0.520207047 -0.539821029 -0.503563046 -0.560710013 -0.487082005 -0.544255972 -0.508376956 -0.539821029 -0.503563046 -0.555850983 -0.483250022 -0.567983985 -0.455839038 -0.573813975 -0.459015965 -0.57822901 -0.438230038 -0.573813975 -0.459015965 -0.567983985 -0.455839038 -0.579742014 -0.417898059 -0.57822901 -0.438230038 -0.572418988 -0.437064052 -0.562599003 -0.435796976 -0.563174009 -0.417770028 -0.573238015 -0.417855024 -0.55034399 -0.43564105 -0.527224004 -0.436146975 -0.546357989 -0.424092054 -0.529697001 -0.417557955 -0.543896973 -0.417659998 -0.546357989 -0.424092054 -0.55034399 -0.43564105 -0.552313983 -0.427194953 -0.559531987 -0.424188972 -0.409153998 -0.556897044 -0.373681009 -0.561090946 -0.375761986 -0.549605966 -0.409153998 -0.556897044 -0.409819007 -0.547181964 -0.446783006 -0.542032003 -0.472692013 -0.534335971 -0.474707991 -0.54222095 -0.448188007 -0.549725056 -0.494758993 -0.534301043 -0.490577012 -0.526952982 -0.514456987 -0.51089704 -0.490577012 -0.526952982 -0.494758993 -0.534301043 -0.474707991 -0.54222095 -0.514456987 -0.51089704 -0.534677029 -0.495316982 -0.539821029 -0.503563046 -0.555850983 -0.483250022 -0.539821029 -0.503563046 -0.534677029 -0.495316982 -0.567983985 -0.455839038 -0.558655024 -0.454056025 -0.562599003 -0.435796976 -0.555850983 -0.483250022 -0.545539021 -0.47954905 -0.558655024 -0.454056025 -0.502171993 -0.417482018 -0.529697001 -0.417557955 -0.527224004 -0.436146975 -0.55034399 -0.43564105 -0.562599003 -0.435796976 -0.558655024 -0.454056025 -0.527224004 -0.436146975 -0.55034399 -0.43564105 -0.546117008 -0.452429056 -0.498005986 -0.460163951 -0.477638006 -0.464813948 -0.47784701 -0.443287969 -0.52648598 -0.451802969 -0.498005986 -0.460163951 -0.499496996 -0.440616965 -0.529511988 -0.477530956 -0.52648598 -0.451802969 -0.546117008 -0.452429056 -0.545539021 -0.47954905 -0.529511988 -0.477530956 -0.546117008 -0.452429056 0.714073002 -0.283295035 0.691433012 -0.289361954 0.704071999 -0.321724057 0.691433012 -0.289361954 0.656028986 -0.299731016 0.673099995 -0.33711195 0.640653014 -0.350468993 0.673099995 -0.33711195 0.656028986 -0.299731016 0.626913011 -0.307191968 0.605807006 -0.310695052 0.619786978 -0.359164 0.605807006 -0.310695052 0.57673198 -0.312975049 0.590142012 -0.369120955 0.563661993 -0.375298977 0.590142012 -0.369120955 0.57673198 -0.312975049 0.536651015 -0.382189035 0.563661993 -0.375298977 0.555024981 -0.314347982 0.835368991 -0.391756058 0.814585984 -0.387521982 0.811296999 -0.415575027 0.811296999 -0.415575027 0.804681003 -0.445322037 0.82842499 -0.449880958 0.824712992 -0.471392989 0.826314986 -0.463261962 0.801864028 -0.482813001 0.724923015 -0.308598995 0.704071999 -0.321724057 0.718484998 -0.349195957 0.742555022 -0.333343029 0.718484998 -0.349195957 0.735565007 -0.369554043 0.718484998 -0.349195957 0.691963017 -0.367753029 0.714142978 -0.390715957 0.691963017 -0.367753029 0.718484998 -0.349195957 0.704071999 -0.321724057 0.673099995 -0.33711195 0.640653014 -0.350468993 0.66742003 -0.381575942 0.694517016 -0.409320951 0.714142978 -0.390715957 0.691963017 -0.367753029 0.640653014 -0.350468993 0.619786978 -0.359164 0.643952012 -0.394579053 0.673202991 -0.428637028 0.694517016 -0.409320951 0.66742003 -0.381575942 0.652557015 -0.448308945 0.673202991 -0.428637028 0.643952012 -0.394579053 0.619786978 -0.359164 0.590142012 -0.369120955 0.616916001 -0.406777024 0.590142012 -0.369120955 0.563661993 -0.375298977 0.592628002 -0.419366956 0.563661993 -0.375298977 0.536651015 -0.382189035 0.578243017 -0.428725004 0.629523993 -0.475036979 0.652557015 -0.448308945 0.592628002 -0.419366956 0.756089985 -0.349843979 0.735565007 -0.369554043 0.759298027 -0.388211966 0.759298027 -0.388211966 0.784842014 -0.404345989 0.793006003 -0.380095959 0.784842014 -0.404345989 0.811296999 -0.415575027 0.814585984 -0.387521982 0.774401009 -0.429628015 0.804681003 -0.445322037 0.811296999 -0.415575027 0.784842014 -0.404345989 0.759298027 -0.388211966 0.744790971 -0.41365099 0.735565007 -0.369554043 0.714142978 -0.390715957 0.744790971 -0.41365099 0.765465021 -0.455034971 0.801864028 -0.482813001 0.804681003 -0.445322037 0.744790971 -0.41365099 0.726746976 -0.435121059 0.765465021 -0.455034971 0.726746976 -0.435121059 0.744790971 -0.41365099 0.714142978 -0.390715957 0.765465021 -0.455034971 0.747554004 -0.474678993 0.779577017 -0.498250008 0.747554004 -0.474678993 0.765465021 -0.455034971 0.726746976 -0.435121059 0.712110996 -0.455464005 0.726746976 -0.435121059 0.694517016 -0.409320951 0.673202991 -0.428637028 0.652557015 -0.448308945 0.697727978 -0.478932023 0.747554004 -0.474678993 0.712110996 -0.455464005 0.697727978 -0.478932023 0.747554004 -0.474678993 0.732003987 -0.500000954 0.76315701 -0.516824007 0.743990004 -0.546290994 0.76315701 -0.516824007 0.732003987 -0.500000954 0.678689003 -0.509206057 0.713051021 -0.529214025 0.732003987 -0.500000954 -0.372711986 -0.56696403 -0.325262994 -0.56825304 -0.326476008 -0.561184049 -0.271317989 -0.562821984 -0.270345002 -0.567775965 -0.215204999 -0.560492992 -0.271317989 -0.562821984 -0.326476008 -0.561184049 -0.325262994 -0.56825304 -0.326476008 -0.561184049 -0.271317989 -0.562821984 -0.303362012 -0.55232203 -0.330354005 -0.551110983 -0.375761986 -0.549605966 -0.373681009 -0.561090946 -0.0103040002 -0.477017999 -0.000731999986 -0.452561021 -0.00674299989 -0.451846004 -0.0172550008 -0.475420952 -0.0323849991 -0.493353963 -0.0292199999 -0.497249007 -0.0323849991 -0.493353963 -0.0554919988 -0.508780956 -0.05308 -0.513654947 -0.0554919988 -0.508780956 -0.0926719978 -0.525097013 -0.0910750031 -0.530516982 -0.123793997 -0.536265016 -0.123108998 -0.541898012 -0.0910750031 -0.530516982 -0.123108998 -0.541898012 -0.123793997 -0.536265016 -0.153152004 -0.54401195 -0.181857005 -0.554905057 -0.152592003 -0.550377011 -0.153152004 -0.54401195 -0.0172550008 -0.475420952 -0.00674299989 -0.451846004 -0.017492 -0.449251056 -0.0323849991 -0.493353963 -0.0172550008 -0.475420952 -0.0282419994 -0.472223997 -0.0554919988 -0.508780956 -0.0323849991 -0.493353963 -0.0383340009 -0.48439002 -0.0926719978 -0.525097013 -0.0554919988 -0.508780956 -0.060757 -0.498134971 -0.124109998 -0.523473978 -0.123793997 -0.536265016 -0.0926719978 -0.525097013 -0.123793997 -0.536265016 -0.124109998 -0.523473978 -0.153166994 -0.530755043 -0.183131993 -0.549507976 -0.184075996 -0.538465977 -0.213009998 -0.543375969 -0.380641013 -0.500975966 -0.414097995 -0.501847982 -0.412241995 -0.51926899 -0.37846601 -0.520256042 -0.412241995 -0.51926899 -0.409819007 -0.547181964 -0.44530499 -0.518990993 -0.446783006 -0.542032003 -0.409819007 -0.547181964 -0.412241995 -0.51926899 -0.414097995 -0.501847982 -0.444665998 -0.500426054 -0.446783006 -0.542032003 -0.44530499 -0.518990993 -0.466259003 -0.516227961 -0.483615011 -0.509915948 -0.490577012 -0.526952982 -0.472692013 -0.534335971 -0.505415022 -0.498034 -0.514456987 -0.51089704 -0.490577012 -0.526952982 -0.534677029 -0.495316982 -0.514456987 -0.51089704 -0.505415022 -0.498034 -0.496450007 -0.483397007 -0.529511988 -0.477530956 -0.505415022 -0.498034 -0.452491999 -0.496672988 -0.466259003 -0.516227961 -0.44530499 -0.518990993 -0.452491999 -0.496672988 -0.456041008 -0.48705101 -0.476015002 -0.486695051 -0.496450007 -0.483397007 -0.505415022 -0.498034 -0.483615011 -0.509915948 -0.375761986 -0.549605966 -0.330354005 -0.551110983 -0.342447013 -0.518962979 -0.37846601 -0.520256042 -0.342447013 -0.518962979 -0.346801996 -0.499073982 -0.304334998 -0.517688036 -0.303362012 -0.55232203 -0.265397012 -0.551064014 -0.271317989 -0.562821984 -0.265397012 -0.551064014 -0.303362012 -0.55232203 -0.327742994 -0.441671014 -0.331355989 -0.467411041 -0.291933 -0.468305945 -0.496450007 -0.483397007 -0.476015002 -0.486695051 -0.477638006 -0.464813948 -0.529511988 -0.477530956 -0.496450007 -0.483397007 -0.498005986 -0.460163951 -0.476015002 -0.486695051 -0.456041008 -0.48705101 -0.452659011 -0.476601958 -0.211050004 -0.521999002 -0.209875003 -0.49379003 -0.254613012 -0.495471954 -0.209509999 -0.440855026 -0.25484401 -0.442296028 -0.25295499 -0.469027996 -0.25484401 -0.442296028 -0.29292199 -0.442042947 -0.291933 -0.468305945 -0.185066998 -0.493751049 -0.151779994 -0.490048051 -0.151795998 -0.467190027 -0.184398994 -0.51968503 -0.184075996 -0.538465977 -0.153166994 -0.530755043 -0.0282419994 -0.472223997 -0.017492 -0.449251056 -0.0357149988 -0.444627047 -0.152364999 -0.512933969 -0.153166994 -0.530755043 -0.124109998 -0.523473978 -0.125614002 -0.505161047 -0.124109998 -0.523473978 -0.0955540016 -0.515071988 -0.0993819982 -0.495715976 -0.0955540016 -0.515071988 -0.060757 -0.498134971 -0.0661180019 -0.480965018 -0.060757 -0.498134971 -0.0383340009 -0.48439002 -0.0383340009 -0.48439002 -0.0282419994 -0.472223997 -0.0484310016 -0.467537999 -0.151779994 -0.490048051 -0.152364999 -0.512933969 -0.125614002 -0.505161047 -0.127519995 -0.465361953 -0.126350001 -0.485332966 -0.100390002 -0.478080988 -0.101779997 -0.460271001 -0.100390002 -0.478080988 -0.0677789971 -0.466735005 -0.0484310016 -0.467537999 -0.0595690012 -0.459669948 -0.0677789971 -0.466735005 0.845794022 -0.0735709667 0.806743979 -0.0721739531 0.809682012 -0.0933849812 -0.342447013 -0.518962979 -0.304334998 -0.517688036 -0.325632006 -0.497112036 -0.291933 -0.468305945 -0.321687996 -0.473041058 -0.31821999 -0.481987953 0.627460003 -0.210216045 0.642669976 -0.184118032 0.636869013 -0.178683996 0.642669976 -0.184118032 0.627460003 -0.210216045 0.649495006 -0.210592031 0.655929983 -0.207509041 0.64844799 -0.184363008 0.644658029 -0.186051011 0.63102299 -0.172436953 0.581950009 -0.199534059 0.606226027 -0.206315994 0.591799021 -0.121222019 0.57446897 -0.134003997 0.616382003 -0.150491953 0.617134988 -0.147392035 0.624414027 -0.14508903 0.614049017 -0.118893981 0.624414027 -0.14508903 0.631327987 -0.147415996 0.633944988 -0.126299977 0.647125006 -0.137034059 0.633944988 -0.126299977 0.631327987 -0.147415996 0.638602018 -0.151949048 0.645708025 -0.160038948 0.658611 -0.153803945 0.663972974 -0.172886014 0.658611 -0.153803945 0.645708025 -0.160038948 0.627368987 -0.168035984 0.567713022 -0.193109035 0.581950009 -0.199534059 0.627368987 -0.168035984 0.623481989 -0.163882017 0.563169003 -0.186874986 0.617214024 -0.154067039 0.616382003 -0.150491953 0.57446897 -0.134003997 0.566619992 -0.150786042 0.563691974 -0.170582056 0.619976997 -0.159404993 0.623481989 -0.163882017 0.619976997 -0.159404993 0.563691974 -0.170582056 0.649739981 -0.179324985 0.660605013 -0.197927952 0.663972974 -0.172886014 0.660605013 -0.197927952 0.649739981 -0.179324985 0.64844799 -0.184363008 -0.295717001 -0.490421057 -0.304334998 -0.517688036 -0.257972002 -0.520133018 0.562767029 -0.199978948 0.567713022 -0.193109035 0.563169003 -0.186874986 0.581950009 -0.199534059 0.567713022 -0.193109035 0.562767029 -0.199978948 -0.295717001 -0.490421057 -0.31821999 -0.481987953 -0.319945991 -0.492419004 -0.321687996 -0.473041058 -0.291933 -0.468305945 -0.331355989 -0.467411041 -0.304334998 -0.517688036 -0.295717001 -0.490421057 -0.319945991 -0.492419004 -0.214456007 -0.554139972 -0.215204999 -0.560492992 -0.181857005 -0.554905057 -0.153152004 -0.54401195 -0.153166994 -0.530755043 -0.184075996 -0.538465977 -0.185066998 -0.493751049 -0.209875003 -0.49379003 -0.211050004 -0.521999002 -0.211050004 -0.521999002 -0.213009998 -0.543375969 -0.184075996 -0.538465977 0.909071982 -0.126873016 0.935820997 -0.145599961 0.953640997 -0.110641956 -0.417504996 -0.470384955 -0.385472 -0.469841957 -0.387755007 -0.442430019 -0.445703 -0.47141099 -0.417504996 -0.470384955 -0.421083987 -0.443565011 -0.387755007 -0.442430019 -0.385472 -0.469841957 -0.351776004 -0.468381047 -0.351292014 -0.441413999 -0.351776004 -0.468381047 -0.331355989 -0.467411041 -0.293590009 -0.415907025 -0.327271998 -0.415909052 -0.327742994 -0.441671014 -0.209913 -0.415581942 -0.256471992 -0.415912032 -0.25484401 -0.442296028 -0.256471992 -0.415912032 -0.293590009 -0.415907025 -0.29292199 -0.442042947 -0.209790006 -0.467319965 -0.186619997 -0.468144059 -0.187565997 -0.441177011 -0.151795998 -0.467190027 -0.127519995 -0.465361953 -0.128628001 -0.439826965 -0.128628001 -0.439826965 -0.127519995 -0.465361953 -0.101779997 -0.460271001 -0.103630997 -0.437134027 -0.101779997 -0.460271001 -0.0697669983 -0.452409983 -0.186619997 -0.468144059 -0.151795998 -0.467190027 -0.152050003 -0.440798998 -0.053723 -0.414670944 -0.0720380023 -0.414775014 -0.0711650029 -0.433261991 -0.0542819984 -0.438773036 -0.0711650029 -0.433261991 -0.0697669983 -0.452409983 0.952017009 -0.206164002 0.940743983 -0.209171057 0.952381015 -0.211089015 0.814585984 -0.387521982 0.835368991 -0.391756058 0.838793993 -0.380385995 0.804681003 -0.445322037 0.801864028 -0.482813001 0.826314986 -0.463261962 0.935760021 -0.188352942 0.945787013 -0.186287999 0.94413197 -0.171785951 1.00014901 -0.167340994 1.00670302 -0.164752007 0.987282991 -0.143690944 0.963671029 -0.146736026 0.969574988 -0.126631021 0.935820997 -0.145599961 0.94413197 -0.171785951 0.951632023 -0.159248948 0.943741024 -0.152454972 0.972642004 -0.160536051 0.979965985 -0.152137995 0.963671029 -0.146736026 0.940743983 -0.209171057 0.952017009 -0.206164002 0.945787013 -0.186287999 1.02210295 -0.194672942 1.03008604 -0.193248034 1.00670302 -0.164752007 -0.477638006 -0.464813948 -0.445703 -0.47141099 -0.447232991 -0.444265962 -0.466259003 -0.516227961 -0.452491999 -0.496672988 -0.476015002 -0.486695051 -0.534677029 -0.495316982 -0.529511988 -0.477530956 -0.545539021 -0.47954905 -0.445703 -0.47141099 -0.477638006 -0.464813948 -0.452659011 -0.476601958 -0.209875003 -0.49379003 -0.209790006 -0.467319965 -0.25295499 -0.469027996 -0.291933 -0.468305945 -0.295717001 -0.490421057 -0.254613012 -0.495471954 -0.185066998 -0.493751049 -0.184398994 -0.51968503 -0.152364999 -0.512933969 -0.127519995 -0.465361953 -0.151795998 -0.467190027 -0.151779994 -0.490048051 -0.126350001 -0.485332966 -0.125614002 -0.505161047 -0.0993819982 -0.495715976 -0.100390002 -0.478080988 -0.0993819982 -0.495715976 -0.0661180019 -0.480965018 -0.186619997 -0.468144059 -0.209790006 -0.467319965 -0.209875003 -0.49379003 -0.304334998 -0.517688036 -0.342447013 -0.518962979 -0.330354005 -0.551110983 -0.0595690012 -0.459669948 -0.0484310016 -0.467537999 -0.0357149988 -0.444627047 -0.0677789971 -0.466735005 -0.0595690012 -0.459669948 -0.0697669983 -0.452409983 0.636569977 -0.637778044 0.530884027 -0.637778044 0.530884027 -0.672353029 0.651937008 -0.666576028 0.636569977 -0.637778044 0.622164011 -0.672353029 0.647358 -0.696135044 0.651937008 -0.666576028 0.622184992 -0.679718971 0.448642999 -0.745558977 0.449398994 -0.778179049 0.516348004 -0.771226048 0.584599018 -0.75713098 0.647358 -0.696135044 0.618205011 -0.689525008 0.510086 -0.741808057 0.516348004 -0.771226048 0.584599018 -0.75713098 -0.213009998 -0.543375969 -0.211050004 -0.521999002 -0.257972002 -0.520133018 -0.214456007 -0.554139972 -0.213009998 -0.543375969 -0.265397012 -0.551064014 0.820896029 -0.162763 0.819848001 -0.157616973 0.798332989 -0.16466701 0.800566971 -0.169450998 0.798332989 -0.16466701 0.783463001 -0.175148964 0.786633015 -0.179337978 0.783463001 -0.175148964 0.771878004 -0.188238025 0.775888979 -0.191730022 0.771878004 -0.188238025 0.762281001 -0.209292054 0.766952991 -0.21172297 0.762281001 -0.209292054 0.757851005 -0.230401993 0.762786984 -0.231853962 0.757851005 -0.230401993 0.756397009 -0.254019976 0.761480987 -0.254372001 0.756397009 -0.254019976 0.758608997 -0.273221016 0.839132011 -0.155719042 0.819848001 -0.157616973 0.820896029 -0.162763 0.861775994 -0.159805059 0.839132011 -0.155719042 0.839092016 -0.160984039 0.879980981 -0.168267965 0.861775994 -0.159805059 0.860469997 -0.16485095 0.897028983 -0.183637977 0.879980981 -0.168267965 0.877565026 -0.172827959 0.906473994 -0.197041988 0.897028983 -0.183637977 0.893563986 -0.187309027 0.913183987 -0.214308023 0.906473994 -0.197041988 0.902336001 -0.199844003 0.821529984 -0.349926949 0.840672016 -0.352386951 0.840447009 -0.347515941 0.808369994 -0.344526052 0.821529984 -0.349926949 0.822328985 -0.345111966 0.793398976 -0.334985971 0.808369994 -0.344526052 0.810146987 -0.340054035 0.779941976 -0.321846962 0.793398976 -0.334985971 0.796145976 -0.331017971 0.774739027 -0.305593967 0.770492971 -0.308009982 0.779941976 -0.321846962 0.766993999 -0.287834048 0.762217999 -0.28926301 0.770492971 -0.308009982 0.763513029 -0.27264297 0.758608997 -0.273221016 0.762217999 -0.28926301 -0.551042974 -0.42373395 -0.552313983 -0.427194953 -0.546357989 -0.424092054 -0.555642009 -0.421664 -0.559531987 -0.424188972 -0.552313983 -0.427194953 -0.557965994 -0.417752981 -0.561787009 -0.417778015 -0.559531987 -0.424188972 -0.551860988 -0.417711973 -0.557965994 -0.417752981 -0.555642009 -0.421664 0.592628002 -0.419366956 0.652557015 -0.448308945 0.616916001 -0.406777024 0.536803007 -0.150081038 0.551182985 -0.150800943 0.553798974 -0.117267013 0.557560027 -0.0923500061 0.561138988 -0.0772659779 0.538733006 -0.0768949986 0.53677702 -0.197965026 0.547719002 -0.197981954 0.550209999 -0.169947028 0.544916987 -0.228041053 0.545867026 -0.212174058 0.536773026 -0.212414026 0.536760986 -0.254140019 0.546149015 -0.254135013 0.544916987 -0.228041053 0.545867026 -0.212174058 0.547719002 -0.197981954 0.53677702 -0.197965026 0.536707997 -0.316243052 0.555024981 -0.314347982 0.546647012 -0.279806972 -0.563174009 -0.417770028 -0.562599003 -0.435796976 -0.559531987 -0.424188972 -0.421083987 -0.443565011 -0.387755007 -0.442430019 -0.389196008 -0.416300058 -0.447232991 -0.444265962 -0.421083987 -0.443565011 -0.423568994 -0.416749001 -0.47784701 -0.443287969 -0.447232991 -0.444265962 -0.44738999 -0.416960001 -0.499496996 -0.440616965 -0.47784701 -0.443287969 -0.479247004 -0.417358994 0.697727978 -0.478932023 0.652557015 -0.448308945 0.629523993 -0.475036979 -0.00298599992 -0.414384007 -0.00674299989 -0.451846004 -0.000731999986 -0.452561021 -0.017492 -0.449251056 -0.00674299989 -0.451846004 -0.00298599992 -0.414384007 -0.389196008 -0.416300058 -0.387755007 -0.442430019 -0.351292014 -0.441413999 -0.350508988 -0.415910006 -0.351292014 -0.441413999 -0.327742994 -0.441671014 -0.209509999 -0.440855026 -0.187565997 -0.441177011 -0.188139006 -0.415446997 -0.0357149988 -0.444627047 -0.017492 -0.449251056 -0.0146199996 -0.414448977 -0.152050003 -0.440798998 -0.128628001 -0.439826965 -0.129375994 -0.415099978 -0.128628001 -0.439826965 -0.103630997 -0.437134027 -0.105398998 -0.414963007 -0.103630997 -0.437134027 -0.0711650029 -0.433261991 -0.0720380023 -0.414775014 -0.187565997 -0.441177011 -0.152050003 -0.440798998 -0.152740002 -0.415235043 -0.0542819984 -0.438773036 -0.0357149988 -0.444627047 -0.0336520001 -0.414558053 0.447403997 -0.672353029 0.530884027 -0.672353029 0.530884027 -0.637778044 -0.547648013 -0.420609951 -0.546357989 -0.424092054 -0.543896973 -0.417659998 -0.551860988 -0.417711973 -0.551042974 -0.42373395 -0.547648013 -0.420609951 0.134341002 0.705686986 0.161284998 0.682660997 0.218958005 0.759030998 0.216094002 0.636949003 0.226330996 0.630182981 0.218958005 0.759030998 0.201045007 0.648961008 0.216094002 0.636949003 0.218958005 0.759030998 0.183464006 0.663899004 0.201045007 0.648961008 0.218958005 0.759030998 0.161284998 0.682660997 0.183464006 0.663899004 0.218958005 0.759030998 0.503585994 0.614902973 0.446563005 0.698454022 0.465990007 0.605293036 0.388909996 0.589358985 0.446563005 0.698454022 0.375369012 0.589447975 0.409720004 0.592836022 0.446563005 0.698454022 0.388909996 0.589358985 0.434922993 0.597738981 0.446563005 0.698454022 0.409720004 0.592836022 0.465990007 0.605293036 0.446563005 0.698454022 0.434922993 0.597738981 0.337621987 0.742830992 0.218958005 0.759030998 0.226330996 0.630182981 0.446563005 0.698454022 0.337621987 0.742830992 0.301304996 0.608500957 0.872556984 0.706030965 0.787892997 0.759232998 0.845641017 0.682945013 0.790753007 0.637140036 0.787892997 0.759232998 0.780587018 0.630375981 0.805844009 0.649172008 0.787892997 0.759232998 0.790753007 0.637140036 0.823455989 0.664137959 0.787892997 0.759232998 0.805844009 0.649172008 0.845641017 0.682945013 0.787892997 0.759232998 0.823455989 0.664137959 0.503585994 0.614902973 0.541190982 0.605291963 0.560508013 0.698436022 0.618277013 0.589375973 0.631799996 0.589452028 0.560508013 0.698436022 0.597472012 0.592854977 0.618277013 0.589375973 0.560508013 0.698436022 0.572266996 0.597751021 0.597472012 0.592854977 0.560508013 0.698436022 0.541190982 0.605291963 0.572266996 0.597751021 0.560508013 0.698436022 0.669312 0.742900014 0.705778003 0.608590961 0.780587018 0.630375981 0.560508013 0.698436022 0.631799996 0.589452028 0.705778003 0.608590961 0.509893 -0.170559049 0.510401011 -0.186854959 0.523378015 -0.169932961 0.527682006 -0.212170959 0.525840998 -0.197973013 0.518061996 -0.211889029 0.506983995 -0.150756955 0.509893 -0.170559049 0.522422016 -0.150786996 0.506983995 -0.150756955 0.522422016 -0.150786996 0.499150008 -0.133960962 0.499150008 -0.133960962 0.519836009 -0.117246985 0.481835991 -0.121148944 0.490734011 -0.0964540243 0.457053989 -0.0997259617 0.481835991 -0.121148944 0.428454012 -0.109488964 0.439687014 -0.126152039 0.457053989 -0.0997259617 0.388960987 -0.149548054 0.388651997 -0.177482009 0.414997995 -0.153620958 0.40962401 -0.172700047 0.388651997 -0.177482009 0.412966013 -0.197749019 0.417629987 -0.207340002 0.412966013 -0.197749019 0.403815001 -0.21973896 0.446666986 -0.21904099 0.447652996 -0.230368972 0.468575001 -0.216295958 0.493634999 -0.213264942 0.491616011 -0.199484944 0.468575001 -0.216295958 0.423999012 -0.231415987 0.424062014 -0.210435987 0.403815001 -0.21973896 0.414997995 -0.153620958 0.426497012 -0.136863947 0.388960987 -0.149548054 0.536803007 -0.150081038 0.522422016 -0.150786996 0.53679502 -0.168537974 0.516197026 -0.263198018 0.526100993 -0.26485002 0.51749903 -0.253123999 0.494412005 -0.252774 0.494906008 -0.227134943 0.473188996 -0.252915025 0.447652996 -0.230368972 0.451474994 -0.252817035 0.469363004 -0.228811026 0.363588989 -0.216629028 0.393669993 -0.205476999 0.358262986 -0.187379003 0.363588989 -0.216629028 0.390206993 -0.238886952 0.393669993 -0.205476999 0.257149011 -0.137083054 0.255499989 -0.14724195 0.284310997 -0.146610975 0.302412003 -0.15734005 0.284310997 -0.146610975 0.296306014 -0.16624999 0.301741987 -0.187945008 0.309615999 -0.180618048 0.290178001 -0.174860001 0.320648015 -0.203896046 0.329865992 -0.198181033 0.309615999 -0.180618048 0.325798005 -0.22755301 0.335808009 -0.224575996 0.320648015 -0.203896046 0.32783699 -0.254045963 0.325798005 -0.22755301 0.317113012 -0.253720045 0.31487 -0.272912025 0.325305998 -0.275217056 0.317113012 -0.253720045 0.233484998 -0.145745039 0.234542996 -0.155508995 0.255499989 -0.14724195 0.233484998 -0.145745039 0.232414007 -0.135957003 0.209070995 -0.150326967 0.211923003 -0.159657001 0.209070995 -0.150326967 0.193755001 -0.168177009 0.187765002 -0.160282016 0.181808993 -0.152380943 0.168934003 -0.177050948 0.176770002 -0.183609009 0.168934003 -0.177050948 0.167375997 -0.197046041 0.167375997 -0.197046041 0.157756999 -0.193771958 0.160727993 -0.214334965 0.254159987 -0.359007955 0.232458994 -0.362072945 0.256453007 -0.368677974 0.268855989 -0.353479028 0.254159987 -0.359007955 0.272587001 -0.363044977 0.285777986 -0.342821002 0.268855989 -0.353479028 0.29143101 -0.35136795 0.300309002 -0.328848004 0.285777986 -0.342821002 0.307060987 -0.336629033 0.300309002 -0.328848004 0.310505003 -0.314648032 0.293455005 -0.321488976 0.320152014 -0.294736981 0.310505003 -0.314648032 0.329091996 -0.300884008 0.320152014 -0.294736981 0.325305998 -0.275217056 0.311233997 -0.288943052 0.329865992 -0.198181033 0.335808009 -0.224575996 0.358262986 -0.187379003 0.519430995 -0.227370024 0.518061996 -0.211889029 0.494906008 -0.227134943 0.519430995 -0.227370024 0.494906008 -0.227134943 0.51749903 -0.253123999 0.423999012 -0.231415987 0.42472899 -0.255246997 0.447652996 -0.230368972 0.42472899 -0.255246997 0.423999012 -0.231415987 0.390206993 -0.238886952 0.457053989 -0.0997259617 0.490734011 -0.0964540243 0.459329009 -0.0828919411 0.459329009 -0.0828919411 0.430676013 -0.0848619938 0.457053989 -0.0997259617 0.397453994 -0.119747043 0.403521001 -0.0840519667 0.371484995 -0.116186023 0.358029008 -0.0791909695 0.333099991 -0.0764900446 0.346386999 -0.109076023 0.263902009 -0.0931440592 0.294804007 -0.0934870243 0.270585001 -0.0719280243 0.333099991 -0.0764900446 0.300558001 -0.0732409954 0.323877007 -0.0995520353 0.371484995 -0.116186023 0.376608998 -0.0814839602 0.346386999 -0.109076023 0.397453994 -0.119747043 0.426497012 -0.136863947 0.428454012 -0.109488964 0.397453994 -0.119747043 0.428454012 -0.109488964 0.403521001 -0.0840519667 0.446096003 -0.210096002 0.446666986 -0.21904099 0.467334002 -0.206230044 0.494906008 -0.227134943 0.493634999 -0.213264942 0.469363004 -0.228811026 0.424062014 -0.210435987 0.423999012 -0.231415987 0.446666986 -0.21904099 0.363588989 -0.216629028 0.335808009 -0.224575996 0.363279998 -0.253329992 0.388651997 -0.177482009 0.388960987 -0.149548054 0.358262986 -0.187379003 0.358262986 -0.187379003 0.348987997 -0.158854008 0.329865992 -0.198181033 0.348987997 -0.158854008 0.388960987 -0.149548054 0.371484995 -0.116186023 0.294804007 -0.0934870243 0.263902009 -0.0931440592 0.289918005 -0.115257025 0.284310997 -0.146610975 0.289918005 -0.115257025 0.257149011 -0.137083054 0.294804007 -0.0934870243 0.289918005 -0.115257025 0.323877007 -0.0995520353 0.302412003 -0.15734005 0.313380986 -0.127796054 0.284310997 -0.146610975 0.323877007 -0.0995520353 0.313380986 -0.127796054 0.346386999 -0.109076023 0.31744799 -0.172659993 0.334879994 -0.140812993 0.302412003 -0.15734005 0.346386999 -0.109076023 0.334879994 -0.140812993 0.371484995 -0.116186023 0.490734011 -0.0964540243 0.516112983 -0.0923210382 0.492628008 -0.0794190168 0.536817014 -0.116268992 0.536835015 -0.0927419662 0.519836009 -0.117246985 0.272587001 -0.363044977 0.256453007 -0.368677974 0.280290991 -0.379709959 0.29143101 -0.35136795 0.272587001 -0.363044977 0.29984799 -0.365632057 0.317259014 -0.349522948 0.330821991 -0.333045959 0.307060987 -0.336629033 0.29984799 -0.365632057 0.317259014 -0.349522948 0.29143101 -0.35136795 0.31802699 -0.322070003 0.330821991 -0.333045959 0.329091996 -0.300884008 0.329091996 -0.300884008 0.348495007 -0.308333039 0.335801989 -0.277680993 0.335801989 -0.277680993 0.359385997 -0.283048034 0.338559002 -0.254276037 0.257149011 -0.137083054 0.261949003 -0.109212995 0.232414007 -0.135957003 0.231454 -0.106122017 0.197567999 -0.113610983 0.232414007 -0.135957003 0.164554998 -0.126871943 0.181808993 -0.152380943 0.197567999 -0.113610983 0.137863994 -0.145691991 0.161218002 -0.170508027 0.164554998 -0.126871943 0.197567999 -0.113610983 0.186694995 -0.0809750557 0.164554998 -0.126871943 0.231454 -0.106122017 0.231507003 -0.0733920336 0.197567999 -0.113610983 0.138065994 -0.188454986 0.148176 -0.190418005 0.140103996 -0.170097947 0.0834750012 -0.171458006 0.0736100003 -0.167667985 0.0635790005 -0.195088029 0.0736100003 -0.167667985 0.0834750012 -0.171458006 0.0937400013 -0.152390957 0.110615999 -0.15741396 0.122097999 -0.159404039 0.110017002 -0.146929979 0.128034994 -0.186424971 0.105861999 -0.179579973 0.121875003 -0.206323981 0.0635790005 -0.195088029 0.0945850015 -0.198274016 0.0834750012 -0.171458006 0.129966006 -0.152580023 0.140103996 -0.170097947 0.137863994 -0.145691991 0.0937400013 -0.152390957 0.110017002 -0.146929979 0.0863939971 -0.143970013 0.0834750012 -0.171458006 0.105861999 -0.179579973 0.101094 -0.160763979 0.105861999 -0.179579973 0.128034994 -0.186424971 0.114965998 -0.16654098 0.122097999 -0.159404039 0.110615999 -0.15741396 0.114965998 -0.16654098 0.133156002 -0.209290981 0.139598995 -0.210368991 0.138065994 -0.188454986 0.0943870023 -0.209310055 0.0945850015 -0.198274016 0.0638599992 -0.200276971 0.0945850015 -0.198274016 0.0943870023 -0.209310055 0.121875003 -0.206323981 0.275321007 -0.164386988 0.279841006 -0.155560017 0.253814995 -0.157367945 0.290178001 -0.174860001 0.296306014 -0.16624999 0.275321007 -0.164386988 0.302412003 -0.15734005 0.296306014 -0.16624999 0.31744799 -0.172659993 0.31130299 -0.209000945 0.320648015 -0.203896046 0.301741987 -0.187945008 0.315697014 -0.230108023 0.325798005 -0.22755301 0.31130299 -0.209000945 0.338559002 -0.254276037 0.335808009 -0.224575996 0.32783699 -0.254045963 0.338559002 -0.254276037 0.32783699 -0.254045963 0.335801989 -0.277680993 0.232414007 -0.135957003 0.233484998 -0.145745039 0.257149011 -0.137083054 0.234542996 -0.155508995 0.233484998 -0.145745039 0.211923003 -0.159657001 0.181808993 -0.152380943 0.187765002 -0.160282016 0.206224993 -0.141005993 0.193755001 -0.168177009 0.187765002 -0.160282016 0.176770002 -0.183609009 0.148176 -0.190418005 0.157756999 -0.193771958 0.161218002 -0.170508027 0.139598995 -0.210368991 0.150766 -0.212275028 0.148176 -0.190418005 0.232670993 -0.351917028 0.232458994 -0.362072945 0.251818001 -0.349491 0.264986992 -0.344112992 0.251818001 -0.349491 0.268855989 -0.353479028 0.268855989 -0.353479028 0.285777986 -0.342821002 0.264986992 -0.344112992 0.293455005 -0.321488976 0.279974014 -0.334601998 0.300309002 -0.328848004 0.307060987 -0.336629033 0.31802699 -0.322070003 0.300309002 -0.328848004 0.311233997 -0.288943052 0.302926987 -0.307672024 0.320152014 -0.294736981 0.329091996 -0.300884008 0.335801989 -0.277680993 0.320152014 -0.294736981 0.516197026 -0.263198018 0.51749903 -0.253123999 0.51681602 -0.262923002 0.467604995 -0.310606003 0.497492999 -0.283139944 0.473188996 -0.252915025 0.497492999 -0.283139944 0.517221987 -0.263182998 0.494412005 -0.252774 0.526795983 -0.279800057 0.522103012 -0.26699698 0.516798973 -0.280779004 0.518061996 -0.211889029 0.519430995 -0.227370024 0.527682006 -0.212170959 0.51749903 -0.253123999 0.527368009 -0.25413096 0.519430995 -0.227370024 0.536760986 -0.254140019 0.527368009 -0.25413096 0.536755025 -0.265581965 0.536724985 -0.270266056 0.529281974 -0.269629955 0.536718011 -0.279957056 0.516798973 -0.280779004 0.497492999 -0.283139944 0.518388987 -0.314332962 0.446503997 -0.307070971 0.467604995 -0.310606003 0.451474994 -0.252817035 0.451474994 -0.252817035 0.42472899 -0.255246997 0.446503997 -0.307070971 0.382014006 -0.289145947 0.38549 -0.254488945 0.359385997 -0.283048034 0.42472899 -0.255246997 0.38549 -0.254488945 0.417400986 -0.299566984 0.363588989 -0.216629028 0.363279998 -0.253329992 0.390206993 -0.238886952 -0.410991013 -0.276473999 -0.375533015 -0.271772981 -0.411758006 -0.269844055 -0.449952006 -0.284209967 -0.410991013 -0.276473999 -0.450168997 -0.277528048 -0.450168997 -0.277528048 -0.478953004 -0.286342978 -0.449952006 -0.284209967 -0.499581009 -0.294710994 -0.496340007 -0.30031395 -0.478953004 -0.286342978 -0.524805009 -0.309357047 -0.52055198 -0.314756989 -0.499581009 -0.294710994 -0.545484006 -0.326938033 -0.540983975 -0.331691027 -0.524805009 -0.309357047 -0.545484006 -0.326938033 -0.561649978 -0.348456979 -0.540983975 -0.331691027 -0.568500996 -0.379799962 -0.556739986 -0.352223992 -0.574373007 -0.376701951 -0.574373007 -0.376701951 -0.57850498 -0.39754796 -0.568500996 -0.379799962 -0.57850498 -0.39754796 -0.579742014 -0.417898059 -0.572679996 -0.398635983 -0.563174009 -0.417770028 -0.562843978 -0.399772048 -0.573238015 -0.417855024 -0.527472019 -0.398960948 -0.550589979 -0.399767995 -0.546445012 -0.411262989 -0.543896973 -0.417659998 -0.529697001 -0.417557955 -0.546445012 -0.411262989 -0.562843978 -0.399772048 -0.559619009 -0.411339045 -0.550589979 -0.399767995 -0.411538005 -0.286195993 -0.377487004 -0.283285975 -0.410991013 -0.276473999 -0.411538005 -0.286195993 -0.410991013 -0.276473999 -0.448453009 -0.291880965 -0.476386994 -0.292099953 -0.474270999 -0.299955964 -0.449952006 -0.284209967 -0.52055198 -0.314756989 -0.515725017 -0.324005961 -0.496340007 -0.30031395 -0.474270999 -0.299955964 -0.476386994 -0.292099953 -0.492063999 -0.307605982 -0.52055198 -0.314756989 -0.540983975 -0.331691027 -0.515725017 -0.324005961 -0.546380997 -0.355787039 -0.535731018 -0.339869976 -0.556739986 -0.352223992 -0.559149981 -0.381458998 -0.568500996 -0.379799962 -0.562843978 -0.399772048 -0.568500996 -0.379799962 -0.559149981 -0.381458998 -0.556739986 -0.352223992 -0.529697001 -0.417557955 -0.502171993 -0.417482018 -0.527472019 -0.398960948 -0.562843978 -0.399772048 -0.550589979 -0.399767995 -0.559149981 -0.381458998 -0.550589979 -0.399767995 -0.527472019 -0.398960948 -0.546595991 -0.382922053 -0.478372991 -0.369668961 -0.498632014 -0.374587059 -0.478356987 -0.391316056 -0.498632014 -0.374587059 -0.526970029 -0.383303046 -0.499837995 -0.394248962 -0.530332983 -0.357594013 -0.546380997 -0.355787039 -0.546595991 -0.382922053 0.382014006 -0.289145947 0.359385997 -0.283048034 0.369323999 -0.32148695 0.417400986 -0.299566984 0.382014006 -0.289145947 0.400270998 -0.336920023 0.400270998 -0.336920023 0.432696998 -0.350325942 0.417400986 -0.299566984 0.467604995 -0.310606003 0.446503997 -0.307070971 0.453548998 -0.359050989 0.496677995 -0.312929034 0.467604995 -0.310606003 0.483179003 -0.36905098 0.483179003 -0.36905098 0.509649992 -0.375265956 0.496677995 -0.312929034 0.509649992 -0.375265956 0.536651015 -0.382189035 0.518388987 -0.314332962 0.258697987 -0.387099981 0.237908006 -0.391299009 0.261943012 -0.415158033 0.241003007 -0.417948961 0.244762003 -0.449437022 0.261943012 -0.415158033 0.369323999 -0.32148695 0.348495007 -0.308333039 0.354865998 -0.348935008 0.354865998 -0.348935008 0.330821991 -0.333045959 0.337752998 -0.369263053 0.381359011 -0.367530942 0.354865998 -0.348935008 0.359140992 -0.390457988 0.354865998 -0.348935008 0.381359011 -0.367530942 0.369323999 -0.32148695 0.432696998 -0.350325942 0.400270998 -0.336920023 0.405880004 -0.381391048 0.359140992 -0.390457988 0.378737986 -0.409091949 0.381359011 -0.367530942 0.453548998 -0.359050989 0.432696998 -0.350325942 0.429327995 -0.394428015 0.378737986 -0.409091949 0.400023013 -0.428439975 0.405880004 -0.381391048 0.456346005 -0.406666994 0.429327995 -0.394428015 0.420639008 -0.448142052 0.483179003 -0.36905098 0.453548998 -0.359050989 0.456346005 -0.406666994 0.456346005 -0.406666994 0.48061499 -0.419291973 0.483179003 -0.36905098 0.536651015 -0.382189035 0.509649992 -0.375265956 0.494985998 -0.428670049 0.420639008 -0.448142052 0.443630993 -0.474905014 0.48061499 -0.419291973 0.29984799 -0.365632057 0.313988 -0.387881041 0.317259014 -0.349522948 0.29984799 -0.365632057 0.280290991 -0.379709959 0.313988 -0.387881041 0.261943012 -0.415158033 0.288415998 -0.40397203 0.258697987 -0.387099981 0.288415998 -0.40397203 0.261943012 -0.415158033 0.298817992 -0.429270029 0.298817992 -0.429270029 0.328455001 -0.413341999 0.288415998 -0.40397203 0.359140992 -0.390457988 0.337752998 -0.369263053 0.328455001 -0.413341999 0.27127099 -0.482409954 0.307714999 -0.454691052 0.268512011 -0.444915056 0.346464992 -0.434839964 0.328455001 -0.413341999 0.307714999 -0.454691052 0.328455001 -0.413341999 0.346464992 -0.434839964 0.359140992 -0.390457988 0.325594991 -0.474362969 0.307714999 -0.454691052 0.293536007 -0.497882962 0.361070991 -0.45520401 0.346464992 -0.434839964 0.325594991 -0.474362969 0.400023013 -0.428439975 0.378737986 -0.409091949 0.361070991 -0.45520401 0.361070991 -0.45520401 0.375418007 -0.478693962 0.400023013 -0.428439975 0.361070991 -0.45520401 0.325594991 -0.474362969 0.375418007 -0.478693962 0.293536007 -0.497882962 0.309926987 -0.516482949 0.325594991 -0.474362969 0.309926987 -0.516482949 0.329048008 -0.545979977 0.341105998 -0.499708056 0.360013992 -0.528952003 0.394409001 -0.508998036 0.341105998 -0.499708056 -0.327136993 -0.263926029 -0.374635994 -0.265889049 -0.328265995 -0.271002054 -0.216048002 -0.276890039 -0.216872007 -0.270537019 -0.273039997 -0.26868403 -0.328265995 -0.271002054 -0.273039997 -0.26868403 -0.327136993 -0.263926029 -0.273039997 -0.26868403 -0.328265995 -0.271002054 -0.304933012 -0.279502988 -0.377487004 -0.283285975 -0.332026005 -0.281059027 -0.375533015 -0.271772981 -0.00116800005 -0.376183033 -0.0110179996 -0.351835966 -0.00717000011 -0.376966 -0.0332840011 -0.335752964 -0.0179500002 -0.353512049 -0.0301629994 -0.331822038 -0.0565639995 -0.320587993 -0.0332840011 -0.335752964 -0.0542079993 -0.315685987 -0.0939259976 -0.304690957 -0.0565639995 -0.320587993 -0.0923909992 -0.299252987 -0.124551997 -0.288233995 -0.125174001 -0.293872952 -0.0923909992 -0.299252987 -0.125174001 -0.293872952 -0.124551997 -0.288233995 -0.154621005 -0.286455035 -0.184656993 -0.281206012 -0.154621005 -0.286455035 -0.183432996 -0.275784016 -0.00717000011 -0.376966 -0.0179500002 -0.353512049 -0.0178880002 -0.379683018 -0.0179500002 -0.353512049 -0.0332840011 -0.335752964 -0.0288989991 -0.356834054 -0.0332840011 -0.335752964 -0.0565639995 -0.320587993 -0.0391299985 -0.344782948 -0.0565639995 -0.320587993 -0.0939259976 -0.304690957 -0.0617090017 -0.331292033 -0.125174001 -0.293872952 -0.125346005 -0.30666399 -0.0939259976 -0.304690957 -0.125346005 -0.30666399 -0.125174001 -0.293872952 -0.154486001 -0.299698949 -0.185476005 -0.292284012 -0.184656993 -0.281206012 -0.214461997 -0.287665009 -0.379842997 -0.312713981 -0.413605005 -0.314136982 -0.381693989 -0.331961989 -0.413605005 -0.314136982 -0.379842997 -0.312713981 -0.411538005 -0.286195993 -0.413605005 -0.314136982 -0.411538005 -0.286195993 -0.446676999 -0.314898014 -0.415250987 -0.33156395 -0.413605005 -0.314136982 -0.445804 -0.333448052 -0.446676999 -0.314898014 -0.448453009 -0.291880965 -0.467604995 -0.317973018 -0.492063999 -0.307605982 -0.48488301 -0.324553013 -0.474270999 -0.299955964 -0.515725017 -0.324005961 -0.506516993 -0.336753011 -0.492063999 -0.307605982 -0.515725017 -0.324005961 -0.535731018 -0.339869976 -0.506516993 -0.336753011 -0.467604995 -0.317973018 -0.453592986 -0.337327003 -0.446676999 -0.314898014 -0.506516993 -0.336753011 -0.497366995 -0.351290941 -0.48488301 -0.324553013 -0.332026005 -0.281059027 -0.377487004 -0.283285975 -0.343722999 -0.313187003 -0.343722999 -0.313187003 -0.379842997 -0.312713981 -0.347746998 -0.333045959 -0.304933012 -0.279502988 -0.305431992 -0.314025044 -0.266916007 -0.280454993 -0.331797987 -0.364416957 -0.327995002 -0.390158057 -0.292448997 -0.363456964 -0.476998001 -0.347692966 -0.497366995 -0.351290941 -0.478372991 -0.369668961 -0.497366995 -0.351290941 -0.530332983 -0.357594013 -0.498632014 -0.374587059 -0.457056999 -0.34699595 -0.476998001 -0.347692966 -0.453590989 -0.357398987 -0.210742995 -0.337309957 -0.212244004 -0.309064984 -0.255456001 -0.336210012 -0.255118996 -0.389505982 -0.209783003 -0.390298963 -0.253509998 -0.362719059 -0.293179005 -0.389760017 -0.255118996 -0.389505982 -0.292448997 -0.363456964 -0.152632996 -0.340397 -0.185951993 -0.337064028 -0.152385995 -0.363263965 -0.185476005 -0.292284012 -0.185582995 -0.311095953 -0.154486001 -0.299698949 -0.0178880002 -0.379683018 -0.0288989991 -0.356834054 -0.0360580012 -0.384513021 -0.154486001 -0.299698949 -0.153479993 -0.317510962 -0.125346005 -0.30666399 -0.125346005 -0.30666399 -0.126643002 -0.324991941 -0.0966949984 -0.314746976 -0.0966949984 -0.314746976 -0.100304 -0.33414495 -0.0617090017 -0.331292033 -0.0490350015 -0.361749053 -0.0391299985 -0.344782948 -0.0668739974 -0.348521948 -0.153479993 -0.317510962 -0.152632996 -0.340397 -0.126643002 -0.324991941 -0.127151996 -0.344828963 -0.128094003 -0.36481595 -0.101111002 -0.351789951 -0.101111002 -0.351789951 -0.102297999 -0.369616985 -0.0683730021 -0.362769961 -0.0600819997 -0.369740963 -0.0490350015 -0.361749053 -0.0683730021 -0.362769961 0.270585001 -0.0719280243 0.231507003 -0.0733920336 0.263902009 -0.0931440592 -0.305431992 -0.314025044 -0.343722999 -0.313187003 -0.32653001 -0.334702015 -0.322254986 -0.358715057 -0.292448997 -0.363456964 -0.318893999 -0.349745989 0.430922002 -0.183977008 0.446096003 -0.210096002 0.436726987 -0.178557038 0.446096003 -0.210096002 0.430922002 -0.183977008 0.424062014 -0.210435987 0.425143003 -0.184203982 0.417629987 -0.207340002 0.428932995 -0.185901999 0.491616011 -0.199484944 0.442577004 -0.172323942 0.467334002 -0.206230044 0.499150008 -0.133960962 0.481835991 -0.121148944 0.457215995 -0.150392056 0.449187011 -0.144961953 0.456463993 -0.147282958 0.459591001 -0.118780971 0.442274004 -0.147271991 0.449187011 -0.144961953 0.439687014 -0.126152039 0.439687014 -0.126152039 0.426497012 -0.136863947 0.442274004 -0.147271991 0.427893996 -0.159868956 0.435000986 -0.151790023 0.414997995 -0.153620958 0.414997995 -0.153620958 0.40962401 -0.172700047 0.427893996 -0.159868956 0.505855024 -0.193083048 0.446231008 -0.167932034 0.491616011 -0.199484944 0.505855024 -0.193083048 0.510401011 -0.186854959 0.446231008 -0.167932034 0.506983995 -0.150756955 0.499150008 -0.133960962 0.456386 -0.153972983 0.456386 -0.153972983 0.453622013 -0.159311056 0.506983995 -0.150756955 0.510401011 -0.186854959 0.509893 -0.170559049 0.450118005 -0.163784981 0.412966013 -0.197749019 0.423853993 -0.179159045 0.40962401 -0.172700047 0.423853993 -0.179159045 0.412966013 -0.197749019 0.425143003 -0.184203982 -0.305431992 -0.314025044 -0.296490014 -0.341258049 -0.259090006 -0.311437011 0.505855024 -0.193083048 0.510794997 -0.19995904 0.510401011 -0.186854959 0.493634999 -0.213264942 0.510794997 -0.19995904 0.491616011 -0.199484944 -0.296490014 -0.341258049 -0.305431992 -0.314025044 -0.320755988 -0.339347005 -0.216872007 -0.270537019 -0.216048002 -0.276890039 -0.183432996 -0.275784016 -0.154486001 -0.299698949 -0.154621005 -0.286455035 -0.185476005 -0.292284012 -0.210742995 -0.337309957 -0.185951993 -0.337064028 -0.212244004 -0.309064984 -0.185582995 -0.311095953 -0.185476005 -0.292284012 -0.212244004 -0.309064984 0.141859993 -0.0975040197 0.119932003 -0.110788941 0.164554998 -0.126871943 -0.38627699 -0.363062024 -0.418336004 -0.36303699 -0.388170987 -0.390337944 -0.418336004 -0.36303699 -0.44659099 -0.362463951 -0.421694994 -0.389879942 -0.38627699 -0.363062024 -0.388170987 -0.390337944 -0.352382988 -0.363638043 -0.352382988 -0.363638043 -0.351543009 -0.390401959 -0.331797987 -0.364416957 -0.293179005 -0.389760017 -0.327995002 -0.390158057 -0.293590009 -0.415907025 -0.256471992 -0.415912032 -0.209913 -0.415581942 -0.255118996 -0.389505982 -0.293590009 -0.415907025 -0.256471992 -0.415912032 -0.293179005 -0.389760017 -0.187212005 -0.362712026 -0.210355997 -0.363816977 -0.187854007 -0.389704943 -0.128094003 -0.36481595 -0.152385995 -0.363263965 -0.128910005 -0.390365958 -0.128094003 -0.36481595 -0.128910005 -0.390365958 -0.102297999 -0.369616985 -0.102297999 -0.369616985 -0.103885002 -0.392773986 -0.0701979995 -0.377117038 -0.152385995 -0.363263965 -0.187212005 -0.362712026 -0.152339995 -0.389662981 -0.0720380023 -0.414775014 -0.053723 -0.414670944 -0.0713770017 -0.39628005 -0.0713770017 -0.39628005 -0.0545580015 -0.390576959 -0.0701979995 -0.377117038 0.237908006 -0.391299009 0.258697987 -0.387099981 0.234501004 -0.379922032 0.244762003 -0.449437022 0.246849999 -0.462821007 0.268512011 -0.444915056 0.128034994 -0.186424971 0.138065994 -0.188454986 0.129639 -0.171916008 0.0670479983 -0.165102959 0.0736100003 -0.167667985 0.0863939971 -0.143970013 0.104042999 -0.126842976 0.110017002 -0.146929979 0.137863994 -0.145691991 0.122097999 -0.159404039 0.129639 -0.171916008 0.129966006 -0.152580023 0.110615999 -0.15741396 0.110017002 -0.146929979 0.101094 -0.160763979 0.121875003 -0.206323981 0.133156002 -0.209290981 0.128034994 -0.186424971 0.0437639989 -0.193681002 0.051752001 -0.195076942 0.0670479983 -0.165102959 -0.478356987 -0.391316056 -0.447860986 -0.389649987 -0.478372991 -0.369668961 -0.48488301 -0.324553013 -0.476998001 -0.347692966 -0.467604995 -0.317973018 -0.210355997 -0.363816977 -0.210742995 -0.337309957 -0.253509998 -0.362719059 -0.253509998 -0.362719059 -0.255456001 -0.336210012 -0.292448997 -0.363456964 -0.185582995 -0.311095953 -0.185951993 -0.337064028 -0.153479993 -0.317510962 -0.152385995 -0.363263965 -0.128094003 -0.36481595 -0.152632996 -0.340397 -0.126643002 -0.324991941 -0.127151996 -0.344828963 -0.100304 -0.33414495 -0.100304 -0.33414495 -0.101111002 -0.351789951 -0.0668739974 -0.348521948 -0.210355997 -0.363816977 -0.187212005 -0.362712026 -0.210742995 -0.337309957 -0.343722999 -0.313187003 -0.305431992 -0.314025044 -0.332026005 -0.281059027 -0.0490350015 -0.361749053 -0.0600819997 -0.369740963 -0.0360580012 -0.384513021 0.280023992 -0.672353029 0.362558007 -0.672353029 0.264369994 -0.637778044 0.264369994 -0.637778044 0.250202 -0.666576028 0.280023992 -0.672353029 0.250202 -0.666576028 0.255973995 -0.696135044 0.280411988 -0.679718971 0.449398994 -0.778179049 0.448642999 -0.745558977 0.382001013 -0.771226048 0.329145998 -0.728783965 0.284691989 -0.689525008 0.312817991 -0.75713098 0.382001013 -0.771226048 0.38687399 -0.741808057 0.312817991 -0.75713098 -0.212244004 -0.309064984 -0.214461997 -0.287665009 -0.259090006 -0.311437011 -0.214461997 -0.287665009 -0.216048002 -0.276890039 -0.266916007 -0.280454993 0.253814995 -0.157367945 0.252775013 -0.162513018 0.275321007 -0.164386988 0.275321007 -0.164386988 0.273092002 -0.169170022 0.290178001 -0.174860001 0.290178001 -0.174860001 0.287007987 -0.179046035 0.301741987 -0.187945008 0.301741987 -0.187945008 0.297731012 -0.191431999 0.31130299 -0.209000945 0.31130299 -0.209000945 0.306629002 -0.211424947 0.315697014 -0.230108023 0.315697014 -0.230108023 0.310759008 -0.231552958 0.317113012 -0.253720045 0.317113012 -0.253720045 0.312029004 -0.254065037 0.31487 -0.272912025 0.234593004 -0.160771012 0.252775013 -0.162513018 0.234542996 -0.155508995 0.213241994 -0.164698005 0.234593004 -0.160771012 0.211923003 -0.159657001 0.196184993 -0.172729015 0.213241994 -0.164698005 0.193755001 -0.168177009 0.180246994 -0.187266946 0.196184993 -0.172729015 0.176770002 -0.183609009 0.171524003 -0.199833989 0.180246994 -0.187266946 0.167375997 -0.197046041 0.165207997 -0.216279984 0.171524003 -0.199833989 0.160727993 -0.214334965 0.251026988 -0.344673991 0.232905 -0.347046018 0.251818001 -0.349491 0.263217986 -0.339637995 0.251026988 -0.344673991 0.264986992 -0.344112992 0.277233988 -0.330629945 0.263217986 -0.339637995 0.279974014 -0.334601998 0.289833993 -0.318261027 0.277233988 -0.330629945 0.293455005 -0.321488976 0.302926987 -0.307672024 0.298685014 -0.305248022 0.293455005 -0.321488976 0.311233997 -0.288943052 0.306461006 -0.287505984 0.302926987 -0.307672024 0.31487 -0.272912025 0.309965998 -0.272325993 0.311233997 -0.288943052 -0.552442014 -0.40823698 -0.55112499 -0.411679029 -0.546445012 -0.411262989 -0.559619009 -0.411339045 -0.555694997 -0.413810015 -0.552442014 -0.40823698 -0.561787009 -0.417778015 -0.557965994 -0.417752981 -0.559619009 -0.411339045 -0.557965994 -0.417752981 -0.551860988 -0.417711973 -0.555694997 -0.413810015 0.522422016 -0.150786996 0.536803007 -0.150081038 0.519836009 -0.117246985 0.51632601 -0.0772329569 0.516112983 -0.0923210382 0.538733006 -0.0768949986 0.525840998 -0.197973013 0.53677702 -0.197965026 0.523378015 -0.169932961 0.527682006 -0.212170959 0.528617024 -0.22803998 0.536773026 -0.212414026 0.527368009 -0.25413096 0.536760986 -0.254140019 0.528617024 -0.22803998 0.525840998 -0.197973013 0.527682006 -0.212170959 0.53677702 -0.197965026 0.518388987 -0.314332962 0.536707997 -0.316243052 0.526795983 -0.279800057 -0.562843978 -0.399772048 -0.563174009 -0.417770028 -0.559619009 -0.411339045 -0.388170987 -0.390337944 -0.421694994 -0.389879942 -0.389196008 -0.416300058 -0.421694994 -0.389879942 -0.447860986 -0.389649987 -0.423568994 -0.416749001 -0.447860986 -0.389649987 -0.478356987 -0.391316056 -0.44738999 -0.416960001 -0.478356987 -0.391316056 -0.499837995 -0.394248962 -0.479247004 -0.417358994 0.420639008 -0.448142052 0.375418007 -0.478693962 0.443630993 -0.474905014 -0.00717000011 -0.376966 -0.00298599992 -0.414384007 -0.00116800005 -0.376183033 -0.00717000011 -0.376966 -0.0178880002 -0.379683018 -0.00298599992 -0.414384007 -0.388170987 -0.390337944 -0.389196008 -0.416300058 -0.351543009 -0.390401959 -0.351543009 -0.390401959 -0.350508988 -0.415910006 -0.327995002 -0.390158057 -0.187854007 -0.389704943 -0.209783003 -0.390298963 -0.188139006 -0.415446997 -0.0178880002 -0.379683018 -0.0360580012 -0.384513021 -0.0146199996 -0.414448977 -0.128910005 -0.390365958 -0.152339995 -0.389662981 -0.129375994 -0.415099978 -0.103885002 -0.392773986 -0.128910005 -0.390365958 -0.105398998 -0.414963007 -0.0713770017 -0.39628005 -0.103885002 -0.392773986 -0.0720380023 -0.414775014 -0.152339995 -0.389662981 -0.187854007 -0.389704943 -0.152740002 -0.415235043 -0.0360580012 -0.384513021 -0.0545580015 -0.390576959 -0.0336520001 -0.414558053 0.362558007 -0.672353029 0.447403997 -0.672353029 0.361079991 -0.637778044 -0.546445012 -0.411262989 -0.547688007 -0.414759994 -0.543896973 -0.417659998 -0.55112499 -0.411679029 -0.551860988 -0.417711973 -0.547688007 -0.414759994 0.563691974 -0.170582056 0.550209999 -0.169947028 0.563169003 -0.186874986 0.562767029 -0.199978948 0.547719002 -0.197981954 0.555489004 -0.211902022 0.566619992 -0.150786042 0.551182985 -0.150800943 0.563691974 -0.170582056 0.566619992 -0.150786042 0.57446897 -0.134003997 0.551182985 -0.150800943 0.57446897 -0.134003997 0.591799021 -0.121222019 0.553798974 -0.117267013 0.614049017 -0.118893981 0.616612017 -0.0998430252 0.591799021 -0.121222019 0.645197988 -0.10965395 0.616612017 -0.0998430252 0.633944988 -0.126299977 0.684655011 -0.149762034 0.658611 -0.153803945 0.684942007 -0.177693009 0.663972974 -0.172886014 0.660605013 -0.197927952 0.684942007 -0.177693009 0.655929983 -0.207509041 0.669730008 -0.219925046 0.660605013 -0.197927952 0.604166985 -0.228894949 0.625876009 -0.230486989 0.604970992 -0.21638 0.579913974 -0.213310003 0.604970992 -0.21638 0.581950009 -0.199534059 0.64952898 -0.231570959 0.669730008 -0.219925046 0.649495006 -0.210592031 0.676185012 -0.11995399 0.647125006 -0.137034059 0.684655011 -0.149762034 0.550209999 -0.169947028 0.551182985 -0.150800943 0.53679502 -0.168537974 0.546149015 -0.254135013 0.547406971 -0.264858007 0.556008995 -0.253136992 0.604166985 -0.228894949 0.57862699 -0.22717905 0.600309014 -0.252993941 0.600309014 -0.252993941 0.622022986 -0.252930045 0.604166985 -0.228894949 0.684942007 -0.177693009 0.67989397 -0.205680013 0.715324998 -0.187623024 0.669730008 -0.219925046 0.683314025 -0.239091039 0.67989397 -0.205680013 0.793805003 -0.155837059 0.818148017 -0.147487998 0.789327025 -0.146883965 0.771220028 -0.157619953 0.777330995 -0.166535974 0.789327025 -0.146883965 0.777330995 -0.166535974 0.764003992 -0.180904984 0.783463001 -0.175148964 0.756168008 -0.172938943 0.743719995 -0.198451996 0.764003992 -0.180904984 0.743719995 -0.198451996 0.737740993 -0.224845052 0.752937973 -0.204177022 0.757851005 -0.230401993 0.747750998 -0.227833986 0.756397009 -0.254019976 0.745670021 -0.254330993 0.748167992 -0.275509953 0.756397009 -0.254019976 0.819848001 -0.157616973 0.839132011 -0.155719042 0.818148017 -0.147487998 0.867433012 -0.141132951 0.841226995 -0.136150956 0.864606023 -0.150465012 0.885950029 -0.160351992 0.864606023 -0.150465012 0.879980981 -0.168267965 0.912542999 -0.170487046 0.891888022 -0.152431965 0.904844999 -0.177054048 0.916083992 -0.193735957 0.904844999 -0.177054048 0.906473994 -0.197041988 0.923138976 -0.212213993 0.916083992 -0.193735957 0.913183987 -0.214308023 0.839749992 -0.373829961 0.840866029 -0.362542987 0.816860974 -0.369104981 0.816860974 -0.369104981 0.819171011 -0.359439969 0.800737023 -0.363443971 0.800737023 -0.363443971 0.80448401 -0.353885055 0.781912982 -0.351732969 0.781912982 -0.351732969 0.787581027 -0.343194962 0.766309023 -0.336966038 0.770492971 -0.308009982 0.762902975 -0.31497395 0.779941976 -0.321846962 0.755367994 -0.322384953 0.762902975 -0.31497395 0.744338989 -0.301179051 0.758608997 -0.273221016 0.748167992 -0.275509953 0.762217999 -0.28926301 0.743719995 -0.198451996 0.715324998 -0.187623024 0.737740993 -0.224845052 0.579913974 -0.213310003 0.555489004 -0.211902022 0.57862699 -0.22717905 0.554103017 -0.227380037 0.556008995 -0.253136992 0.57862699 -0.22717905 0.622022986 -0.252930045 0.648766994 -0.255401015 0.625876009 -0.230486989 0.669730008 -0.219925046 0.64952898 -0.231570959 0.683314025 -0.239091039 0.584837973 -0.079480052 0.582935989 -0.0965150595 0.618135989 -0.0830090046 0.645197988 -0.10965395 0.646782994 -0.0850260258 0.616612017 -0.0998430252 0.700828016 -0.0817220211 0.673928976 -0.0842549801 0.702149987 -0.116425991 0.719385982 -0.0794500113 0.727241993 -0.109339952 0.744288981 -0.0767639875 0.776802003 -0.073513031 0.778795004 -0.0937570333 0.806743979 -0.0721739531 0.744288981 -0.0767639875 0.749740005 -0.0998270512 0.776802003 -0.073513031 0.719385982 -0.0794500113 0.700828016 -0.0817220211 0.727241993 -0.109339952 0.633944988 -0.126299977 0.647125006 -0.137034059 0.645197988 -0.10965395 0.676185012 -0.11995399 0.673928976 -0.0842549801 0.645197988 -0.10965395 0.627460003 -0.210216045 0.606226027 -0.206315994 0.62687701 -0.219159961 0.604970992 -0.21638 0.579913974 -0.213310003 0.604166985 -0.228894949 0.625876009 -0.230486989 0.64952898 -0.231570959 0.62687701 -0.219159961 0.734946012 -0.254547 0.737740993 -0.224845052 0.710223973 -0.253569007 0.684942007 -0.177693009 0.715324998 -0.187623024 0.684655011 -0.149762034 0.715324998 -0.187623024 0.743719995 -0.198451996 0.724624991 -0.159108996 0.676185012 -0.11995399 0.684655011 -0.149762034 0.702149987 -0.116425991 0.778795004 -0.0937570333 0.783695996 -0.115527034 0.809682012 -0.0933849812 0.811653972 -0.109454036 0.783695996 -0.115527034 0.816487014 -0.137325048 0.760241985 -0.128072977 0.783695996 -0.115527034 0.749740005 -0.0998270512 0.783695996 -0.115527034 0.760241985 -0.128072977 0.789327025 -0.146883965 0.738743007 -0.141082048 0.760241985 -0.128072977 0.727241993 -0.109339952 0.760241985 -0.128072977 0.738743007 -0.141082048 0.771220028 -0.157619953 0.724624991 -0.159108996 0.738743007 -0.141082048 0.702149987 -0.116425991 0.561138988 -0.0772659779 0.557560027 -0.0923500061 0.584837973 -0.079480052 0.557560027 -0.0923500061 0.536835015 -0.0927419662 0.553798974 -0.117267013 0.800737023 -0.363443971 0.793006003 -0.380095959 0.816860974 -0.369104981 0.781912982 -0.351732969 0.773473978 -0.365983963 0.800737023 -0.363443971 0.756089985 -0.349843979 0.766309023 -0.336966038 0.742555022 -0.333343029 0.773473978 -0.365983963 0.781912982 -0.351732969 0.756089985 -0.349843979 0.724923015 -0.308598995 0.742555022 -0.333343029 0.744338989 -0.301179051 0.714073002 -0.283295035 0.724923015 -0.308598995 0.737666011 -0.277961016 0.710223973 -0.253569007 0.714073002 -0.283295035 0.734946012 -0.254547 0.842137992 -0.106309056 0.811653972 -0.109454036 0.841226995 -0.136150956 0.842137992 -0.106309056 0.841226995 -0.136150956 0.876029015 -0.113711953 0.867433012 -0.141132951 0.891888022 -0.152431965 0.876029015 -0.113711953 0.891888022 -0.152431965 0.912542999 -0.170487046 0.909071982 -0.126873016 0.931683004 -0.0974379778 0.890595019 -0.0810409784 0.909071982 -0.126873016 0.842137992 -0.106309056 0.876029015 -0.113711953 0.845794022 -0.0735709667 0.912542999 -0.170487046 0.925655007 -0.190350056 0.933659971 -0.170006037 1.02210295 -0.194672942 1.00014901 -0.167340994 1.01027501 -0.194725037 0.972642004 -0.160536051 0.990297019 -0.171164989 0.979965985 -0.152137995 0.963108003 -0.157220006 0.963671029 -0.146736026 0.951632023 -0.159248948 0.945787013 -0.186287999 0.952017009 -0.206164002 0.967936993 -0.179365993 0.967936993 -0.179365993 0.979278982 -0.198019028 0.990297019 -0.171164989 0.912542999 -0.170487046 0.933659971 -0.170006037 0.935820997 -0.145599961 0.969574988 -0.126631021 0.963671029 -0.146736026 0.987282991 -0.143690944 0.958787978 -0.166360021 0.967936993 -0.179365993 0.972642004 -0.160536051 0.967936993 -0.179365993 0.958787978 -0.166360021 0.945787013 -0.186287999 0.972642004 -0.160536051 0.963108003 -0.157220006 0.958787978 -0.166360021 0.940743983 -0.209171057 0.935760021 -0.188352942 0.934301019 -0.210271001 1.01027501 -0.194725037 0.979278982 -0.198019028 1.01001203 -0.199915051 0.979278982 -0.198019028 0.952017009 -0.206164002 0.979516029 -0.209053993 0.818148017 -0.147487998 0.793805003 -0.155837059 0.819848001 -0.157616973 0.793805003 -0.155837059 0.777330995 -0.166535974 0.798332989 -0.16466701 0.764003992 -0.180904984 0.777330995 -0.166535974 0.756168008 -0.172938943 0.764003992 -0.180904984 0.752937973 -0.204177022 0.771878004 -0.188238025 0.752937973 -0.204177022 0.747750998 -0.227833986 0.762281001 -0.209292054 0.747750998 -0.227833986 0.737740993 -0.224845052 0.745670021 -0.254330993 0.748167992 -0.275509953 0.745670021 -0.254330993 0.737666011 -0.277961016 0.818148017 -0.147487998 0.840171993 -0.145948052 0.816487014 -0.137325048 0.864606023 -0.150465012 0.840171993 -0.145948052 0.861775994 -0.159805059 0.864606023 -0.150465012 0.885950029 -0.160351992 0.867433012 -0.141132951 0.904844999 -0.177054048 0.885950029 -0.160351992 0.897028983 -0.183637977 0.904844999 -0.177054048 0.916083992 -0.193735957 0.912542999 -0.170487046 0.916083992 -0.193735957 0.923138976 -0.212213993 0.925655007 -0.190350056 0.819171011 -0.359439969 0.840866029 -0.362542987 0.821529984 -0.349926949 0.819171011 -0.359439969 0.821529984 -0.349926949 0.80448401 -0.353885055 0.80448401 -0.353885055 0.808369994 -0.344526052 0.787581027 -0.343194962 0.787581027 -0.343194962 0.793398976 -0.334985971 0.773074985 -0.329195023 0.762902975 -0.31497395 0.755367994 -0.322384953 0.773074985 -0.329195023 0.762902975 -0.31497395 0.770492971 -0.308009982 0.753289998 -0.295042992 0.748167992 -0.275509953 0.737666011 -0.277961016 0.753289998 -0.295042992 0.579088986 -0.252818942 0.556008995 -0.253136992 0.556671023 -0.26293695 0.579088986 -0.252818942 0.575958014 -0.283184052 0.600309014 -0.252993941 0.556671023 -0.26293695 0.556254029 -0.263198018 0.579088986 -0.252818942 0.556254029 -0.263198018 0.551358998 -0.26700902 0.556649983 -0.280796051 0.544916987 -0.228041053 0.554103017 -0.227380037 0.545867026 -0.212174058 0.544916987 -0.228041053 0.546149015 -0.254135013 0.554103017 -0.227380037 0.547406971 -0.264858007 0.546149015 -0.254135013 0.536755025 -0.265581965 0.546647012 -0.279806972 0.544170976 -0.269634962 0.536718011 -0.279957056 0.57673198 -0.312975049 0.575958014 -0.283184052 0.555024981 -0.314347982 0.600309014 -0.252993941 0.605807006 -0.310695052 0.622022986 -0.252930045 0.656028986 -0.299731016 0.648766994 -0.255401015 0.626913011 -0.307191968 0.691433012 -0.289361954 0.714073002 -0.283295035 0.688009024 -0.254699945 0.691433012 -0.289361954 0.688009024 -0.254699945 0.656028986 -0.299731016 0.709963977 -0.21686697 0.683314025 -0.239091039 0.710223973 -0.253569007 -0.372711986 -0.56696403 -0.373681009 -0.561090946 -0.409833997 -0.563537955 -0.448188007 -0.549725056 -0.448314011 -0.556409955 -0.409153998 -0.556897044 -0.448314011 -0.556409955 -0.448188007 -0.549725056 -0.477194995 -0.548012972 -0.474707991 -0.54222095 -0.494758993 -0.534301043 -0.477194995 -0.548012972 -0.523341 -0.525665045 -0.497922987 -0.539947987 -0.519161999 -0.520207047 -0.544255972 -0.508376956 -0.523341 -0.525665045 -0.539821029 -0.503563046 -0.555850983 -0.483250022 -0.560710013 -0.487082005 -0.539821029 -0.503563046 -0.560710013 -0.487082005 -0.555850983 -0.483250022 -0.573813975 -0.459015965 -0.572418988 -0.437064052 -0.57822901 -0.438230038 -0.567983985 -0.455839038 -0.573238015 -0.417855024 -0.579742014 -0.417898059 -0.572418988 -0.437064052 -0.572418988 -0.437064052 -0.562599003 -0.435796976 -0.573238015 -0.417855024 -0.552313983 -0.427194953 -0.55034399 -0.43564105 -0.546357989 -0.424092054 -0.527224004 -0.436146975 -0.529697001 -0.417557955 -0.546357989 -0.424092054 -0.562599003 -0.435796976 -0.55034399 -0.43564105 -0.559531987 -0.424188972 -0.409819007 -0.547181964 -0.409153998 -0.556897044 -0.375761986 -0.549605966 -0.448188007 -0.549725056 -0.409153998 -0.556897044 -0.446783006 -0.542032003 -0.446783006 -0.542032003 -0.472692013 -0.534335971 -0.448188007 -0.549725056 -0.519161999 -0.520207047 -0.494758993 -0.534301043 -0.514456987 -0.51089704 -0.472692013 -0.534335971 -0.490577012 -0.526952982 -0.474707991 -0.54222095 -0.519161999 -0.520207047 -0.514456987 -0.51089704 -0.539821029 -0.503563046 -0.545539021 -0.47954905 -0.555850983 -0.483250022 -0.534677029 -0.495316982 -0.572418988 -0.437064052 -0.567983985 -0.455839038 -0.562599003 -0.435796976 -0.567983985 -0.455839038 -0.555850983 -0.483250022 -0.558655024 -0.454056025 -0.499496996 -0.440616965 -0.502171993 -0.417482018 -0.527224004 -0.436146975 -0.546117008 -0.452429056 -0.55034399 -0.43564105 -0.558655024 -0.454056025 -0.52648598 -0.451802969 -0.527224004 -0.436146975 -0.546117008 -0.452429056 -0.499496996 -0.440616965 -0.498005986 -0.460163951 -0.47784701 -0.443287969 -0.527224004 -0.436146975 -0.52648598 -0.451802969 -0.499496996 -0.440616965 -0.558655024 -0.454056025 -0.545539021 -0.47954905 -0.546117008 -0.452429056 0.724923015 -0.308598995 0.714073002 -0.283295035 0.704071999 -0.321724057 0.704071999 -0.321724057 0.691433012 -0.289361954 0.673099995 -0.33711195 0.626913011 -0.307191968 0.640653014 -0.350468993 0.656028986 -0.299731016 0.640653014 -0.350468993 0.626913011 -0.307191968 0.619786978 -0.359164 0.619786978 -0.359164 0.605807006 -0.310695052 0.590142012 -0.369120955 0.555024981 -0.314347982 0.563661993 -0.375298977 0.57673198 -0.312975049 0.536707997 -0.316243052 0.536651015 -0.382189035 0.555024981 -0.314347982 0.832231998 -0.418400049 0.835368991 -0.391756058 0.811296999 -0.415575027 0.832231998 -0.418400049 0.811296999 -0.415575027 0.82842499 -0.449880958 0.742555022 -0.333343029 0.724923015 -0.308598995 0.718484998 -0.349195957 0.756089985 -0.349843979 0.742555022 -0.333343029 0.735565007 -0.369554043 0.735565007 -0.369554043 0.718484998 -0.349195957 0.714142978 -0.390715957 0.673099995 -0.33711195 0.691963017 -0.367753029 0.704071999 -0.321724057 0.691963017 -0.367753029 0.673099995 -0.33711195 0.66742003 -0.381575942 0.66742003 -0.381575942 0.694517016 -0.409320951 0.691963017 -0.367753029 0.66742003 -0.381575942 0.640653014 -0.350468993 0.643952012 -0.394579053 0.643952012 -0.394579053 0.673202991 -0.428637028 0.66742003 -0.381575942 0.616916001 -0.406777024 0.652557015 -0.448308945 0.643952012 -0.394579053 0.643952012 -0.394579053 0.619786978 -0.359164 0.616916001 -0.406777024 0.616916001 -0.406777024 0.590142012 -0.369120955 0.592628002 -0.419366956 0.592628002 -0.419366956 0.563661993 -0.375298977 0.578243017 -0.428725004 0.578243017 -0.428725004 0.629523993 -0.475036979 0.592628002 -0.419366956 0.773473978 -0.365983963 0.756089985 -0.349843979 0.759298027 -0.388211966 0.773473978 -0.365983963 0.759298027 -0.388211966 0.793006003 -0.380095959 0.793006003 -0.380095959 0.784842014 -0.404345989 0.814585984 -0.387521982 0.784842014 -0.404345989 0.774401009 -0.429628015 0.811296999 -0.415575027 0.774401009 -0.429628015 0.784842014 -0.404345989 0.744790971 -0.41365099 0.759298027 -0.388211966 0.735565007 -0.369554043 0.744790971 -0.41365099 0.774401009 -0.429628015 0.765465021 -0.455034971 0.804681003 -0.445322037 0.774401009 -0.429628015 0.744790971 -0.41365099 0.765465021 -0.455034971 0.694517016 -0.409320951 0.726746976 -0.435121059 0.714142978 -0.390715957 0.801864028 -0.482813001 0.765465021 -0.455034971 0.779577017 -0.498250008 0.712110996 -0.455464005 0.747554004 -0.474678993 0.726746976 -0.435121059 0.673202991 -0.428637028 0.712110996 -0.455464005 0.694517016 -0.409320951 0.712110996 -0.455464005 0.673202991 -0.428637028 0.697727978 -0.478932023 0.732003987 -0.500000954 0.747554004 -0.474678993 0.697727978 -0.478932023 0.779577017 -0.498250008 0.747554004 -0.474678993 0.76315701 -0.516824007 0.713051021 -0.529214025 0.743990004 -0.546290994 0.732003987 -0.500000954 0.697727978 -0.478932023 0.678689003 -0.509206057 0.732003987 -0.500000954 -0.373681009 -0.561090946 -0.372711986 -0.56696403 -0.326476008 -0.561184049 -0.214456007 -0.554139972 -0.271317989 -0.562821984 -0.215204999 -0.560492992 -0.270345002 -0.567775965 -0.271317989 -0.562821984 -0.325262994 -0.56825304 -0.330354005 -0.551110983 -0.326476008 -0.561184049 -0.303362012 -0.55232203 -0.326476008 -0.561184049 -0.330354005 -0.551110983 -0.373681009 -0.561090946 -0.0172550008 -0.475420952 -0.0103040002 -0.477017999 -0.00674299989 -0.451846004 -0.0103040002 -0.477017999 -0.0172550008 -0.475420952 -0.0292199999 -0.497249007 -0.0292199999 -0.497249007 -0.0323849991 -0.493353963 -0.05308 -0.513654947 -0.05308 -0.513654947 -0.0554919988 -0.508780956 -0.0910750031 -0.530516982 -0.0926719978 -0.525097013 -0.123793997 -0.536265016 -0.0910750031 -0.530516982 -0.152592003 -0.550377011 -0.123108998 -0.541898012 -0.153152004 -0.54401195 -0.183131993 -0.549507976 -0.181857005 -0.554905057 -0.153152004 -0.54401195 -0.0282419994 -0.472223997 -0.0172550008 -0.475420952 -0.017492 -0.449251056 -0.0383340009 -0.48439002 -0.0323849991 -0.493353963 -0.0282419994 -0.472223997 -0.060757 -0.498134971 -0.0554919988 -0.508780956 -0.0383340009 -0.48439002 -0.0955540016 -0.515071988 -0.0926719978 -0.525097013 -0.060757 -0.498134971 -0.0955540016 -0.515071988 -0.124109998 -0.523473978 -0.0926719978 -0.525097013 -0.153152004 -0.54401195 -0.123793997 -0.536265016 -0.153166994 -0.530755043 -0.214456007 -0.554139972 -0.183131993 -0.549507976 -0.213009998 -0.543375969 -0.37846601 -0.520256042 -0.380641013 -0.500975966 -0.412241995 -0.51926899 -0.375761986 -0.549605966 -0.37846601 -0.520256042 -0.409819007 -0.547181964 -0.412241995 -0.51926899 -0.44530499 -0.518990993 -0.409819007 -0.547181964 -0.44530499 -0.518990993 -0.412241995 -0.51926899 -0.444665998 -0.500426054 -0.472692013 -0.534335971 -0.446783006 -0.542032003 -0.466259003 -0.516227961 -0.466259003 -0.516227961 -0.483615011 -0.509915948 -0.472692013 -0.534335971 -0.483615011 -0.509915948 -0.505415022 -0.498034 -0.490577012 -0.526952982 -0.529511988 -0.477530956 -0.534677029 -0.495316982 -0.505415022 -0.498034 -0.444665998 -0.500426054 -0.452491999 -0.496672988 -0.44530499 -0.518990993 -0.476015002 -0.486695051 -0.496450007 -0.483397007 -0.483615011 -0.509915948 -0.37846601 -0.520256042 -0.375761986 -0.549605966 -0.342447013 -0.518962979 -0.380641013 -0.500975966 -0.37846601 -0.520256042 -0.346801996 -0.499073982 -0.257972002 -0.520133018 -0.304334998 -0.517688036 -0.265397012 -0.551064014 -0.29292199 -0.442042947 -0.327742994 -0.441671014 -0.291933 -0.468305945 -0.498005986 -0.460163951 -0.496450007 -0.483397007 -0.477638006 -0.464813948 -0.52648598 -0.451802969 -0.529511988 -0.477530956 -0.498005986 -0.460163951 -0.477638006 -0.464813948 -0.476015002 -0.486695051 -0.452659011 -0.476601958 -0.257972002 -0.520133018 -0.211050004 -0.521999002 -0.254613012 -0.495471954 -0.209790006 -0.467319965 -0.209509999 -0.440855026 -0.25295499 -0.469027996 -0.25295499 -0.469027996 -0.25484401 -0.442296028 -0.291933 -0.468305945 -0.186619997 -0.468144059 -0.185066998 -0.493751049 -0.151795998 -0.467190027 -0.152364999 -0.512933969 -0.184398994 -0.51968503 -0.153166994 -0.530755043 -0.0484310016 -0.467537999 -0.0282419994 -0.472223997 -0.0357149988 -0.444627047 -0.125614002 -0.505161047 -0.152364999 -0.512933969 -0.124109998 -0.523473978 -0.0993819982 -0.495715976 -0.125614002 -0.505161047 -0.0955540016 -0.515071988 -0.0661180019 -0.480965018 -0.0993819982 -0.495715976 -0.060757 -0.498134971 -0.0484310016 -0.467537999 -0.0661180019 -0.480965018 -0.0383340009 -0.48439002 -0.126350001 -0.485332966 -0.151779994 -0.490048051 -0.125614002 -0.505161047 -0.101779997 -0.460271001 -0.127519995 -0.465361953 -0.100390002 -0.478080988 -0.0697669983 -0.452409983 -0.101779997 -0.460271001 -0.0677789971 -0.466735005 -0.0661180019 -0.480965018 -0.0484310016 -0.467537999 -0.0677789971 -0.466735005 0.842137992 -0.106309056 0.845794022 -0.0735709667 0.809682012 -0.0933849812 -0.346801996 -0.499073982 -0.342447013 -0.518962979 -0.325632006 -0.497112036 -0.295717001 -0.490421057 -0.291933 -0.468305945 -0.31821999 -0.481987953 0.606226027 -0.206315994 0.627460003 -0.210216045 0.636869013 -0.178683996 0.644658029 -0.186051011 0.642669976 -0.184118032 0.649495006 -0.210592031 0.649495006 -0.210592031 0.655929983 -0.207509041 0.644658029 -0.186051011 0.636869013 -0.178683996 0.63102299 -0.172436953 0.606226027 -0.206315994 0.617134988 -0.147392035 0.591799021 -0.121222019 0.616382003 -0.150491953 0.591799021 -0.121222019 0.617134988 -0.147392035 0.614049017 -0.118893981 0.614049017 -0.118893981 0.624414027 -0.14508903 0.633944988 -0.126299977 0.638602018 -0.151949048 0.647125006 -0.137034059 0.631327987 -0.147415996 0.647125006 -0.137034059 0.638602018 -0.151949048 0.658611 -0.153803945 0.648985028 -0.171543956 0.663972974 -0.172886014 0.645708025 -0.160038948 0.63102299 -0.172436953 0.627368987 -0.168035984 0.581950009 -0.199534059 0.567713022 -0.193109035 0.627368987 -0.168035984 0.563169003 -0.186874986 0.566619992 -0.150786042 0.617214024 -0.154067039 0.57446897 -0.134003997 0.617214024 -0.154067039 0.566619992 -0.150786042 0.619976997 -0.159404993 0.563169003 -0.186874986 0.623481989 -0.163882017 0.563691974 -0.170582056 0.648985028 -0.171543956 0.649739981 -0.179324985 0.663972974 -0.172886014 0.655929983 -0.207509041 0.660605013 -0.197927952 0.64844799 -0.184363008 -0.254613012 -0.495471954 -0.295717001 -0.490421057 -0.257972002 -0.520133018 0.547719002 -0.197981954 0.562767029 -0.199978948 0.563169003 -0.186874986 0.579913974 -0.213310003 0.581950009 -0.199534059 0.562767029 -0.199978948 -0.325632006 -0.497112036 -0.304334998 -0.517688036 -0.319945991 -0.492419004 -0.183131993 -0.549507976 -0.214456007 -0.554139972 -0.181857005 -0.554905057 -0.183131993 -0.549507976 -0.153152004 -0.54401195 -0.184075996 -0.538465977 -0.184398994 -0.51968503 -0.185066998 -0.493751049 -0.211050004 -0.521999002 -0.184398994 -0.51968503 -0.211050004 -0.521999002 -0.184075996 -0.538465977 0.931683004 -0.0974379778 0.909071982 -0.126873016 0.953640997 -0.110641956 -0.421083987 -0.443565011 -0.417504996 -0.470384955 -0.387755007 -0.442430019 -0.447232991 -0.444265962 -0.445703 -0.47141099 -0.421083987 -0.443565011 -0.351292014 -0.441413999 -0.387755007 -0.442430019 -0.351776004 -0.468381047 -0.327742994 -0.441671014 -0.351292014 -0.441413999 -0.331355989 -0.467411041 -0.29292199 -0.442042947 -0.293590009 -0.415907025 -0.327742994 -0.441671014 -0.209509999 -0.440855026 -0.209913 -0.415581942 -0.25484401 -0.442296028 -0.25484401 -0.442296028 -0.256471992 -0.415912032 -0.29292199 -0.442042947 -0.209509999 -0.440855026 -0.209790006 -0.467319965 -0.187565997 -0.441177011 -0.152050003 -0.440798998 -0.151795998 -0.467190027 -0.128628001 -0.439826965 -0.103630997 -0.437134027 -0.128628001 -0.439826965 -0.101779997 -0.460271001 -0.0711650029 -0.433261991 -0.103630997 -0.437134027 -0.0697669983 -0.452409983 -0.187565997 -0.441177011 -0.186619997 -0.468144059 -0.152050003 -0.440798998 -0.0542819984 -0.438773036 -0.053723 -0.414670944 -0.0711650029 -0.433261991 -0.0595690012 -0.459669948 -0.0542819984 -0.438773036 -0.0697669983 -0.452409983 0.816860974 -0.369104981 0.814585984 -0.387521982 0.838793993 -0.380385995 0.82842499 -0.449880958 0.804681003 -0.445322037 0.826314986 -0.463261962 0.933659971 -0.170006037 0.935760021 -0.188352942 0.94413197 -0.171785951 0.979965985 -0.152137995 1.00014901 -0.167340994 0.987282991 -0.143690944 0.943741024 -0.152454972 0.963671029 -0.146736026 0.935820997 -0.145599961 0.933659971 -0.170006037 0.94413197 -0.171785951 0.943741024 -0.152454972 0.963108003 -0.157220006 0.972642004 -0.160536051 0.963671029 -0.146736026 0.935760021 -0.188352942 0.940743983 -0.209171057 0.945787013 -0.186287999 1.00014901 -0.167340994 1.02210295 -0.194672942 1.00670302 -0.164752007 -0.47784701 -0.443287969 -0.477638006 -0.464813948 -0.447232991 -0.444265962 -0.483615011 -0.509915948 -0.466259003 -0.516227961 -0.476015002 -0.486695051 -0.254613012 -0.495471954 -0.209875003 -0.49379003 -0.25295499 -0.469027996 -0.25295499 -0.469027996 -0.291933 -0.468305945 -0.254613012 -0.495471954 -0.151779994 -0.490048051 -0.185066998 -0.493751049 -0.152364999 -0.512933969 -0.126350001 -0.485332966 -0.127519995 -0.465361953 -0.151779994 -0.490048051 -0.100390002 -0.478080988 -0.126350001 -0.485332966 -0.0993819982 -0.495715976 -0.0677789971 -0.466735005 -0.100390002 -0.478080988 -0.0661180019 -0.480965018 -0.185066998 -0.493751049 -0.186619997 -0.468144059 -0.209875003 -0.49379003 -0.303362012 -0.55232203 -0.304334998 -0.517688036 -0.330354005 -0.551110983 -0.0542819984 -0.438773036 -0.0595690012 -0.459669948 -0.0357149988 -0.444627047 0.622164011 -0.672353029 0.636569977 -0.637778044 0.530884027 -0.672353029 0.622184992 -0.679718971 0.651937008 -0.666576028 0.622164011 -0.672353029 0.618205011 -0.689525008 0.647358 -0.696135044 0.622184992 -0.679718971 0.510086 -0.741808057 0.448642999 -0.745558977 0.516348004 -0.771226048 0.566941023 -0.728783965 0.584599018 -0.75713098 0.618205011 -0.689525008 0.566941023 -0.728783965 0.510086 -0.741808057 0.584599018 -0.75713098 -0.265397012 -0.551064014 -0.213009998 -0.543375969 -0.257972002 -0.520133018 -0.271317989 -0.562821984 -0.214456007 -0.554139972 -0.265397012 -0.551064014 0.800566971 -0.169450998 0.820896029 -0.162763 0.798332989 -0.16466701 0.786633015 -0.179337978 0.800566971 -0.169450998 0.783463001 -0.175148964 0.775888979 -0.191730022 0.786633015 -0.179337978 0.771878004 -0.188238025 0.766952991 -0.21172297 0.775888979 -0.191730022 0.762281001 -0.209292054 0.762786984 -0.231853962 0.766952991 -0.21172297 0.757851005 -0.230401993 0.761480987 -0.254372001 0.762786984 -0.231853962 0.756397009 -0.254019976 0.763513029 -0.27264297 0.761480987 -0.254372001 0.758608997 -0.273221016 0.839092016 -0.160984039 0.839132011 -0.155719042 0.820896029 -0.162763 0.860469997 -0.16485095 0.861775994 -0.159805059 0.839092016 -0.160984039 0.877565026 -0.172827959 0.879980981 -0.168267965 0.860469997 -0.16485095 0.893563986 -0.187309027 0.897028983 -0.183637977 0.877565026 -0.172827959 0.902336001 -0.199844003 0.906473994 -0.197041988 0.893563986 -0.187309027 0.908710003 -0.216267943 0.913183987 -0.214308023 0.902336001 -0.199844003 0.822328985 -0.345111966 0.821529984 -0.349926949 0.840447009 -0.347515941 0.810146987 -0.340054035 0.808369994 -0.344526052 0.822328985 -0.345111966 0.796145976 -0.331017971 0.793398976 -0.334985971 0.810146987 -0.340054035 0.783568025 -0.318624973 0.779941976 -0.321846962 0.796145976 -0.331017971 0.783568025 -0.318624973 0.774739027 -0.305593967 0.779941976 -0.321846962 0.774739027 -0.305593967 0.766993999 -0.287834048 0.770492971 -0.308009982 0.766993999 -0.287834048 0.763513029 -0.27264297 0.762217999 -0.28926301 -0.547648013 -0.420609951 -0.551042974 -0.42373395 -0.546357989 -0.424092054 -0.551042974 -0.42373395 -0.555642009 -0.421664 -0.552313983 -0.427194953 -0.555642009 -0.421664 -0.557965994 -0.417752981 -0.559531987 -0.424188972 -0.551042974 -0.42373395 -0.551860988 -0.417711973 -0.555642009 -0.421664 0.536817014 -0.116268992 0.536803007 -0.150081038 0.553798974 -0.117267013 0.536835015 -0.0927419662 0.557560027 -0.0923500061 0.538733006 -0.0768949986 0.53679502 -0.168537974 0.53677702 -0.197965026 0.550209999 -0.169947028 0.536767006 -0.228350043 0.544916987 -0.228041053 0.536773026 -0.212414026 0.536767006 -0.228350043 0.536760986 -0.254140019 0.544916987 -0.228041053 0.536773026 -0.212414026 0.545867026 -0.212174058 0.53677702 -0.197965026 0.536718011 -0.279957056 0.536707997 -0.316243052 0.546647012 -0.279806972 -0.561787009 -0.417778015 -0.563174009 -0.417770028 -0.559531987 -0.424188972 -0.423568994 -0.416749001 -0.421083987 -0.443565011 -0.389196008 -0.416300058 -0.44738999 -0.416960001 -0.447232991 -0.444265962 -0.423568994 -0.416749001 -0.479247004 -0.417358994 -0.47784701 -0.443287969 -0.44738999 -0.416960001 -0.502171993 -0.417482018 -0.499496996 -0.440616965 -0.479247004 -0.417358994 0.678689003 -0.509206057 0.697727978 -0.478932023 0.629523993 -0.475036979 0.00340300007 -0.414347053 -0.00298599992 -0.414384007 -0.000731999986 -0.452561021 -0.0146199996 -0.414448977 -0.017492 -0.449251056 -0.00298599992 -0.414384007 -0.350508988 -0.415910006 -0.389196008 -0.416300058 -0.351292014 -0.441413999 -0.327271998 -0.415909052 -0.350508988 -0.415910006 -0.327742994 -0.441671014 -0.209913 -0.415581942 -0.209509999 -0.440855026 -0.188139006 -0.415446997 -0.0336520001 -0.414558053 -0.0357149988 -0.444627047 -0.0146199996 -0.414448977 -0.152740002 -0.415235043 -0.152050003 -0.440798998 -0.129375994 -0.415099978 -0.129375994 -0.415099978 -0.128628001 -0.439826965 -0.105398998 -0.414963007 -0.105398998 -0.414963007 -0.103630997 -0.437134027 -0.0720380023 -0.414775014 -0.188139006 -0.415446997 -0.187565997 -0.441177011 -0.152740002 -0.415235043 -0.053723 -0.414670944 -0.0542819984 -0.438773036 -0.0336520001 -0.414558053 0.446680993 -0.637778044 0.447403997 -0.672353029 0.530884027 -0.637778044 -0.546186984 -0.417675018 -0.547648013 -0.420609951 -0.543896973 -0.417659998 -0.546186984 -0.417675018 -0.551860988 -0.417711973 -0.547648013 -0.420609951 0.301304996 0.608500957 0.337621987 0.742830992 0.226330996 0.630182981 0.375369012 0.589447975 0.446563005 0.698454022 0.301304996 0.608500957 0.787892997 0.759232998 0.669312 0.742900014 0.780587018 0.630375981 0.669312 0.742900014 0.560508013 0.698436022 0.705778003 0.608590961 </float_array>
          <technique_common>
            <accessor count="4698" offset="0" source="#shiny_white-tex0-array" stride="2">
              <param name="S" type="float" />
              <param name="T" type="float" />
            </accessor>
          </technique_common>
        </source>
        <vertices id="shiny_white-vertices">
          <input semantic="POSITION" source="#shiny_white-positions" />
        </vertices>
        <polylist count="1566" material="defaultMaterial">
          <input offset="0" semantic="VERTEX" source="#shiny_white-vertices" />
          <input offset="0" semantic="NORMAL" source="#shiny_white-normals" />
          <input offset="0" semantic="TEXCOORD" source="#shiny_white-tex0" set="0" />
          <vcount>3 3 3 3 3 3 3 3 3 3 3 3 3 3 3 3 3 3 3 3 3 3 3 3 3 3 3 3 3 3 3 3 3 3 3 3 3 3 3 3 3 3 3 3 3 3 3 3 3 3 3 3 3 3 3 3 3 3 3 3 3 3 3 3 3 3 3 3 3 3 3 3 3 3 3 3 3 3 3 3 3 3 3 3 3 3 3 3 3 3 3 3 3 3 3 3 3 3 3 3 3 3 3 3 3 3 3 3 3 3 3 3 3 3 3 3 3 3 3 3 3 3 3 3 3 3 3 3 3 3 3 3 3 3 3 3 3 3 3 3 3 3 3 3 3 3 3 3 3 3 3 3 3 3 3 3 3 3 3 3 3 3 3 3 3 3 3 3 3 3 3 3 3 3 3 3 3 3 3 3 3 3 3 3 3 3 3 3 3 3 3 3 3 3 3 3 3 3 3 3 3 3 3 3 3 3 3 3 3 3 3 3 3 3 3 3 3 3 3 3 3 3 3 3 3 3 3 3 3 3 3 3 3 3 3 3 3 3 3 3 3 3 3 3 3 3 3 3 3 3 3 3 3 3 3 3 3 3 3 3 3 3 3 3 3 3 3 3 3 3 3 3 3 3 3 3 3 3 3 3 3 3 3 3 3 3 3 3 3 3 3 3 3 3 3 3 3 3 3 3 3 3 3 3 3 3 3 3 3 3 3 3 3 3 3 3 3 3 3 3 3 3 3 3 3 3 3 3 3 3 3 3 3 3 3 3 3 3 3 3 3 3 3 3 3 3 3 3 3 3 3 3 3 3 3 3 3 3 3 3 3 3 3 3 3 3 3 3 3 3 3 3 3 3 3 3 3 3 3 3 3 3 3 3 3 3 3 3 3 3 3 3 3 3 3 3 3 3 3 3 3 3 3 3 3 3 3 3 3 3 3 3 3 3 3 3 3 3 3 3 3 3 3 3 3 3 3 3 3 3 3 3 3 3 3 3 3 3 3 3 3 3 3 3 3 3 3 3 3 3 3 3 3 3 3 3 3 3 3 3 3 3 3 3 3 3 3 3 3 3 3 3 3 3 3 3 3 3 3 3 3 3 3 3 3 3 3 3 3 3 3 3 3 3 3 3 3 3 3 3 3 3 3 3 3 3 3 3 3 3 3 3 3 3 3 3 3 3 3 3 3 3 3 3 3 3 3 3 3 3 3 3 3 3 3 3 3 3 3 3 3 3 3 3 3 3 3 3 3 3 3 3 3 3 3 3 3 3 3 3 3 3 3 3 3 3 3 3 3 3 3 3 3 3 3 3 3 3 3 3 3 3 3 3 3 3 3 3 3 3 3 3 3 3 3 3 3 3 3 3 3 3 3 3 3 3 3 3 3 3 3 3 3 3 3 3 3 3 3 3 3 3 3 3 3 3 3 3 3 3 3 3 3 3 3 3 3 3 3 3 3 3 3 3 3 3 3 3 3 3 3 3 3 3 3 3 3 3 3 3 3 3 3 3 3 3 3 3 3 3 3 3 3 3 3 3 3 3 3 3 3 3 3 3 3 3 3 3 3 3 3 3 3 3 3 3 3 3 3 3 3 3 3 3 3 3 3 3 3 3 3 3 3 3 3 3 3 3 3 3 3 3 3 3 3 3 3 3 3 3 3 3 3 3 3 3 3 3 3 3 3 3 3 3 3 3 3 3 3 3 3 3 3 3 3 3 3 3 3 3 3 3 3 3 3 3 3 3 3 3 3 3 3 3 3 3 3 3 3 3 3 3 3 3 3 3 3 3 3 3 3 3 3 3 3 3 3 3 3 3 3 3 3 3 3 3 3 3 3 3 3 3 3 3 3 3 3 3 3 3 3 3 3 3 3 3 3 3 3 3 3 3 3 3 3 3 3 3 3 3 3 3 3 3 3 3 3 3 3 3 3 3 3 3 3 3 3 3 3 3 3 3 3 3 3 3 3 3 3 3 3 3 3 3 3 3 3 3 3 3 3 3 3 3 3 3 3 3 3 3 3 3 3 3 3 3 3 3 3 3 3 3 3 3 3 3 3 3 3 3 3 3 3 3 3 3 3 3 3 3 3 3 3 3 3 3 3 3 3 3 3 3 3 3 3 3 3 3 3 3 3 3 3 3 3 3 3 3 3 3 3 3 3 3 3 3 3 3 3 3 3 3 3 3 3 3 3 3 3 3 3 3 3 3 3 3 3 3 3 3 3 3 3 3 3 3 3 3 3 3 3 3 3 3 3 3 3 3 3 3 3 3 3 3 3 3 3 3 3 3 3 3 3 3 3 3 3 3 3 3 3 3 3 3 3 3 3 3 3 3 3 3 3 3 3 3 3 3 3 3 3 3 3 3 3 3 3 3 3 3 3 3 3 3 3 3 3 3 3 3 3 3 3 3 3 3 3 3 3 3 3 3 3 3 3 3 3 3 3 3 3 3 3 3 3 3 3 3 3 3 3 3 3 3 3 3 3 3 3 3 3 3 3 3 3 3 3 3 3 3 3 3 3 3 3 3 3 3 3 3 3 3 3 3 3 3 3 3 3 3 3 3 3 3 3 3 3 3 3 3 3 3 3 3 3 3 3 3 3 3 3 3 3 3 3 3 3 3 3 3 3 3 3 3 3 3 3 3 3 3 3 3 3 3 3 3 3 3 3 3 3 3 3 3 3 3 3 3 3 3 3 3 3 3 3 3 3 3 3 3 3 3 3 3 3 3 3 3 3 3 3 3 3 3 3 3 3 3 3 3 3 3 3 3 3 3 3 3 3 3 3 3 3 3 3 3 3 3 3 3 3 3 3 3 3 3 3 3 3 3 3 3 3 3 3 3 3 3 3 3 3 3 3 3 3 3 3 3 3 3 3 3 3 3 3 3 3 3 3 3 3 3 3 3 3 3 3 3 3 3 3 3 3 3 3 3 3 3 3 3 3 3 3 3 3 3 3 3 3 3 3 3 3 3 3 3 3 3 3 3 3 3 3 3 3 3 3 3 3 3 3 3 3 3 3 3 3 3 3 3 3 3 3 3 3 3 3 3 3 3 3 3 3 3 3 3 3 3 3 3 3 3 3 3 3 3 3 3 3 3 3 3 3 3 3 3 3 3 3 3 3 3 3 3 3 3 3 3 3 3 3 3 3 3 3 3 3 3 3 3 3 3 3 3 3 3 3 3 3 3 3 3 3 3 3 3 3 3 3 3 3 3 3 3 3 3 3 3 3 3 3 3 3 3 3 3 3 3 3 3 3 3 3 3 3 3 3 3 3 3 3 3 3 3 3 3 3 3 3 3 3 3 3 3 3 3 3 3 3 3 3 3 3 3 3 3 3 3 3 3 3 3 3 3 3 3 3 3 3 3 3 3 3 3 3 3 3 3 3 3 3 3 3 3 3 3 3 3 3 3 3 3 3 3 3 3 3 3 3 3 3 3 3 3 3 3 3 3 3 3 3 3 3 3 3 3 3 3 3 3 3 3 3 3 3 3 3 3 3 3 3 3 3 3 3 3 3 3 3 3 3 3 3 3 3 3 </vcount>
          <p>0 1 2 3 4 5 6 7 8 9 10 11 12 13 14 15 16 17 18 19 20 21 22 23 24 25 26 27 28 29 30 31 32 33 34 35 36 37 38 39 40 41 42 43 44 45 46 47 48 49 50 51 52 53 54 55 56 57 58 59 60 61 62 63 64 65 66 67 68 69 70 71 72 73 74 75 76 77 78 79 80 81 82 83 84 85 86 87 88 89 90 91 92 93 94 95 96 97 98 99 100 101 102 103 104 105 106 107 108 109 110 111 112 113 114 115 116 117 118 119 120 121 122 123 124 125 126 127 128 129 130 131 132 133 134 135 136 137 138 139 140 141 142 143 144 145 146 147 148 149 150 151 152 153 154 155 156 157 158 159 160 161 162 163 164 165 166 167 168 169 170 171 172 173 174 175 176 177 178 179 180 181 182 183 184 185 186 187 188 189 190 191 192 193 194 195 196 197 198 199 200 201 202 203 204 205 206 207 208 209 210 211 212 213 214 215 216 217 218 219 220 221 222 223 224 225 226 227 228 229 230 231 232 233 234 235 236 237 238 239 240 241 242 243 244 245 246 247 248 249 250 251 252 253 254 255 256 257 258 259 260 261 262 263 264 265 266 267 268 269 270 271 272 273 274 275 276 277 278 279 280 281 282 283 284 285 286 287 288 289 290 291 292 293 294 295 296 297 298 299 300 301 302 303 304 305 306 307 308 309 310 311 312 313 314 315 316 317 318 319 320 321 322 323 324 325 326 327 328 329 330 331 332 333 334 335 336 337 338 339 340 341 342 343 344 345 346 347 348 349 350 351 352 353 354 355 356 357 358 359 360 361 362 363 364 365 366 367 368 369 370 371 372 373 374 375 376 377 378 379 380 381 382 383 384 385 386 387 388 389 390 391 392 393 394 395 396 397 398 399 400 401 402 403 404 405 406 407 408 409 410 411 412 413 414 415 416 417 418 419 420 421 422 423 424 425 426 427 428 429 430 431 432 433 434 435 436 437 438 439 440 441 442 443 444 445 446 447 448 449 450 451 452 453 454 455 456 457 458 459 460 461 462 463 464 465 466 467 468 469 470 471 472 473 474 475 476 477 478 479 480 481 482 483 484 485 486 487 488 489 490 491 492 493 494 495 496 497 498 499 500 501 502 503 504 505 506 507 508 509 510 511 512 513 514 515 516 517 518 519 520 521 522 523 524 525 526 527 528 529 530 531 532 533 534 535 536 537 538 539 540 541 542 543 544 545 546 547 548 549 550 551 552 553 554 555 556 557 558 559 560 561 562 563 564 565 566 567 568 569 570 571 572 573 574 575 576 577 578 579 580 581 582 583 584 585 586 587 588 589 590 591 592 593 594 595 596 597 598 599 600 601 602 603 604 605 606 607 608 609 610 611 612 613 614 615 616 617 618 619 620 621 622 623 624 625 626 627 628 629 630 631 632 633 634 635 636 637 638 639 640 641 642 643 644 645 646 647 648 649 650 651 652 653 654 655 656 657 658 659 660 661 662 663 664 665 666 667 668 669 670 671 672 673 674 675 676 677 678 679 680 681 682 683 684 685 686 687 688 689 690 691 692 693 694 695 696 697 698 699 700 701 702 703 704 705 706 707 708 709 710 711 712 713 714 715 716 717 718 719 720 721 722 723 724 725 726 727 728 729 730 731 732 733 734 735 736 737 738 739 740 741 742 743 744 745 746 747 748 749 750 751 752 753 754 755 756 757 758 759 760 761 762 763 764 765 766 767 768 769 770 771 772 773 774 775 776 777 778 779 780 781 782 783 784 785 786 787 788 789 790 791 792 793 794 795 796 797 798 799 800 801 802 803 804 805 806 807 808 809 810 811 812 813 814 815 816 817 818 819 820 821 822 823 824 825 826 827 828 829 830 831 832 833 834 835 836 837 838 839 840 841 842 843 844 845 846 847 848 849 850 851 852 853 854 855 856 857 858 859 860 861 862 863 864 865 866 867 868 869 870 871 872 873 874 875 876 877 878 879 880 881 882 883 884 885 886 887 888 889 890 891 892 893 894 895 896 897 898 899 900 901 902 903 904 905 906 907 908 909 910 911 912 913 914 915 916 917 918 919 920 921 922 923 924 925 926 927 928 929 930 931 932 933 934 935 936 937 938 939 940 941 942 943 944 945 946 947 948 949 950 951 952 953 954 955 956 957 958 959 960 961 962 963 964 965 966 967 968 969 970 971 972 973 974 975 976 977 978 979 980 981 982 983 984 985 986 987 988 989 990 991 992 993 994 995 996 997 998 999 1000 1001 1002 1003 1004 1005 1006 1007 1008 1009 1010 1011 1012 1013 1014 1015 1016 1017 1018 1019 1020 1021 1022 1023 1024 1025 1026 1027 1028 1029 1030 1031 1032 1033 1034 1035 1036 1037 1038 1039 1040 1041 1042 1043 1044 1045 1046 1047 1048 1049 1050 1051 1052 1053 1054 1055 1056 1057 1058 1059 1060 1061 1062 1063 1064 1065 1066 1067 1068 1069 1070 1071 1072 1073 1074 1075 1076 1077 1078 1079 1080 1081 1082 1083 1084 1085 1086 1087 1088 1089 1090 1091 1092 1093 1094 1095 1096 1097 1098 1099 1100 1101 1102 1103 1104 1105 1106 1107 1108 1109 1110 1111 1112 1113 1114 1115 1116 1117 1118 1119 1120 1121 1122 1123 1124 1125 1126 1127 1128 1129 1130 1131 1132 1133 1134 1135 1136 1137 1138 1139 1140 1141 1142 1143 1144 1145 1146 1147 1148 1149 1150 1151 1152 1153 1154 1155 1156 1157 1158 1159 1160 1161 1162 1163 1164 1165 1166 1167 1168 1169 1170 1171 1172 1173 1174 1175 1176 1177 1178 1179 1180 1181 1182 1183 1184 1185 1186 1187 1188 1189 1190 1191 1192 1193 1194 1195 1196 1197 1198 1199 1200 1201 1202 1203 1204 1205 1206 1207 1208 1209 1210 1211 1212 1213 1214 1215 1216 1217 1218 1219 1220 1221 1222 1223 1224 1225 1226 1227 1228 1229 1230 1231 1232 1233 1234 1235 1236 1237 1238 1239 1240 1241 1242 1243 1244 1245 1246 1247 1248 1249 1250 1251 1252 1253 1254 1255 1256 1257 1258 1259 1260 1261 1262 1263 1264 1265 1266 1267 1268 1269 1270 1271 1272 1273 1274 1275 1276 1277 1278 1279 1280 1281 1282 1283 1284 1285 1286 1287 1288 1289 1290 1291 1292 1293 1294 1295 1296 1297 1298 1299 1300 1301 1302 1303 1304 1305 1306 1307 1308 1309 1310 1311 1312 1313 1314 1315 1316 1317 1318 1319 1320 1321 1322 1323 1324 1325 1326 1327 1328 1329 1330 1331 1332 1333 1334 1335 1336 1337 1338 1339 1340 1341 1342 1343 1344 1345 1346 1347 1348 1349 1350 1351 1352 1353 1354 1355 1356 1357 1358 1359 1360 1361 1362 1363 1364 1365 1366 1367 1368 1369 1370 1371 1372 1373 1374 1375 1376 1377 1378 1379 1380 1381 1382 1383 1384 1385 1386 1387 1388 1389 1390 1391 1392 1393 1394 1395 1396 1397 1398 1399 1400 1401 1402 1403 1404 1405 1406 1407 1408 1409 1410 1411 1412 1413 1414 1415 1416 1417 1418 1419 1420 1421 1422 1423 1424 1425 1426 1427 1428 1429 1430 1431 1432 1433 1434 1435 1436 1437 1438 1439 1440 1441 1442 1443 1444 1445 1446 1447 1448 1449 1450 1451 1452 1453 1454 1455 1456 1457 1458 1459 1460 1461 1462 1463 1464 1465 1466 1467 1468 1469 1470 1471 1472 1473 1474 1475 1476 1477 1478 1479 1480 1481 1482 1483 1484 1485 1486 1487 1488 1489 1490 1491 1492 1493 1494 1495 1496 1497 1498 1499 1500 1501 1502 1503 1504 1505 1506 1507 1508 1509 1510 1511 1512 1513 1514 1515 1516 1517 1518 1519 1520 1521 1522 1523 1524 1525 1526 1527 1528 1529 1530 1531 1532 1533 1534 1535 1536 1537 1538 1539 1540 1541 1542 1543 1544 1545 1546 1547 1548 1549 1550 1551 1552 1553 1554 1555 1556 1557 1558 1559 1560 1561 1562 1563 1564 1565 1566 1567 1568 1569 1570 1571 1572 1573 1574 1575 1576 1577 1578 1579 1580 1581 1582 1583 1584 1585 1586 1587 1588 1589 1590 1591 1592 1593 1594 1595 1596 1597 1598 1599 1600 1601 1602 1603 1604 1605 1606 1607 1608 1609 1610 1611 1612 1613 1614 1615 1616 1617 1618 1619 1620 1621 1622 1623 1624 1625 1626 1627 1628 1629 1630 1631 1632 1633 1634 1635 1636 1637 1638 1639 1640 1641 1642 1643 1644 1645 1646 1647 1648 1649 1650 1651 1652 1653 1654 1655 1656 1657 1658 1659 1660 1661 1662 1663 1664 1665 1666 1667 1668 1669 1670 1671 1672 1673 1674 1675 1676 1677 1678 1679 1680 1681 1682 1683 1684 1685 1686 1687 1688 1689 1690 1691 1692 1693 1694 1695 1696 1697 1698 1699 1700 1701 1702 1703 1704 1705 1706 1707 1708 1709 1710 1711 1712 1713 1714 1715 1716 1717 1718 1719 1720 1721 1722 1723 1724 1725 1726 1727 1728 1729 1730 1731 1732 1733 1734 1735 1736 1737 1738 1739 1740 1741 1742 1743 1744 1745 1746 1747 1748 1749 1750 1751 1752 1753 1754 1755 1756 1757 1758 1759 1760 1761 1762 1763 1764 1765 1766 1767 1768 1769 1770 1771 1772 1773 1774 1775 1776 1777 1778 1779 1780 1781 1782 1783 1784 1785 1786 1787 1788 1789 1790 1791 1792 1793 1794 1795 1796 1797 1798 1799 1800 1801 1802 1803 1804 1805 1806 1807 1808 1809 1810 1811 1812 1813 1814 1815 1816 1817 1818 1819 1820 1821 1822 1823 1824 1825 1826 1827 1828 1829 1830 1831 1832 1833 1834 1835 1836 1837 1838 1839 1840 1841 1842 1843 1844 1845 1846 1847 1848 1849 1850 1851 1852 1853 1854 1855 1856 1857 1858 1859 1860 1861 1862 1863 1864 1865 1866 1867 1868 1869 1870 1871 1872 1873 1874 1875 1876 1877 1878 1879 1880 1881 1882 1883 1884 1885 1886 1887 1888 1889 1890 1891 1892 1893 1894 1895 1896 1897 1898 1899 1900 1901 1902 1903 1904 1905 1906 1907 1908 1909 1910 1911 1912 1913 1914 1915 1916 1917 1918 1919 1920 1921 1922 1923 1924 1925 1926 1927 1928 1929 1930 1931 1932 1933 1934 1935 1936 1937 1938 1939 1940 1941 1942 1943 1944 1945 1946 1947 1948 1949 1950 1951 1952 1953 1954 1955 1956 1957 1958 1959 1960 1961 1962 1963 1964 1965 1966 1967 1968 1969 1970 1971 1972 1973 1974 1975 1976 1977 1978 1979 1980 1981 1982 1983 1984 1985 1986 1987 1988 1989 1990 1991 1992 1993 1994 1995 1996 1997 1998 1999 2000 2001 2002 2003 2004 2005 2006 2007 2008 2009 2010 2011 2012 2013 2014 2015 2016 2017 2018 2019 2020 2021 2022 2023 2024 2025 2026 2027 2028 2029 2030 2031 2032 2033 2034 2035 2036 2037 2038 2039 2040 2041 2042 2043 2044 2045 2046 2047 2048 2049 2050 2051 2052 2053 2054 2055 2056 2057 2058 2059 2060 2061 2062 2063 2064 2065 2066 2067 2068 2069 2070 2071 2072 2073 2074 2075 2076 2077 2078 2079 2080 2081 2082 2083 2084 2085 2086 2087 2088 2089 2090 2091 2092 2093 2094 2095 2096 2097 2098 2099 2100 2101 2102 2103 2104 2105 2106 2107 2108 2109 2110 2111 2112 2113 2114 2115 2116 2117 2118 2119 2120 2121 2122 2123 2124 2125 2126 2127 2128 2129 2130 2131 2132 2133 2134 2135 2136 2137 2138 2139 2140 2141 2142 2143 2144 2145 2146 2147 2148 2149 2150 2151 2152 2153 2154 2155 2156 2157 2158 2159 2160 2161 2162 2163 2164 2165 2166 2167 2168 2169 2170 2171 2172 2173 2174 2175 2176 2177 2178 2179 2180 2181 2182 2183 2184 2185 2186 2187 2188 2189 2190 2191 2192 2193 2194 2195 2196 2197 2198 2199 2200 2201 2202 2203 2204 2205 2206 2207 2208 2209 2210 2211 2212 2213 2214 2215 2216 2217 2218 2219 2220 2221 2222 2223 2224 2225 2226 2227 2228 2229 2230 2231 2232 2233 2234 2235 2236 2237 2238 2239 2240 2241 2242 2243 2244 2245 2246 2247 2248 2249 2250 2251 2252 2253 2254 2255 2256 2257 2258 2259 2260 2261 2262 2263 2264 2265 2266 2267 2268 2269 2270 2271 2272 2273 2274 2275 2276 2277 2278 2279 2280 2281 2282 2283 2284 2285 2286 2287 2288 2289 2290 2291 2292 2293 2294 2295 2296 2297 2298 2299 2300 2301 2302 2303 2304 2305 2306 2307 2308 2309 2310 2311 2312 2313 2314 2315 2316 2317 2318 2319 2320 2321 2322 2323 2324 2325 2326 2327 2328 2329 2330 2331 2332 2333 2334 2335 2336 2337 2338 2339 2340 2341 2342 2343 2344 2345 2346 2347 2348 2349 2350 2351 2352 2353 2354 2355 2356 2357 2358 2359 2360 2361 2362 2363 2364 2365 2366 2367 2368 2369 2370 2371 2372 2373 2374 2375 2376 2377 2378 2379 2380 2381 2382 2383 2384 2385 2386 2387 2388 2389 2390 2391 2392 2393 2394 2395 2396 2397 2398 2399 2400 2401 2402 2403 2404 2405 2406 2407 2408 2409 2410 2411 2412 2413 2414 2415 2416 2417 2418 2419 2420 2421 2422 2423 2424 2425 2426 2427 2428 2429 2430 2431 2432 2433 2434 2435 2436 2437 2438 2439 2440 2441 2442 2443 2444 2445 2446 2447 2448 2449 2450 2451 2452 2453 2454 2455 2456 2457 2458 2459 2460 2461 2462 2463 2464 2465 2466 2467 2468 2469 2470 2471 2472 2473 2474 2475 2476 2477 2478 2479 2480 2481 2482 2483 2484 2485 2486 2487 2488 2489 2490 2491 2492 2493 2494 2495 2496 2497 2498 2499 2500 2501 2502 2503 2504 2505 2506 2507 2508 2509 2510 2511 2512 2513 2514 2515 2516 2517 2518 2519 2520 2521 2522 2523 2524 2525 2526 2527 2528 2529 2530 2531 2532 2533 2534 2535 2536 2537 2538 2539 2540 2541 2542 2543 2544 2545 2546 2547 2548 2549 2550 2551 2552 2553 2554 2555 2556 2557 2558 2559 2560 2561 2562 2563 2564 2565 2566 2567 2568 2569 2570 2571 2572 2573 2574 2575 2576 2577 2578 2579 2580 2581 2582 2583 2584 2585 2586 2587 2588 2589 2590 2591 2592 2593 2594 2595 2596 2597 2598 2599 2600 2601 2602 2603 2604 2605 2606 2607 2608 2609 2610 2611 2612 2613 2614 2615 2616 2617 2618 2619 2620 2621 2622 2623 2624 2625 2626 2627 2628 2629 2630 2631 2632 2633 2634 2635 2636 2637 2638 2639 2640 2641 2642 2643 2644 2645 2646 2647 2648 2649 2650 2651 2652 2653 2654 2655 2656 2657 2658 2659 2660 2661 2662 2663 2664 2665 2666 2667 2668 2669 2670 2671 2672 2673 2674 2675 2676 2677 2678 2679 2680 2681 2682 2683 2684 2685 2686 2687 2688 2689 2690 2691 2692 2693 2694 2695 2696 2697 2698 2699 2700 2701 2702 2703 2704 2705 2706 2707 2708 2709 2710 2711 2712 2713 2714 2715 2716 2717 2718 2719 2720 2721 2722 2723 2724 2725 2726 2727 2728 2729 2730 2731 2732 2733 2734 2735 2736 2737 2738 2739 2740 2741 2742 2743 2744 2745 2746 2747 2748 2749 2750 2751 2752 2753 2754 2755 2756 2757 2758 2759 2760 2761 2762 2763 2764 2765 2766 2767 2768 2769 2770 2771 2772 2773 2774 2775 2776 2777 2778 2779 2780 2781 2782 2783 2784 2785 2786 2787 2788 2789 2790 2791 2792 2793 2794 2795 2796 2797 2798 2799 2800 2801 2802 2803 2804 2805 2806 2807 2808 2809 2810 2811 2812 2813 2814 2815 2816 2817 2818 2819 2820 2821 2822 2823 2824 2825 2826 2827 2828 2829 2830 2831 2832 2833 2834 2835 2836 2837 2838 2839 2840 2841 2842 2843 2844 2845 2846 2847 2848 2849 2850 2851 2852 2853 2854 2855 2856 2857 2858 2859 2860 2861 2862 2863 2864 2865 2866 2867 2868 2869 2870 2871 2872 2873 2874 2875 2876 2877 2878 2879 2880 2881 2882 2883 2884 2885 2886 2887 2888 2889 2890 2891 2892 2893 2894 2895 2896 2897 2898 2899 2900 2901 2902 2903 2904 2905 2906 2907 2908 2909 2910 2911 2912 2913 2914 2915 2916 2917 2918 2919 2920 2921 2922 2923 2924 2925 2926 2927 2928 2929 2930 2931 2932 2933 2934 2935 2936 2937 2938 2939 2940 2941 2942 2943 2944 2945 2946 2947 2948 2949 2950 2951 2952 2953 2954 2955 2956 2957 2958 2959 2960 2961 2962 2963 2964 2965 2966 2967 2968 2969 2970 2971 2972 2973 2974 2975 2976 2977 2978 2979 2980 2981 2982 2983 2984 2985 2986 2987 2988 2989 2990 2991 2992 2993 2994 2995 2996 2997 2998 2999 3000 3001 3002 3003 3004 3005 3006 3007 3008 3009 3010 3011 3012 3013 3014 3015 3016 3017 3018 3019 3020 3021 3022 3023 3024 3025 3026 3027 3028 3029 3030 3031 3032 3033 3034 3035 3036 3037 3038 3039 3040 3041 3042 3043 3044 3045 3046 3047 3048 3049 3050 3051 3052 3053 3054 3055 3056 3057 3058 3059 3060 3061 3062 3063 3064 3065 3066 3067 3068 3069 3070 3071 3072 3073 3074 3075 3076 3077 3078 3079 3080 3081 3082 3083 3084 3085 3086 3087 3088 3089 3090 3091 3092 3093 3094 3095 3096 3097 3098 3099 3100 3101 3102 3103 3104 3105 3106 3107 3108 3109 3110 3111 3112 3113 3114 3115 3116 3117 3118 3119 3120 3121 3122 3123 3124 3125 3126 3127 3128 3129 3130 3131 3132 3133 3134 3135 3136 3137 3138 3139 3140 3141 3142 3143 3144 3145 3146 3147 3148 3149 3150 3151 3152 3153 3154 3155 3156 3157 3158 3159 3160 3161 3162 3163 3164 3165 3166 3167 3168 3169 3170 3171 3172 3173 3174 3175 3176 3177 3178 3179 3180 3181 3182 3183 3184 3185 3186 3187 3188 3189 3190 3191 3192 3193 3194 3195 3196 3197 3198 3199 3200 3201 3202 3203 3204 3205 3206 3207 3208 3209 3210 3211 3212 3213 3214 3215 3216 3217 3218 3219 3220 3221 3222 3223 3224 3225 3226 3227 3228 3229 3230 3231 3232 3233 3234 3235 3236 3237 3238 3239 3240 3241 3242 3243 3244 3245 3246 3247 3248 3249 3250 3251 3252 3253 3254 3255 3256 3257 3258 3259 3260 3261 3262 3263 3264 3265 3266 3267 3268 3269 3270 3271 3272 3273 3274 3275 3276 3277 3278 3279 3280 3281 3282 3283 3284 3285 3286 3287 3288 3289 3290 3291 3292 3293 3294 3295 3296 3297 3298 3299 3300 3301 3302 3303 3304 3305 3306 3307 3308 3309 3310 3311 3312 3313 3314 3315 3316 3317 3318 3319 3320 3321 3322 3323 3324 3325 3326 3327 3328 3329 3330 3331 3332 3333 3334 3335 3336 3337 3338 3339 3340 3341 3342 3343 3344 3345 3346 3347 3348 3349 3350 3351 3352 3353 3354 3355 3356 3357 3358 3359 3360 3361 3362 3363 3364 3365 3366 3367 3368 3369 3370 3371 3372 3373 3374 3375 3376 3377 3378 3379 3380 3381 3382 3383 3384 3385 3386 3387 3388 3389 3390 3391 3392 3393 3394 3395 3396 3397 3398 3399 3400 3401 3402 3403 3404 3405 3406 3407 3408 3409 3410 3411 3412 3413 3414 3415 3416 3417 3418 3419 3420 3421 3422 3423 3424 3425 3426 3427 3428 3429 3430 3431 3432 3433 3434 3435 3436 3437 3438 3439 3440 3441 3442 3443 3444 3445 3446 3447 3448 3449 3450 3451 3452 3453 3454 3455 3456 3457 3458 3459 3460 3461 3462 3463 3464 3465 3466 3467 3468 3469 3470 3471 3472 3473 3474 3475 3476 3477 3478 3479 3480 3481 3482 3483 3484 3485 3486 3487 3488 3489 3490 3491 3492 3493 3494 3495 3496 3497 3498 3499 3500 3501 3502 3503 3504 3505 3506 3507 3508 3509 3510 3511 3512 3513 3514 3515 3516 3517 3518 3519 3520 3521 3522 3523 3524 3525 3526 3527 3528 3529 3530 3531 3532 3533 3534 3535 3536 3537 3538 3539 3540 3541 3542 3543 3544 3545 3546 3547 3548 3549 3550 3551 3552 3553 3554 3555 3556 3557 3558 3559 3560 3561 3562 3563 3564 3565 3566 3567 3568 3569 3570 3571 3572 3573 3574 3575 3576 3577 3578 3579 3580 3581 3582 3583 3584 3585 3586 3587 3588 3589 3590 3591 3592 3593 3594 3595 3596 3597 3598 3599 3600 3601 3602 3603 3604 3605 3606 3607 3608 3609 3610 3611 3612 3613 3614 3615 3616 3617 3618 3619 3620 3621 3622 3623 3624 3625 3626 3627 3628 3629 3630 3631 3632 3633 3634 3635 3636 3637 3638 3639 3640 3641 3642 3643 3644 3645 3646 3647 3648 3649 3650 3651 3652 3653 3654 3655 3656 3657 3658 3659 3660 3661 3662 3663 3664 3665 3666 3667 3668 3669 3670 3671 3672 3673 3674 3675 3676 3677 3678 3679 3680 3681 3682 3683 3684 3685 3686 3687 3688 3689 3690 3691 3692 3693 3694 3695 3696 3697 3698 3699 3700 3701 3702 3703 3704 3705 3706 3707 3708 3709 3710 3711 3712 3713 3714 3715 3716 3717 3718 3719 3720 3721 3722 3723 3724 3725 3726 3727 3728 3729 3730 3731 3732 3733 3734 3735 3736 3737 3738 3739 3740 3741 3742 3743 3744 3745 3746 3747 3748 3749 3750 3751 3752 3753 3754 3755 3756 3757 3758 3759 3760 3761 3762 3763 3764 3765 3766 3767 3768 3769 3770 3771 3772 3773 3774 3775 3776 3777 3778 3779 3780 3781 3782 3783 3784 3785 3786 3787 3788 3789 3790 3791 3792 3793 3794 3795 3796 3797 3798 3799 3800 3801 3802 3803 3804 3805 3806 3807 3808 3809 3810 3811 3812 3813 3814 3815 3816 3817 3818 3819 3820 3821 3822 3823 3824 3825 3826 3827 3828 3829 3830 3831 3832 3833 3834 3835 3836 3837 3838 3839 3840 3841 3842 3843 3844 3845 3846 3847 3848 3849 3850 3851 3852 3853 3854 3855 3856 3857 3858 3859 3860 3861 3862 3863 3864 3865 3866 3867 3868 3869 3870 3871 3872 3873 3874 3875 3876 3877 3878 3879 3880 3881 3882 3883 3884 3885 3886 3887 3888 3889 3890 3891 3892 3893 3894 3895 3896 3897 3898 3899 3900 3901 3902 3903 3904 3905 3906 3907 3908 3909 3910 3911 3912 3913 3914 3915 3916 3917 3918 3919 3920 3921 3922 3923 3924 3925 3926 3927 3928 3929 3930 3931 3932 3933 3934 3935 3936 3937 3938 3939 3940 3941 3942 3943 3944 3945 3946 3947 3948 3949 3950 3951 3952 3953 3954 3955 3956 3957 3958 3959 3960 3961 3962 3963 3964 3965 3966 3967 3968 3969 3970 3971 3972 3973 3974 3975 3976 3977 3978 3979 3980 3981 3982 3983 3984 3985 3986 3987 3988 3989 3990 3991 3992 3993 3994 3995 3996 3997 3998 3999 4000 4001 4002 4003 4004 4005 4006 4007 4008 4009 4010 4011 4012 4013 4014 4015 4016 4017 4018 4019 4020 4021 4022 4023 4024 4025 4026 4027 4028 4029 4030 4031 4032 4033 4034 4035 4036 4037 4038 4039 4040 4041 4042 4043 4044 4045 4046 4047 4048 4049 4050 4051 4052 4053 4054 4055 4056 4057 4058 4059 4060 4061 4062 4063 4064 4065 4066 4067 4068 4069 4070 4071 4072 4073 4074 4075 4076 4077 4078 4079 4080 4081 4082 4083 4084 4085 4086 4087 4088 4089 4090 4091 4092 4093 4094 4095 4096 4097 4098 4099 4100 4101 4102 4103 4104 4105 4106 4107 4108 4109 4110 4111 4112 4113 4114 4115 4116 4117 4118 4119 4120 4121 4122 4123 4124 4125 4126 4127 4128 4129 4130 4131 4132 4133 4134 4135 4136 4137 4138 4139 4140 4141 4142 4143 4144 4145 4146 4147 4148 4149 4150 4151 4152 4153 4154 4155 4156 4157 4158 4159 4160 4161 4162 4163 4164 4165 4166 4167 4168 4169 4170 4171 4172 4173 4174 4175 4176 4177 4178 4179 4180 4181 4182 4183 4184 4185 4186 4187 4188 4189 4190 4191 4192 4193 4194 4195 4196 4197 4198 4199 4200 4201 4202 4203 4204 4205 4206 4207 4208 4209 4210 4211 4212 4213 4214 4215 4216 4217 4218 4219 4220 4221 4222 4223 4224 4225 4226 4227 4228 4229 4230 4231 4232 4233 4234 4235 4236 4237 4238 4239 4240 4241 4242 4243 4244 4245 4246 4247 4248 4249 4250 4251 4252 4253 4254 4255 4256 4257 4258 4259 4260 4261 4262 4263 4264 4265 4266 4267 4268 4269 4270 4271 4272 4273 4274 4275 4276 4277 4278 4279 4280 4281 4282 4283 4284 4285 4286 4287 4288 4289 4290 4291 4292 4293 4294 4295 4296 4297 4298 4299 4300 4301 4302 4303 4304 4305 4306 4307 4308 4309 4310 4311 4312 4313 4314 4315 4316 4317 4318 4319 4320 4321 4322 4323 4324 4325 4326 4327 4328 4329 4330 4331 4332 4333 4334 4335 4336 4337 4338 4339 4340 4341 4342 4343 4344 4345 4346 4347 4348 4349 4350 4351 4352 4353 4354 4355 4356 4357 4358 4359 4360 4361 4362 4363 4364 4365 4366 4367 4368 4369 4370 4371 4372 4373 4374 4375 4376 4377 4378 4379 4380 4381 4382 4383 4384 4385 4386 4387 4388 4389 4390 4391 4392 4393 4394 4395 4396 4397 4398 4399 4400 4401 4402 4403 4404 4405 4406 4407 4408 4409 4410 4411 4412 4413 4414 4415 4416 4417 4418 4419 4420 4421 4422 4423 4424 4425 4426 4427 4428 4429 4430 4431 4432 4433 4434 4435 4436 4437 4438 4439 4440 4441 4442 4443 4444 4445 4446 4447 4448 4449 4450 4451 4452 4453 4454 4455 4456 4457 4458 4459 4460 4461 4462 4463 4464 4465 4466 4467 4468 4469 4470 4471 4472 4473 4474 4475 4476 4477 4478 4479 4480 4481 4482 4483 4484 4485 4486 4487 4488 4489 4490 4491 4492 4493 4494 4495 4496 4497 4498 4499 4500 4501 4502 4503 4504 4505 4506 4507 4508 4509 4510 4511 4512 4513 4514 4515 4516 4517 4518 4519 4520 4521 4522 4523 4524 4525 4526 4527 4528 4529 4530 4531 4532 4533 4534 4535 4536 4537 4538 4539 4540 4541 4542 4543 4544 4545 4546 4547 4548 4549 4550 4551 4552 4553 4554 4555 4556 4557 4558 4559 4560 4561 4562 4563 4564 4565 4566 4567 4568 4569 4570 4571 4572 4573 4574 4575 4576 4577 4578 4579 4580 4581 4582 4583 4584 4585 4586 4587 4588 4589 4590 4591 4592 4593 4594 4595 4596 4597 4598 4599 4600 4601 4602 4603 4604 4605 4606 4607 4608 4609 4610 4611 4612 4613 4614 4615 4616 4617 4618 4619 4620 4621 4622 4623 4624 4625 4626 4627 4628 4629 4630 4631 4632 4633 4634 4635 4636 4637 4638 4639 4640 4641 4642 4643 4644 4645 4646 4647 4648 4649 4650 4651 4652 4653 4654 4655 4656 4657 4658 4659 4660 4661 4662 4663 4664 4665 4666 4667 4668 4669 4670 4671 4672 4673 4674 4675 4676 4677 4678 4679 4680 4681 4682 4683 4684 4685 4686 4687 4688 4689 4690 4691 4692 4693 4694 4695 4696 4697 </p>
        </polylist>
      </mesh>
    </geometry>
    <geometry id="head_speaker_tex" name="head_speaker_tex" >
      <mesh>
        <source id="head_speaker_tex-positions" name="head_speaker_tex-positions">
          <float_array id="head_speaker_tex-positions-array" count="252"> -0.0208250005 -0.0276449993 0.207383007 -0.0205630008 -0.0418779999 0.199770004 -0.00275700004 -0.042603001 0.201923996 -0.00190399995 -0.0279690009 0.209175006 -0.00275700004 -0.042603001 0.201923996 0.0147489998 -0.0422759987 0.200604007 -0.0205630008 -0.0418779999 0.199770004 -0.0208250005 -0.0276449993 0.207383007 -0.0328360014 -0.0273059998 0.203894004 0.0312200002 -0.0278220009 0.204009995 0.0159329996 -0.0277730003 0.207931995 0.0147489998 -0.0422759987 0.200604007 -0.0208250005 0.0274810009 0.207383007 -0.00190399995 0.0278050005 0.209175006 -0.00275700004 0.0424389988 0.201923996 -0.00190399995 0.0278050005 0.209175006 0.0159329996 0.027609 0.207931995 0.0147489998 0.0421120003 0.200604007 -0.0205630008 0.0417140014 0.199770004 -0.0319130011 0.0411179997 0.196902007 -0.0328360014 0.0271419995 0.203894004 0.0312200002 0.0276570003 0.204009995 0.0302510001 0.04098 0.197449997 0.0147489998 0.0421120003 0.200604007 0.0343969986 0.0393140018 0.196756005 0.0302510001 0.04098 0.197449997 0.0312200002 0.0276570003 0.204009995 0.0364160016 0.0349080004 0.198530003 0.0343969986 0.0393140018 0.196756005 0.0312200002 0.0276570003 0.204009995 0.0350780003 0.0302310009 0.201481 0.0364160016 0.0349080004 0.198530003 0.0312200002 0.0276570003 0.204009995 -0.0328360014 0.0271419995 0.203894004 -0.0319130011 0.0411179997 0.196902007 -0.0358499996 0.0390870012 0.196701005 -0.0328360014 0.0271419995 0.203894004 -0.0358499996 0.0390870012 0.196701005 -0.0380700007 0.0344009995 0.198332995 -0.0328360014 0.0271419995 0.203894004 -0.0380700007 0.0344009995 0.198332995 -0.0373519994 0.0300520007 0.200452 0.0350780003 -0.0303949993 0.201481 0.0312200002 -0.0278220009 0.204009995 0.0302510001 -0.0411439985 0.197449997 0.0364160016 -0.0350719988 0.198530003 0.0350780003 -0.0303949993 0.201481 0.0302510001 -0.0411439985 0.197449997 0.0343969986 -0.0394780003 0.196756005 0.0364160016 -0.0350719988 0.198530003 0.0302510001 -0.0411439985 0.197449997 -0.0319130011 -0.0412819982 0.196902007 -0.0328360014 -0.0273059998 0.203894004 -0.0373519994 -0.0302169994 0.200452 -0.0319130011 -0.0412819982 0.196902007 -0.0373519994 -0.0302169994 0.200452 -0.0380700007 -0.0345650017 0.198332995 -0.0319130011 -0.0412819982 0.196902007 -0.0380700007 -0.0345650017 0.198332995 -0.0358499996 -0.0392509997 0.196701005 -0.00190399995 -0.0279690009 0.209175006 -0.0208250005 -0.0276449993 0.207383007 -0.00275700004 -0.042603001 0.201923996 0.0159329996 -0.0277730003 0.207931995 -0.00190399995 -0.0279690009 0.209175006 0.0147489998 -0.0422759987 0.200604007 -0.0319130011 -0.0412819982 0.196902007 -0.0205630008 -0.0418779999 0.199770004 -0.0328360014 -0.0273059998 0.203894004 0.0302510001 -0.0411439985 0.197449997 0.0312200002 -0.0278220009 0.204009995 0.0147489998 -0.0422759987 0.200604007 -0.0205630008 0.0417140014 0.199770004 -0.0208250005 0.0274810009 0.207383007 -0.00275700004 0.0424389988 0.201923996 -0.00275700004 0.0424389988 0.201923996 -0.00190399995 0.0278050005 0.209175006 0.0147489998 0.0421120003 0.200604007 -0.0208250005 0.0274810009 0.207383007 -0.0205630008 0.0417140014 0.199770004 -0.0328360014 0.0271419995 0.203894004 0.0159329996 0.027609 0.207931995 0.0312200002 0.0276570003 0.204009995 0.0147489998 0.0421120003 0.200604007 </float_array>
          <technique_common>
            <accessor count="84" offset="0" source="#head_speaker_tex-positions-array" stride="3">
              <param name="X" type="float" />
              <param name="Y" type="float" />
              <param name="Z" type="float" />
            </accessor>
          </technique_common>
        </source>
        <source id="head_speaker_tex-normals" name="head_speaker_tex-normals">
          <float_array id="head_speaker_tex-normals-array" count="252"> -0.182561994 -0.458296001 0.869808018 -0.188512996 -0.461715013 0.866725981 -0.018677 -0.451216012 0.892177999 -0.00747699989 -0.445661992 0.895138025 -0.018677 -0.451216012 0.892177999 0.141086996 -0.451155007 0.881191015 -0.188512996 -0.461715013 0.866725981 -0.182561994 -0.458296001 0.869808018 -0.287941992 -0.448774993 0.845973015 0.234077007 -0.446485996 0.863613009 0.144078001 -0.455641001 0.878413975 0.141086996 -0.451155007 0.881191015 -0.182561994 0.458296001 0.869808018 -0.00747699989 0.445661992 0.895138025 -0.018677 0.451216012 0.892177999 -0.00747699989 0.445661992 0.895138025 0.144078001 0.455641001 0.878413975 0.141086996 0.451155007 0.881191015 -0.188512996 0.461715013 0.866725981 -0.254402012 0.446089 0.858027995 -0.282021999 0.43769601 0.853725016 0.236183003 0.451368988 0.860499978 0.256630003 0.441877007 0.859553993 0.141086996 0.451155007 0.881191015 0.299080998 0.444043994 0.844600022 0.256630003 0.441877007 0.859553993 0.236183003 0.451368988 0.860499978 0.254615992 0.460280001 0.85045898 0.299080998 0.444043994 0.844600022 0.236183003 0.451368988 0.860499978 0.246558994 0.465620995 0.849910021 0.254615992 0.460280001 0.85045898 0.236183003 0.451368988 0.860499978 -0.282021999 0.43769601 0.853725016 -0.254402012 0.446089 0.858027995 -0.279610991 0.442517996 0.852046013 -0.282021999 0.43769601 0.853725016 -0.279610991 0.442517996 0.852046013 -0.317910999 0.421460986 0.849268973 -0.282021999 0.43769601 0.853725016 -0.317910999 0.421460986 0.849268973 -0.421582997 0.340068012 0.840570986 0.274300009 -0.443159014 0.853420019 0.234077007 -0.446485996 0.863613009 0.249305993 -0.45085001 0.857051015 0.299782991 -0.453597009 0.839259028 0.274300009 -0.443159014 0.853420019 0.249305993 -0.45085001 0.857051015 0.328592986 -0.478377998 0.814324975 0.299782991 -0.453597009 0.839259028 0.249305993 -0.45085001 0.857051015 -0.259559989 -0.437085986 0.861141026 -0.287941992 -0.448774993 0.845973015 -0.319314986 -0.428175002 0.845363021 -0.259559989 -0.437085986 0.861141026 -0.319314986 -0.428175002 0.845363021 -0.230598003 -0.400281012 0.886868 -0.259559989 -0.437085986 0.861141026 -0.230598003 -0.400281012 0.886868 -0.263924003 -0.426191002 0.865230024 -0.00747699989 -0.445661992 0.895138025 -0.182561994 -0.458296001 0.869808018 -0.018677 -0.451216012 0.892177999 0.144078001 -0.455641001 0.878413975 -0.00747699989 -0.445661992 0.895138025 0.141086996 -0.451155007 0.881191015 -0.259559989 -0.437085986 0.861141026 -0.188512996 -0.461715013 0.866725981 -0.287941992 -0.448774993 0.845973015 0.249305993 -0.45085001 0.857051015 0.234077007 -0.446485996 0.863613009 0.141086996 -0.451155007 0.881191015 -0.188512996 0.461715013 0.866725981 -0.182561994 0.458296001 0.869808018 -0.018677 0.451216012 0.892177999 -0.018677 0.451216012 0.892177999 -0.00747699989 0.445661992 0.895138025 0.141086996 0.451155007 0.881191015 -0.182561994 0.458296001 0.869808018 -0.188512996 0.461715013 0.866725981 -0.282021999 0.43769601 0.853725016 0.144078001 0.455641001 0.878413975 0.236183003 0.451368988 0.860499978 0.141086996 0.451155007 0.881191015 </float_array>
          <technique_common>
            <accessor count="84" offset="0" source="#head_speaker_tex-normals-array" stride="3">
              <param name="X" type="float" />
              <param name="Y" type="float" />
              <param name="Z" type="float" />
            </accessor>
          </technique_common>
        </source>
        <source id="head_speaker_tex-tex0" name="head_speaker_tex-tex0">
          <float_array id="head_speaker_tex-tex0-array" count="168"> 0.236984998 0.888624012 0.238356993 0.0380100012 0.474819005 0.048725009 0.487347007 0.909083009 0.474819005 0.048725009 0.706071973 0.0275989771 0.238356993 0.0380100012 0.236984998 0.888624012 0.0729509965 0.823698997 0.92918402 0.782100022 0.722818971 0.88351202 0.706071973 0.0275989771 0.236855 0.153517008 0.487248987 0.136749029 0.474718004 0.84196502 0.487248987 0.136749029 0.722750008 0.157711029 0.706000984 0.859284997 0.238226995 0.850746989 0.0840760022 0.881902993 0.0728010014 0.206735015 0.929141998 0.240837991 0.914847016 0.881910026 0.706000984 0.859284997 0.972503006 0.832697034 0.914847016 0.881910026 0.929141998 0.240837991 1 0.628790975 0.972503006 0.832697034 0.929141998 0.240837991 0.981673002 0.390491009 1 0.628790975 0.929141998 0.240837991 0.0728010014 0.206735015 0.0840760022 0.881902993 0.0303070005 0.806967974 0.0728010014 0.206735015 0.0303070005 0.806967974 0 0.594238997 0.0728010014 0.206735015 0 0.594238997 0.00866600033 0.384921014 0.981682003 0.599404991 0.92918402 0.782100022 0.914891005 1.01327896e-06 1 0.308677018 0.981682003 0.599404991 0.914891005 1.01327896e-06 0.972553015 0.0598300099 1 0.308677018 0.914891005 1.01327896e-06 0.0842259973 0 0.0729509965 0.823698997 0.00900300033 0.605473995 0.0842259973 0 0.00900300033 0.605473995 0 0.350295007 0.0842259973 0 0 0.350295007 0.0304170009 0.0909780264 0.487347007 0.909083009 0.236984998 0.888624012 0.474819005 0.048725009 0.722818971 0.88351202 0.487347007 0.909083009 0.706071973 0.0275989771 0.0842259973 0 0.238356993 0.0380100012 0.0729509965 0.823698997 0.914891005 1.01327896e-06 0.92918402 0.782100022 0.706071973 0.0275989771 0.238226995 0.850746989 0.236855 0.153517008 0.474718004 0.84196502 0.474718004 0.84196502 0.487248987 0.136749029 0.706000984 0.859284997 0.236855 0.153517008 0.238226995 0.850746989 0.0728010014 0.206735015 0.722750008 0.157711029 0.929141998 0.240837991 0.706000984 0.859284997 </float_array>
          <technique_common>
            <accessor count="84" offset="0" source="#head_speaker_tex-tex0-array" stride="2">
              <param name="S" type="float" />
              <param name="T" type="float" />
            </accessor>
          </technique_common>
        </source>
        <vertices id="head_speaker_tex-vertices">
          <input semantic="POSITION" source="#head_speaker_tex-positions" />
        </vertices>
        <polylist count="28" material="defaultMaterial">
          <input offset="0" semantic="VERTEX" source="#head_speaker_tex-vertices" />
          <input offset="0" semantic="NORMAL" source="#head_speaker_tex-normals" />
          <input offset="0" semantic="TEXCOORD" source="#head_speaker_tex-tex0" set="0" />
          <vcount>3 3 3 3 3 3 3 3 3 3 3 3 3 3 3 3 3 3 3 3 3 3 3 3 3 3 3 3 </vcount>
          <p>0 1 2 3 4 5 6 7 8 9 10 11 12 13 14 15 16 17 18 19 20 21 22 23 24 25 26 27 28 29 30 31 32 33 34 35 36 37 38 39 40 41 42 43 44 45 46 47 48 49 50 51 52 53 54 55 56 57 58 59 60 61 62 63 64 65 66 67 68 69 70 71 72 73 74 75 76 77 78 79 80 81 82 83 </p>
        </polylist>
      </mesh>
    </geometry>
  </library_geometries>
  <library_controllers>
  </library_controllers>
  <library_visual_scenes>
    <visual_scene id="Scene" name="Scene">
      <node id="node" name="" type="NODE">
        <matrix sid="matrix">1 0 0 0 0 1 0 0 0 0 1 0 0 0 0 1</matrix>
        <instance_geometry url="#ear_tex">
          <bind_material>
            <technique_common>
              <instance_material symbol="defaultMaterial" target="#DefaultMaterial">
                <bind_vertex_input semantic="CHANNEL0" input_semantic="TEXCOORD" input_set="0"/>
              </instance_material>
            </technique_common>
          </bind_material>
        </instance_geometry>
        <instance_geometry url="#face_tex">
          <bind_material>
            <technique_common>
              <instance_material symbol="defaultMaterial" target="#DefaultMaterial">
                <bind_vertex_input semantic="CHANNEL0" input_semantic="TEXCOORD" input_set="0"/>
              </instance_material>
            </technique_common>
          </bind_material>
        </instance_geometry>
        <instance_geometry url="#milky_white">
          <bind_material>
            <technique_common>
              <instance_material symbol="defaultMaterial" target="#DefaultMaterial">
                <bind_vertex_input semantic="CHANNEL0" input_semantic="TEXCOORD" input_set="0"/>
              </instance_material>
            </technique_common>
          </bind_material>
        </instance_geometry>
        <instance_geometry url="#shiny_white">
          <bind_material>
            <technique_common>
              <instance_material symbol="defaultMaterial" target="#DefaultMaterial">
                <bind_vertex_input semantic="CHANNEL0" input_semantic="TEXCOORD" input_set="0"/>
              </instance_material>
            </technique_common>
          </bind_material>
        </instance_geometry>
        <instance_geometry url="#head_speaker_tex">
          <bind_material>
            <technique_common>
              <instance_material symbol="defaultMaterial" target="#DefaultMaterial">
                <bind_vertex_input semantic="CHANNEL0" input_semantic="TEXCOORD" input_set="0"/>
              </instance_material>
            </technique_common>
          </bind_material>
        </instance_geometry>
      </node>
    </visual_scene>
  </library_visual_scenes>
  <scene>
    <instance_visual_scene url="#Scene" />
  </scene>
</COLLADA>
