<?xml version="1.0" encoding="UTF-8" standalone="no" ?>
<COLLADA xmlns="http://www.collada.org/2005/11/COLLADASchema" version="1.4.1">
  <asset>
    <contributor>
      <author>Assimp</author>
      <authoring_tool>Assimp Exporter</authoring_tool>
    </contributor>
    <created>2026-09-22T12:48:02</created>
    <modified>2026-09-22T12:48:02</modified>
    <unit name="meter" meter="1" />
    <up_axis>Y_UP</up_axis>
  </asset>
  <library_images>
  </library_images>
  <library_effects>
    <effect id="DefaultMaterial-fx" name="DefaultMaterial">
      <profile_COMMON>
        <technique sid="standard">
          <phong>
            <diffuse>
              <color sid="diffuse">0.600000024   0.600000024   0.600000024   1</color>
            </diffuse>
          </phong>
        </technique>
      </profile_COMMON>
    </effect>
  </library_effects>
  <library_materials>
    <material id="DefaultMaterial" name="DefaultMaterial">
      <instance_effect url="#DefaultMaterial-fx"/>
    </material>
  </library_materials>
  <library_geometries>
    <geometry id="milky_white" name="milky_white" >
      <mesh>
        <source id="milky_white-positions" name="milky_white-positions">
          <float_array id="milky_white-positions-array" count="1188"> -0.063414 -0.0706859976 0.0355309993 -0.0635220036 -0.0699469969 0.0272770002 -0.0735850036 -0.0661730021 0.0206640009 -0.063414 -0.0706859976 0.0355309993 -0.029941 -0.0823810026 0.0494939983 -0.0300489999 -0.0840869993 0.0412410013 -0.029941 -0.0823810026 0.0494939983 -3.9999999e-05 -0.0860280022 0.0526859984 -0.000148000006 -0.0882949978 0.0444319993 0.0311060008 -0.0827639997 0.0488790013 0.0309980009 -0.0836080015 0.0406249985 -0.000148000006 -0.0882949978 0.0444319993 0.0579739995 -0.0735680014 0.039322 0.0566830002 -0.0727410018 0.0310689993 0.0309980009 -0.0836080015 0.0406249985 0.0579739995 -0.0735680014 0.039322 0.0815899968 -0.0567290001 0.0211670008 0.0740740001 -0.0639730021 0.0204070006 0.0815899968 -0.0567290001 0.0211670008 0.0791869983 -0.0535809994 0.0204240009 0.0716710016 -0.0608250014 0.0203050002 -0.0793789998 -0.0570559986 0.020761 -0.0818279982 -0.0582149997 0.0207829997 -0.0735850036 -0.0661730021 0.0206640009 -0.0735850036 0.0656990036 0.0206640009 -0.0635220036 0.0694729984 0.0272770002 -0.063414 0.0702129975 0.0355309993 -0.063414 0.0702129975 0.0355309993 -0.0635220036 0.0694729984 0.0272770002 -0.0300489999 0.0836139992 0.0412410013 -0.029941 0.0819069967 0.0494939983 -0.0300489999 0.0836139992 0.0412410013 -0.000148000006 0.0878219977 0.0444319993 -0.000148000006 0.0878219977 0.0444319993 0.0309980009 0.0831350014 0.0406249985 0.0311060008 0.0822909996 0.0488790013 0.0309980009 0.0831350014 0.0406249985 0.0566830002 0.0722680017 0.0310689993 0.0579739995 0.0730950013 0.039322 0.0579739995 0.0730950013 0.039322 0.0566830002 0.0722680017 0.0310689993 0.0740740001 0.063500002 0.0204070006 0.0815899968 0.056256 0.0211670008 0.0740740001 0.063500002 0.0204070006 0.0716710016 0.0603509992 0.0203050002 -0.0793789998 0.0565820001 0.020761 -0.0723759979 0.0645399988 0.0206419993 -0.0735850036 0.0656990036 0.0206640009 -0.0612200014 -0.0403570011 -0.237779006 -0.0623890013 -0.0151829999 -0.237372994 -0.0603450015 -0.015048 -0.238058999 -0.0603450015 0.0145749999 -0.238058999 -0.0623890013 0.0147099998 -0.237372994 -0.0612200014 0.039884001 -0.237779006 0.0674720034 0.0307410005 -0.249434993 0.0692270026 0.0111950003 -0.249727994 0.0671959966 0.010915 -0.250059009 0.0671959966 -0.0113890003 -0.250059009 0.0692270026 -0.0116680004 -0.249727994 0.0674720034 -0.0312150009 -0.249434993 -3.9999999e-05 -0.0860280022 0.0526859984 -0.0185620002 -0.0717179999 0.0680359975 -0.029941 -0.0823810026 0.0494939983 0.0311060008 -0.0827639997 0.0488790013 0.0185620002 -0.0717179999 0.0680359975 -3.9999999e-05 -0.0860280022 0.0526859984 -0.0185620002 -0.0717179999 0.0680359975 0 -0.0717179999 0.0704789981 0 -0.0507120006 0.0865980014 -0.0439179987 -0.0507120006 0.0748300031 -0.0358589999 -0.0717179999 0.0608710013 -0.0185620002 -0.0717179999 0.0680359975 -0.0507120006 -0.0717179999 0.0494740009 -0.0358589999 -0.0717179999 0.0608710013 -0.0439179987 -0.0507120006 0.0748300031 -0.062109001 -0.0507120006 0.0608710013 -0.076067999 -0.0507120006 0.042679999 -0.063414 -0.0706859976 0.0355309993 -0.0818279982 -0.0582149997 0.0207829997 -0.063414 -0.0706859976 0.0355309993 -0.076067999 -0.0507120006 0.042679999 0.076067999 -0.0507120006 0.042679999 0.0579739995 -0.0735680014 0.039322 0.0815899968 -0.0567290001 0.0211670008 0.062109001 -0.0507120006 0.0608710013 0.0507120006 -0.0717179999 0.0494740009 0.0579739995 -0.0735680014 0.039322 0.0358589999 -0.0717179999 0.0608710013 0.0507120006 -0.0717179999 0.0494740009 0.062109001 -0.0507120006 0.0608710013 0.0227339994 -0.0507120006 0.0836049989 0.0185620002 -0.0717179999 0.0680359975 0.0358589999 -0.0717179999 0.0608710013 0 -0.0717179999 0.0704789981 0.0185620002 -0.0717179999 0.0680359975 0.0227339994 -0.0507120006 0.0836049989 0.0878359973 -0.0507120006 -0.001238 0.0848430023 -0.0507120006 0.0214949995 0.0815899968 -0.0567290001 0.0211670008 -0.0818279982 -0.0582149997 0.0207829997 -0.0848430023 -0.0507120006 0.0214949995 -0.0878359973 -0.0507120006 -0.001238 0.0507120006 -0.0717179999 0.0494740009 0.0358589999 -0.0717179999 0.0608710013 0.0311060008 -0.0827639997 0.0488790013 0.0311060008 -0.0827639997 0.0488790013 0.0358589999 -0.0717179999 0.0608710013 0.0185620002 -0.0717179999 0.0680359975 0.0185620002 -0.0717179999 0.0680359975 0 -0.0717179999 0.0704789981 -3.9999999e-05 -0.0860280022 0.0526859984 -3.9999999e-05 -0.0860280022 0.0526859984 0 -0.0717179999 0.0704789981 -0.0185620002 -0.0717179999 0.0680359975 -0.0185620002 -0.0717179999 0.0680359975 -0.0358589999 -0.0717179999 0.0608710013 -0.029941 -0.0823810026 0.0494939983 0.0579739995 -0.0735680014 0.039322 0.0507120006 -0.0717179999 0.0494740009 0.0311060008 -0.0827639997 0.0488790013 -0.029941 -0.0823810026 0.0494939983 -0.0507120006 -0.0717179999 0.0494740009 -0.063414 -0.0706859976 0.0355309993 -0.029941 -0.0823810026 0.0494939983 -0.0358589999 -0.0717179999 0.0608710013 -0.0507120006 -0.0717179999 0.0494740009 -3.9999999e-05 0.0860280022 0.0526859984 -0.029941 0.0823810026 0.0494939983 -0.0185620002 0.0717179999 0.0680359975 0.0311060008 0.0827639997 0.0488790013 -3.9999999e-05 0.0860280022 0.0526859984 0.0185620002 0.0717179999 0.0680359975 0 0.0507120006 0.0865980014 0 0.0717179999 0.0704789981 -0.0185620002 0.0717179999 0.0680359975 -0.0439179987 0.0507120006 0.0748300031 -0.0227339994 0.0507120006 0.0836049989 -0.0185620002 0.0717179999 0.0680359975 -0.0439179987 0.0507120006 0.0748300031 -0.0358589999 0.0717179999 0.0608710013 -0.0507120006 0.0717179999 0.0494740009 -0.063414 0.0706859976 0.0355309993 -0.076067999 0.0507120006 0.042679999 -0.062109001 0.0507120006 0.0608710013 -0.076067999 0.0507120006 0.042679999 -0.063414 0.0706859976 0.0355309993 -0.0818279982 0.0582149997 0.0207829997 0.076067999 0.0507120006 0.042679999 0.0848430023 0.0507120006 0.0214949995 0.0815899968 0.0567290001 0.0211670008 0.062109001 0.0507120006 0.0608710013 0.076067999 0.0507120006 0.042679999 0.0579739995 0.0735680014 0.039322 0.062109001 0.0507120006 0.0608710013 0.0507120006 0.0717179999 0.0494740009 0.0358589999 0.0717179999 0.0608710013 0.0227339994 0.0507120006 0.0836049989 0.0439179987 0.0507120006 0.0748300031 0.0358589999 0.0717179999 0.0608710013 0.0227339994 0.0507120006 0.0836049989 0.0185620002 0.0717179999 0.0680359975 0 0.0717179999 0.0704789981 0.0878359973 0.0507120006 -0.001238 0.0815899968 0.0567290001 0.0211670008 0.0848430023 0.0507120006 0.0214949995 -0.0818279982 0.0582149997 0.0207829997 -0.0878359973 0.0507120006 -0.001238 -0.0848430023 0.0507120006 0.0214949995 0.0507120006 0.0717179999 0.0494740009 0.0311060008 0.0827639997 0.0488790013 0.0358589999 0.0717179999 0.0608710013 0.0311060008 0.0827639997 0.0488790013 0.0185620002 0.0717179999 0.0680359975 0.0358589999 0.0717179999 0.0608710013 0.0185620002 0.0717179999 0.0680359975 -3.9999999e-05 0.0860280022 0.0526859984 0 0.0717179999 0.0704789981 -3.9999999e-05 0.0860280022 0.0526859984 -0.0185620002 0.0717179999 0.0680359975 0 0.0717179999 0.0704789981 -0.0185620002 0.0717179999 0.0680359975 -0.029941 0.0823810026 0.0494939983 -0.0358589999 0.0717179999 0.0608710013 0.0579739995 0.0735680014 0.039322 0.0311060008 0.0827639997 0.0488790013 0.0507120006 0.0717179999 0.0494740009 -0.029941 0.0823810026 0.0494939983 -0.063414 0.0706859976 0.0355309993 -0.0507120006 0.0717179999 0.0494740009 -0.029941 0.0823810026 0.0494939983 -0.0507120006 0.0717179999 0.0494740009 -0.0358589999 0.0717179999 0.0608710013 -0.0848430023 -0.0507120006 0.0214949995 0.0848430023 -0.0507120006 0.0214949995 0.0878359973 -0.0507120006 -0.001238 0.076067999 -0.0507120006 0.042679999 0.0848430023 -0.0507120006 0.0214949995 -0.0848430023 -0.0507120006 0.0214949995 -0.062109001 -0.0507120006 0.0608710013 0.062109001 -0.0507120006 0.0608710013 0.076067999 -0.0507120006 0.042679999 -0.0439179987 -0.0507120006 0.0748300031 0.0439179987 -0.0507120006 0.0748300031 0.062109001 -0.0507120006 0.0608710013 0.0227339994 -0.0507120006 0.0836049989 0.0439179987 -0.0507120006 0.0748300031 -0.0439179987 -0.0507120006 0.0748300031 0.0227339994 -0.0507120006 0.0836049989 -0.0227339994 -0.0507120006 0.0836049989 0 -0.0507120006 0.0865980014 -0.0848430023 0.0507120006 0.0214949995 -0.0878359973 0.0507120006 -0.001238 0.0878359973 0.0507120006 -0.001238 -0.076067999 0.0507120006 0.042679999 -0.0848430023 0.0507120006 0.0214949995 0.0848430023 0.0507120006 0.0214949995 0.076067999 0.0507120006 0.042679999 0.062109001 0.0507120006 0.0608710013 -0.062109001 0.0507120006 0.0608710013 -0.0439179987 0.0507120006 0.0748300031 -0.062109001 0.0507120006 0.0608710013 0.062109001 0.0507120006 0.0608710013 0.0439179987 0.0507120006 0.0748300031 0.0227339994 0.0507120006 0.0836049989 -0.0227339994 0.0507120006 0.0836049989 0 0.0507120006 0.0865980014 -0.0227339994 0.0507120006 0.0836049989 0.0227339994 0.0507120006 0.0836049989 -0.0878359973 -0.0507120006 -0.001238 0.0878359973 -0.0507120006 -0.001238 0.0878359973 0.0507120006 -0.001238 -0.0878359973 0.0507120006 -0.001238 -0.0878359973 0.0507120006 -0.001238 -0.0878359973 -0.0507120006 -0.001238 -0.0878359973 0.0507120006 -0.001238 -0.0878359973 0.0507120006 -0.001238 -0.0878359973 -0.0507120006 -0.001238 -0.0878359973 -0.0507120006 -0.001238 -0.0878359973 0.0507120006 -0.001238 -0.0988899991 0.0198219996 -0.0201149993 0.100487001 0.01009 -0.0115700001 0.0878359973 0.0507120006 -0.001238 0.0878359973 -0.0507120006 -0.001238 -0.0818279982 -0.0582149997 0.0207829997 -0.063414 -0.0706859976 0.0355309993 -0.0735850036 -0.0661730021 0.0206640009 -0.0635220036 -0.0699469969 0.0272770002 -0.063414 -0.0706859976 0.0355309993 -0.0300489999 -0.0840869993 0.0412410013 -0.0300489999 -0.0840869993 0.0412410013 -0.029941 -0.0823810026 0.0494939983 -0.000148000006 -0.0882949978 0.0444319993 -3.9999999e-05 -0.0860280022 0.0526859984 0.0311060008 -0.0827639997 0.0488790013 -0.000148000006 -0.0882949978 0.0444319993 0.0311060008 -0.0827639997 0.0488790013 0.0579739995 -0.0735680014 0.039322 0.0309980009 -0.0836080015 0.0406249985 0.0566830002 -0.0727410018 0.0310689993 0.0579739995 -0.0735680014 0.039322 0.0740740001 -0.0639730021 0.0204070006 0.0740740001 -0.0639730021 0.0204070006 0.0815899968 -0.0567290001 0.0211670008 0.0716710016 -0.0608250014 0.0203050002 -0.0723759979 -0.0650129989 0.0206419993 -0.0793789998 -0.0570559986 0.020761 -0.0735850036 -0.0661730021 0.0206640009 -0.0818279982 0.0577419996 0.0207829997 -0.0735850036 0.0656990036 0.0206640009 -0.063414 0.0702129975 0.0355309993 -0.029941 0.0819069967 0.0494939983 -0.063414 0.0702129975 0.0355309993 -0.0300489999 0.0836139992 0.0412410013 -3.9999999e-05 0.0855550021 0.0526859984 -0.029941 0.0819069967 0.0494939983 -0.000148000006 0.0878219977 0.0444319993 -3.9999999e-05 0.0855550021 0.0526859984 -0.000148000006 0.0878219977 0.0444319993 0.0311060008 0.0822909996 0.0488790013 0.0311060008 0.0822909996 0.0488790013 0.0309980009 0.0831350014 0.0406249985 0.0579739995 0.0730950013 0.039322 0.0815899968 0.056256 0.0211670008 0.0579739995 0.0730950013 0.039322 0.0740740001 0.063500002 0.0204070006 0.0791869983 0.0531079993 0.0204240009 0.0815899968 0.056256 0.0211670008 0.0716710016 0.0603509992 0.0203050002 -0.0818279982 0.0577419996 0.0207829997 -0.0793789998 0.0565820001 0.020761 -0.0735850036 0.0656990036 0.0206640009 -0.0227339994 -0.0507120006 0.0836049989 -0.0185620002 -0.0717179999 0.0680359975 0 -0.0507120006 0.0865980014 -0.0227339994 -0.0507120006 0.0836049989 -0.0439179987 -0.0507120006 0.0748300031 -0.0185620002 -0.0717179999 0.0680359975 -0.062109001 -0.0507120006 0.0608710013 -0.0507120006 -0.0717179999 0.0494740009 -0.0439179987 -0.0507120006 0.0748300031 -0.0507120006 -0.0717179999 0.0494740009 -0.062109001 -0.0507120006 0.0608710013 -0.063414 -0.0706859976 0.0355309993 -0.0848430023 -0.0507120006 0.0214949995 -0.0818279982 -0.0582149997 0.0207829997 -0.076067999 -0.0507120006 0.042679999 0.0848430023 -0.0507120006 0.0214949995 0.076067999 -0.0507120006 0.042679999 0.0815899968 -0.0567290001 0.0211670008 0.076067999 -0.0507120006 0.042679999 0.062109001 -0.0507120006 0.0608710013 0.0579739995 -0.0735680014 0.039322 0.0439179987 -0.0507120006 0.0748300031 0.0358589999 -0.0717179999 0.0608710013 0.062109001 -0.0507120006 0.0608710013 0.0439179987 -0.0507120006 0.0748300031 0.0227339994 -0.0507120006 0.0836049989 0.0358589999 -0.0717179999 0.0608710013 0 -0.0507120006 0.0865980014 0 -0.0717179999 0.0704789981 0.0227339994 -0.0507120006 0.0836049989 -0.0227339994 0.0507120006 0.0836049989 0 0.0507120006 0.0865980014 -0.0185620002 0.0717179999 0.0680359975 -0.0358589999 0.0717179999 0.0608710013 -0.0439179987 0.0507120006 0.0748300031 -0.0185620002 0.0717179999 0.0680359975 -0.062109001 0.0507120006 0.0608710013 -0.0439179987 0.0507120006 0.0748300031 -0.0507120006 0.0717179999 0.0494740009 -0.0507120006 0.0717179999 0.0494740009 -0.063414 0.0706859976 0.0355309993 -0.062109001 0.0507120006 0.0608710013 -0.0848430023 0.0507120006 0.0214949995 -0.076067999 0.0507120006 0.042679999 -0.0818279982 0.0582149997 0.0207829997 0.0579739995 0.0735680014 0.039322 0.076067999 0.0507120006 0.042679999 0.0815899968 0.0567290001 0.0211670008 0.0507120006 0.0717179999 0.0494740009 0.062109001 0.0507120006 0.0608710013 0.0579739995 0.0735680014 0.039322 0.0439179987 0.0507120006 0.0748300031 0.062109001 0.0507120006 0.0608710013 0.0358589999 0.0717179999 0.0608710013 0.0185620002 0.0717179999 0.0680359975 0.0227339994 0.0507120006 0.0836049989 0.0358589999 0.0717179999 0.0608710013 0 0.0507120006 0.0865980014 0.0227339994 0.0507120006 0.0836049989 0 0.0717179999 0.0704789981 -0.0878359973 -0.0507120006 -0.001238 -0.0848430023 -0.0507120006 0.0214949995 0.0878359973 -0.0507120006 -0.001238 -0.076067999 -0.0507120006 0.042679999 0.076067999 -0.0507120006 0.042679999 -0.0848430023 -0.0507120006 0.0214949995 -0.076067999 -0.0507120006 0.042679999 -0.062109001 -0.0507120006 0.0608710013 0.076067999 -0.0507120006 0.042679999 -0.062109001 -0.0507120006 0.0608710013 -0.0439179987 -0.0507120006 0.0748300031 0.062109001 -0.0507120006 0.0608710013 -0.0227339994 -0.0507120006 0.0836049989 0.0227339994 -0.0507120006 0.0836049989 -0.0439179987 -0.0507120006 0.0748300031 0.0848430023 0.0507120006 0.0214949995 -0.0848430023 0.0507120006 0.0214949995 0.0878359973 0.0507120006 -0.001238 0.076067999 0.0507120006 0.042679999 -0.076067999 0.0507120006 0.042679999 0.0848430023 0.0507120006 0.0214949995 -0.076067999 0.0507120006 0.042679999 0.076067999 0.0507120006 0.042679999 -0.062109001 0.0507120006 0.0608710013 0.0439179987 0.0507120006 0.0748300031 -0.0439179987 0.0507120006 0.0748300031 0.062109001 0.0507120006 0.0608710013 -0.0439179987 0.0507120006 0.0748300031 0.0439179987 0.0507120006 0.0748300031 -0.0227339994 0.0507120006 0.0836049989 -0.0878359973 0.0507120006 -0.001238 -0.0878359973 -0.0507120006 -0.001238 0.0878359973 0.0507120006 -0.001238 -0.0878359973 -0.0507120006 -0.001238 -0.0878359973 0.0507120006 -0.001238 -0.0878359973 -0.0507120006 -0.001238 -0.0878359973 -0.0507120006 -0.001238 -0.0878359973 0.0507120006 -0.001238 -0.0878359973 -0.0507120006 -0.001238 -0.0988899991 -0.0220040008 -0.0201149993 -0.0878359973 -0.0507120006 -0.001238 -0.0988899991 0.0198219996 -0.0201149993 0.100487001 -0.0163049996 -0.0115700001 0.100487001 0.01009 -0.0115700001 0.0878359973 -0.0507120006 -0.001238 </float_array>
          <technique_common>
            <accessor count="396" offset="0" source="#milky_white-positions-array" stride="3">
              <param name="X" type="float" />
              <param name="Y" type="float" />
              <param name="Z" type="float" />
            </accessor>
          </technique_common>
        </source>
        <source id="milky_white-normals" name="milky_white-normals">
          <float_array id="milky_white-normals-array" count="1188"> 0.302816987 0.949588001 0.0811439976 0.302816987 0.949588001 0.0811439976 0.302816987 0.949588001 0.0811439976 0.393813014 0.89911902 -0.191040993 0.393813014 0.89911902 -0.191040993 0.393813014 0.89911902 -0.191040993 0.144492 0.953684986 -0.263832986 0.144492 0.953684986 -0.263832986 0.144492 0.953684986 -0.263832986 -0.159822002 0.982236981 -0.0983240008 -0.159822002 0.982236981 -0.0983240008 -0.159822002 0.982236981 -0.0983240008 -0.338845015 0.929423988 0.146134004 -0.338845015 0.929423988 0.146134004 -0.338845015 0.929423988 0.146134004 -0.668192983 0.714870989 -0.206099004 -0.668192983 0.714870989 -0.206099004 -0.668192983 0.714870989 -0.206099004 -0.12421 0.0928369984 0.987883985 -0.137700006 0.126652002 0.982330024 -0.0901819989 0.00872800034 0.995880008 0.0113829998 -0.00341799995 0.99990797 0.0108040003 -0.00378399994 0.99990797 0.016663 -6.09999988e-05 0.999846995 0.302816987 -0.949588001 0.0811429992 0.302816987 -0.949588001 0.0811429992 0.302816987 -0.949588001 0.0811429992 0.359932989 -0.929660022 0.0786089972 0.359932989 -0.929660022 0.0786089972 0.359932989 -0.929660022 0.0786089972 0.157585993 -0.966642976 -0.201912001 0.157585993 -0.966642976 -0.201912001 0.157585993 -0.966642976 -0.201912001 -0.159822002 -0.982236981 -0.0983230025 -0.159822002 -0.982236981 -0.0983230025 -0.159822002 -0.982236981 -0.0983230025 -0.338847011 -0.929423988 0.146127999 -0.338847011 -0.929423988 0.146127999 -0.338847011 -0.929423988 0.146127999 -0.370391995 -0.916719019 0.149789006 -0.370391995 -0.916719019 0.149789006 -0.370391995 -0.916719019 0.149789006 -0.12421 -0.0928369984 0.987883985 -0.0760520026 0.0255750008 0.996765018 -0.0901819989 -0.00872800034 0.995880008 0.0113829998 0.00341799995 0.99990797 0.01767 -0.000548999989 0.999817014 0.016663 6.09999988e-05 0.999846995 -0.376262993 0.00274699996 -0.926481009 -0.317910999 0.000487999991 -0.948118985 -0.174046993 0.0137329996 -0.984619021 -0.174078003 -0.0137329996 -0.984619021 -0.317910999 -0.000487999991 -0.94808799 -0.376231998 -0.00274699996 -0.926481009 0.338054001 0.0249029994 -0.94076401 0.156957 0.0288709998 -0.987182021 0.00146499998 -0.00918599963 -0.999939024 0.00149499997 0.00918599963 -0.999939024 0.156986997 -0.0288709998 -0.98715198 0.338054001 -0.0249029994 -0.94076401 -0.000365999993 -0.80163002 0.597796977 -0.183996007 -0.700124979 0.689871013 -0.284249008 -0.79677701 0.533188999 0.289894998 -0.780480027 0.553849995 0.183050007 -0.698903978 0.691335976 -0.000365999993 -0.80163002 0.597796977 -0.183996007 -0.700124979 0.689871013 3.09999996e-05 -0.694051981 0.719901025 0 -0.608753026 0.793329 -0.396649003 -0.608753026 0.687062979 -0.361979991 -0.688374996 0.628529012 -0.183996007 -0.700124979 0.689871013 -0.492873996 -0.721853971 0.485763013 -0.361979991 -0.688374996 0.628529012 -0.396649003 -0.608753026 0.687062979 -0.559617996 -0.602710009 0.568804026 -0.697897017 -0.565508008 0.439435989 -0.626576006 -0.638873994 0.446332991 -0.84868902 -0.445174009 0.285470009 -0.626576006 -0.638873994 0.446332991 -0.697897017 -0.565508008 0.439435989 0.695181012 -0.587359011 0.414319009 0.59740001 -0.651326001 0.467817992 0.814997017 -0.513442993 0.268563002 0.559862018 -0.600543022 0.570818007 0.489914 -0.68761301 0.535812974 0.59740001 -0.651326001 0.467817992 0.363384008 -0.68196702 0.634662986 0.489914 -0.68761301 0.535812974 0.559862018 -0.600543022 0.570818007 0.205329001 -0.608753026 0.76631999 0.183050007 -0.698903978 0.691335976 0.363384008 -0.68196702 0.634662986 3.09999996e-05 -0.694051981 0.719901025 0.183050007 -0.698903978 0.691335976 0.205329001 -0.608753026 0.76631999 0.871181011 -0.477308989 0.114689 0.85235101 -0.473037004 0.222876996 0.814997017 -0.513442993 0.268563002 -0.84868902 -0.445174009 0.285470009 -0.893094003 -0.381451011 0.238441005 -0.917080998 -0.379925013 0.120731004 0.489914 -0.68761301 0.535812974 0.363384008 -0.68196702 0.634662986 0.289894998 -0.780480027 0.553849995 0.289894998 -0.780480027 0.553849995 0.363384008 -0.68196702 0.634662986 0.183050007 -0.698903978 0.691335976 0.183050007 -0.698903978 0.691335976 3.09999996e-05 -0.694051981 0.719901025 -0.000365999993 -0.80163002 0.597796977 -0.000365999993 -0.80163002 0.597796977 3.09999996e-05 -0.694051981 0.719901025 -0.183996007 -0.700124979 0.689871013 -0.183996007 -0.700124979 0.689871013 -0.361979991 -0.688374996 0.628529012 -0.284249008 -0.79677701 0.533188999 0.59740001 -0.651326001 0.467817992 0.489914 -0.68761301 0.535812974 0.289894998 -0.780480027 0.553849995 -0.284249008 -0.79677701 0.533188999 -0.492873996 -0.721853971 0.485763013 -0.626576006 -0.638873994 0.446332991 -0.284249008 -0.79677701 0.533188999 -0.361979991 -0.688374996 0.628529012 -0.492873996 -0.721853971 0.485763013 -0.000365999993 0.80163002 0.597796977 -0.284249008 0.79677701 0.533188999 -0.183996007 0.700124979 0.689871013 0.289894998 0.780480027 0.553849995 -0.000365999993 0.80163002 0.597796977 0.183050007 0.698903978 0.691335976 0 0.608753026 0.793329 3.09999996e-05 0.694051981 0.719901025 -0.183996007 0.700124979 0.689871013 -0.396649003 0.608753026 0.687062979 -0.205329001 0.608753026 0.76631999 -0.183996007 0.700124979 0.689871013 -0.396649003 0.608753026 0.687062979 -0.361979991 0.688374996 0.628529012 -0.492873996 0.721853971 0.485763013 -0.626576006 0.638873994 0.446332991 -0.697897017 0.565508008 0.439435989 -0.559617996 0.602710009 0.568804026 -0.697897017 0.565508008 0.439435989 -0.626576006 0.638873994 0.446332991 -0.84868902 0.445174009 0.285470009 0.695181012 0.587359011 0.414319009 0.85235101 0.473037004 0.222876996 0.814997017 0.513442993 0.268563002 0.559862018 0.600543022 0.570818007 0.695181012 0.587359011 0.414319009 0.59740001 0.651326001 0.467817992 0.559862018 0.600543022 0.570818007 0.489914 0.68761301 0.535812974 0.363384008 0.68196702 0.634662986 0.205329001 0.608753026 0.76631999 0.396649003 0.608753026 0.687062979 0.363384008 0.68196702 0.634662986 0.205329001 0.608753026 0.76631999 0.183050007 0.698903978 0.691335976 3.09999996e-05 0.694051981 0.719901025 0.871181011 0.477308989 0.114689 0.814997017 0.513442993 0.268563002 0.85235101 0.473037004 0.222876996 -0.84868902 0.445174009 0.285470009 -0.917080998 0.379925013 0.120731004 -0.893094003 0.381451011 0.238441005 0.489914 0.68761301 0.535812974 0.289894998 0.780480027 0.553849995 0.363384008 0.68196702 0.634662986 0.289894998 0.780480027 0.553849995 0.183050007 0.698903978 0.691335976 0.363384008 0.68196702 0.634662986 0.183050007 0.698903978 0.691335976 -0.000365999993 0.80163002 0.597796977 3.09999996e-05 0.694051981 0.719901025 -0.000365999993 0.80163002 0.597796977 -0.183996007 0.700124979 0.689871013 3.09999996e-05 0.694051981 0.719901025 -0.183996007 0.700124979 0.689871013 -0.284249008 0.79677701 0.533188999 -0.361979991 0.688374996 0.628529012 0.59740001 0.651326001 0.467817992 0.289894998 0.780480027 0.553849995 0.489914 0.68761301 0.535812974 -0.284249008 0.79677701 0.533188999 -0.626576006 0.638873994 0.446332991 -0.492873996 0.721853971 0.485763013 -0.284249008 0.79677701 0.533188999 -0.492873996 0.721853971 0.485763013 -0.361979991 0.688374996 0.628529012 0 1 0 0 1 0 0 1 0 -0 1 -0 -0 1 -0 -0 1 -0 0 1 0 0 1 0 0 1 0 0 1 0 0 1 0 0 1 0 0 1 -0 0 1 -0 0 1 -0 -0 1 0 -0 1 0 -0 1 0 0 -1 0 0 -1 0 0 -1 0 0 -1 0 0 -1 0 0 -1 0 0 -1 0 0 -1 0 0 -1 0 0 -1 0 0 -1 0 0 -1 0 0 -1 0 0 -1 0 0 -1 0 0 -1 0 0 -1 0 0 -1 0 0 0 1 0 0 1 0 0 1 0 0 0 0 0 0 0 0 0 0 0 0 0 0 0 0 0 0 -0.86293602 0 0.505312979 -0.86293602 0 0.505312979 -0.86293602 0 0.505312979 0.63252902 -0 0.774537027 0.63252902 -0 0.774537027 0.63252902 -0 0.774537027 0.671157002 0.698974013 -0.246947005 0.671157002 0.698974013 -0.246947005 0.671157002 0.698974013 -0.246947005 0.359932005 0.929660976 0.0786089972 0.359932005 0.929660976 0.0786089972 0.359932005 0.929660976 0.0786089972 0.157585993 0.966643989 -0.201903999 0.157585993 0.966643989 -0.201903999 0.157585993 0.966643989 -0.201903999 -0.132098004 0.956279993 -0.260919988 -0.132098004 0.956279993 -0.260919988 -0.132098004 0.956279993 -0.260919988 -0.351204991 0.931897998 -0.0906689987 -0.351204991 0.931897998 -0.0906689987 -0.351204991 0.931897998 -0.0906689987 -0.370388001 0.916719019 0.149794996 -0.370388001 0.916719019 0.149794996 -0.370388001 0.916719019 0.149794996 -0.0760520026 -0.0255750008 0.996765018 -0.12421 0.0928369984 0.987883985 -0.0901819989 0.00872800034 0.995880008 0.01767 0.000548999989 0.999817014 0.0113829998 -0.00341799995 0.99990797 0.016663 -6.09999988e-05 0.999846995 0.671157002 -0.698975027 -0.246946007 0.671157002 -0.698975027 -0.246946007 0.671157002 -0.698975027 -0.246946007 0.393815011 -0.899116993 -0.191046998 0.393815011 -0.899116993 -0.191046998 0.393815011 -0.899116993 -0.191046998 0.144493997 -0.953683972 -0.263835013 0.144493997 -0.953683972 -0.263835013 0.144493997 -0.953683972 -0.263835013 -0.132098004 -0.95627898 -0.260922015 -0.132098004 -0.95627898 -0.260922015 -0.132098004 -0.95627898 -0.260922015 -0.351206988 -0.931897998 -0.0906680003 -0.351206988 -0.931897998 -0.0906680003 -0.351206988 -0.931897998 -0.0906680003 -0.668192983 -0.714870989 -0.206101 -0.668192983 -0.714870989 -0.206101 -0.668192983 -0.714870989 -0.206101 -0.137668997 -0.126652002 0.982330024 -0.12421 -0.0928369984 0.987883985 -0.0901819989 -0.00872800034 0.995880008 0.0108040003 0.00378399994 0.99990797 0.0113829998 0.00341799995 0.99990797 0.016663 6.09999988e-05 0.999846995 -0.205329001 -0.608753026 0.76631999 -0.183996007 -0.700124979 0.689871013 0 -0.608753026 0.793329 -0.205329001 -0.608753026 0.76631999 -0.396649003 -0.608753026 0.687062979 -0.183996007 -0.700124979 0.689871013 -0.559617996 -0.602710009 0.568804026 -0.492873996 -0.721853971 0.485763013 -0.396649003 -0.608753026 0.687062979 -0.492873996 -0.721853971 0.485763013 -0.559617996 -0.602710009 0.568804026 -0.626576006 -0.638873994 0.446332991 -0.893094003 -0.381451011 0.238441005 -0.84868902 -0.445174009 0.285470009 -0.697897017 -0.565508008 0.439435989 0.85235101 -0.473037004 0.222876996 0.695181012 -0.587359011 0.414319009 0.814997017 -0.513442993 0.268563002 0.695181012 -0.587359011 0.414319009 0.559862018 -0.600543022 0.570818007 0.59740001 -0.651326001 0.467817992 0.396649003 -0.608753026 0.687062979 0.363384008 -0.68196702 0.634662986 0.559862018 -0.600543022 0.570818007 0.396649003 -0.608753026 0.687062979 0.205329001 -0.608753026 0.76631999 0.363384008 -0.68196702 0.634662986 0 -0.608753026 0.793329 3.09999996e-05 -0.694051981 0.719901025 0.205329001 -0.608753026 0.76631999 -0.205329001 0.608753026 0.76631999 0 0.608753026 0.793329 -0.183996007 0.700124979 0.689871013 -0.361979991 0.688374996 0.628529012 -0.396649003 0.608753026 0.687062979 -0.183996007 0.700124979 0.689871013 -0.559617996 0.602710009 0.568804026 -0.396649003 0.608753026 0.687062979 -0.492873996 0.721853971 0.485763013 -0.492873996 0.721853971 0.485763013 -0.626576006 0.638873994 0.446332991 -0.559617996 0.602710009 0.568804026 -0.893094003 0.381451011 0.238441005 -0.697897017 0.565508008 0.439435989 -0.84868902 0.445174009 0.285470009 0.59740001 0.651326001 0.467817992 0.695181012 0.587359011 0.414319009 0.814997017 0.513442993 0.268563002 0.489914 0.68761301 0.535812974 0.559862018 0.600543022 0.570818007 0.59740001 0.651326001 0.467817992 0.396649003 0.608753026 0.687062979 0.559862018 0.600543022 0.570818007 0.363384008 0.68196702 0.634662986 0.183050007 0.698903978 0.691335976 0.205329001 0.608753026 0.76631999 0.363384008 0.68196702 0.634662986 0 0.608753026 0.793329 0.205329001 0.608753026 0.76631999 3.09999996e-05 0.694051981 0.719901025 0 1 0 0 1 0 0 1 0 0 1 -0 0 1 -0 0 1 -0 0 1 0 0 1 0 0 1 0 0 1 0 0 1 0 0 1 0 0 1 -0 0 1 -0 0 1 -0 0 -1 0 0 -1 0 0 -1 0 0 -1 0 0 -1 0 0 -1 0 -0 -1 -0 0 -1 0 0 -1 0 0 -1 0 0 -1 0 0 -1 0 -0 -1 -0 0 -1 0 0 -1 0 0 -0 1 0 0 1 0 0 1 0 0 0 0 0 0 0 0 0 0 0 0 0 0 0 0 0 0 -0.862935007 9.99999997e-07 0.505315006 -0.862935007 9.99999997e-07 0.505315006 -0.862935007 9.99999997e-07 0.505315006 0.632524014 1.99999999e-06 0.77454102 0.632524014 1.99999999e-06 0.77454102 0.632524014 1.99999999e-06 0.77454102 </float_array>
          <technique_common>
            <accessor count="396" offset="0" source="#milky_white-normals-array" stride="3">
              <param name="X" type="float" />
              <param name="Y" type="float" />
              <param name="Z" type="float" />
            </accessor>
          </technique_common>
        </source>
        <source id="milky_white-tex0" name="milky_white-tex0">
          <float_array id="milky_white-tex0-array" count="792"> 0.151269004 0.529914021 0.142033994 0.536136031 0.123457 0.523400009 0.151269004 0.529914021 0.206157997 0.551221013 0.201162994 0.561375976 0.206157997 0.551221013 0.253295004 0.558125973 0.252673 0.569866002 0.30290401 0.555714965 0.306654006 0.566444993 0.252673 0.569866002 0.348747998 0.54458797 0.355576009 0.553539991 0.306654006 0.566444993 0.348747998 0.54458797 0.398281008 0.522511005 0.388577014 0.536404967 0.398281008 0.522511005 0.403804004 0.525655031 0.394405007 0.538447022 0.112305 0.510089993 0.115217 0.507149994 0.123457 0.523400009 0.878332019 0.527570009 0.859623015 0.540093005 0.850454986 0.533767998 0.850454986 0.533767998 0.859623015 0.540093005 0.80023098 0.564678013 0.795346022 0.554466963 0.80023098 0.564678013 0.748640001 0.572607994 0.748640001 0.572607994 0.69472301 0.56853199 0.698592007 0.557829022 0.69472301 0.56853199 0.645951986 0.555182993 0.652863026 0.54626298 0.652863026 0.54626298 0.645951986 0.555182993 0.61303103 0.537905991 0.603408992 0.523977995 0.61303103 0.537905991 0.607172012 0.539905012 0.889625013 0.514385998 0.881011009 0.528028965 0.878332019 0.527570009 0.165023997 0.600790977 0.166291997 0.631250978 0.163682997 0.631375015 0.163530007 0.667024016 0.166137993 0.667171001 0.164608002 0.697618008 0.00801100023 0.685887992 0.00599800004 0.662252009 0.00848599989 0.661947966 0.0086009996 0.635120034 0.00611500023 0.63479501 0.00833099987 0.611176014 0 0.833333015 0.0416669995 0.75 0.0833330005 0.833333015 0.916666985 0.791666985 0.958333015 0.75 1 0.833333015 0.0416669995 0.75 0 0.75 0 0.666666985 0.0833330005 0.666666985 0.0833330005 0.75 0.0416669995 0.75 0.125 0.75 0.0833330005 0.75 0.0833330005 0.666666985 0.125 0.666666985 0.166666999 0.666666985 0.145833001 0.75 0.208333001 0.75 0.145833001 0.75 0.166666999 0.666666985 0.833333015 0.666666985 0.833333015 0.75 0.791666985 0.75 0.875 0.666666985 0.875 0.75 0.833333015 0.75 0.916666985 0.75 0.875 0.75 0.875 0.666666985 0.958333015 0.666666985 0.958333015 0.75 0.916666985 0.75 1 0.75 0.958333015 0.75 0.958333015 0.666666985 0.75 0.666666985 0.791666985 0.666666985 0.791666985 0.75 0.208333001 0.75 0.208333001 0.666666985 0.25 0.666666985 0.875 0.75 0.916666985 0.75 0.916666985 0.791666985 0.916666985 0.791666985 0.916666985 0.75 0.958333015 0.75 0.958333015 0.75 1 0.75 1 0.833333015 0 0.833333015 0 0.75 0.0416669995 0.75 0.0416669995 0.75 0.0833330005 0.75 0.0833330005 0.833333015 0.833333015 0.75 0.875 0.75 0.916666985 0.791666985 0.0833330005 0.833333015 0.125 0.75 0.145833001 0.75 0.0833330005 0.833333015 0.0833330005 0.75 0.125 0.75 0 0.833333015 0.0833330005 0.833333015 0.0416669995 0.75 0.916666985 0.791666985 1 0.833333015 0.958333015 0.75 0 0.666666985 0 0.75 0.0416669995 0.75 0.0833330005 0.666666985 0.0416669995 0.666666985 0.0416669995 0.75 0.0833330005 0.666666985 0.0833330005 0.75 0.125 0.75 0.145833001 0.75 0.166666999 0.666666985 0.125 0.666666985 0.166666999 0.666666985 0.145833001 0.75 0.208333001 0.75 0.833333015 0.666666985 0.791666985 0.666666985 0.791666985 0.75 0.875 0.666666985 0.833333015 0.666666985 0.833333015 0.75 0.875 0.666666985 0.875 0.75 0.916666985 0.75 0.958333015 0.666666985 0.916666985 0.666666985 0.916666985 0.75 0.958333015 0.666666985 0.958333015 0.75 1 0.75 0.75 0.666666985 0.791666985 0.75 0.791666985 0.666666985 0.208333001 0.75 0.25 0.666666985 0.208333001 0.666666985 0.875 0.75 0.916666985 0.791666985 0.916666985 0.75 0.916666985 0.791666985 0.958333015 0.75 0.916666985 0.75 0.958333015 0.75 1 0.833333015 1 0.75 0 0.833333015 0.0416669995 0.75 0 0.75 0.0416669995 0.75 0.0833330005 0.833333015 0.0833330005 0.75 0.833333015 0.75 0.916666985 0.791666985 0.875 0.75 0.0833330005 0.833333015 0.145833001 0.75 0.125 0.75 0.0833330005 0.833333015 0.125 0.75 0.0833330005 0.75 0 0 0.75 0.666666985 0 0 0.791666985 0.666666985 0 0 0.166666999 0.666666985 0 0 0.833333015 0.666666985 0 0 0 0 0.875 0.666666985 0 0 0.916666985 0.666666985 0 0 0.0416669995 0.666666985 0 0 0 0.666666985 0.958333015 0.666666985 0.25 0.666666985 0 0 0.791666985 0.666666985 0.208333001 0.666666985 0 0 0.833333015 0.666666985 0.875 0.666666985 0 0 0.166666999 0.666666985 0.125 0.666666985 0 0 0.916666985 0.666666985 0.958333015 0.666666985 0 0 0.0833330005 0.666666985 0 0 0 0 1 0.666666985 0 0 0 0 0 0 0 0 0 0 0 0 0 0 0 0 0 0 0 0 0 0 0 0 0 0 0 0 0 0 0.115217 0.507149994 0.151269004 0.529914021 0.123457 0.523400009 0.142033994 0.536136031 0.151269004 0.529914021 0.201162994 0.561375976 0.201162994 0.561375976 0.206157997 0.551221013 0.252673 0.569866002 0.253295004 0.558125973 0.30290401 0.555714965 0.252673 0.569866002 0.30290401 0.555714965 0.348747998 0.54458797 0.306654006 0.566444993 0.355576009 0.553539991 0.348747998 0.54458797 0.388577014 0.536404967 0.388577014 0.536404967 0.398281008 0.522511005 0.394405007 0.538447022 0.120771997 0.52382803 0.112305 0.510089993 0.123457 0.523400009 0.886748016 0.511413991 0.878332019 0.527570009 0.850454986 0.533767998 0.795346022 0.554466963 0.850454986 0.533767998 0.80023098 0.564678013 0.748152018 0.560868025 0.795346022 0.554466963 0.748640001 0.572607994 0.748152018 0.560868025 0.748640001 0.572607994 0.698592007 0.557829022 0.698592007 0.557829022 0.69472301 0.56853199 0.652863026 0.54626298 0.603408992 0.523977995 0.652863026 0.54626298 0.61303103 0.537905991 0.597856998 0.527006984 0.603408992 0.523977995 0.607172012 0.539905012 0.886748016 0.511413991 0.889625013 0.514385998 0.878332019 0.527570009 0.0416669995 0.666666985 0.0416669995 0.75 0 0.666666985 0.0416669995 0.666666985 0.0833330005 0.666666985 0.0416669995 0.75 0.125 0.666666985 0.125 0.75 0.0833330005 0.666666985 0.125 0.75 0.125 0.666666985 0.145833001 0.75 0.208333001 0.666666985 0.208333001 0.75 0.166666999 0.666666985 0.791666985 0.666666985 0.833333015 0.666666985 0.791666985 0.75 0.833333015 0.666666985 0.875 0.666666985 0.833333015 0.75 0.916666985 0.666666985 0.916666985 0.75 0.875 0.666666985 0.916666985 0.666666985 0.958333015 0.666666985 0.916666985 0.75 1 0.666666985 1 0.75 0.958333015 0.666666985 0.0416669995 0.666666985 0 0.666666985 0.0416669995 0.75 0.0833330005 0.75 0.0833330005 0.666666985 0.0416669995 0.75 0.125 0.666666985 0.0833330005 0.666666985 0.125 0.75 0.125 0.75 0.145833001 0.75 0.125 0.666666985 0.208333001 0.666666985 0.166666999 0.666666985 0.208333001 0.75 0.833333015 0.75 0.833333015 0.666666985 0.791666985 0.75 0.875 0.75 0.875 0.666666985 0.833333015 0.75 0.916666985 0.666666985 0.875 0.666666985 0.916666985 0.75 0.958333015 0.75 0.958333015 0.666666985 0.916666985 0.75 1 0.666666985 0.958333015 0.666666985 1 0.75 0.208333001 0.666666985 0 0 0 0 0 0 0.791666985 0.666666985 0.166666999 0.666666985 0.125 0.666666985 0 0 0 0 0.0833330005 0.666666985 0 0 0 0 0 0 0.916666985 0.666666985 0.0416669995 0.666666985 0 0 0.25 0.666666985 0.791666985 0.666666985 0 0 0.208333001 0.666666985 0.833333015 0.666666985 0 0 0.875 0.666666985 0.166666999 0.666666985 0 0 0.125 0.666666985 0.916666985 0.666666985 0 0 0.958333015 0.666666985 0.0833330005 0.666666985 0 0 0 0 0 0 0 0 0 0 0 0 0 0 0 0 0 0 0 0 0 0 0 0 0 0 0 0 0 0 </float_array>
          <technique_common>
            <accessor count="396" offset="0" source="#milky_white-tex0-array" stride="2">
              <param name="S" type="float" />
              <param name="T" type="float" />
            </accessor>
          </technique_common>
        </source>
        <vertices id="milky_white-vertices">
          <input semantic="POSITION" source="#milky_white-positions" />
        </vertices>
        <polylist count="132" material="defaultMaterial">
          <input offset="0" semantic="VERTEX" source="#milky_white-vertices" />
          <input offset="0" semantic="NORMAL" source="#milky_white-normals" />
          <input offset="0" semantic="TEXCOORD" source="#milky_white-tex0" set="0" />
          <vcount>3 3 3 3 3 3 3 3 3 3 3 3 3 3 3 3 3 3 3 3 3 3 3 3 3 3 3 3 3 3 3 3 3 3 3 3 3 3 3 3 3 3 3 3 3 3 3 3 3 3 3 3 3 3 3 3 3 3 3 3 3 3 3 3 3 3 3 3 3 3 3 3 3 3 3 3 3 3 3 3 3 3 3 3 3 3 3 3 3 3 3 3 3 3 3 3 3 3 3 3 3 3 3 3 3 3 3 3 3 3 3 3 3 3 3 3 3 3 3 3 3 3 3 3 3 3 3 3 3 3 3 3 </vcount>
          <p>0 1 2 3 4 5 6 7 8 9 10 11 12 13 14 15 16 17 18 19 20 21 22 23 24 25 26 27 28 29 30 31 32 33 34 35 36 37 38 39 40 41 42 43 44 45 46 47 48 49 50 51 52 53 54 55 56 57 58 59 60 61 62 63 64 65 66 67 68 69 70 71 72 73 74 75 76 77 78 79 80 81 82 83 84 85 86 87 88 89 90 91 92 93 94 95 96 97 98 99 100 101 102 103 104 105 106 107 108 109 110 111 112 113 114 115 116 117 118 119 120 121 122 123 124 125 126 127 128 129 130 131 132 133 134 135 136 137 138 139 140 141 142 143 144 145 146 147 148 149 150 151 152 153 154 155 156 157 158 159 160 161 162 163 164 165 166 167 168 169 170 171 172 173 174 175 176 177 178 179 180 181 182 183 184 185 186 187 188 189 190 191 192 193 194 195 196 197 198 199 200 201 202 203 204 205 206 207 208 209 210 211 212 213 214 215 216 217 218 219 220 221 222 223 224 225 226 227 228 229 230 231 232 233 234 235 236 237 238 239 240 241 242 243 244 245 246 247 248 249 250 251 252 253 254 255 256 257 258 259 260 261 262 263 264 265 266 267 268 269 270 271 272 273 274 275 276 277 278 279 280 281 282 283 284 285 286 287 288 289 290 291 292 293 294 295 296 297 298 299 300 301 302 303 304 305 306 307 308 309 310 311 312 313 314 315 316 317 318 319 320 321 322 323 324 325 326 327 328 329 330 331 332 333 334 335 336 337 338 339 340 341 342 343 344 345 346 347 348 349 350 351 352 353 354 355 356 357 358 359 360 361 362 363 364 365 366 367 368 369 370 371 372 373 374 375 376 377 378 379 380 381 382 383 384 385 386 387 388 389 390 391 392 393 394 395 </p>
        </polylist>
      </mesh>
    </geometry>
    <geometry id="shiny_white" name="shiny_white" >
      <mesh>
        <source id="shiny_white-positions" name="shiny_white-positions">
          <float_array id="shiny_white-positions-array" count="3996"> -0.0623890013 -0.0151829999 -0.237372994 -0.0612200014 -0.0403570011 -0.237779006 -0.0636330023 -0.0408950001 -0.197964996 -0.0405279994 -0.0834489986 -0.245866999 -0.0387680009 -0.0924730003 -0.198145002 -0.0571780019 -0.0672350004 -0.198210999 -0.0405279994 -0.0834489986 -0.245866999 -0.0180300009 -0.0968289971 -0.253556997 -0.0154499998 -0.105911002 -0.197796002 0.00301499991 -0.100334004 -0.257474005 0.0081249997 -0.108070001 -0.197420001 -0.0154499998 -0.105911002 -0.197796002 0.0241529997 -0.095521003 -0.257726014 0.0304739997 -0.102623001 -0.197419003 0.0081249997 -0.108070001 -0.197420001 0.0430710018 -0.083416 -0.25425899 0.0516709983 -0.0884070024 -0.197768003 0.0304739997 -0.102623001 -0.197419003 0.058699999 -0.0589959994 -0.251924008 0.0679970011 -0.0640470013 -0.197865993 0.0516709983 -0.0884070024 -0.197768003 0.0674720034 -0.0312150009 -0.249434993 0.0773039982 -0.0334360003 -0.197646007 0.0679970011 -0.0640470013 -0.197865993 0.0783170015 -0.0114529999 -0.197781995 0.0773039982 -0.0334360003 -0.197646007 0.0674720034 -0.0312150009 -0.249434993 -0.0632049963 -0.0151699996 -0.197313994 -0.0636330023 -0.0408950001 -0.197964996 -0.0701839998 -0.0429329984 -0.136390001 -0.0387680009 -0.0924730003 -0.198145002 -0.0422799997 -0.0987310037 -0.135841995 -0.0626320019 -0.0716440007 -0.136391997 -0.0154499998 -0.105911002 -0.197796002 -0.0162480008 -0.112834997 -0.135112002 -0.0422799997 -0.0987310037 -0.135841995 0.0081249997 -0.108070001 -0.197420001 0.0101610003 -0.114813 -0.134691998 -0.0162480008 -0.112834997 -0.135112002 0.0304739997 -0.102623001 -0.197419003 0.0349799991 -0.108240001 -0.134602994 0.0101610003 -0.114813 -0.134691998 0.0516709983 -0.0884070024 -0.197768003 0.0580770001 -0.0929329991 -0.134756997 0.0349799991 -0.108240001 -0.134602994 0.0679970011 -0.0640470013 -0.197865993 0.0765800029 -0.0677729994 -0.134946004 0.0580770001 -0.0929329991 -0.134756997 0.0773039982 -0.0334360003 -0.197646007 0.0876360014 -0.0355859995 -0.13493 0.0765800029 -0.0677729994 -0.134946004 0.088812001 -0.0113080004 -0.135096997 0.0876360014 -0.0355859995 -0.13493 0.0773039982 -0.0334360003 -0.197646007 -0.0701240003 -0.0146469995 -0.135006994 -0.0701839998 -0.0429329984 -0.136390001 -0.0842159986 -0.0462150015 -0.073958002 -0.0626320019 -0.0716440007 -0.136391997 -0.0422799997 -0.0987310037 -0.135841995 -0.0517049991 -0.100152001 -0.0725449994 -0.0422799997 -0.0987310037 -0.135841995 -0.0162480008 -0.112834997 -0.135112002 -0.0233859997 -0.115422003 -0.0719479993 -0.0162480008 -0.112834997 -0.135112002 0.0101610003 -0.114813 -0.134691998 0.00646100007 -0.119067997 -0.0718749985 0.0101610003 -0.114813 -0.134691998 0.0349799991 -0.108240001 -0.134602994 0.0354489982 -0.112618998 -0.0719230026 0.0349799991 -0.108240001 -0.134602994 0.0580770001 -0.0929329991 -0.134756997 0.0620910004 -0.0965270028 -0.0719690025 0.0765800029 -0.0677729994 -0.134946004 0.0836540014 -0.0706100017 -0.0721310005 0.0620910004 -0.0965270028 -0.0719690025 0.0876360014 -0.0355859995 -0.13493 0.0970730036 -0.0372469984 -0.0722429976 0.0836540014 -0.0706100017 -0.0721310005 0.0987090021 -0.0150669999 -0.0722189993 0.0970730036 -0.0372469984 -0.0722429976 0.0876360014 -0.0355859995 -0.13493 -0.0842159986 -0.0462150015 -0.073958002 -0.0905779973 -0.0484270006 -0.0443789996 -0.0975110009 -0.0240199994 -0.0439970009 -0.0743980035 -0.0731120035 -0.0734290034 -0.0517049991 -0.100152001 -0.0725449994 -0.0574170016 -0.0976980031 -0.0379760005 -0.0233859997 -0.115422003 -0.0719479993 -0.0293690003 -0.112288997 -0.0255210008 -0.0574170016 -0.0976980031 -0.0379760005 0.00646100007 -0.119067997 -0.0718749985 0.00193400006 -0.116070002 -0.0131970001 -0.0293690003 -0.112288997 -0.0255210008 0.00646100007 -0.119067997 -0.0718749985 0.0354489982 -0.112618998 -0.0719230026 0.0342039987 -0.110388003 -0.0132179996 0.0354489982 -0.112618998 -0.0719230026 0.0620910004 -0.0965270028 -0.0719690025 0.0631439984 -0.0956659988 -0.0255740006 0.0860439986 -0.0703700036 -0.0379629992 0.0631439984 -0.0956659988 -0.0255740006 0.0620910004 -0.0965270028 -0.0719690025 0.100382999 -0.0355000012 -0.0431240015 0.0860439986 -0.0703700036 -0.0379629992 0.0836540014 -0.0706100017 -0.0721310005 0.101782002 -0.0205269996 -0.0430199988 0.100382999 -0.0355000012 -0.0431240015 0.0970730036 -0.0372469984 -0.0722429976 -0.0917040035 -0.0466669984 0.00560300006 -0.0913800001 -0.0449469984 0.00581899984 -0.0986019969 -0.0276909992 -0.00496899989 -0.0636679977 -0.0876230001 0.00876499992 -0.0645209998 -0.0727759972 0.0364950001 -0.0834140033 -0.059533 0.0211110003 -0.0324280001 -0.103508003 0.0161860008 -0.0306480005 -0.084987998 0.0507280007 -0.0645209998 -0.0727759972 0.0364950001 0.000167999999 -0.108391002 0.0201169997 -8.09999983e-05 -0.0887359977 0.053975001 -0.0306480005 -0.084987998 0.0507280007 0.000167999999 -0.108391002 0.0201169997 0.0329070017 -0.103099003 0.0200789999 0.0317419991 -0.085382998 0.0501409993 0.0329070017 -0.103099003 0.0200789999 0.0623320006 -0.0890759975 0.0134680001 0.0592940003 -0.075914003 0.0403910019 0.0623320006 -0.0890759975 0.0134680001 0.0882460028 -0.063143 0.00170400005 0.0833309963 -0.0582970008 0.0218780003 0.0882460028 -0.063143 0.00170400005 0.0952749997 -0.0433209985 0.0029790001 0.0833309963 -0.0582970008 0.0218780003 0.100212 -0.0158629995 -0.0138649996 0.101850003 -0.0140399998 -0.00601600017 0.0988909975 -0.0278440006 -0.00236500008 -0.0980700031 -0.0156399999 -0.00975199975 -0.0988089964 -0.000237 -0.0113000004 -0.101731002 -0.000237 -0.0113169998 -0.0913800001 -0.0449469984 0.00581899984 -0.0888139978 -0.0436609983 0.00581800006 -0.0960280001 -0.0270290002 -0.0052240002 0.0935050026 -0.0408569984 0.00461900001 0.0898429975 -0.0380260013 0.00421300018 0.0791869983 -0.0535809994 0.0204240009 0.101850003 -0.0140399998 -0.00601600017 0.0974569991 -0.0128640002 -0.00643499987 0.0940409973 -0.0254919995 -0.00331000006 0.0677390024 -0.000237 -0.250032991 0.076658003 -0.000237 -0.197167993 0.0763750002 -0.0110189999 -0.197199002 0.076658003 -0.000237 -0.197167993 0.0875179991 -0.000237 -0.134495005 0.0870620012 -0.0112319998 -0.134527996 0.0980100036 -0.000237 -0.0718370005 0.097006999 -0.0145490002 -0.0718280002 0.0870620012 -0.0112319998 -0.134527996 0.0988909975 -0.0278440006 -0.00236500008 0.0935050026 -0.0408569984 0.00461900001 0.0934609994 -0.0419530012 0.0026120001 0.097006999 -0.0145490002 -0.0718280002 0.0980100036 -0.000237 -0.0718370005 0.101393998 -0.000237 -0.042851001 -0.0991609991 -0.0191939995 -0.0240240004 -0.100204997 -0.000237 -0.0251809992 -0.0969270021 -0.000237 -0.04287 -0.0816920027 -0.0723309964 -0.0437740013 -0.0894410014 -0.0615620017 0.001407 -0.093911998 -0.0535219982 -0.0143149998 -0.0636679977 -0.0876230001 0.00876499992 -0.0894410014 -0.0615620017 0.001407 -0.0816920027 -0.0723309964 -0.0437740013 -0.0636679977 -0.0876230001 0.00876499992 -0.0574170016 -0.0976980031 -0.0379760005 -0.0293690003 -0.112288997 -0.0255210008 -0.0324280001 -0.103508003 0.0161860008 -0.0293690003 -0.112288997 -0.0255210008 0.00193400006 -0.116070002 -0.0131970001 0.0329070017 -0.103099003 0.0200789999 0.000167999999 -0.108391002 0.0201169997 0.00193400006 -0.116070002 -0.0131970001 0.0623320006 -0.0890759975 0.0134680001 0.0329070017 -0.103099003 0.0200789999 0.0342039987 -0.110388003 -0.0132179996 0.0631439984 -0.0956659988 -0.0255740006 0.0860439986 -0.0703700036 -0.0379629992 0.0882460028 -0.063143 0.00170400005 0.0860439986 -0.0703700036 -0.0379629992 0.100382999 -0.0355000012 -0.0431240015 0.0998070017 -0.0327280015 -0.0138640003 0.101782002 -0.0205269996 -0.0430199988 0.0998070017 -0.0327280015 -0.0138640003 0.100382999 -0.0355000012 -0.0431240015 0.100212 -0.0158629995 -0.0138649996 0.0992200002 -0.0201990008 -0.0428499989 0.101393998 -0.000237 -0.042851001 -0.093911998 -0.0535219982 -0.0143149998 -0.0894410014 -0.0615620017 0.001407 -0.0932599977 -0.0479989983 0.00598599995 -0.0560850017 -0.0618040003 -0.239941001 -0.0571780019 -0.0672350004 -0.198210999 -0.0636330023 -0.0408950001 -0.197964996 -0.0571780019 -0.0672350004 -0.198210999 -0.0626320019 -0.0716440007 -0.136391997 -0.0701839998 -0.0429329984 -0.136390001 -0.0701839998 -0.0429329984 -0.136390001 -0.0626320019 -0.0716440007 -0.136391997 -0.0743980035 -0.0731120035 -0.0734290034 -0.0842159986 -0.0462150015 -0.073958002 -0.0743980035 -0.0731120035 -0.0734290034 -0.0816920027 -0.0723309964 -0.0437740013 -0.0905779973 -0.0484270006 -0.0443789996 -0.093911998 -0.0535219982 -0.0143149998 -0.0993949994 -0.0346769989 -0.0143109998 0.0763750002 -0.0110189999 -0.197199002 0.0783170015 -0.0114529999 -0.197781995 0.0692270026 -0.0116680004 -0.249727994 0.0763750002 -0.0110189999 -0.197199002 0.0870620012 -0.0112319998 -0.134527996 0.088812001 -0.0113080004 -0.135096997 0.0870620012 -0.0112319998 -0.134527996 0.097006999 -0.0145490002 -0.0718280002 0.0987090021 -0.0150669999 -0.0722189993 0.097006999 -0.0145490002 -0.0718280002 0.0992200002 -0.0201990008 -0.0428499989 0.101782002 -0.0205269996 -0.0430199988 0.0978899971 -0.0314900018 -0.0138670001 0.0998070017 -0.0327280015 -0.0138640003 0.101782002 -0.0205269996 -0.0430199988 0.0934609994 -0.0419530012 0.0026120001 0.0952749997 -0.0433209985 0.0029790001 0.0998070017 -0.0327280015 -0.0138640003 0.0579739995 -0.0735680014 0.039322 0.0592940003 -0.075914003 0.0403910019 0.0833309963 -0.0582970008 0.0218780003 0.0311060008 -0.0827639997 0.0488790013 0.0317419991 -0.085382998 0.0501409993 0.0592940003 -0.075914003 0.0403910019 -3.9999999e-05 -0.0860280022 0.0526859984 -8.09999983e-05 -0.0887359977 0.053975001 0.0317419991 -0.085382998 0.0501409993 -3.9999999e-05 -0.0860280022 0.0526859984 -0.029941 -0.0823810026 0.0494939983 -0.0306480005 -0.084987998 0.0507280007 -0.029941 -0.0823810026 0.0494939983 -0.063414 -0.0706859976 0.0355309993 -0.0645209998 -0.0727759972 0.0364950001 -0.063414 -0.0706859976 0.0355309993 -0.0818279982 -0.0582149997 0.0207829997 -0.0834140033 -0.059533 0.0211110003 -0.0932599977 -0.0479989983 0.00598599995 -0.0834140033 -0.059533 0.0211110003 -0.0818279982 -0.0582149997 0.0207829997 -0.0951049998 -0.0233629998 -0.0431290008 -0.0975110009 -0.0240199994 -0.0439970009 -0.0993949994 -0.0346769989 -0.0143109998 -0.0951049998 -0.0233629998 -0.0431290008 -0.085469 -0.0185039993 -0.0717329979 -0.0887280032 -0.0187199991 -0.0726210028 -0.085469 -0.0185039993 -0.0717329979 -0.0676010028 -0.0146890003 -0.134375006 -0.0701240003 -0.0146469995 -0.135006994 -0.0606300011 -0.0152380001 -0.197120994 -0.0632049963 -0.0151699996 -0.197313994 -0.0701240003 -0.0146469995 -0.135006994 -0.0623890013 -0.0151829999 -0.237372994 -0.0632049963 -0.0151699996 -0.197313994 -0.0606300011 -0.0152380001 -0.197120994 0.102534004 -0.000237 -0.0138640003 0.102490999 -0.000237 -0.00815599971 0.101850003 -0.0140399998 -0.00601600017 0.102490999 -0.000237 -0.00815599971 0.098555997 -0.000237 -0.00804900005 0.0974569991 -0.0128640002 -0.00643499987 0.100212 -0.0158629995 -0.0138649996 0.0978899971 -0.0314900018 -0.0138670001 0.0992200002 -0.0201990008 -0.0428499989 0.0988909975 -0.0278440006 -0.00236500008 0.0940409973 -0.0254919995 -0.00331000006 0.0898429975 -0.0380260013 0.00421300018 0.0935050026 -0.0408569984 0.00461900001 0.0815899968 -0.0567290001 0.0211670008 0.0934609994 -0.0419530012 0.0026120001 0.0815899968 -0.0567290001 0.0211670008 0.0833309963 -0.0582970008 0.0218780003 0.0952749997 -0.0433209985 0.0029790001 0.0882460028 -0.063143 0.00170400005 0.0998070017 -0.0327280015 -0.0138640003 0.0952749997 -0.0433209985 0.0029790001 -0.0972350016 -0.0337149985 -0.0138560003 -0.0986019969 -0.0276909992 -0.00496899989 -0.100569002 -0.0159920007 -0.00976500008 -0.100569002 -0.0159920007 -0.00976500008 -0.0986019969 -0.0276909992 -0.00496899989 -0.0960280001 -0.0270290002 -0.0052240002 -0.0951049998 -0.0233629998 -0.0431290008 -0.0972350016 -0.0337149985 -0.0138560003 -0.0991609991 -0.0191939995 -0.0240240004 -0.0917040035 -0.0466669984 0.00560300006 -0.0818279982 -0.0582149997 0.0207829997 -0.0913800001 -0.0449469984 0.00581899984 -0.0818279982 -0.0582149997 0.0207829997 -0.0793789998 -0.0570559986 0.020761 -0.0888139978 -0.0436609983 0.00581800006 -0.0993949994 -0.0346769989 -0.0143109998 -0.0932599977 -0.0479989983 0.00598599995 -0.0917040035 -0.0466669984 0.00560300006 -0.0894410014 -0.0615620017 0.001407 -0.0834140033 -0.059533 0.0211110003 -0.0932599977 -0.0479989983 0.00598599995 -0.0605529994 -0.000237 -0.237892002 -0.0603450015 -0.015048 -0.238058999 -0.0606300011 -0.0152380001 -0.197120994 -0.0606379993 -0.000237 -0.197075993 -0.0606300011 -0.0152380001 -0.197120994 -0.0676010028 -0.0146890003 -0.134375006 -0.069585003 -0.000237 -0.134461999 -0.0676010028 -0.0146890003 -0.134375006 -0.085469 -0.0185039993 -0.0717329979 -0.085469 -0.0185039993 -0.0717329979 -0.0951049998 -0.0233629998 -0.0431290008 -0.0969270021 -0.000237 -0.04287 -0.100204997 -0.000237 -0.0251809992 -0.0991609991 -0.0191939995 -0.0240240004 -0.100569002 -0.0159920007 -0.00976500008 -0.0623890013 0.0147099998 -0.237372994 -0.0632049963 0.0146970004 -0.197313994 -0.0636330023 0.040422 -0.197964996 -0.0571780019 0.0667620003 -0.198210999 -0.0387680009 0.0920000002 -0.198145002 -0.0405279994 0.0829759985 -0.245866999 -0.0405279994 0.0829759985 -0.245866999 -0.0387680009 0.0920000002 -0.198145002 -0.0154499998 0.105438001 -0.197796002 -0.0154499998 0.105438001 -0.197796002 0.0081249997 0.107597001 -0.197420001 0.00301499991 0.0998610035 -0.257474005 0.0081249997 0.107597001 -0.197420001 0.0304739997 0.102150001 -0.197419003 0.0241529997 0.0950480029 -0.257726014 0.0304739997 0.102150001 -0.197419003 0.0516709983 0.0879340023 -0.197768003 0.0430710018 0.0829429999 -0.25425899 0.0516709983 0.0879340023 -0.197768003 0.0679970011 0.0635730028 -0.197865993 0.058699999 0.0585229993 -0.251924008 0.0679970011 0.0635730028 -0.197865993 0.0773039982 0.0329630002 -0.197646007 0.0674720034 0.0307410005 -0.249434993 0.0674720034 0.0307410005 -0.249434993 0.0773039982 0.0329630002 -0.197646007 0.0783170015 0.0109799998 -0.197781995 -0.0632049963 0.0146970004 -0.197313994 -0.0701240003 0.0141740004 -0.135006994 -0.0701839998 0.0424599983 -0.136390001 -0.0626320019 0.0711700022 -0.136391997 -0.0422799997 0.0982580036 -0.135841995 -0.0387680009 0.0920000002 -0.198145002 -0.0422799997 0.0982580036 -0.135841995 -0.0162480008 0.112361997 -0.135112002 -0.0154499998 0.105438001 -0.197796002 -0.0162480008 0.112361997 -0.135112002 0.0101610003 0.11434 -0.134691998 0.0081249997 0.107597001 -0.197420001 0.0101610003 0.11434 -0.134691998 0.0349799991 0.107767001 -0.134602994 0.0304739997 0.102150001 -0.197419003 0.0349799991 0.107767001 -0.134602994 0.0580770001 0.092459999 -0.134756997 0.0516709983 0.0879340023 -0.197768003 0.0580770001 0.092459999 -0.134756997 0.0765800029 0.0672990009 -0.134946004 0.0679970011 0.0635730028 -0.197865993 0.0765800029 0.0672990009 -0.134946004 0.0876360014 0.035112001 -0.13493 0.0773039982 0.0329630002 -0.197646007 0.0773039982 0.0329630002 -0.197646007 0.0876360014 0.035112001 -0.13493 0.088812001 0.0108350003 -0.135096997 -0.0701240003 0.0141740004 -0.135006994 -0.0887280032 0.0182470009 -0.0726210028 -0.0842159986 0.0457420014 -0.073958002 -0.0626320019 0.0711700022 -0.136391997 -0.0743980035 0.0726379976 -0.0734290034 -0.0517049991 0.0996780023 -0.0725449994 -0.0422799997 0.0982580036 -0.135841995 -0.0517049991 0.0996780023 -0.0725449994 -0.0233859997 0.114947997 -0.0719479993 -0.0162480008 0.112361997 -0.135112002 -0.0233859997 0.114947997 -0.0719479993 0.00646100007 0.118593998 -0.0718749985 0.0101610003 0.11434 -0.134691998 0.00646100007 0.118593998 -0.0718749985 0.0354489982 0.112144999 -0.0719230026 0.0349799991 0.107767001 -0.134602994 0.0354489982 0.112144999 -0.0719230026 0.0620910004 0.0960529968 -0.0719690025 0.0620910004 0.0960529968 -0.0719690025 0.0836540014 0.0701370016 -0.0721310005 0.0765800029 0.0672990009 -0.134946004 0.0836540014 0.0701370016 -0.0721310005 0.0970730036 0.0367739983 -0.0722429976 0.0876360014 0.035112001 -0.13493 0.0876360014 0.035112001 -0.13493 0.0970730036 0.0367739983 -0.0722429976 0.0987090021 0.0145939998 -0.0722189993 -0.0842159986 0.0457420014 -0.073958002 -0.0887280032 0.0182470009 -0.0726210028 -0.0975110009 0.0235469993 -0.0439970009 -0.0743980035 0.0726379976 -0.0734290034 -0.0816920027 0.0718579963 -0.0437740013 -0.0574170016 0.0972250029 -0.0379760005 -0.0574170016 0.0972250029 -0.0379760005 -0.0293690003 0.111815996 -0.0255210008 -0.0233859997 0.114947997 -0.0719479993 -0.0293690003 0.111815996 -0.0255210008 0.00193400006 0.115597002 -0.0131970001 0.00646100007 0.118593998 -0.0718749985 0.00646100007 0.118593998 -0.0718749985 0.00193400006 0.115597002 -0.0131970001 0.0342039987 0.109915003 -0.0132179996 0.0354489982 0.112144999 -0.0719230026 0.0342039987 0.109915003 -0.0132179996 0.0631439984 0.0951929986 -0.0255740006 0.0620910004 0.0960529968 -0.0719690025 0.0631439984 0.0951929986 -0.0255740006 0.0860439986 0.0698970035 -0.0379629992 0.0836540014 0.0701370016 -0.0721310005 0.0860439986 0.0698970035 -0.0379629992 0.100382999 0.035025999 -0.0431240015 0.0970730036 0.0367739983 -0.0722429976 0.100382999 0.035025999 -0.0431240015 0.101782002 0.0200539995 -0.0430199988 -0.0986019969 0.0272179991 -0.00496899989 -0.0913800001 0.0444739982 0.00581899984 -0.0917040035 0.0461939983 0.00560300006 -0.0834140033 0.0590599999 0.0211110003 -0.0645209998 0.0723029971 0.0364950001 -0.0636679977 0.08715 0.00876499992 -0.0645209998 0.0723029971 0.0364950001 -0.0306480005 0.0845149979 0.0507280007 -0.0324280001 0.103035003 0.0161860008 -0.0306480005 0.0845149979 0.0507280007 -8.09999983e-05 0.0882629976 0.053975001 0.000167999999 0.107918002 0.0201169997 0.000167999999 0.107918002 0.0201169997 -8.09999983e-05 0.0882629976 0.053975001 0.0317419991 0.0849099979 0.0501409993 0.0329070017 0.102626003 0.0200789999 0.0317419991 0.0849099979 0.0501409993 0.0592940003 0.0754410028 0.0403910019 0.0623320006 0.0886029974 0.0134680001 0.0592940003 0.0754410028 0.0403910019 0.0833309963 0.0578240007 0.0218780003 0.0882460028 0.0626699999 0.00170400005 0.0833309963 0.0578240007 0.0218780003 0.0952749997 0.0428479984 0.0029790001 0.100212 0.0153900003 -0.0138649996 0.0978899971 0.0310169999 -0.0138670001 0.0988909975 0.0273710005 -0.00236500008 -0.101731002 -0.000237 -0.0113169998 -0.0988089964 -0.000237 -0.0113000004 -0.0980700031 0.0151660005 -0.00975199975 -0.0913800001 0.0444739982 0.00581899984 -0.0986019969 0.0272179991 -0.00496899989 -0.0960280001 0.0265560001 -0.0052240002 0.0935050026 0.0403839983 0.00461900001 0.0815899968 0.056256 0.0211670008 0.0791869983 0.0531079993 0.0204240009 0.101850003 0.0135669997 -0.00601600017 0.0988909975 0.0273710005 -0.00236500008 0.0940409973 0.0250179991 -0.00331000006 0.0677390024 -0.000237 -0.250032991 0.0671959966 0.010915 -0.250059009 0.0763750002 0.0105459997 -0.197199002 0.076658003 -0.000237 -0.197167993 0.0763750002 0.0105459997 -0.197199002 0.0870620012 0.0107589997 -0.134527996 0.0870620012 0.0107589997 -0.134527996 0.097006999 0.0140749998 -0.0718280002 0.0980100036 -0.000237 -0.0718370005 0.0934609994 0.0414800011 0.0026120001 0.0935050026 0.0403839983 0.00461900001 0.0988909975 0.0273710005 -0.00236500008 0.097006999 0.0140749998 -0.0718280002 0.0992200002 0.0197260007 -0.0428499989 0.101393998 -0.000237 -0.042851001 -0.0991609991 0.0187199991 -0.0240240004 -0.0951049998 0.0228899997 -0.0431290008 -0.0969270021 -0.000237 -0.04287 -0.0816920027 0.0718579963 -0.0437740013 -0.0905779973 0.0479540005 -0.0443789996 -0.093911998 0.0530490018 -0.0143149998 -0.0636679977 0.08715 0.00876499992 -0.0574170016 0.0972250029 -0.0379760005 -0.0816920027 0.0718579963 -0.0437740013 -0.0293690003 0.111815996 -0.0255210008 -0.0574170016 0.0972250029 -0.0379760005 -0.0636679977 0.08715 0.00876499992 0.00193400006 0.115597002 -0.0131970001 -0.0293690003 0.111815996 -0.0255210008 -0.0324280001 0.103035003 0.0161860008 0.0329070017 0.102626003 0.0200789999 0.0342039987 0.109915003 -0.0132179996 0.00193400006 0.115597002 -0.0131970001 0.0623320006 0.0886029974 0.0134680001 0.0631439984 0.0951929986 -0.0255740006 0.0342039987 0.109915003 -0.0132179996 0.0631439984 0.0951929986 -0.0255740006 0.0623320006 0.0886029974 0.0134680001 0.0882460028 0.0626699999 0.00170400005 0.0860439986 0.0698970035 -0.0379629992 0.0882460028 0.0626699999 0.00170400005 0.0998070017 0.0322550014 -0.0138640003 0.101782002 0.0200539995 -0.0430199988 0.100382999 0.035025999 -0.0431240015 0.0998070017 0.0322550014 -0.0138640003 0.101393998 -0.000237 -0.042851001 0.0992200002 0.0197260007 -0.0428499989 0.100212 0.0153900003 -0.0138649996 -0.093911998 0.0530490018 -0.0143149998 -0.0993949994 0.0342030004 -0.0143109998 -0.0932599977 0.0475249998 0.00598599995 -0.0560850017 0.0613310002 -0.239941001 -0.0612200014 0.039884001 -0.237779006 -0.0636330023 0.040422 -0.197964996 -0.0571780019 0.0667620003 -0.198210999 -0.0636330023 0.040422 -0.197964996 -0.0701839998 0.0424599983 -0.136390001 -0.0701839998 0.0424599983 -0.136390001 -0.0842159986 0.0457420014 -0.073958002 -0.0743980035 0.0726379976 -0.0734290034 -0.0842159986 0.0457420014 -0.073958002 -0.0905779973 0.0479540005 -0.0443789996 -0.0816920027 0.0718579963 -0.0437740013 -0.0905779973 0.0479540005 -0.0443789996 -0.0975110009 0.0235469993 -0.0439970009 -0.0993949994 0.0342030004 -0.0143109998 0.0692270026 0.0111950003 -0.249727994 0.0783170015 0.0109799998 -0.197781995 0.0763750002 0.0105459997 -0.197199002 0.0763750002 0.0105459997 -0.197199002 0.0783170015 0.0109799998 -0.197781995 0.088812001 0.0108350003 -0.135096997 0.0870620012 0.0107589997 -0.134527996 0.088812001 0.0108350003 -0.135096997 0.0987090021 0.0145939998 -0.0722189993 0.097006999 0.0140749998 -0.0718280002 0.0987090021 0.0145939998 -0.0722189993 0.101782002 0.0200539995 -0.0430199988 0.101782002 0.0200539995 -0.0430199988 0.0998070017 0.0322550014 -0.0138640003 0.0978899971 0.0310169999 -0.0138670001 0.0934609994 0.0414800011 0.0026120001 0.0978899971 0.0310169999 -0.0138670001 0.0998070017 0.0322550014 -0.0138640003 0.0833309963 0.0578240007 0.0218780003 0.0592940003 0.0754410028 0.0403910019 0.0579739995 0.0730950013 0.039322 0.0592940003 0.0754410028 0.0403910019 0.0317419991 0.0849099979 0.0501409993 0.0311060008 0.0822909996 0.0488790013 0.0317419991 0.0849099979 0.0501409993 -8.09999983e-05 0.0882629976 0.053975001 -3.9999999e-05 0.0855550021 0.0526859984 -3.9999999e-05 0.0855550021 0.0526859984 -8.09999983e-05 0.0882629976 0.053975001 -0.0306480005 0.0845149979 0.0507280007 -0.029941 0.0819069967 0.0494939983 -0.0306480005 0.0845149979 0.0507280007 -0.0645209998 0.0723029971 0.0364950001 -0.063414 0.0702129975 0.0355309993 -0.0645209998 0.0723029971 0.0364950001 -0.0834140033 0.0590599999 0.0211110003 -0.0818279982 0.0577419996 0.0207829997 -0.0834140033 0.0590599999 0.0211110003 -0.0932599977 0.0475249998 0.00598599995 -0.0993949994 0.0342030004 -0.0143109998 -0.0975110009 0.0235469993 -0.0439970009 -0.0951049998 0.0228899997 -0.0431290008 -0.0951049998 0.0228899997 -0.0431290008 -0.0975110009 0.0235469993 -0.0439970009 -0.0887280032 0.0182470009 -0.0726210028 -0.085469 0.0180309992 -0.0717329979 -0.0887280032 0.0182470009 -0.0726210028 -0.0701240003 0.0141740004 -0.135006994 -0.0701240003 0.0141740004 -0.135006994 -0.0632049963 0.0146970004 -0.197313994 -0.0606300011 0.014765 -0.197120994 -0.0606300011 0.014765 -0.197120994 -0.0632049963 0.0146970004 -0.197313994 -0.0623890013 0.0147099998 -0.237372994 0.102534004 -0.000237 -0.0138640003 0.100212 0.0153900003 -0.0138649996 0.101850003 0.0135669997 -0.00601600017 0.0974569991 0.0123910001 -0.00643499987 0.098555997 -0.000237 -0.00804900005 0.102490999 -0.000237 -0.00815599971 0.100212 0.0153900003 -0.0138649996 0.0992200002 0.0197260007 -0.0428499989 0.0978899971 0.0310169999 -0.0138670001 0.0988909975 0.0273710005 -0.00236500008 0.0935050026 0.0403839983 0.00461900001 0.0898429975 0.0375530012 0.00421300018 0.0935050026 0.0403839983 0.00461900001 0.0934609994 0.0414800011 0.0026120001 0.0815899968 0.056256 0.0211670008 0.0815899968 0.056256 0.0211670008 0.0934609994 0.0414800011 0.0026120001 0.0952749997 0.0428479984 0.0029790001 0.0882460028 0.0626699999 0.00170400005 0.0952749997 0.0428479984 0.0029790001 0.0998070017 0.0322550014 -0.0138640003 -0.100569002 0.0155189997 -0.00976500008 -0.0986019969 0.0272179991 -0.00496899989 -0.0972350016 0.033241 -0.0138560003 -0.100569002 0.0155189997 -0.00976500008 -0.0980700031 0.0151660005 -0.00975199975 -0.0960280001 0.0265560001 -0.0052240002 -0.0951049998 0.0228899997 -0.0431290008 -0.0991609991 0.0187199991 -0.0240240004 -0.0972350016 0.033241 -0.0138560003 -0.0917040035 0.0461939983 0.00560300006 -0.0913800001 0.0444739982 0.00581899984 -0.0818279982 0.0577419996 0.0207829997 -0.0888139978 0.0431869999 0.00581800006 -0.0793789998 0.0565820001 0.020761 -0.0818279982 0.0577419996 0.0207829997 -0.0917040035 0.0461939983 0.00560300006 -0.0932599977 0.0475249998 0.00598599995 -0.0993949994 0.0342030004 -0.0143109998 -0.0894410014 0.0610890016 0.001407 -0.0932599977 0.0475249998 0.00598599995 -0.0834140033 0.0590599999 0.0211110003 -0.0605529994 -0.000237 -0.237892002 -0.0606379993 -0.000237 -0.197075993 -0.0606300011 0.014765 -0.197120994 -0.0606379993 -0.000237 -0.197075993 -0.069585003 -0.000237 -0.134461999 -0.0676010028 0.0142160002 -0.134375006 -0.069585003 -0.000237 -0.134461999 -0.0876059979 -0.000237 -0.0716769993 -0.085469 0.0180309992 -0.0717329979 -0.085469 0.0180309992 -0.0717329979 -0.0876059979 -0.000237 -0.0716769993 -0.0969270021 -0.000237 -0.04287 -0.100204997 -0.000237 -0.0251809992 -0.101731002 -0.000237 -0.0113169998 -0.100569002 0.0155189997 -0.00976500008 0.002355 -0.0132489996 -0.243957996 -0.0603450015 -0.015048 -0.238058999 -0.0605529994 -0.000237 -0.237892002 0.002355 0.0127760004 -0.243957996 0.00234999997 -0.000237 -0.243845001 -0.0605529994 -0.000237 -0.237892002 0.058699999 0.0585229993 -0.251924008 0.0674720034 0.0307410005 -0.249434993 0.0671959966 0.010915 -0.250059009 0.0671959966 0.010915 -0.250059009 0.0677390024 -0.000237 -0.250032991 0.00234999997 -0.000237 -0.243845001 0.00234999997 -0.000237 -0.243845001 0.0677390024 -0.000237 -0.250032991 0.0671959966 -0.0113890003 -0.250059009 -0.0560850017 -0.0618040003 -0.239941001 -0.0612200014 -0.0403570011 -0.237779006 -0.0603450015 -0.015048 -0.238058999 0.0671959966 -0.0113890003 -0.250059009 0.0674720034 -0.0312150009 -0.249434993 0.058699999 -0.0589959994 -0.251924008 -0.0603450015 0.0145749999 -0.238058999 -0.0612200014 0.039884001 -0.237779006 -0.0560850017 0.0613310002 -0.239941001 0.002355 0.0127760004 -0.243957996 0.00301499991 0.0998610035 -0.257474005 0.0241529997 0.0950480029 -0.257726014 0.002355 0.0127760004 -0.243957996 0.0241529997 0.0950480029 -0.257726014 0.0430710018 0.0829429999 -0.25425899 0.002355 0.0127760004 -0.243957996 0.0430710018 0.0829429999 -0.25425899 0.058699999 0.0585229993 -0.251924008 0.00301499991 -0.100334004 -0.257474005 0.002355 -0.0132489996 -0.243957996 0.058699999 -0.0589959994 -0.251924008 0.00301499991 -0.100334004 -0.257474005 0.058699999 -0.0589959994 -0.251924008 0.0430710018 -0.083416 -0.25425899 0.00301499991 -0.100334004 -0.257474005 0.0430710018 -0.083416 -0.25425899 0.0241529997 -0.095521003 -0.257726014 -0.0180300009 0.0963549986 -0.253556997 0.00301499991 0.0998610035 -0.257474005 0.002355 0.0127760004 -0.243957996 -0.0405279994 0.0829759985 -0.245866999 -0.0180300009 0.0963549986 -0.253556997 0.002355 0.0127760004 -0.243957996 -0.0560850017 0.0613310002 -0.239941001 -0.0405279994 0.0829759985 -0.245866999 0.002355 0.0127760004 -0.243957996 -0.0560850017 -0.0618040003 -0.239941001 0.002355 -0.0132489996 -0.243957996 0.00301499991 -0.100334004 -0.257474005 -0.0405279994 -0.0834489986 -0.245866999 -0.0560850017 -0.0618040003 -0.239941001 0.00301499991 -0.100334004 -0.257474005 -0.0180300009 -0.0968289971 -0.253556997 -0.0405279994 -0.0834489986 -0.245866999 0.00301499991 -0.100334004 -0.257474005 -0.0632049963 -0.0151699996 -0.197313994 -0.0623890013 -0.0151829999 -0.237372994 -0.0636330023 -0.0408950001 -0.197964996 -0.0560850017 -0.0618040003 -0.239941001 -0.0405279994 -0.0834489986 -0.245866999 -0.0571780019 -0.0672350004 -0.198210999 -0.0387680009 -0.0924730003 -0.198145002 -0.0405279994 -0.0834489986 -0.245866999 -0.0154499998 -0.105911002 -0.197796002 -0.0180300009 -0.0968289971 -0.253556997 0.00301499991 -0.100334004 -0.257474005 -0.0154499998 -0.105911002 -0.197796002 0.00301499991 -0.100334004 -0.257474005 0.0241529997 -0.095521003 -0.257726014 0.0081249997 -0.108070001 -0.197420001 0.0241529997 -0.095521003 -0.257726014 0.0430710018 -0.083416 -0.25425899 0.0304739997 -0.102623001 -0.197419003 0.0430710018 -0.083416 -0.25425899 0.058699999 -0.0589959994 -0.251924008 0.0516709983 -0.0884070024 -0.197768003 0.058699999 -0.0589959994 -0.251924008 0.0674720034 -0.0312150009 -0.249434993 0.0679970011 -0.0640470013 -0.197865993 0.0692270026 -0.0116680004 -0.249727994 0.0783170015 -0.0114529999 -0.197781995 0.0674720034 -0.0312150009 -0.249434993 -0.0701240003 -0.0146469995 -0.135006994 -0.0632049963 -0.0151699996 -0.197313994 -0.0701839998 -0.0429329984 -0.136390001 -0.0571780019 -0.0672350004 -0.198210999 -0.0387680009 -0.0924730003 -0.198145002 -0.0626320019 -0.0716440007 -0.136391997 -0.0387680009 -0.0924730003 -0.198145002 -0.0154499998 -0.105911002 -0.197796002 -0.0422799997 -0.0987310037 -0.135841995 -0.0154499998 -0.105911002 -0.197796002 0.0081249997 -0.108070001 -0.197420001 -0.0162480008 -0.112834997 -0.135112002 0.0081249997 -0.108070001 -0.197420001 0.0304739997 -0.102623001 -0.197419003 0.0101610003 -0.114813 -0.134691998 0.0304739997 -0.102623001 -0.197419003 0.0516709983 -0.0884070024 -0.197768003 0.0349799991 -0.108240001 -0.134602994 0.0516709983 -0.0884070024 -0.197768003 0.0679970011 -0.0640470013 -0.197865993 0.0580770001 -0.0929329991 -0.134756997 0.0679970011 -0.0640470013 -0.197865993 0.0773039982 -0.0334360003 -0.197646007 0.0765800029 -0.0677729994 -0.134946004 0.0783170015 -0.0114529999 -0.197781995 0.088812001 -0.0113080004 -0.135096997 0.0773039982 -0.0334360003 -0.197646007 -0.0887280032 -0.0187199991 -0.0726210028 -0.0701240003 -0.0146469995 -0.135006994 -0.0842159986 -0.0462150015 -0.073958002 -0.0743980035 -0.0731120035 -0.0734290034 -0.0626320019 -0.0716440007 -0.136391997 -0.0517049991 -0.100152001 -0.0725449994 -0.0517049991 -0.100152001 -0.0725449994 -0.0422799997 -0.0987310037 -0.135841995 -0.0233859997 -0.115422003 -0.0719479993 -0.0233859997 -0.115422003 -0.0719479993 -0.0162480008 -0.112834997 -0.135112002 0.00646100007 -0.119067997 -0.0718749985 0.00646100007 -0.119067997 -0.0718749985 0.0101610003 -0.114813 -0.134691998 0.0354489982 -0.112618998 -0.0719230026 0.0354489982 -0.112618998 -0.0719230026 0.0349799991 -0.108240001 -0.134602994 0.0620910004 -0.0965270028 -0.0719690025 0.0580770001 -0.0929329991 -0.134756997 0.0765800029 -0.0677729994 -0.134946004 0.0620910004 -0.0965270028 -0.0719690025 0.0765800029 -0.0677729994 -0.134946004 0.0876360014 -0.0355859995 -0.13493 0.0836540014 -0.0706100017 -0.0721310005 0.088812001 -0.0113080004 -0.135096997 0.0987090021 -0.0150669999 -0.0722189993 0.0876360014 -0.0355859995 -0.13493 -0.0887280032 -0.0187199991 -0.0726210028 -0.0842159986 -0.0462150015 -0.073958002 -0.0975110009 -0.0240199994 -0.0439970009 -0.0816920027 -0.0723309964 -0.0437740013 -0.0743980035 -0.0731120035 -0.0734290034 -0.0574170016 -0.0976980031 -0.0379760005 -0.0517049991 -0.100152001 -0.0725449994 -0.0233859997 -0.115422003 -0.0719479993 -0.0574170016 -0.0976980031 -0.0379760005 -0.0233859997 -0.115422003 -0.0719479993 0.00646100007 -0.119067997 -0.0718749985 -0.0293690003 -0.112288997 -0.0255210008 0.00193400006 -0.116070002 -0.0131970001 0.00646100007 -0.119067997 -0.0718749985 0.0342039987 -0.110388003 -0.0132179996 0.0342039987 -0.110388003 -0.0132179996 0.0354489982 -0.112618998 -0.0719230026 0.0631439984 -0.0956659988 -0.0255740006 0.0836540014 -0.0706100017 -0.0721310005 0.0860439986 -0.0703700036 -0.0379629992 0.0620910004 -0.0965270028 -0.0719690025 0.0970730036 -0.0372469984 -0.0722429976 0.100382999 -0.0355000012 -0.0431240015 0.0836540014 -0.0706100017 -0.0721310005 0.0987090021 -0.0150669999 -0.0722189993 0.101782002 -0.0205269996 -0.0430199988 0.0970730036 -0.0372469984 -0.0722429976 -0.0972350016 -0.0337149985 -0.0138560003 -0.0917040035 -0.0466669984 0.00560300006 -0.0986019969 -0.0276909992 -0.00496899989 -0.0894410014 -0.0615620017 0.001407 -0.0636679977 -0.0876230001 0.00876499992 -0.0834140033 -0.059533 0.0211110003 -0.0636679977 -0.0876230001 0.00876499992 -0.0324280001 -0.103508003 0.0161860008 -0.0645209998 -0.0727759972 0.0364950001 -0.0324280001 -0.103508003 0.0161860008 0.000167999999 -0.108391002 0.0201169997 -0.0306480005 -0.084987998 0.0507280007 -8.09999983e-05 -0.0887359977 0.053975001 0.000167999999 -0.108391002 0.0201169997 0.0317419991 -0.085382998 0.0501409993 0.0317419991 -0.085382998 0.0501409993 0.0329070017 -0.103099003 0.0200789999 0.0592940003 -0.075914003 0.0403910019 0.0592940003 -0.075914003 0.0403910019 0.0623320006 -0.0890759975 0.0134680001 0.0833309963 -0.0582970008 0.0218780003 0.0978899971 -0.0314900018 -0.0138670001 0.100212 -0.0158629995 -0.0138649996 0.0988909975 -0.0278440006 -0.00236500008 -0.100569002 -0.0159920007 -0.00976500008 -0.0980700031 -0.0156399999 -0.00975199975 -0.101731002 -0.000237 -0.0113169998 -0.0986019969 -0.0276909992 -0.00496899989 -0.0913800001 -0.0449469984 0.00581899984 -0.0960280001 -0.0270290002 -0.0052240002 0.0815899968 -0.0567290001 0.0211670008 0.0935050026 -0.0408569984 0.00461900001 0.0791869983 -0.0535809994 0.0204240009 0.0988909975 -0.0278440006 -0.00236500008 0.101850003 -0.0140399998 -0.00601600017 0.0940409973 -0.0254919995 -0.00331000006 0.0671959966 -0.0113890003 -0.250059009 0.0677390024 -0.000237 -0.250032991 0.0763750002 -0.0110189999 -0.197199002 0.0763750002 -0.0110189999 -0.197199002 0.076658003 -0.000237 -0.197167993 0.0870620012 -0.0112319998 -0.134527996 0.0875179991 -0.000237 -0.134495005 0.0980100036 -0.000237 -0.0718370005 0.0870620012 -0.0112319998 -0.134527996 0.0978899971 -0.0314900018 -0.0138670001 0.0988909975 -0.0278440006 -0.00236500008 0.0934609994 -0.0419530012 0.0026120001 0.0992200002 -0.0201990008 -0.0428499989 0.097006999 -0.0145490002 -0.0718280002 0.101393998 -0.000237 -0.042851001 -0.0951049998 -0.0233629998 -0.0431290008 -0.0991609991 -0.0191939995 -0.0240240004 -0.0969270021 -0.000237 -0.04287 -0.0905779973 -0.0484270006 -0.0443789996 -0.0816920027 -0.0723309964 -0.0437740013 -0.093911998 -0.0535219982 -0.0143149998 -0.0574170016 -0.0976980031 -0.0379760005 -0.0636679977 -0.0876230001 0.00876499992 -0.0816920027 -0.0723309964 -0.0437740013 -0.0324280001 -0.103508003 0.0161860008 -0.0636679977 -0.0876230001 0.00876499992 -0.0293690003 -0.112288997 -0.0255210008 0.000167999999 -0.108391002 0.0201169997 -0.0324280001 -0.103508003 0.0161860008 0.00193400006 -0.116070002 -0.0131970001 0.0342039987 -0.110388003 -0.0132179996 0.0329070017 -0.103099003 0.0200789999 0.00193400006 -0.116070002 -0.0131970001 0.0631439984 -0.0956659988 -0.0255740006 0.0623320006 -0.0890759975 0.0134680001 0.0342039987 -0.110388003 -0.0132179996 0.0623320006 -0.0890759975 0.0134680001 0.0631439984 -0.0956659988 -0.0255740006 0.0882460028 -0.063143 0.00170400005 0.0882460028 -0.063143 0.00170400005 0.0860439986 -0.0703700036 -0.0379629992 0.0998070017 -0.0327280015 -0.0138640003 0.102534004 -0.000237 -0.0138640003 0.100212 -0.0158629995 -0.0138649996 0.101393998 -0.000237 -0.042851001 -0.0993949994 -0.0346769989 -0.0143109998 -0.093911998 -0.0535219982 -0.0143149998 -0.0932599977 -0.0479989983 0.00598599995 -0.0612200014 -0.0403570011 -0.237779006 -0.0560850017 -0.0618040003 -0.239941001 -0.0636330023 -0.0408950001 -0.197964996 -0.0636330023 -0.0408950001 -0.197964996 -0.0571780019 -0.0672350004 -0.198210999 -0.0701839998 -0.0429329984 -0.136390001 -0.0842159986 -0.0462150015 -0.073958002 -0.0701839998 -0.0429329984 -0.136390001 -0.0743980035 -0.0731120035 -0.0734290034 -0.0905779973 -0.0484270006 -0.0443789996 -0.0842159986 -0.0462150015 -0.073958002 -0.0816920027 -0.0723309964 -0.0437740013 -0.0975110009 -0.0240199994 -0.0439970009 -0.0905779973 -0.0484270006 -0.0443789996 -0.0993949994 -0.0346769989 -0.0143109998 0.0671959966 -0.0113890003 -0.250059009 0.0763750002 -0.0110189999 -0.197199002 0.0692270026 -0.0116680004 -0.249727994 0.0783170015 -0.0114529999 -0.197781995 0.0763750002 -0.0110189999 -0.197199002 0.088812001 -0.0113080004 -0.135096997 0.088812001 -0.0113080004 -0.135096997 0.0870620012 -0.0112319998 -0.134527996 0.0987090021 -0.0150669999 -0.0722189993 0.0987090021 -0.0150669999 -0.0722189993 0.097006999 -0.0145490002 -0.0718280002 0.101782002 -0.0205269996 -0.0430199988 0.0992200002 -0.0201990008 -0.0428499989 0.0978899971 -0.0314900018 -0.0138670001 0.101782002 -0.0205269996 -0.0430199988 0.0978899971 -0.0314900018 -0.0138670001 0.0934609994 -0.0419530012 0.0026120001 0.0998070017 -0.0327280015 -0.0138640003 0.0815899968 -0.0567290001 0.0211670008 0.0579739995 -0.0735680014 0.039322 0.0833309963 -0.0582970008 0.0218780003 0.0579739995 -0.0735680014 0.039322 0.0311060008 -0.0827639997 0.0488790013 0.0592940003 -0.075914003 0.0403910019 0.0311060008 -0.0827639997 0.0488790013 -3.9999999e-05 -0.0860280022 0.0526859984 0.0317419991 -0.085382998 0.0501409993 -8.09999983e-05 -0.0887359977 0.053975001 -3.9999999e-05 -0.0860280022 0.0526859984 -0.0306480005 -0.084987998 0.0507280007 -0.0306480005 -0.084987998 0.0507280007 -0.029941 -0.0823810026 0.0494939983 -0.0645209998 -0.0727759972 0.0364950001 -0.0645209998 -0.0727759972 0.0364950001 -0.063414 -0.0706859976 0.0355309993 -0.0834140033 -0.059533 0.0211110003 -0.0917040035 -0.0466669984 0.00560300006 -0.0932599977 -0.0479989983 0.00598599995 -0.0818279982 -0.0582149997 0.0207829997 -0.0972350016 -0.0337149985 -0.0138560003 -0.0951049998 -0.0233629998 -0.0431290008 -0.0993949994 -0.0346769989 -0.0143109998 -0.0975110009 -0.0240199994 -0.0439970009 -0.0951049998 -0.0233629998 -0.0431290008 -0.0887280032 -0.0187199991 -0.0726210028 -0.0887280032 -0.0187199991 -0.0726210028 -0.085469 -0.0185039993 -0.0717329979 -0.0701240003 -0.0146469995 -0.135006994 -0.0676010028 -0.0146890003 -0.134375006 -0.0606300011 -0.0152380001 -0.197120994 -0.0701240003 -0.0146469995 -0.135006994 -0.0603450015 -0.015048 -0.238058999 -0.0623890013 -0.0151829999 -0.237372994 -0.0606300011 -0.0152380001 -0.197120994 0.100212 -0.0158629995 -0.0138649996 0.102534004 -0.000237 -0.0138640003 0.101850003 -0.0140399998 -0.00601600017 0.101850003 -0.0140399998 -0.00601600017 0.102490999 -0.000237 -0.00815599971 0.0974569991 -0.0128640002 -0.00643499987 0.0935050026 -0.0408569984 0.00461900001 0.0988909975 -0.0278440006 -0.00236500008 0.0898429975 -0.0380260013 0.00421300018 0.0934609994 -0.0419530012 0.0026120001 0.0815899968 -0.0567290001 0.0211670008 0.0952749997 -0.0433209985 0.0029790001 -0.0991609991 -0.0191939995 -0.0240240004 -0.0972350016 -0.0337149985 -0.0138560003 -0.100569002 -0.0159920007 -0.00976500008 -0.0980700031 -0.0156399999 -0.00975199975 -0.100569002 -0.0159920007 -0.00976500008 -0.0960280001 -0.0270290002 -0.0052240002 -0.0913800001 -0.0449469984 0.00581899984 -0.0818279982 -0.0582149997 0.0207829997 -0.0888139978 -0.0436609983 0.00581800006 -0.0972350016 -0.0337149985 -0.0138560003 -0.0993949994 -0.0346769989 -0.0143109998 -0.0917040035 -0.0466669984 0.00560300006 -0.0606379993 -0.000237 -0.197075993 -0.0605529994 -0.000237 -0.237892002 -0.0606300011 -0.0152380001 -0.197120994 -0.069585003 -0.000237 -0.134461999 -0.0606379993 -0.000237 -0.197075993 -0.0676010028 -0.0146890003 -0.134375006 -0.0876059979 -0.000237 -0.0716769993 -0.069585003 -0.000237 -0.134461999 -0.085469 -0.0185039993 -0.0717329979 -0.0876059979 -0.000237 -0.0716769993 -0.085469 -0.0185039993 -0.0717329979 -0.0969270021 -0.000237 -0.04287 -0.101731002 -0.000237 -0.0113169998 -0.100204997 -0.000237 -0.0251809992 -0.100569002 -0.0159920007 -0.00976500008 -0.0612200014 0.039884001 -0.237779006 -0.0623890013 0.0147099998 -0.237372994 -0.0636330023 0.040422 -0.197964996 -0.0560850017 0.0613310002 -0.239941001 -0.0571780019 0.0667620003 -0.198210999 -0.0405279994 0.0829759985 -0.245866999 -0.0180300009 0.0963549986 -0.253556997 -0.0405279994 0.0829759985 -0.245866999 -0.0154499998 0.105438001 -0.197796002 -0.0180300009 0.0963549986 -0.253556997 -0.0154499998 0.105438001 -0.197796002 0.00301499991 0.0998610035 -0.257474005 0.00301499991 0.0998610035 -0.257474005 0.0081249997 0.107597001 -0.197420001 0.0241529997 0.0950480029 -0.257726014 0.0241529997 0.0950480029 -0.257726014 0.0304739997 0.102150001 -0.197419003 0.0430710018 0.0829429999 -0.25425899 0.0430710018 0.0829429999 -0.25425899 0.0516709983 0.0879340023 -0.197768003 0.058699999 0.0585229993 -0.251924008 0.058699999 0.0585229993 -0.251924008 0.0679970011 0.0635730028 -0.197865993 0.0674720034 0.0307410005 -0.249434993 0.0692270026 0.0111950003 -0.249727994 0.0674720034 0.0307410005 -0.249434993 0.0783170015 0.0109799998 -0.197781995 -0.0636330023 0.040422 -0.197964996 -0.0632049963 0.0146970004 -0.197313994 -0.0701839998 0.0424599983 -0.136390001 -0.0571780019 0.0667620003 -0.198210999 -0.0626320019 0.0711700022 -0.136391997 -0.0387680009 0.0920000002 -0.198145002 -0.0387680009 0.0920000002 -0.198145002 -0.0422799997 0.0982580036 -0.135841995 -0.0154499998 0.105438001 -0.197796002 -0.0154499998 0.105438001 -0.197796002 -0.0162480008 0.112361997 -0.135112002 0.0081249997 0.107597001 -0.197420001 0.0081249997 0.107597001 -0.197420001 0.0101610003 0.11434 -0.134691998 0.0304739997 0.102150001 -0.197419003 0.0304739997 0.102150001 -0.197419003 0.0349799991 0.107767001 -0.134602994 0.0516709983 0.0879340023 -0.197768003 0.0516709983 0.0879340023 -0.197768003 0.0580770001 0.092459999 -0.134756997 0.0679970011 0.0635730028 -0.197865993 0.0679970011 0.0635730028 -0.197865993 0.0765800029 0.0672990009 -0.134946004 0.0773039982 0.0329630002 -0.197646007 0.0783170015 0.0109799998 -0.197781995 0.0773039982 0.0329630002 -0.197646007 0.088812001 0.0108350003 -0.135096997 -0.0701839998 0.0424599983 -0.136390001 -0.0701240003 0.0141740004 -0.135006994 -0.0842159986 0.0457420014 -0.073958002 -0.0422799997 0.0982580036 -0.135841995 -0.0626320019 0.0711700022 -0.136391997 -0.0517049991 0.0996780023 -0.0725449994 -0.0162480008 0.112361997 -0.135112002 -0.0422799997 0.0982580036 -0.135841995 -0.0233859997 0.114947997 -0.0719479993 0.0101610003 0.11434 -0.134691998 -0.0162480008 0.112361997 -0.135112002 0.00646100007 0.118593998 -0.0718749985 0.0349799991 0.107767001 -0.134602994 0.0101610003 0.11434 -0.134691998 0.0354489982 0.112144999 -0.0719230026 0.0580770001 0.092459999 -0.134756997 0.0349799991 0.107767001 -0.134602994 0.0620910004 0.0960529968 -0.0719690025 0.0580770001 0.092459999 -0.134756997 0.0620910004 0.0960529968 -0.0719690025 0.0765800029 0.0672990009 -0.134946004 0.0765800029 0.0672990009 -0.134946004 0.0836540014 0.0701370016 -0.0721310005 0.0876360014 0.035112001 -0.13493 0.088812001 0.0108350003 -0.135096997 0.0876360014 0.035112001 -0.13493 0.0987090021 0.0145939998 -0.0722189993 -0.0905779973 0.0479540005 -0.0443789996 -0.0842159986 0.0457420014 -0.073958002 -0.0975110009 0.0235469993 -0.0439970009 -0.0517049991 0.0996780023 -0.0725449994 -0.0743980035 0.0726379976 -0.0734290034 -0.0574170016 0.0972250029 -0.0379760005 -0.0517049991 0.0996780023 -0.0725449994 -0.0574170016 0.0972250029 -0.0379760005 -0.0233859997 0.114947997 -0.0719479993 -0.0233859997 0.114947997 -0.0719479993 -0.0293690003 0.111815996 -0.0255210008 0.00646100007 0.118593998 -0.0718749985 0.0354489982 0.112144999 -0.0719230026 0.00646100007 0.118593998 -0.0718749985 0.0342039987 0.109915003 -0.0132179996 0.0620910004 0.0960529968 -0.0719690025 0.0354489982 0.112144999 -0.0719230026 0.0631439984 0.0951929986 -0.0255740006 0.0836540014 0.0701370016 -0.0721310005 0.0620910004 0.0960529968 -0.0719690025 0.0860439986 0.0698970035 -0.0379629992 0.0970730036 0.0367739983 -0.0722429976 0.0836540014 0.0701370016 -0.0721310005 0.100382999 0.035025999 -0.0431240015 0.0987090021 0.0145939998 -0.0722189993 0.0970730036 0.0367739983 -0.0722429976 0.101782002 0.0200539995 -0.0430199988 -0.0972350016 0.033241 -0.0138560003 -0.0986019969 0.0272179991 -0.00496899989 -0.0917040035 0.0461939983 0.00560300006 -0.0894410014 0.0610890016 0.001407 -0.0834140033 0.0590599999 0.0211110003 -0.0636679977 0.08715 0.00876499992 -0.0636679977 0.08715 0.00876499992 -0.0645209998 0.0723029971 0.0364950001 -0.0324280001 0.103035003 0.0161860008 -0.0324280001 0.103035003 0.0161860008 -0.0306480005 0.0845149979 0.0507280007 0.000167999999 0.107918002 0.0201169997 0.0329070017 0.102626003 0.0200789999 0.000167999999 0.107918002 0.0201169997 0.0317419991 0.0849099979 0.0501409993 0.0623320006 0.0886029974 0.0134680001 0.0329070017 0.102626003 0.0200789999 0.0592940003 0.0754410028 0.0403910019 0.0882460028 0.0626699999 0.00170400005 0.0623320006 0.0886029974 0.0134680001 0.0833309963 0.0578240007 0.0218780003 0.101850003 0.0135669997 -0.00601600017 0.100212 0.0153900003 -0.0138649996 0.0988909975 0.0273710005 -0.00236500008 -0.100569002 0.0155189997 -0.00976500008 -0.101731002 -0.000237 -0.0113169998 -0.0980700031 0.0151660005 -0.00975199975 -0.0888139978 0.0431869999 0.00581800006 -0.0913800001 0.0444739982 0.00581899984 -0.0960280001 0.0265560001 -0.0052240002 0.0898429975 0.0375530012 0.00421300018 0.0935050026 0.0403839983 0.00461900001 0.0791869983 0.0531079993 0.0204240009 0.0974569991 0.0123910001 -0.00643499987 0.101850003 0.0135669997 -0.00601600017 0.0940409973 0.0250179991 -0.00331000006 0.076658003 -0.000237 -0.197167993 0.0677390024 -0.000237 -0.250032991 0.0763750002 0.0105459997 -0.197199002 0.0875179991 -0.000237 -0.134495005 0.076658003 -0.000237 -0.197167993 0.0870620012 0.0107589997 -0.134527996 0.0875179991 -0.000237 -0.134495005 0.0870620012 0.0107589997 -0.134527996 0.0980100036 -0.000237 -0.0718370005 0.0978899971 0.0310169999 -0.0138670001 0.0934609994 0.0414800011 0.0026120001 0.0988909975 0.0273710005 -0.00236500008 0.0980100036 -0.000237 -0.0718370005 0.097006999 0.0140749998 -0.0718280002 0.101393998 -0.000237 -0.042851001 -0.100204997 -0.000237 -0.0251809992 -0.0991609991 0.0187199991 -0.0240240004 -0.0969270021 -0.000237 -0.04287 -0.0894410014 0.0610890016 0.001407 -0.0816920027 0.0718579963 -0.0437740013 -0.093911998 0.0530490018 -0.0143149998 -0.0894410014 0.0610890016 0.001407 -0.0636679977 0.08715 0.00876499992 -0.0816920027 0.0718579963 -0.0437740013 -0.0324280001 0.103035003 0.0161860008 -0.0293690003 0.111815996 -0.0255210008 -0.0636679977 0.08715 0.00876499992 0.000167999999 0.107918002 0.0201169997 0.00193400006 0.115597002 -0.0131970001 -0.0324280001 0.103035003 0.0161860008 0.000167999999 0.107918002 0.0201169997 0.0329070017 0.102626003 0.0200789999 0.00193400006 0.115597002 -0.0131970001 0.0329070017 0.102626003 0.0200789999 0.0623320006 0.0886029974 0.0134680001 0.0342039987 0.109915003 -0.0132179996 0.0860439986 0.0698970035 -0.0379629992 0.0631439984 0.0951929986 -0.0255740006 0.0882460028 0.0626699999 0.00170400005 0.100382999 0.035025999 -0.0431240015 0.0860439986 0.0698970035 -0.0379629992 0.0998070017 0.0322550014 -0.0138640003 0.102534004 -0.000237 -0.0138640003 0.101393998 -0.000237 -0.042851001 0.100212 0.0153900003 -0.0138649996 -0.0894410014 0.0610890016 0.001407 -0.093911998 0.0530490018 -0.0143149998 -0.0932599977 0.0475249998 0.00598599995 -0.0571780019 0.0667620003 -0.198210999 -0.0560850017 0.0613310002 -0.239941001 -0.0636330023 0.040422 -0.197964996 -0.0626320019 0.0711700022 -0.136391997 -0.0571780019 0.0667620003 -0.198210999 -0.0701839998 0.0424599983 -0.136390001 -0.0626320019 0.0711700022 -0.136391997 -0.0701839998 0.0424599983 -0.136390001 -0.0743980035 0.0726379976 -0.0734290034 -0.0743980035 0.0726379976 -0.0734290034 -0.0842159986 0.0457420014 -0.073958002 -0.0816920027 0.0718579963 -0.0437740013 -0.093911998 0.0530490018 -0.0143149998 -0.0905779973 0.0479540005 -0.0443789996 -0.0993949994 0.0342030004 -0.0143109998 0.0671959966 0.010915 -0.250059009 0.0692270026 0.0111950003 -0.249727994 0.0763750002 0.0105459997 -0.197199002 0.0870620012 0.0107589997 -0.134527996 0.0763750002 0.0105459997 -0.197199002 0.088812001 0.0108350003 -0.135096997 0.097006999 0.0140749998 -0.0718280002 0.0870620012 0.0107589997 -0.134527996 0.0987090021 0.0145939998 -0.0722189993 0.0992200002 0.0197260007 -0.0428499989 0.097006999 0.0140749998 -0.0718280002 0.101782002 0.0200539995 -0.0430199988 0.0992200002 0.0197260007 -0.0428499989 0.101782002 0.0200539995 -0.0430199988 0.0978899971 0.0310169999 -0.0138670001 0.0952749997 0.0428479984 0.0029790001 0.0934609994 0.0414800011 0.0026120001 0.0998070017 0.0322550014 -0.0138640003 0.0815899968 0.056256 0.0211670008 0.0833309963 0.0578240007 0.0218780003 0.0579739995 0.0730950013 0.039322 0.0579739995 0.0730950013 0.039322 0.0592940003 0.0754410028 0.0403910019 0.0311060008 0.0822909996 0.0488790013 0.0311060008 0.0822909996 0.0488790013 0.0317419991 0.0849099979 0.0501409993 -3.9999999e-05 0.0855550021 0.0526859984 -0.029941 0.0819069967 0.0494939983 -3.9999999e-05 0.0855550021 0.0526859984 -0.0306480005 0.0845149979 0.0507280007 -0.063414 0.0702129975 0.0355309993 -0.029941 0.0819069967 0.0494939983 -0.0645209998 0.0723029971 0.0364950001 -0.0818279982 0.0577419996 0.0207829997 -0.063414 0.0702129975 0.0355309993 -0.0834140033 0.0590599999 0.0211110003 -0.0917040035 0.0461939983 0.00560300006 -0.0818279982 0.0577419996 0.0207829997 -0.0932599977 0.0475249998 0.00598599995 -0.0972350016 0.033241 -0.0138560003 -0.0993949994 0.0342030004 -0.0143109998 -0.0951049998 0.0228899997 -0.0431290008 -0.085469 0.0180309992 -0.0717329979 -0.0951049998 0.0228899997 -0.0431290008 -0.0887280032 0.0182470009 -0.0726210028 -0.0676010028 0.0142160002 -0.134375006 -0.085469 0.0180309992 -0.0717329979 -0.0701240003 0.0141740004 -0.135006994 -0.0676010028 0.0142160002 -0.134375006 -0.0701240003 0.0141740004 -0.135006994 -0.0606300011 0.014765 -0.197120994 -0.0603450015 0.0145749999 -0.238058999 -0.0606300011 0.014765 -0.197120994 -0.0623890013 0.0147099998 -0.237372994 0.102490999 -0.000237 -0.00815599971 0.102534004 -0.000237 -0.0138640003 0.101850003 0.0135669997 -0.00601600017 0.101850003 0.0135669997 -0.00601600017 0.0974569991 0.0123910001 -0.00643499987 0.102490999 -0.000237 -0.00815599971 0.0940409973 0.0250179991 -0.00331000006 0.0988909975 0.0273710005 -0.00236500008 0.0898429975 0.0375530012 0.00421300018 0.0833309963 0.0578240007 0.0218780003 0.0815899968 0.056256 0.0211670008 0.0952749997 0.0428479984 0.0029790001 -0.0991609991 0.0187199991 -0.0240240004 -0.100569002 0.0155189997 -0.00976500008 -0.0972350016 0.033241 -0.0138560003 -0.0986019969 0.0272179991 -0.00496899989 -0.100569002 0.0155189997 -0.00976500008 -0.0960280001 0.0265560001 -0.0052240002 -0.0913800001 0.0444739982 0.00581899984 -0.0888139978 0.0431869999 0.00581800006 -0.0818279982 0.0577419996 0.0207829997 -0.0972350016 0.033241 -0.0138560003 -0.0917040035 0.0461939983 0.00560300006 -0.0993949994 0.0342030004 -0.0143109998 -0.0603450015 0.0145749999 -0.238058999 -0.0605529994 -0.000237 -0.237892002 -0.0606300011 0.014765 -0.197120994 -0.0606300011 0.014765 -0.197120994 -0.0606379993 -0.000237 -0.197075993 -0.0676010028 0.0142160002 -0.134375006 -0.0676010028 0.0142160002 -0.134375006 -0.069585003 -0.000237 -0.134461999 -0.085469 0.0180309992 -0.0717329979 -0.0951049998 0.0228899997 -0.0431290008 -0.085469 0.0180309992 -0.0717329979 -0.0969270021 -0.000237 -0.04287 -0.0991609991 0.0187199991 -0.0240240004 -0.100204997 -0.000237 -0.0251809992 -0.100569002 0.0155189997 -0.00976500008 0.00234999997 -0.000237 -0.243845001 0.002355 -0.0132489996 -0.243957996 -0.0605529994 -0.000237 -0.237892002 -0.0603450015 0.0145749999 -0.238058999 0.002355 0.0127760004 -0.243957996 -0.0605529994 -0.000237 -0.237892002 0.002355 0.0127760004 -0.243957996 0.058699999 0.0585229993 -0.251924008 0.0671959966 0.010915 -0.250059009 0.002355 0.0127760004 -0.243957996 0.0671959966 0.010915 -0.250059009 0.00234999997 -0.000237 -0.243845001 0.002355 -0.0132489996 -0.243957996 0.00234999997 -0.000237 -0.243845001 0.0671959966 -0.0113890003 -0.250059009 0.002355 -0.0132489996 -0.243957996 -0.0560850017 -0.0618040003 -0.239941001 -0.0603450015 -0.015048 -0.238058999 0.002355 -0.0132489996 -0.243957996 0.0671959966 -0.0113890003 -0.250059009 0.058699999 -0.0589959994 -0.251924008 0.002355 0.0127760004 -0.243957996 -0.0603450015 0.0145749999 -0.238058999 -0.0560850017 0.0613310002 -0.239941001 </float_array>
          <technique_common>
            <accessor count="1332" offset="0" source="#shiny_white-positions-array" stride="3">
              <param name="X" type="float" />
              <param name="Y" type="float" />
              <param name="Z" type="float" />
            </accessor>
          </technique_common>
        </source>
        <source id="shiny_white-normals" name="shiny_white-normals">
          <float_array id="shiny_white-normals-array" count="3996"> -0.998656988 -0.0225840006 -0.0462660007 -0.988281012 -0.139377996 -0.0617690012 -0.990387022 -0.114200003 -0.0777610019 -0.673605025 -0.731100976 -0.108035997 -0.655995011 -0.745688975 -0.116549999 -0.901395023 -0.422834009 -0.0930510014 -0.673605025 -0.731100976 -0.108035997 -0.353617996 -0.925656974 -0.134404004 -0.300729007 -0.945738018 -0.122776002 0.0298779998 -0.988951981 -0.145053998 0.0767539963 -0.989624023 -0.121432997 -0.300729007 -0.945738018 -0.122776002 0.380261004 -0.912594974 -0.150029004 0.400983006 -0.906643987 -0.130894005 0.0767539963 -0.989624023 -0.121432997 0.695394993 -0.698965013 -0.166722998 0.701162994 -0.697530985 -0.147465006 0.400983006 -0.906643987 -0.130894005 0.891719997 -0.413098991 -0.184819996 0.889614999 -0.425550014 -0.165684998 0.701162994 -0.697530985 -0.147465006 0.965758026 -0.183476999 -0.183324993 0.969726026 -0.170293003 -0.174932003 0.889614999 -0.425550014 -0.165684998 0.98327601 -0.0513929985 -0.174595997 0.969726026 -0.170293003 -0.174932003 0.965758026 -0.183476999 -0.183324993 -0.997771978 0.0166020002 -0.0643019974 -0.990387022 -0.114200003 -0.0777610019 -0.979278028 -0.125980005 -0.158361003 -0.655995011 -0.745688975 -0.116549999 -0.642261982 -0.758538008 -0.109835997 -0.887417018 -0.440474004 -0.135806993 -0.300729007 -0.945738018 -0.122776002 -0.27561301 -0.956785977 -0.0926539972 -0.642261982 -0.758538008 -0.109835997 0.0767539963 -0.989624023 -0.121432997 0.0929900035 -0.99179101 -0.0875269994 -0.27561301 -0.956785977 -0.0926539972 0.400983006 -0.906643987 -0.130894005 0.407514006 -0.908474982 -0.0924099982 0.0929900035 -0.99179101 -0.0875269994 0.701162994 -0.697530985 -0.147465006 0.688009024 -0.717795014 -0.106784001 0.407514006 -0.908474982 -0.0924099982 0.889614999 -0.425550014 -0.165684998 0.877009988 -0.462294012 -0.130711004 0.688009024 -0.717795014 -0.106784001 0.969726026 -0.170293003 -0.174932003 0.968963027 -0.192511007 -0.155034006 0.877009988 -0.462294012 -0.130711004 0.985716999 -0.0485550016 -0.161199003 0.968963027 -0.192511007 -0.155034006 0.969726026 -0.170293003 -0.174932003 -0.984375 -0.0103150001 -0.175633997 -0.979278028 -0.125980005 -0.158361003 -0.937192976 -0.244269997 -0.248908997 -0.887417018 -0.440474004 -0.135806993 -0.642261982 -0.758538008 -0.109835997 -0.627521992 -0.774010003 -0.084048003 -0.642261982 -0.758538008 -0.109835997 -0.27561301 -0.956785977 -0.0926539972 -0.298409998 -0.954100013 -0.0244759992 -0.27561301 -0.956785977 -0.0926539972 0.0929900035 -0.99179101 -0.0875269994 0.0473649986 -0.998839974 -0.00405899994 0.0929900035 -0.99179101 -0.0875269994 0.407514006 -0.908474982 -0.0924099982 0.368479997 -0.92950201 -0.0150459995 0.407514006 -0.908474982 -0.0924099982 0.688009024 -0.717795014 -0.106784001 0.651386976 -0.757103026 -0.0497150011 0.877009988 -0.462294012 -0.130711004 0.854853988 -0.51017803 -0.0942720026 0.651386976 -0.757103026 -0.0497150011 0.968963027 -0.192511007 -0.155034006 0.965269983 -0.229438007 -0.124668002 0.854853988 -0.51017803 -0.0942720026 0.988188982 -0.0698259994 -0.136264995 0.965269983 -0.229438007 -0.124668002 0.968963027 -0.192511007 -0.155034006 -0.937192976 -0.244269997 -0.248908997 -0.932981014 -0.305429012 -0.190283 -0.947600007 -0.232856005 -0.218603998 -0.844935 -0.504624009 -0.177251995 -0.627521992 -0.774010003 -0.084048003 -0.613300025 -0.789788008 0.00863699988 -0.298409998 -0.954100013 -0.0244759992 -0.322854996 -0.942044973 0.0908840001 -0.613300025 -0.789788008 0.00863699988 0.0473649986 -0.998839974 -0.00405899994 0.00106799998 -0.98980701 0.142186001 -0.322854996 -0.942044973 0.0908840001 0.0473649986 -0.998839974 -0.00405899994 0.368479997 -0.92950201 -0.0150459995 0.329874992 -0.934567988 0.133061007 0.368479997 -0.92950201 -0.0150459995 0.651386976 -0.757103026 -0.0497150011 0.623095989 -0.778923988 0.0705590025 0.849116981 -0.528153002 0.00320399995 0.623095989 -0.778923988 0.0705590025 0.651386976 -0.757103026 -0.0497150011 0.970946014 -0.237555996 -0.0275890008 0.849116981 -0.528153002 0.00320399995 0.854853988 -0.51017803 -0.0942720026 0.99456799 -0.0880149975 -0.0550250001 0.970946014 -0.237555996 -0.0275890008 0.965269983 -0.229438007 -0.124668002 -0.891873002 -0.0758080035 0.445845008 -0.775994003 0.0672930032 0.627125025 -0.972167015 -0.233131006 0.0225840006 -0.611042023 -0.759239018 0.223975003 -0.580401003 -0.720511019 0.379437 -0.761376023 -0.572466016 0.304177999 -0.337260008 -0.886502028 0.316751987 -0.305245996 -0.828791022 0.468917012 -0.580401003 -0.720511019 0.379437 -0.0134279998 -0.930845022 0.365092993 -0.00543199992 -0.864834011 0.501999021 -0.305245996 -0.828791022 0.468917012 -0.0134279998 -0.930845022 0.365092993 0.303568006 -0.882443011 0.359324992 0.280312985 -0.823817015 0.492659986 0.303568006 -0.882443011 0.359324992 0.608264029 -0.742546022 0.280342996 0.565263987 -0.707693994 0.423810989 0.608264029 -0.742546022 0.280342996 0.852778971 -0.493270993 0.171452999 0.785394013 -0.522538006 0.331797004 0.852778971 -0.493270993 0.171452999 0.933377981 -0.33860299 0.118717 0.785394013 -0.522538006 0.331797004 0.98428297 -0.159336999 -0.0761130005 0.973571002 -0.182104006 -0.137608007 0.963926971 -0.265693992 -0.0151979998 -0.036621999 0.228492007 0.972838998 -0.00576800015 0 0.999969006 -0.00717200013 0 0.999969006 -0.261817992 0.540574014 0.799493015 -0.270058006 0.541154027 0.796350002 -0.0370489992 0.44511199 0.894680977 0.288949013 0.484602988 0.825586975 0.254036009 0.479414999 0.839990973 0.402904987 0.499343991 0.766991019 -0.0421769992 0.208501995 0.977081001 -0.0332649983 0.195868 0.980041027 0.00161699997 0.367655993 0.929929018 0.98538202 0 -0.170202002 0.985870004 0 -0.167393997 0.985503972 -0.0267949998 -0.167485997 0.985870004 0 -0.167393997 0.985777974 0 -0.167913005 0.985014975 -0.0415659994 -0.167272002 0.990387022 0 -0.138248995 0.988188982 -0.0769369975 -0.132480994 0.985014975 -0.0415659994 -0.167272002 0.963926971 -0.265693992 -0.0151979998 0.907864988 -0.375957996 0.185430005 0.918882012 -0.364452004 0.150884002 0.988188982 -0.0769369975 -0.132480994 0.990387022 0 -0.138248995 0.997955024 0 -0.0635399967 -0.981810987 -0.138523996 -0.129582003 -0.989898026 0 -0.141544998 -0.967193007 0 -0.254005998 -0.826838017 -0.550980985 -0.112644002 -0.841974974 -0.516282022 0.156560004 -0.928770006 -0.369731992 -0.0256050006 -0.611042023 -0.759239018 0.223975003 -0.841974974 -0.516282022 0.156560004 -0.826838017 -0.550980985 -0.112644002 -0.611042023 -0.759239018 0.223975003 -0.613300025 -0.789788008 0.00863699988 -0.322854996 -0.942044973 0.0908840001 -0.337260008 -0.886502028 0.316751987 -0.322854996 -0.942044973 0.0908840001 0.00106799998 -0.98980701 0.142186001 0.303568006 -0.882443011 0.359324992 -0.0134279998 -0.930845022 0.365092993 0.00106799998 -0.98980701 0.142186001 0.608264029 -0.742546022 0.280342996 0.303568006 -0.882443011 0.359324992 0.329874992 -0.934567988 0.133061007 0.623095989 -0.778923988 0.0705590025 0.849116981 -0.528153002 0.00320399995 0.852778971 -0.493270993 0.171452999 0.849116981 -0.528153002 0.00320399995 0.970946014 -0.237555996 -0.0275890008 0.948881984 -0.313822001 0.0334479995 0.99456799 -0.0880149975 -0.0550250001 0.948881984 -0.313822001 0.0334479995 0.970946014 -0.237555996 -0.0275890008 0.98428297 -0.159336999 -0.0761130005 0.992187023 -0.114230998 -0.0497150011 0.997955024 0 -0.0635399967 -0.928770006 -0.369731992 -0.0256050006 -0.841974974 -0.516282022 0.156560004 -0.929867983 -0.317117989 0.186468005 -0.908872008 -0.409435987 -0.0792260021 -0.901395023 -0.422834009 -0.0930510014 -0.990387022 -0.114200003 -0.0777610019 -0.901395023 -0.422834009 -0.0930510014 -0.887417018 -0.440474004 -0.135806993 -0.979278028 -0.125980005 -0.158361003 -0.979278028 -0.125980005 -0.158361003 -0.887417018 -0.440474004 -0.135806993 -0.844935 -0.504624009 -0.177251995 -0.937192976 -0.244269997 -0.248908997 -0.844935 -0.504624009 -0.177251995 -0.826838017 -0.550980985 -0.112644002 -0.932981014 -0.305429012 -0.190283 -0.928770006 -0.369731992 -0.0256050006 -0.958678007 -0.27640599 -0.0669580027 0.204534993 0.978088021 -0.0380260013 0.206732005 0.977630019 -0.0386670008 0.142795995 0.989226997 -0.0316479988 0.204534993 0.978088021 -0.0380260013 0.0535910018 0.99822998 0.0254219994 0.0515150018 0.998444021 0.0202949997 0.0535910018 0.99822998 0.0254219994 0.301553011 0.950285017 0.0772729963 0.303323001 0.950194001 0.0711689964 0.301553011 0.950285017 0.0772729963 0.139988005 0.951415002 0.274177998 0.152684003 0.949796975 0.273048997 0.473708004 0.752556026 0.457410991 0.476547003 0.740898013 0.473219991 0.152684003 0.949796975 0.273048997 0.383464992 0.675619006 0.629626989 0.370678008 0.666890025 0.646381974 0.476547003 0.740898013 0.473219991 0.201971993 0.499709994 0.842279971 0.194768995 0.494704992 0.846919 0.245277002 0.610095978 0.753380001 0.109104 0.453474998 0.884548008 0.105106004 0.451795995 0.88589102 0.194768995 0.494704992 0.846919 0.0104679996 0.430372 0.902553976 0.00988799985 0.429731011 0.902890027 0.105106004 0.451795995 0.88589102 0.0104679996 0.430372 0.902553976 -0.122561999 0.452192992 0.883449972 -0.116184004 0.450300992 0.885281026 -0.122561999 0.452192992 0.883449972 -0.240242004 0.509353995 0.826318979 -0.230232 0.505111992 0.831750989 -0.240242004 0.509353995 0.826318979 -0.32090199 0.573870003 0.753409982 -0.322275013 0.574205995 0.752556026 -0.393932998 0.647175014 0.652607977 -0.322275013 0.574205995 0.752556026 -0.32090199 0.573870003 0.753409982 -0.320048004 0.926298022 0.198736995 -0.321116 0.928403974 0.186865002 -0.439161003 0.790979028 0.425976992 -0.320048004 0.926298022 0.198736995 -0.0882899985 0.992308974 0.086672999 -0.0951870009 0.991577029 0.0874660015 -0.0882899985 0.992308974 0.086672999 0.00946099963 0.999541998 0.0283819996 0.00888099987 0.999602973 0.0260019992 0.0248729996 0.999664009 -0.00256399997 0.0264899991 0.999634027 -0.00256399997 0.00888099987 0.999602973 0.0260019992 -0.0611900017 0.998108029 0.00402799994 0.0264899991 0.999634027 -0.00256399997 0.0248729996 0.999664009 -0.00256399997 0.998932004 0 -0.0456250012 0.999969006 0 0.00741600012 0.973571002 -0.182104006 -0.137608007 0.00973500032 0 0.999939024 0.0271310005 0 0.999602973 -0.0332649983 0.195868 0.980041027 0.98428297 -0.159336999 -0.0761130005 0.979063988 -0.203223005 -0.0109259998 0.992187023 -0.114230998 -0.0497150011 0.0293889996 0.390819997 0.91997999 0.00161699997 0.367655993 0.929929018 0.254036009 0.479414999 0.839990973 0.907864988 -0.375957996 0.185430005 0.875667989 -0.431593001 0.216528997 0.918882012 -0.364452004 0.150884002 0.251839012 0.616382003 0.746055007 0.245277002 0.610095978 0.753380001 0.370678008 0.666890025 0.646381974 0.852778971 -0.493270993 0.171452999 0.948881984 -0.313822001 0.0334479995 0.933377981 -0.33860299 0.118717 -0.971617997 -0.234931007 -0.0266730003 -0.972167015 -0.233131006 0.0225840006 -0.989898026 -0.122166 -0.0715959966 -0.0344550014 0.233588994 0.971709013 -0.0269479994 0.449110001 0.893063009 -0.0370489992 0.44511199 0.894680977 -0.964141011 -0.100374997 -0.245612994 -0.971617997 -0.234931007 -0.0266730003 -0.981810987 -0.138523996 -0.129582003 -0.807285011 0.0784960017 0.584918022 -0.807285011 0.0784960017 0.584918022 -0.807285011 0.0784960017 0.584918022 -0.286904991 0.616321027 0.733328998 -0.285470009 0.61699301 0.733328998 -0.270058006 0.541154027 0.796350002 -0.439161003 0.790979028 0.425976992 -0.393932998 0.647175014 0.652607977 -0.405620992 0.657033026 0.63539499 -0.841974974 -0.516282022 0.156560004 -0.761376023 -0.572466016 0.304177999 -0.929867983 -0.317117989 0.186468005 -0.999969006 0 -0.00589000015 -0.999846995 -0.0139769996 -0.00701900013 -0.998382986 -0.00186199998 -0.0567030013 -0.998260021 0 -0.0586570017 -0.998382986 -0.00186199998 -0.0567030013 -0.970091999 -0.124302 -0.208379999 -0.977110982 0 -0.212683007 -0.970091999 -0.124302 -0.208379999 -0.949491978 -0.103335999 -0.296213001 -0.949491978 -0.103335999 -0.296213001 -0.964141011 -0.100374997 -0.245612994 -0.967193007 0 -0.254005998 -0.989898026 0 -0.141544998 -0.981810987 -0.138523996 -0.129582003 -0.989898026 -0.122166 -0.0715959966 -0.998656988 0.0225840006 -0.0462660007 -0.997771978 -0.0166020002 -0.0643019974 -0.990387022 0.114200003 -0.0777610019 -0.901395023 0.422834009 -0.0930510014 -0.655995011 0.745688975 -0.116549999 -0.673605025 0.731100976 -0.108035997 -0.673605025 0.731100976 -0.108035997 -0.655995011 0.745688975 -0.116549999 -0.300729007 0.945738018 -0.122745 -0.300729007 0.945738018 -0.122745 0.0767539963 0.989624023 -0.121432997 0.0298779998 0.988951981 -0.145053998 0.0767539963 0.989624023 -0.121432997 0.400983006 0.906643987 -0.130894005 0.380261004 0.912594974 -0.150029004 0.400983006 0.906643987 -0.130894005 0.701162994 0.697530985 -0.147465006 0.695394993 0.698965013 -0.166722998 0.701162994 0.697530985 -0.147465006 0.889614999 0.425550014 -0.165684998 0.891719997 0.413098991 -0.184819996 0.889614999 0.425550014 -0.165684998 0.969726026 0.170293003 -0.174932003 0.965758026 0.183476999 -0.183324993 0.965758026 0.183476999 -0.183324993 0.969726026 0.170293003 -0.174932003 0.98327601 0.0513929985 -0.174595997 -0.997771978 -0.0166020002 -0.0643019974 -0.984375 0.0103150001 -0.175633997 -0.979278028 0.125980005 -0.158361003 -0.887417018 0.440474004 -0.135806993 -0.642261982 0.758538008 -0.109835997 -0.655995011 0.745688975 -0.116549999 -0.642261982 0.758538008 -0.109835997 -0.27561301 0.956785977 -0.0926539972 -0.300729007 0.945738018 -0.122745 -0.27561301 0.956785977 -0.0926539972 0.0929900035 0.99179101 -0.0875269994 0.0767539963 0.989624023 -0.121432997 0.0929900035 0.99179101 -0.0875269994 0.407514006 0.908474982 -0.0924099982 0.400983006 0.906643987 -0.130894005 0.407514006 0.908474982 -0.0924099982 0.688009024 0.717795014 -0.106784001 0.701162994 0.697530985 -0.147465006 0.688009024 0.717795014 -0.106784001 0.877009988 0.462294012 -0.130711004 0.889614999 0.425550014 -0.165684998 0.877009988 0.462294012 -0.130711004 0.968963027 0.192511007 -0.155034006 0.969726026 0.170293003 -0.174932003 0.969726026 0.170293003 -0.174932003 0.968963027 0.192511007 -0.155034006 0.985716999 0.0485550016 -0.161199003 -0.984375 0.0103150001 -0.175633997 -0.942807972 0.139988005 -0.302437991 -0.937192976 0.244269997 -0.248908997 -0.887417018 0.440474004 -0.135806993 -0.844935 0.504624009 -0.177251995 -0.627521992 0.774010003 -0.084048003 -0.642261982 0.758538008 -0.109835997 -0.627521992 0.774010003 -0.084048003 -0.298409998 0.954100013 -0.0244759992 -0.27561301 0.956785977 -0.0926539972 -0.298409998 0.954100013 -0.0244759992 0.0473649986 0.998839974 -0.00405899994 0.0929900035 0.99179101 -0.0875269994 0.0473649986 0.998839974 -0.00405899994 0.368479997 0.92950201 -0.0150459995 0.407514006 0.908474982 -0.0924099982 0.368479997 0.92950201 -0.0150459995 0.651386976 0.757103026 -0.0497150011 0.651386976 0.757103026 -0.0497150011 0.854853988 0.51017803 -0.0942720026 0.877009988 0.462294012 -0.130711004 0.854853988 0.51017803 -0.0942720026 0.965269983 0.229438007 -0.124668002 0.968963027 0.192511007 -0.155034006 0.968963027 0.192511007 -0.155034006 0.965269983 0.229438007 -0.124668002 0.988188982 0.0698259994 -0.136264995 -0.937192976 0.244269997 -0.248908997 -0.942807972 0.139988005 -0.302437991 -0.947600007 0.232856005 -0.218603998 -0.844935 0.504624009 -0.177251995 -0.826838017 0.550980985 -0.112644002 -0.613300025 0.789788008 0.00863699988 -0.613300025 0.789788008 0.00863699988 -0.322854996 0.942044973 0.0908840001 -0.298409998 0.954100013 -0.0244759992 -0.322854996 0.942044973 0.0908840001 0.00106799998 0.989836991 0.142186001 0.0473649986 0.998839974 -0.00405899994 0.0473649986 0.998839974 -0.00405899994 0.00106799998 0.989836991 0.142186001 0.329874992 0.934567988 0.133029997 0.368479997 0.92950201 -0.0150459995 0.329874992 0.934567988 0.133029997 0.623095989 0.778923988 0.0705590025 0.651386976 0.757103026 -0.0497150011 0.623095989 0.778923988 0.0705590025 0.849116981 0.528153002 0.00320399995 0.854853988 0.51017803 -0.0942720026 0.849116981 0.528153002 0.00320399995 0.970946014 0.237555996 -0.0275890008 0.965269983 0.229438007 -0.124668002 0.970946014 0.237555996 -0.0275890008 0.99456799 0.0880149975 -0.0550250001 -0.972167015 0.233131006 0.0225840006 -0.775994003 -0.0672930032 0.627125025 -0.891873002 0.0758080035 0.445845008 -0.761376023 0.572466016 0.304177999 -0.580401003 0.720511019 0.379437 -0.611042023 0.759239018 0.223975003 -0.580401003 0.720511019 0.379437 -0.305245996 0.828791022 0.468917012 -0.337260008 0.886502028 0.316751987 -0.305245996 0.828791022 0.468917012 -0.00543199992 0.864834011 0.501999021 -0.0134279998 0.930845022 0.365092993 -0.0134279998 0.930845022 0.365092993 -0.00543199992 0.864834011 0.501999021 0.280312985 0.823817015 0.492659986 0.303568006 0.882443011 0.359324992 0.280312985 0.823817015 0.492659986 0.565263987 0.707693994 0.423810989 0.608264029 0.742515028 0.280342996 0.565263987 0.707693994 0.423810989 0.785394013 0.522538006 0.331797004 0.852778971 0.493270993 0.171452999 0.785394013 0.522538006 0.331797004 0.933377981 0.33860299 0.118717 0.98428297 0.159336999 -0.0761130005 0.979063988 0.203223005 -0.0109259998 0.963926971 0.265693992 -0.0151979998 -0.00717200013 0 0.999969006 -0.00576800015 0 0.999969006 -0.036621999 -0.228523001 0.972838998 -0.261817992 -0.540574014 0.799493015 -0.0269479994 -0.449110001 0.893063009 -0.0370489992 -0.44511199 0.894680977 0.288949013 -0.484602988 0.825586975 0.409069985 -0.493270993 0.767663002 0.402936012 -0.499312997 0.766991019 -0.0421769992 -0.208501995 0.977081001 0.0293889996 -0.390819997 0.91997999 0.00161699997 -0.367655993 0.929929018 0.98538202 0 -0.170202002 0.984191 0.047456 -0.170568004 0.985503972 0.0267949998 -0.167485997 0.985870004 0 -0.167393997 0.985503972 0.0267949998 -0.167485997 0.985014975 0.0415659994 -0.167272002 0.985014975 0.0415659994 -0.167272002 0.988188982 0.0769369975 -0.132480994 0.990387022 0 -0.138248995 0.918882012 0.364452004 0.150884002 0.907864988 0.375957996 0.185430005 0.963926971 0.265693992 -0.0151979998 0.988188982 0.0769369975 -0.132480994 0.992187023 0.114230998 -0.0497150011 0.997955024 0 -0.0635399967 -0.981810987 0.138523996 -0.129582003 -0.964141011 0.100374997 -0.245612994 -0.967193007 0 -0.254005998 -0.826838017 0.550980985 -0.112644002 -0.932981014 0.305429012 -0.190283 -0.928770006 0.369731992 -0.0256050006 -0.611042023 0.759239018 0.223975003 -0.613300025 0.789788008 0.00863699988 -0.826838017 0.550980985 -0.112644002 -0.322854996 0.942044973 0.0908840001 -0.613300025 0.789788008 0.00863699988 -0.611042023 0.759239018 0.223975003 0.00106799998 0.989836991 0.142186001 -0.322854996 0.942044973 0.0908840001 -0.337260008 0.886502028 0.316751987 0.303568006 0.882443011 0.359324992 0.329874992 0.934567988 0.133029997 0.00106799998 0.989836991 0.142186001 0.608264029 0.742515028 0.280342996 0.623095989 0.778923988 0.0705590025 0.329874992 0.934567988 0.133029997 0.623095989 0.778923988 0.0705590025 0.608264029 0.742515028 0.280342996 0.852778971 0.493270993 0.171452999 0.849116981 0.528153002 0.00320399995 0.852778971 0.493270993 0.171452999 0.948881984 0.313822001 0.0334479995 0.99456799 0.0880149975 -0.0550250001 0.970946014 0.237555996 -0.0275890008 0.948881984 0.313822001 0.0334479995 0.997955024 0 -0.0635399967 0.992187023 0.114230998 -0.0497150011 0.98428297 0.159336999 -0.0761130005 -0.928770006 0.369731992 -0.0256050006 -0.958678007 0.27640599 -0.0669580027 -0.929867983 0.317086995 0.186468005 -0.908872008 0.409435987 -0.0792260021 -0.988281012 0.139377996 -0.0617690012 -0.990387022 0.114200003 -0.0777610019 -0.901395023 0.422834009 -0.0930510014 -0.990387022 0.114200003 -0.0777610019 -0.979278028 0.125980005 -0.158361003 -0.979278028 0.125980005 -0.158361003 -0.937192976 0.244269997 -0.248908997 -0.844935 0.504624009 -0.177251995 -0.937192976 0.244269997 -0.248908997 -0.932981014 0.305429012 -0.190283 -0.826838017 0.550980985 -0.112644002 -0.932981014 0.305429012 -0.190283 -0.947600007 0.232856005 -0.218603998 -0.958678007 0.27640599 -0.0669580027 0.142857 -0.989226997 -0.0316479988 0.206732005 -0.977630019 -0.0386670008 0.204534993 -0.978088021 -0.0380260013 0.204534993 -0.978088021 -0.0380260013 0.206732005 -0.977630019 -0.0386670008 0.0515150018 -0.998444021 0.0202949997 0.0535910018 -0.99822998 0.0254219994 0.0515150018 -0.998444021 0.0202949997 0.303323001 -0.950194001 0.0711689964 0.301553011 -0.950285017 0.0772729963 0.303323001 -0.950194001 0.0711689964 0.152684003 -0.949796975 0.273048997 0.152684003 -0.949796975 0.273048997 0.476547003 -0.740898013 0.473219991 0.473738998 -0.752524972 0.457410991 0.383495986 -0.675619006 0.629626989 0.473738998 -0.752524972 0.457410991 0.476547003 -0.740898013 0.473219991 0.245247006 -0.610095978 0.753380001 0.194800004 -0.494704992 0.846919 0.201971993 -0.499709994 0.842279971 0.194800004 -0.494704992 0.846919 0.105106004 -0.451795995 0.88589102 0.109104 -0.453474998 0.884548008 0.105106004 -0.451795995 0.88589102 0.00988799985 -0.429731011 0.902890027 0.0104980003 -0.430372 0.902553976 0.0104980003 -0.430372 0.902553976 0.00988799985 -0.429731011 0.902890027 -0.116184004 -0.450269997 0.885281026 -0.122561999 -0.452161998 0.883449972 -0.116184004 -0.450269997 0.885281026 -0.230261996 -0.505080998 0.831750989 -0.240242004 -0.509353995 0.826318979 -0.230261996 -0.505080998 0.831750989 -0.322275013 -0.574235976 0.752556026 -0.32090199 -0.573870003 0.753409982 -0.322275013 -0.574235976 0.752556026 -0.393932998 -0.647175014 0.652607977 -0.439161003 -0.790979028 0.425976992 -0.321116 -0.928403974 0.186865002 -0.320048004 -0.926298022 0.198736995 -0.320048004 -0.926298022 0.198736995 -0.321116 -0.928403974 0.186865002 -0.0951870009 -0.991577029 0.0874660015 -0.0883210003 -0.992308974 0.086672999 -0.0951870009 -0.991577029 0.0874660015 0.00884999987 -0.999602973 0.0260019992 0.00884999987 -0.999602973 0.0260019992 0.0264899991 -0.999634027 -0.00256399997 0.0248729996 -0.999664009 -0.00256399997 0.0248729996 -0.999664009 -0.00256399997 0.0264899991 -0.999634027 -0.00256399997 -0.0612200014 -0.998108029 0.00402799994 0.998932004 0 -0.0456250012 0.98428297 0.159336999 -0.0761130005 0.973571002 0.182104006 -0.137608007 -0.0332649983 -0.195868 0.980041027 0.0271310005 0 0.999602973 0.00973500032 0 0.999939024 0.98428297 0.159336999 -0.0761130005 0.992187023 0.114230998 -0.0497150011 0.979063988 0.203223005 -0.0109259998 0.0293889996 -0.390819997 0.91997999 0.288949013 -0.484602988 0.825586975 0.254036009 -0.479414999 0.839990973 0.907864988 0.375957996 0.185430005 0.918882012 0.364452004 0.150884002 0.875667989 0.431593001 0.216528997 0.251839012 -0.616382003 0.746055007 0.383495986 -0.675619006 0.629626989 0.370707989 -0.666890025 0.646381974 0.852778971 0.493270993 0.171452999 0.933377981 0.33860299 0.118717 0.948881984 0.313822001 0.0334479995 -0.989898026 0.122166 -0.0715959966 -0.972167015 0.233131006 0.0225840006 -0.971617997 0.234931007 -0.0266730003 -0.0344550014 -0.233588994 0.971709013 -0.036621999 -0.228523001 0.972838998 -0.0370489992 -0.44511199 0.894680977 -0.964141011 0.100374997 -0.245612994 -0.981810987 0.138523996 -0.129582003 -0.971617997 0.234931007 -0.0266730003 -0.807285011 -0.078497 0.584918976 -0.807285011 -0.078497 0.584918976 -0.807285011 -0.078497 0.584918976 -0.270058006 -0.541154027 0.796350002 -0.285470009 -0.61699301 0.733328998 -0.286904991 -0.616321027 0.733328998 -0.405651987 -0.657001972 0.63539499 -0.393932998 -0.647175014 0.652607977 -0.439161003 -0.790979028 0.425976992 -0.841974974 0.516282022 0.156560004 -0.929867983 0.317086995 0.186468005 -0.761376023 0.572466016 0.304177999 -0.999969006 0 -0.00589000015 -0.998260021 0 -0.0586570017 -0.998382986 0.00186199998 -0.0567030013 -0.998260021 0 -0.0586570017 -0.977110982 0 -0.212683007 -0.970091999 0.124302 -0.208379999 -0.977110982 0 -0.212683007 -0.956327975 0 -0.292275995 -0.949491978 0.103335999 -0.296213001 -0.949491978 0.103335999 -0.296213001 -0.956327975 0 -0.292275995 -0.967193007 0 -0.254005998 -0.989898026 0 -0.141544998 -0.993987978 0 -0.109378003 -0.989898026 0.122166 -0.0715959966 -0.0974460021 0.0568559989 -0.993591011 -0.174046993 0.0137329996 -0.984619021 -0.0939659998 0 -0.995544016 -0.0969569981 -0.0564900003 -0.993651986 -0.0940579996 0 -0.995544016 -0.0939659998 0 -0.995544016 -0.043184001 -0.0908539966 -0.994903028 0.338054001 0.0249029994 -0.94076401 0.00146499998 -0.00918599963 -0.999939024 0.00146499998 -0.00918599963 -0.999939024 -0.0942109972 0 -0.995544016 -0.0940579996 0 -0.995544016 -0.0940579996 0 -0.995544016 -0.0942109972 0 -0.995544016 0.00149499997 0.00918599963 -0.999939024 -0.171239004 0.0946990028 -0.980651021 -0.376262993 0.00274699996 -0.926481009 -0.174046993 0.0137329996 -0.984619021 0.00149499997 0.00918599963 -0.999939024 0.338054001 -0.0249029994 -0.94076401 -0.0189830009 0.0980250016 -0.994994998 -0.174078003 -0.0137329996 -0.984619021 -0.376231998 -0.00274699996 -0.926481009 -0.161930993 -0.092441 -0.982451975 -0.0969569981 -0.0564900003 -0.993651986 -0.102054 -0.151798993 -0.983123004 0.00286899996 -0.165776998 -0.98614502 -0.0969569981 -0.0564900003 -0.993651986 0.00286899996 -0.165776998 -0.98614502 0.0217289999 -0.157536998 -0.987242997 -0.0969569981 -0.0564900003 -0.993651986 0.0217289999 -0.157536998 -0.987242997 -0.043184001 -0.0908539966 -0.994903028 -0.100893997 0.175695002 -0.979246974 -0.0974460021 0.0568559989 -0.993591011 -0.0189830009 0.0980250016 -0.994994998 -0.100893997 0.175695002 -0.979246974 -0.0189830009 0.0980250016 -0.994994998 0.0436110012 0.0858180001 -0.995330989 -0.100893997 0.175695002 -0.979246974 0.0436110012 0.0858180001 -0.995330989 -0.107578002 0.425520003 -0.898495018 -0.189549997 -0.157536998 -0.969146013 -0.102054 -0.151798993 -0.983123004 -0.0969569981 -0.0564900003 -0.993651986 -0.208379999 -0.153568998 -0.965910971 -0.189549997 -0.157536998 -0.969146013 -0.0969569981 -0.0564900003 -0.993651986 -0.161930993 -0.092441 -0.982451975 -0.208379999 -0.153568998 -0.965910971 -0.0969569981 -0.0564900003 -0.993651986 -0.171239004 0.0946990028 -0.980651021 -0.0974460021 0.0568559989 -0.993591011 -0.100893997 0.175695002 -0.979246974 -0.210150003 0.124606997 -0.969664991 -0.171239004 0.0946990028 -0.980651021 -0.100893997 0.175695002 -0.979246974 -0.117129996 0.339457005 -0.933287024 -0.210150003 0.124606997 -0.969664991 -0.100893997 0.175695002 -0.979246974 -0.997771978 0.0166020002 -0.0643019974 -0.998656988 -0.0225840006 -0.0462660007 -0.990387022 -0.114200003 -0.0777610019 -0.908872008 -0.409435987 -0.0792260021 -0.673605025 -0.731100976 -0.108035997 -0.901395023 -0.422834009 -0.0930510014 -0.655995011 -0.745688975 -0.116549999 -0.673605025 -0.731100976 -0.108035997 -0.300729007 -0.945738018 -0.122776002 -0.353617996 -0.925656974 -0.134404004 0.0298779998 -0.988951981 -0.145053998 -0.300729007 -0.945738018 -0.122776002 0.0298779998 -0.988951981 -0.145053998 0.380261004 -0.912594974 -0.150029004 0.0767539963 -0.989624023 -0.121432997 0.380261004 -0.912594974 -0.150029004 0.695394993 -0.698965013 -0.166722998 0.400983006 -0.906643987 -0.130894005 0.695394993 -0.698965013 -0.166722998 0.891719997 -0.413098991 -0.184819996 0.701162994 -0.697530985 -0.147465006 0.891719997 -0.413098991 -0.184819996 0.965758026 -0.183476999 -0.183324993 0.889614999 -0.425550014 -0.165684998 0.981016994 -0.090640001 -0.171299994 0.98327601 -0.0513929985 -0.174595997 0.965758026 -0.183476999 -0.183324993 -0.984375 -0.0103150001 -0.175633997 -0.997771978 0.0166020002 -0.0643019974 -0.979278028 -0.125980005 -0.158361003 -0.901395023 -0.422834009 -0.0930510014 -0.655995011 -0.745688975 -0.116549999 -0.887417018 -0.440474004 -0.135806993 -0.655995011 -0.745688975 -0.116549999 -0.300729007 -0.945738018 -0.122776002 -0.642261982 -0.758538008 -0.109835997 -0.300729007 -0.945738018 -0.122776002 0.0767539963 -0.989624023 -0.121432997 -0.27561301 -0.956785977 -0.0926539972 0.0767539963 -0.989624023 -0.121432997 0.400983006 -0.906643987 -0.130894005 0.0929900035 -0.99179101 -0.0875269994 0.400983006 -0.906643987 -0.130894005 0.701162994 -0.697530985 -0.147465006 0.407514006 -0.908474982 -0.0924099982 0.701162994 -0.697530985 -0.147465006 0.889614999 -0.425550014 -0.165684998 0.688009024 -0.717795014 -0.106784001 0.889614999 -0.425550014 -0.165684998 0.969726026 -0.170293003 -0.174932003 0.877009988 -0.462294012 -0.130711004 0.98327601 -0.0513929985 -0.174595997 0.985716999 -0.0485550016 -0.161199003 0.969726026 -0.170293003 -0.174932003 -0.942807972 -0.139988005 -0.302437991 -0.984375 -0.0103150001 -0.175633997 -0.937192976 -0.244269997 -0.248908997 -0.844935 -0.504624009 -0.177251995 -0.887417018 -0.440474004 -0.135806993 -0.627521992 -0.774010003 -0.084048003 -0.627521992 -0.774010003 -0.084048003 -0.642261982 -0.758538008 -0.109835997 -0.298409998 -0.954100013 -0.0244759992 -0.298409998 -0.954100013 -0.0244759992 -0.27561301 -0.956785977 -0.0926539972 0.0473649986 -0.998839974 -0.00405899994 0.0473649986 -0.998839974 -0.00405899994 0.0929900035 -0.99179101 -0.0875269994 0.368479997 -0.92950201 -0.0150459995 0.368479997 -0.92950201 -0.0150459995 0.407514006 -0.908474982 -0.0924099982 0.651386976 -0.757103026 -0.0497150011 0.688009024 -0.717795014 -0.106784001 0.877009988 -0.462294012 -0.130711004 0.651386976 -0.757103026 -0.0497150011 0.877009988 -0.462294012 -0.130711004 0.968963027 -0.192511007 -0.155034006 0.854853988 -0.51017803 -0.0942720026 0.985716999 -0.0485550016 -0.161199003 0.988188982 -0.0698259994 -0.136264995 0.968963027 -0.192511007 -0.155034006 -0.942807972 -0.139988005 -0.302437991 -0.937192976 -0.244269997 -0.248908997 -0.947600007 -0.232856005 -0.218603998 -0.826838017 -0.550980985 -0.112644002 -0.844935 -0.504624009 -0.177251995 -0.613300025 -0.789788008 0.00863699988 -0.627521992 -0.774010003 -0.084048003 -0.298409998 -0.954100013 -0.0244759992 -0.613300025 -0.789788008 0.00863699988 -0.298409998 -0.954100013 -0.0244759992 0.0473649986 -0.998839974 -0.00405899994 -0.322854996 -0.942044973 0.0908840001 0.00106799998 -0.98980701 0.142186001 0.0473649986 -0.998839974 -0.00405899994 0.329874992 -0.934567988 0.133061007 0.329874992 -0.934567988 0.133061007 0.368479997 -0.92950201 -0.0150459995 0.623095989 -0.778923988 0.0705590025 0.854853988 -0.51017803 -0.0942720026 0.849116981 -0.528153002 0.00320399995 0.651386976 -0.757103026 -0.0497150011 0.965269983 -0.229438007 -0.124668002 0.970946014 -0.237555996 -0.0275890008 0.854853988 -0.51017803 -0.0942720026 0.988188982 -0.0698259994 -0.136264995 0.99456799 -0.0880149975 -0.0550250001 0.965269983 -0.229438007 -0.124668002 -0.971617997 -0.234931007 -0.0266730003 -0.891873002 -0.0758080035 0.445845008 -0.972167015 -0.233131006 0.0225840006 -0.841974974 -0.516282022 0.156560004 -0.611042023 -0.759239018 0.223975003 -0.761376023 -0.572466016 0.304177999 -0.611042023 -0.759239018 0.223975003 -0.337260008 -0.886502028 0.316751987 -0.580401003 -0.720511019 0.379437 -0.337260008 -0.886502028 0.316751987 -0.0134279998 -0.930845022 0.365092993 -0.305245996 -0.828791022 0.468917012 -0.00543199992 -0.864834011 0.501999021 -0.0134279998 -0.930845022 0.365092993 0.280312985 -0.823817015 0.492659986 0.280312985 -0.823817015 0.492659986 0.303568006 -0.882443011 0.359324992 0.565263987 -0.707693994 0.423810989 0.565263987 -0.707693994 0.423810989 0.608264029 -0.742546022 0.280342996 0.785394013 -0.522538006 0.331797004 0.979063988 -0.203223005 -0.0109259998 0.98428297 -0.159336999 -0.0761130005 0.963926971 -0.265693992 -0.0151979998 -0.0344550014 0.233588994 0.971709013 -0.036621999 0.228492007 0.972838998 -0.00717200013 0 0.999969006 -0.0269479994 0.449110001 0.893063009 -0.261817992 0.540574014 0.799493015 -0.0370489992 0.44511199 0.894680977 0.409069985 0.493270993 0.767663002 0.288949013 0.484602988 0.825586975 0.402904987 0.499343991 0.766991019 0.0293889996 0.390819997 0.91997999 -0.0421769992 0.208501995 0.977081001 0.00161699997 0.367655993 0.929929018 0.984191 -0.047456 -0.170568004 0.98538202 0 -0.170202002 0.985503972 -0.0267949998 -0.167485997 0.985503972 -0.0267949998 -0.167485997 0.985870004 0 -0.167393997 0.985014975 -0.0415659994 -0.167272002 0.985777974 0 -0.167913005 0.990387022 0 -0.138248995 0.985014975 -0.0415659994 -0.167272002 0.979063988 -0.203223005 -0.0109259998 0.963926971 -0.265693992 -0.0151979998 0.918882012 -0.364452004 0.150884002 0.992187023 -0.114230998 -0.0497150011 0.988188982 -0.0769369975 -0.132480994 0.997955024 0 -0.0635399967 -0.964141011 -0.100374997 -0.245612994 -0.981810987 -0.138523996 -0.129582003 -0.967193007 0 -0.254005998 -0.932981014 -0.305429012 -0.190283 -0.826838017 -0.550980985 -0.112644002 -0.928770006 -0.369731992 -0.0256050006 -0.613300025 -0.789788008 0.00863699988 -0.611042023 -0.759239018 0.223975003 -0.826838017 -0.550980985 -0.112644002 -0.337260008 -0.886502028 0.316751987 -0.611042023 -0.759239018 0.223975003 -0.322854996 -0.942044973 0.0908840001 -0.0134279998 -0.930845022 0.365092993 -0.337260008 -0.886502028 0.316751987 0.00106799998 -0.98980701 0.142186001 0.329874992 -0.934567988 0.133061007 0.303568006 -0.882443011 0.359324992 0.00106799998 -0.98980701 0.142186001 0.623095989 -0.778923988 0.0705590025 0.608264029 -0.742546022 0.280342996 0.329874992 -0.934567988 0.133061007 0.608264029 -0.742546022 0.280342996 0.623095989 -0.778923988 0.0705590025 0.852778971 -0.493270993 0.171452999 0.852778971 -0.493270993 0.171452999 0.849116981 -0.528153002 0.00320399995 0.948881984 -0.313822001 0.0334479995 0.998932004 0 -0.0456250012 0.98428297 -0.159336999 -0.0761130005 0.997955024 0 -0.0635399967 -0.958678007 -0.27640599 -0.0669580027 -0.928770006 -0.369731992 -0.0256050006 -0.929867983 -0.317117989 0.186468005 -0.988281012 -0.139377996 -0.0617690012 -0.908872008 -0.409435987 -0.0792260021 -0.990387022 -0.114200003 -0.0777610019 -0.990387022 -0.114200003 -0.0777610019 -0.901395023 -0.422834009 -0.0930510014 -0.979278028 -0.125980005 -0.158361003 -0.937192976 -0.244269997 -0.248908997 -0.979278028 -0.125980005 -0.158361003 -0.844935 -0.504624009 -0.177251995 -0.932981014 -0.305429012 -0.190283 -0.937192976 -0.244269997 -0.248908997 -0.826838017 -0.550980985 -0.112644002 -0.947600007 -0.232856005 -0.218603998 -0.932981014 -0.305429012 -0.190283 -0.958678007 -0.27640599 -0.0669580027 0.141484007 0.989409983 -0.0314650014 0.204534993 0.978088021 -0.0380260013 0.142795995 0.989226997 -0.0316479988 0.206732005 0.977630019 -0.0386670008 0.204534993 0.978088021 -0.0380260013 0.0515150018 0.998444021 0.0202949997 0.0515150018 0.998444021 0.0202949997 0.0535910018 0.99822998 0.0254219994 0.303323001 0.950194001 0.0711689964 0.303323001 0.950194001 0.0711689964 0.301553011 0.950285017 0.0772729963 0.152684003 0.949796975 0.273048997 0.139988005 0.951415002 0.274177998 0.473708004 0.752556026 0.457410991 0.152684003 0.949796975 0.273048997 0.473708004 0.752556026 0.457410991 0.383464992 0.675619006 0.629626989 0.476547003 0.740898013 0.473219991 0.251839012 0.616382003 0.746055007 0.201971993 0.499709994 0.842279971 0.245277002 0.610095978 0.753380001 0.201971993 0.499709994 0.842279971 0.109104 0.453474998 0.884548008 0.194768995 0.494704992 0.846919 0.109104 0.453474998 0.884548008 0.0104679996 0.430372 0.902553976 0.105106004 0.451795995 0.88589102 0.00988799985 0.429731011 0.902890027 0.0104679996 0.430372 0.902553976 -0.116184004 0.450300992 0.885281026 -0.116184004 0.450300992 0.885281026 -0.122561999 0.452192992 0.883449972 -0.230232 0.505111992 0.831750989 -0.230232 0.505111992 0.831750989 -0.240242004 0.509353995 0.826318979 -0.322275013 0.574205995 0.752556026 -0.405620992 0.657033026 0.63539499 -0.393932998 0.647175014 0.652607977 -0.32090199 0.573870003 0.753409982 -0.440930992 0.782678008 0.439283013 -0.320048004 0.926298022 0.198736995 -0.439161003 0.790979028 0.425976992 -0.321116 0.928403974 0.186865002 -0.320048004 0.926298022 0.198736995 -0.0951870009 0.991577029 0.0874660015 -0.0951870009 0.991577029 0.0874660015 -0.0882899985 0.992308974 0.086672999 0.00888099987 0.999602973 0.0260019992 0.00946099963 0.999541998 0.0283819996 0.0248729996 0.999664009 -0.00256399997 0.00888099987 0.999602973 0.0260019992 -0.0642110035 0.997924984 0.00418099994 -0.0611900017 0.998108029 0.00402799994 0.0248729996 0.999664009 -0.00256399997 0.98428297 -0.159336999 -0.0761130005 0.998932004 0 -0.0456250012 0.973571002 -0.182104006 -0.137608007 -0.0421769992 0.208501995 0.977081001 0.00973500032 0 0.999939024 -0.0332649983 0.195868 0.980041027 0.288949013 0.484602988 0.825586975 0.0293889996 0.390819997 0.91997999 0.254036009 0.479414999 0.839990973 0.383464992 0.675619006 0.629626989 0.251839012 0.616382003 0.746055007 0.370678008 0.666890025 0.646381974 -0.981810987 -0.138523996 -0.129582003 -0.971617997 -0.234931007 -0.0266730003 -0.989898026 -0.122166 -0.0715959966 -0.036621999 0.228492007 0.972838998 -0.0344550014 0.233588994 0.971709013 -0.0370489992 0.44511199 0.894680977 -0.261817992 0.540574014 0.799493015 -0.286904991 0.616321027 0.733328998 -0.270058006 0.541154027 0.796350002 -0.440930992 0.782678008 0.439283013 -0.439161003 0.790979028 0.425976992 -0.405620992 0.657033026 0.63539499 -0.998260021 0 -0.0586570017 -0.999969006 0 -0.00589000015 -0.998382986 -0.00186199998 -0.0567030013 -0.977110982 0 -0.212683007 -0.998260021 0 -0.0586570017 -0.970091999 -0.124302 -0.208379999 -0.956327975 0 -0.292275995 -0.977110982 0 -0.212683007 -0.949491978 -0.103335999 -0.296213001 -0.956327975 0 -0.292275995 -0.949491978 -0.103335999 -0.296213001 -0.967193007 0 -0.254005998 -0.993987978 0 -0.109378003 -0.989898026 0 -0.141544998 -0.989898026 -0.122166 -0.0715959966 -0.988281012 0.139377996 -0.0617690012 -0.998656988 0.0225840006 -0.0462660007 -0.990387022 0.114200003 -0.0777610019 -0.908872008 0.409435987 -0.0792260021 -0.901395023 0.422834009 -0.0930510014 -0.673605025 0.731100976 -0.108035997 -0.353617996 0.925656974 -0.134404004 -0.673605025 0.731100976 -0.108035997 -0.300729007 0.945738018 -0.122745 -0.353617996 0.925656974 -0.134404004 -0.300729007 0.945738018 -0.122745 0.0298779998 0.988951981 -0.145053998 0.0298779998 0.988951981 -0.145053998 0.0767539963 0.989624023 -0.121432997 0.380261004 0.912594974 -0.150029004 0.380261004 0.912594974 -0.150029004 0.400983006 0.906643987 -0.130894005 0.695394993 0.698965013 -0.166722998 0.695394993 0.698965013 -0.166722998 0.701162994 0.697530985 -0.147465006 0.891719997 0.413098991 -0.184819996 0.891719997 0.413098991 -0.184819996 0.889614999 0.425550014 -0.165684998 0.965758026 0.183476999 -0.183324993 0.981016994 0.090640001 -0.171299994 0.965758026 0.183476999 -0.183324993 0.98327601 0.0513929985 -0.174595997 -0.990387022 0.114200003 -0.0777610019 -0.997771978 -0.0166020002 -0.0643019974 -0.979278028 0.125980005 -0.158361003 -0.901395023 0.422834009 -0.0930510014 -0.887417018 0.440474004 -0.135806993 -0.655995011 0.745688975 -0.116549999 -0.655995011 0.745688975 -0.116549999 -0.642261982 0.758538008 -0.109835997 -0.300729007 0.945738018 -0.122745 -0.300729007 0.945738018 -0.122745 -0.27561301 0.956785977 -0.0926539972 0.0767539963 0.989624023 -0.121432997 0.0767539963 0.989624023 -0.121432997 0.0929900035 0.99179101 -0.0875269994 0.400983006 0.906643987 -0.130894005 0.400983006 0.906643987 -0.130894005 0.407514006 0.908474982 -0.0924099982 0.701162994 0.697530985 -0.147465006 0.701162994 0.697530985 -0.147465006 0.688009024 0.717795014 -0.106784001 0.889614999 0.425550014 -0.165684998 0.889614999 0.425550014 -0.165684998 0.877009988 0.462294012 -0.130711004 0.969726026 0.170293003 -0.174932003 0.98327601 0.0513929985 -0.174595997 0.969726026 0.170293003 -0.174932003 0.985716999 0.0485550016 -0.161199003 -0.979278028 0.125980005 -0.158361003 -0.984375 0.0103150001 -0.175633997 -0.937192976 0.244269997 -0.248908997 -0.642261982 0.758538008 -0.109835997 -0.887417018 0.440474004 -0.135806993 -0.627521992 0.774010003 -0.084048003 -0.27561301 0.956785977 -0.0926539972 -0.642261982 0.758538008 -0.109835997 -0.298409998 0.954100013 -0.0244759992 0.0929900035 0.99179101 -0.0875269994 -0.27561301 0.956785977 -0.0926539972 0.0473649986 0.998839974 -0.00405899994 0.407514006 0.908474982 -0.0924099982 0.0929900035 0.99179101 -0.0875269994 0.368479997 0.92950201 -0.0150459995 0.688009024 0.717795014 -0.106784001 0.407514006 0.908474982 -0.0924099982 0.651386976 0.757103026 -0.0497150011 0.688009024 0.717795014 -0.106784001 0.651386976 0.757103026 -0.0497150011 0.877009988 0.462294012 -0.130711004 0.877009988 0.462294012 -0.130711004 0.854853988 0.51017803 -0.0942720026 0.968963027 0.192511007 -0.155034006 0.985716999 0.0485550016 -0.161199003 0.968963027 0.192511007 -0.155034006 0.988188982 0.0698259994 -0.136264995 -0.932981014 0.305429012 -0.190283 -0.937192976 0.244269997 -0.248908997 -0.947600007 0.232856005 -0.218603998 -0.627521992 0.774010003 -0.084048003 -0.844935 0.504624009 -0.177251995 -0.613300025 0.789788008 0.00863699988 -0.627521992 0.774010003 -0.084048003 -0.613300025 0.789788008 0.00863699988 -0.298409998 0.954100013 -0.0244759992 -0.298409998 0.954100013 -0.0244759992 -0.322854996 0.942044973 0.0908840001 0.0473649986 0.998839974 -0.00405899994 0.368479997 0.92950201 -0.0150459995 0.0473649986 0.998839974 -0.00405899994 0.329874992 0.934567988 0.133029997 0.651386976 0.757103026 -0.0497150011 0.368479997 0.92950201 -0.0150459995 0.623095989 0.778923988 0.0705590025 0.854853988 0.51017803 -0.0942720026 0.651386976 0.757103026 -0.0497150011 0.849116981 0.528153002 0.00320399995 0.965269983 0.229438007 -0.124668002 0.854853988 0.51017803 -0.0942720026 0.970946014 0.237555996 -0.0275890008 0.988188982 0.0698259994 -0.136264995 0.965269983 0.229438007 -0.124668002 0.99456799 0.0880149975 -0.0550250001 -0.971617997 0.234931007 -0.0266730003 -0.972167015 0.233131006 0.0225840006 -0.891873002 0.0758080035 0.445845008 -0.841974974 0.516282022 0.156560004 -0.761376023 0.572466016 0.304177999 -0.611042023 0.759239018 0.223975003 -0.611042023 0.759239018 0.223975003 -0.580401003 0.720511019 0.379437 -0.337260008 0.886502028 0.316751987 -0.337260008 0.886502028 0.316751987 -0.305245996 0.828791022 0.468917012 -0.0134279998 0.930845022 0.365092993 0.303568006 0.882443011 0.359324992 -0.0134279998 0.930845022 0.365092993 0.280312985 0.823817015 0.492659986 0.608264029 0.742515028 0.280342996 0.303568006 0.882443011 0.359324992 0.565263987 0.707693994 0.423810989 0.852778971 0.493270993 0.171452999 0.608264029 0.742515028 0.280342996 0.785394013 0.522538006 0.331797004 0.973571002 0.182104006 -0.137608007 0.98428297 0.159336999 -0.0761130005 0.963926971 0.265693992 -0.0151979998 -0.0344550014 -0.233588994 0.971709013 -0.00717200013 0 0.999969006 -0.036621999 -0.228523001 0.972838998 -0.270058006 -0.541154027 0.796350002 -0.261817992 -0.540574014 0.799493015 -0.0370489992 -0.44511199 0.894680977 0.254036009 -0.479414999 0.839990973 0.288949013 -0.484602988 0.825586975 0.402936012 -0.499312997 0.766991019 -0.0332649983 -0.195868 0.980041027 -0.0421769992 -0.208501995 0.977081001 0.00161699997 -0.367655993 0.929929018 0.985870004 0 -0.167393997 0.98538202 0 -0.170202002 0.985503972 0.0267949998 -0.167485997 0.985777974 0 -0.167913005 0.985870004 0 -0.167393997 0.985014975 0.0415659994 -0.167272002 0.985777974 0 -0.167913005 0.985014975 0.0415659994 -0.167272002 0.990387022 0 -0.138248995 0.979063988 0.203223005 -0.0109259998 0.918882012 0.364452004 0.150884002 0.963926971 0.265693992 -0.0151979998 0.990387022 0 -0.138248995 0.988188982 0.0769369975 -0.132480994 0.997955024 0 -0.0635399967 -0.989898026 0 -0.141544998 -0.981810987 0.138523996 -0.129582003 -0.967193007 0 -0.254005998 -0.841974974 0.516282022 0.156560004 -0.826838017 0.550980985 -0.112644002 -0.928770006 0.369731992 -0.0256050006 -0.841974974 0.516282022 0.156560004 -0.611042023 0.759239018 0.223975003 -0.826838017 0.550980985 -0.112644002 -0.337260008 0.886502028 0.316751987 -0.322854996 0.942044973 0.0908840001 -0.611042023 0.759239018 0.223975003 -0.0134279998 0.930845022 0.365092993 0.00106799998 0.989836991 0.142186001 -0.337260008 0.886502028 0.316751987 -0.0134279998 0.930845022 0.365092993 0.303568006 0.882443011 0.359324992 0.00106799998 0.989836991 0.142186001 0.303568006 0.882443011 0.359324992 0.608264029 0.742515028 0.280342996 0.329874992 0.934567988 0.133029997 0.849116981 0.528153002 0.00320399995 0.623095989 0.778923988 0.0705590025 0.852778971 0.493270993 0.171452999 0.970946014 0.237555996 -0.0275890008 0.849116981 0.528153002 0.00320399995 0.948881984 0.313822001 0.0334479995 0.998932004 0 -0.0456250012 0.997955024 0 -0.0635399967 0.98428297 0.159336999 -0.0761130005 -0.841974974 0.516282022 0.156560004 -0.928770006 0.369731992 -0.0256050006 -0.929867983 0.317086995 0.186468005 -0.901395023 0.422834009 -0.0930510014 -0.908872008 0.409435987 -0.0792260021 -0.990387022 0.114200003 -0.0777610019 -0.887417018 0.440474004 -0.135806993 -0.901395023 0.422834009 -0.0930510014 -0.979278028 0.125980005 -0.158361003 -0.887417018 0.440474004 -0.135806993 -0.979278028 0.125980005 -0.158361003 -0.844935 0.504624009 -0.177251995 -0.844935 0.504624009 -0.177251995 -0.937192976 0.244269997 -0.248908997 -0.826838017 0.550980985 -0.112644002 -0.928770006 0.369731992 -0.0256050006 -0.932981014 0.305429012 -0.190283 -0.958678007 0.27640599 -0.0669580027 0.141514003 -0.989409983 -0.0314650014 0.142857 -0.989226997 -0.0316479988 0.204534993 -0.978088021 -0.0380260013 0.0535910018 -0.99822998 0.0254219994 0.204534993 -0.978088021 -0.0380260013 0.0515150018 -0.998444021 0.0202949997 0.301553011 -0.950285017 0.0772729963 0.0535910018 -0.99822998 0.0254219994 0.303323001 -0.950194001 0.0711689964 0.139957994 -0.951415002 0.274177998 0.301553011 -0.950285017 0.0772729963 0.152684003 -0.949796975 0.273048997 0.139957994 -0.951415002 0.274177998 0.152684003 -0.949796975 0.273048997 0.473738998 -0.752524972 0.457410991 0.370707989 -0.666890025 0.646381974 0.383495986 -0.675619006 0.629626989 0.476547003 -0.740898013 0.473219991 0.251839012 -0.616382003 0.746055007 0.245247006 -0.610095978 0.753380001 0.201971993 -0.499709994 0.842279971 0.201971993 -0.499709994 0.842279971 0.194800004 -0.494704992 0.846919 0.109104 -0.453474998 0.884548008 0.109104 -0.453474998 0.884548008 0.105106004 -0.451795995 0.88589102 0.0104980003 -0.430372 0.902553976 -0.122561999 -0.452161998 0.883449972 0.0104980003 -0.430372 0.902553976 -0.116184004 -0.450269997 0.885281026 -0.240242004 -0.509353995 0.826318979 -0.122561999 -0.452161998 0.883449972 -0.230261996 -0.505080998 0.831750989 -0.32090199 -0.573870003 0.753409982 -0.240242004 -0.509353995 0.826318979 -0.322275013 -0.574235976 0.752556026 -0.405651987 -0.657001972 0.63539499 -0.32090199 -0.573870003 0.753409982 -0.393932998 -0.647175014 0.652607977 -0.440901011 -0.782678008 0.439283013 -0.439161003 -0.790979028 0.425976992 -0.320048004 -0.926298022 0.198736995 -0.0883210003 -0.992308974 0.086672999 -0.320048004 -0.926298022 0.198736995 -0.0951870009 -0.991577029 0.0874660015 0.00946099963 -0.999541998 0.0283819996 -0.0883210003 -0.992308974 0.086672999 0.00884999987 -0.999602973 0.0260019992 0.00946099963 -0.999541998 0.0283819996 0.00884999987 -0.999602973 0.0260019992 0.0248729996 -0.999664009 -0.00256399997 -0.0642409995 -0.997893989 0.00418099994 0.0248729996 -0.999664009 -0.00256399997 -0.0612200014 -0.998108029 0.00402799994 0.999969006 0 0.00741600012 0.998932004 0 -0.0456250012 0.973571002 0.182104006 -0.137608007 -0.0421769992 -0.208501995 0.977081001 -0.0332649983 -0.195868 0.980041027 0.00973500032 0 0.999939024 0.00161699997 -0.367655993 0.929929018 0.0293889996 -0.390819997 0.91997999 0.254036009 -0.479414999 0.839990973 0.245247006 -0.610095978 0.753380001 0.251839012 -0.616382003 0.746055007 0.370707989 -0.666890025 0.646381974 -0.981810987 0.138523996 -0.129582003 -0.989898026 0.122166 -0.0715959966 -0.971617997 0.234931007 -0.0266730003 -0.0269479994 -0.449110001 0.893063009 -0.0344550014 -0.233588994 0.971709013 -0.0370489992 -0.44511199 0.894680977 -0.261817992 -0.540574014 0.799493015 -0.270058006 -0.541154027 0.796350002 -0.286904991 -0.616321027 0.733328998 -0.440901011 -0.782678008 0.439283013 -0.405651987 -0.657001972 0.63539499 -0.439161003 -0.790979028 0.425976992 -0.999846995 0.0139769996 -0.00701900013 -0.999969006 0 -0.00589000015 -0.998382986 0.00186199998 -0.0567030013 -0.998382986 0.00186199998 -0.0567030013 -0.998260021 0 -0.0586570017 -0.970091999 0.124302 -0.208379999 -0.970091999 0.124302 -0.208379999 -0.977110982 0 -0.212683007 -0.949491978 0.103335999 -0.296213001 -0.964141011 0.100374997 -0.245612994 -0.949491978 0.103335999 -0.296213001 -0.967193007 0 -0.254005998 -0.981810987 0.138523996 -0.129582003 -0.989898026 0 -0.141544998 -0.989898026 0.122166 -0.0715959966 -0.0940579996 0 -0.995544016 -0.0974460021 0.0568559989 -0.993591011 -0.0939659998 0 -0.995544016 -0.174078003 -0.0137329996 -0.984619021 -0.0969569981 -0.0564900003 -0.993651986 -0.0939659998 0 -0.995544016 -0.0969569981 -0.0564900003 -0.993651986 -0.043184001 -0.0908539966 -0.994903028 0.00146499998 -0.00918599963 -0.999939024 -0.0969569981 -0.0564900003 -0.993651986 0.00146499998 -0.00918599963 -0.999939024 -0.0940579996 0 -0.995544016 -0.0974460021 0.0568559989 -0.993591011 -0.0940579996 0 -0.995544016 0.00149499997 0.00918599963 -0.999939024 -0.0974460021 0.0568559989 -0.993591011 -0.171239004 0.0946990028 -0.980651021 -0.174046993 0.0137329996 -0.984619021 -0.0974460021 0.0568559989 -0.993591011 0.00149499997 0.00918599963 -0.999939024 -0.0189830009 0.0980250016 -0.994994998 -0.0969569981 -0.0564900003 -0.993651986 -0.174078003 -0.0137329996 -0.984619021 -0.161930993 -0.092441 -0.982451975 </float_array>
          <technique_common>
            <accessor count="1332" offset="0" source="#shiny_white-normals-array" stride="3">
              <param name="X" type="float" />
              <param name="Y" type="float" />
              <param name="Z" type="float" />
            </accessor>
          </technique_common>
        </source>
        <source id="shiny_white-tex0" name="shiny_white-tex0">
          <float_array id="shiny_white-tex0-array" count="2664"> 0.0886769965 0.112726986 0.126142994 0.116123021 0.119185001 0.174745977 0.203101993 0.109798014 0.206967995 0.181232989 0.159832999 0.177963972 0.203101993 0.109798014 0.246721998 0.100768983 0.247972995 0.18383199 0.283569992 0.0968179703 0.284215003 0.186073005 0.247972995 0.18383199 0.320791006 0.0986480117 0.319400012 0.188332975 0.284215003 0.186073005 0.358413994 0.106347024 0.358171999 0.19066 0.319400012 0.188332975 0.404992998 0.112124979 0.402321011 0.193168998 0.358171999 0.19066 0.450663 0.117538989 0.450132012 0.195352972 0.402321011 0.193168998 0.483016998 0.195767999 0.450132012 0.195352972 0.450663 0.117538989 0.0810320005 0.171343982 0.119185001 0.174745977 0.106642999 0.265920997 0.206967995 0.181232989 0.199965999 0.273020029 0.150304005 0.269576013 0.247972995 0.18383199 0.243013993 0.275711 0.199965999 0.273020029 0.284215003 0.186073005 0.281136006 0.278015018 0.243013993 0.275711 0.319400012 0.188332975 0.317817986 0.28056401 0.281136006 0.278015018 0.358171999 0.19066 0.357358992 0.283559978 0.317817986 0.28056401 0.402321011 0.193168998 0.402056992 0.286710978 0.357358992 0.283559978 0.450132012 0.195352972 0.450940013 0.289399028 0.402056992 0.286710978 0.485554993 0.290014982 0.450940013 0.289399028 0.450132012 0.195352972 0.0649449974 0.262836993 0.106642999 0.265920997 0.0946519971 0.360426009 0.150304005 0.269576013 0.199965999 0.273020029 0.185102999 0.365208983 0.199965999 0.273020029 0.243013993 0.275711 0.229720995 0.366783977 0.243013993 0.275711 0.281136006 0.278015018 0.270799011 0.368456006 0.281136006 0.278015018 0.317817986 0.28056401 0.311129004 0.371209979 0.317817986 0.28056401 0.357358992 0.283559978 0.353612006 0.375184 0.402056992 0.286710978 0.40020901 0.379611015 0.353612006 0.375184 0.450940013 0.289399028 0.450614989 0.38352102 0.40020901 0.379611015 0.481314987 0.38509798 0.450614989 0.38352102 0.450940013 0.289399028 0.0946519971 0.360426009 0.0923229977 0.405861974 0.0566519983 0.405673981 0.135239005 0.36304599 0.185102999 0.365208983 0.176109999 0.414852023 0.229720995 0.366783977 0.218873993 0.432843983 0.176109999 0.414852023 0.270799011 0.368456006 0.260405988 0.452224016 0.218873993 0.432843983 0.270799011 0.368456006 0.311129004 0.371209979 0.304078996 0.455376983 0.311129004 0.371209979 0.353612006 0.375184 0.34937799 0.441969991 0.398086011 0.429645002 0.34937799 0.441969991 0.353612006 0.375184 0.45155701 0.42770803 0.398086011 0.429645002 0.40020901 0.379611015 0.471495003 0.429319024 0.45155701 0.42770803 0.450614989 0.38352102 0.0904000029 0.483675003 0.0884340033 0.484595001 0.0608259998 0.466198981 0.162836 0.483444989 0.152000993 0.527370989 0.116429999 0.504688978 0.211316004 0.493125975 0.206542999 0.548709989 0.152000993 0.527370989 0.255995989 0.499957025 0.253268987 0.555377007 0.206542999 0.548709989 0.255995989 0.499957025 0.301174998 0.503373027 0.302412003 0.552873969 0.301174998 0.503373027 0.346933007 0.498803973 0.348141998 0.541779995 0.346933007 0.498803973 0.400703013 0.488658011 0.396575987 0.519765973 0.400703013 0.488658011 0.429812014 0.495905995 0.396575987 0.519765973 0.477122992 0.474529028 0.479351997 0.486792028 0.456775993 0.491901994 0.0420590006 0.461721003 0.0193569995 0.459025025 0.0195049997 0.454706013 0.0884340033 0.484595001 0.0861639977 0.488222003 0.0591280013 0.469806015 0.433333009 0.50127399 0.437307 0.50691998 0.403804004 0.525655031 0.479351997 0.486792028 0.481272012 0.493287027 0.460509002 0.499145985 0.503184974 0.117936015 0.502753019 0.197188973 0.486451 0.196828008 0.502753019 0.197188973 0.502216995 0.291696012 0.487078011 0.291270018 0.50168103 0.386613011 0.482163996 0.386111975 0.487078011 0.291270018 0.456775993 0.491901994 0.433333009 0.50127399 0.432271004 0.497919023 0.482163996 0.386111975 0.50168103 0.386613011 0.501452982 0.431120992 0.047704 0.436447978 0.0196959991 0.433633029 0.0202350002 0.405465007 0.127449006 0.407204986 0.111262001 0.474415004 0.0985160023 0.451117992 0.162836 0.483444989 0.111262001 0.474415004 0.127449006 0.407204986 0.162836 0.483444989 0.176109999 0.414852023 0.218873993 0.432843983 0.211316004 0.493125975 0.218873993 0.432843983 0.260405988 0.452224016 0.301174998 0.503373027 0.255995989 0.499957025 0.260405988 0.452224016 0.346933007 0.498803973 0.301174998 0.503373027 0.304078996 0.455376983 0.34937799 0.441969991 0.398086011 0.429645002 0.400703013 0.488658011 0.398086011 0.429645002 0.45155701 0.42770803 0.450614989 0.472244978 0.471495003 0.429319024 0.450614989 0.472244978 0.45155701 0.42770803 0.477122992 0.474529028 0.47309801 0.430655003 0.501452982 0.431120992 0.0985160023 0.451117992 0.111262001 0.474415004 0.0924540013 0.482320011 0.160293996 0.115760982 0.159832999 0.177963972 0.119185001 0.174745977 0.159832999 0.177963972 0.150304005 0.269576013 0.106642999 0.265920997 0.106642999 0.265920997 0.150304005 0.269576013 0.135239005 0.36304599 0.0946519971 0.360426009 0.135239005 0.36304599 0.127449006 0.407204986 0.0923229977 0.405861974 0.0985160023 0.451117992 0.0708559975 0.451089978 0.486451 0.196828008 0.483016998 0.195767999 0.48131901 0.117909014 0.486451 0.196828008 0.487078011 0.291270018 0.485554993 0.290014982 0.487078011 0.291270018 0.482163996 0.386111975 0.481314987 0.38509798 0.482163996 0.386111975 0.47309801 0.430655003 0.471495003 0.429319024 0.453042001 0.473950982 0.450614989 0.472244978 0.471495003 0.429319024 0.432271004 0.497919023 0.429812014 0.495905995 0.450614989 0.472244978 0.348747998 0.54458797 0.348141998 0.541779995 0.396575987 0.519765973 0.30290401 0.555714965 0.302412003 0.552873969 0.348141998 0.541779995 0.253295004 0.558125973 0.253268987 0.555377007 0.302412003 0.552873969 0.253295004 0.558125973 0.206157997 0.551221013 0.206542999 0.548709989 0.206157997 0.551221013 0.151269004 0.529914021 0.152000993 0.527370989 0.151269004 0.529914021 0.115217 0.507149994 0.116429999 0.504688978 0.0924540013 0.482320011 0.116429999 0.504688978 0.115217 0.507149994 0.054161001 0.406885982 0.0566519983 0.405673981 0.0708559975 0.451089978 0.054161001 0.406885982 0.0504060015 0.360217988 0.0546850003 0.359575987 0.0504060015 0.360217988 0.0609249994 0.263670027 0.0649449974 0.262836993 0.0770440027 0.171498001 0.0810320005 0.171343982 0.0649449974 0.262836993 0.0886769965 0.112726986 0.0810320005 0.171343982 0.0770440027 0.171498001 0.501249015 0.475057006 0.501213014 0.484171987 0.479351997 0.486792028 0.501213014 0.484171987 0.501187027 0.490265012 0.481272012 0.493287027 0.477122992 0.474529028 0.453042001 0.473950982 0.47309801 0.430655003 0.456775993 0.491901994 0.460509002 0.499145985 0.437307 0.50691998 0.433333009 0.50127399 0.398281008 0.522511005 0.432271004 0.497919023 0.398281008 0.522511005 0.396575987 0.519765973 0.429812014 0.495905995 0.400703013 0.488658011 0.450614989 0.472244978 0.429812014 0.495905995 0.0692469999 0.452602029 0.0608259998 0.466198981 0.0429439992 0.458006978 0.0429439992 0.458006978 0.0608259998 0.466198981 0.0591280013 0.469806015 0.054161001 0.406885982 0.0692469999 0.452602029 0.047704 0.436447978 0.0904000029 0.483675003 0.115217 0.507149994 0.0884340033 0.484595001 0.115217 0.507149994 0.112305 0.510089993 0.0861639977 0.488222003 0.0708559975 0.451089978 0.0924540013 0.482320011 0.0904000029 0.483675003 0.111262001 0.474415004 0.116429999 0.504688978 0.0924540013 0.482320011 0.0640060008 0.108781993 0.0856949985 0.111621976 0.0770440027 0.171498001 0.0551219992 0.168389976 0.0770440027 0.171498001 0.0609249994 0.263670027 0.0395690016 0.261097014 0.0609249994 0.263670027 0.0504060015 0.360217988 0.0504060015 0.360217988 0.054161001 0.406885982 0.0202350002 0.405465007 0.0196959991 0.433633029 0.047704 0.436447978 0.0429439992 0.458006978 0.918250024 0.11699301 0.925854981 0.17582202 0.887350976 0.178683996 0.846212983 0.181686997 0.798936009 0.184468985 0.803445995 0.113099992 0.803445995 0.113099992 0.798936009 0.184468985 0.75781697 0.186604023 0.75781697 0.186604023 0.721499026 0.188437998 0.723115981 0.0992010236 0.721499026 0.188437998 0.686253011 0.190308988 0.685850024 0.100616992 0.686253011 0.190308988 0.647430003 0.192211986 0.648118973 0.107903004 0.647430003 0.192211986 0.603239 0.194240987 0.60145998 0.113173008 0.603239 0.194240987 0.555396974 0.195905983 0.555720985 0.118090987 0.555720985 0.118090987 0.555396974 0.195905983 0.522505999 0.195964992 0.925854981 0.17582202 0.939387023 0.267885983 0.897939026 0.270016015 0.854451001 0.273406982 0.804745018 0.276301026 0.798936009 0.184468985 0.804745018 0.276301026 0.761650026 0.278515995 0.75781697 0.186604023 0.761650026 0.278515995 0.723483026 0.280398011 0.721499026 0.188437998 0.723483026 0.280398011 0.686753988 0.282543004 0.686253011 0.190308988 0.686753988 0.282543004 0.647162974 0.285112023 0.647430003 0.192211986 0.647162974 0.285112023 0.602427006 0.287786007 0.603239 0.194240987 0.602427006 0.287786007 0.553520024 0.289937973 0.555396974 0.195905983 0.555396974 0.195905983 0.553520024 0.289937973 0.518899977 0.290175974 0.939387023 0.267885983 0.948589981 0.36460799 0.908685982 0.364830017 0.854451001 0.273406982 0.868309975 0.367066979 0.818457007 0.36866498 0.804745018 0.276301026 0.818457007 0.36866498 0.773837984 0.369738996 0.761650026 0.278515995 0.773837984 0.369738996 0.732744992 0.370948017 0.723483026 0.280398011 0.732744992 0.370948017 0.692372024 0.373247981 0.686753988 0.282543004 0.692372024 0.373247981 0.649806976 0.376751006 0.649806976 0.376751006 0.603177011 0.380742013 0.602427006 0.287786007 0.603177011 0.380742013 0.552771986 0.384064019 0.553520024 0.289937973 0.553520024 0.289937973 0.552771986 0.384064019 0.522063017 0.385302007 0.908685982 0.364830017 0.948589981 0.36460799 0.946323991 0.410589993 0.868309975 0.367066979 0.875576973 0.411325991 0.826874018 0.418420017 0.826874018 0.418420017 0.783939004 0.435925007 0.773837984 0.369738996 0.783939004 0.435925007 0.742211998 0.454828024 0.732744992 0.370948017 0.732744992 0.370948017 0.742211998 0.454828024 0.698520005 0.45747602 0.692372024 0.373247981 0.698520005 0.45747602 0.653367996 0.443539023 0.649806976 0.376751006 0.653367996 0.443539023 0.604784012 0.430859029 0.603177011 0.380742013 0.604784012 0.430859029 0.551382005 0.428229988 0.552771986 0.384064019 0.551382005 0.428229988 0.531422973 0.429615974 0.941555977 0.471056998 0.913752973 0.489144027 0.911795974 0.488201022 0.885565996 0.508939981 0.849748015 0.531216025 0.839392006 0.487168014 0.849748015 0.531216025 0.794987023 0.551946044 0.79082799 0.496302009 0.794987023 0.551946044 0.748206019 0.558104038 0.746100008 0.502624035 0.746100008 0.502624035 0.748206019 0.558104038 0.699119985 0.554991961 0.700915992 0.505509973 0.699119985 0.554991961 0.653537989 0.543435991 0.655264974 0.500422001 0.653537989 0.543435991 0.605259001 0.521093965 0.601602972 0.489853024 0.605259001 0.521093965 0.572494984 0.496562004 0.525372028 0.474757016 0.549428999 0.47438997 0.54560101 0.49228102 0.982997 0.460025012 0.983098984 0.464344978 0.960368991 0.466789007 0.913752973 0.489144027 0.941555977 0.471056998 0.943215013 0.474681973 0.569056988 0.50166297 0.603408992 0.523977995 0.597856998 0.527006984 0.523051023 0.487001002 0.54560101 0.49228102 0.541824996 0.499486029 0.503184974 0.117936015 0.520870984 0.117703021 0.519059002 0.196998 0.502753019 0.197188973 0.519059002 0.196998 0.517361999 0.291427016 0.517361999 0.291427016 0.521202981 0.386310995 0.50168103 0.386613011 0.570142984 0.498381972 0.569056988 0.50166297 0.54560101 0.49228102 0.521202981 0.386310995 0.529806018 0.430929005 0.501452982 0.431120992 0.95499599 0.44146198 0.948848009 0.411845028 0.982809007 0.41079402 0.875576973 0.411325991 0.910660028 0.410368979 0.904015005 0.455564022 0.839392006 0.487168014 0.826874018 0.418420017 0.875576973 0.411325991 0.783939004 0.435925007 0.826874018 0.418420017 0.839392006 0.487168014 0.742211998 0.454828024 0.783939004 0.435925007 0.79082799 0.496302009 0.700915992 0.505509973 0.698520005 0.45747602 0.742211998 0.454828024 0.655264974 0.500422001 0.653367996 0.443539023 0.698520005 0.45747602 0.653367996 0.443539023 0.655264974 0.500422001 0.601602972 0.489853024 0.604784012 0.430859029 0.601602972 0.489853024 0.551868021 0.472738028 0.531422973 0.429615974 0.551382005 0.428229988 0.551868021 0.472738028 0.501452982 0.431120992 0.529806018 0.430929005 0.525372028 0.474757016 0.904015005 0.455564022 0.931676984 0.455834985 0.909756005 0.486817002 0.846216977 0.119488001 0.880464971 0.120208979 0.887350976 0.178683996 0.846212983 0.181686997 0.887350976 0.178683996 0.897939026 0.270016015 0.897939026 0.270016015 0.908685982 0.364830017 0.868309975 0.367066979 0.908685982 0.364830017 0.910660028 0.410368979 0.875576973 0.411325991 0.910660028 0.410368979 0.946323991 0.410589993 0.931676984 0.455834985 0.525056005 0.118131995 0.522505999 0.195964992 0.519059002 0.196998 0.519059002 0.196998 0.522505999 0.195964992 0.518899977 0.290175974 0.517361999 0.291427016 0.518899977 0.290175974 0.522063017 0.385302007 0.521202981 0.386310995 0.522063017 0.385302007 0.531422973 0.429615974 0.531422973 0.429615974 0.551868021 0.472738028 0.549428999 0.47438997 0.570142984 0.498381972 0.549428999 0.47438997 0.551868021 0.472738028 0.605259001 0.521093965 0.653537989 0.543435991 0.652863026 0.54626298 0.653537989 0.543435991 0.699119985 0.554991961 0.698592007 0.557829022 0.699119985 0.554991961 0.748206019 0.558104038 0.748152018 0.560868025 0.748152018 0.560868025 0.748206019 0.558104038 0.794987023 0.551946044 0.795346022 0.554466963 0.794987023 0.551946044 0.849748015 0.531216025 0.850454986 0.533767998 0.849748015 0.531216025 0.885565996 0.508939981 0.886748016 0.511413991 0.885565996 0.508939981 0.909756005 0.486817002 0.931676984 0.455834985 0.946323991 0.410589993 0.948848009 0.411845028 0.948848009 0.411845028 0.946323991 0.410589993 0.948589981 0.36460799 0.953112006 0.365293026 0.948589981 0.36460799 0.939387023 0.267885983 0.939387023 0.267885983 0.925854981 0.17582202 0.929596007 0.176023006 0.929596007 0.176023006 0.925854981 0.17582202 0.918250024 0.11699301 0.501249015 0.475057006 0.525372028 0.474757016 0.523051023 0.487001002 0.521082997 0.493479013 0.501187027 0.490265012 0.501213014 0.484171987 0.525372028 0.474757016 0.529806018 0.430929005 0.549428999 0.47438997 0.54560101 0.49228102 0.569056988 0.50166297 0.56496501 0.507283986 0.569056988 0.50166297 0.570142984 0.498381972 0.603408992 0.523977995 0.603408992 0.523977995 0.570142984 0.498381972 0.572494984 0.496562004 0.601602972 0.489853024 0.572494984 0.496562004 0.551868021 0.472738028 0.959523976 0.463068008 0.941555977 0.471056998 0.933278978 0.457373977 0.959523976 0.463068008 0.960368991 0.466789007 0.943215013 0.474681973 0.948848009 0.411845028 0.95499599 0.44146198 0.933278978 0.457373977 0.911795974 0.488201022 0.913752973 0.489144027 0.886748016 0.511413991 0.915986001 0.492793977 0.889625013 0.514385998 0.886748016 0.511413991 0.911795974 0.488201022 0.909756005 0.486817002 0.931676984 0.455834985 0.891035974 0.478717029 0.909756005 0.486817002 0.885565996 0.508939981 0.943753004 0.11362797 0.951470971 0.173444986 0.929596007 0.176023006 0.951470971 0.173444986 0.964349985 0.26643002 0.943102002 0.268691003 0.964349985 0.26643002 0.97993201 0.363536 0.953112006 0.365293026 0.953112006 0.365293026 0.97993201 0.363536 0.982809007 0.41079402 0.983033001 0.438956022 0.982997 0.460025012 0.959523976 0.463068008 0.0874369964 0.633031011 0.163682997 0.631375015 0.163847998 0.649199963 0.087301001 0.664713979 0.0873889998 0.648872018 0.163847998 0.649199963 0.0180820003 0.719666958 0.00801100023 0.685887992 0.00848599989 0.661947966 0.00848599989 0.661947966 0.00790799968 0.64853096 0.0873889998 0.648872018 0.0873889998 0.648872018 0.00790799968 0.64853096 0.0086009996 0.635120034 0.158801004 0.574797034 0.165023997 0.600790977 0.163682997 0.631375015 0.0086009996 0.635120034 0.00833099987 0.611176014 0.0186919998 0.577484965 0.163530007 0.667024016 0.164608002 0.697618008 0.158162996 0.723559022 0.087301001 0.664713979 0.084416002 0.77137202 0.0589819998 0.765173018 0.087301001 0.664713979 0.0589819998 0.765173018 0.0364000015 0.749624014 0.087301001 0.664713979 0.0364000015 0.749624014 0.0180820003 0.719666958 0.0854680017 0.526350975 0.0874369964 0.633031011 0.0186919998 0.577484965 0.0854680017 0.526350975 0.0186919998 0.577484965 0.0372669995 0.547685981 0.0854680017 0.526350975 0.0372669995 0.547685981 0.0599820018 0.532332003 0.110237002 0.766973972 0.084416002 0.77137202 0.087301001 0.664713979 0.138592005 0.750113964 0.110237002 0.766973972 0.087301001 0.664713979 0.158162996 0.723559022 0.138592005 0.750113964 0.087301001 0.664713979 0.158801004 0.574797034 0.0874369964 0.633031011 0.0854680017 0.526350975 0.139458999 0.548074961 0.158801004 0.574797034 0.0854680017 0.526350975 0.111249998 0.530972004 0.139458999 0.548074961 0.0854680017 0.526350975 0.0810320005 0.171343982 0.0886769965 0.112726986 0.119185001 0.174745977 0.160293996 0.115760982 0.203101993 0.109798014 0.159832999 0.177963972 0.206967995 0.181232989 0.203101993 0.109798014 0.247972995 0.18383199 0.246721998 0.100768983 0.283569992 0.0968179703 0.247972995 0.18383199 0.283569992 0.0968179703 0.320791006 0.0986480117 0.284215003 0.186073005 0.320791006 0.0986480117 0.358413994 0.106347024 0.319400012 0.188332975 0.358413994 0.106347024 0.404992998 0.112124979 0.358171999 0.19066 0.404992998 0.112124979 0.450663 0.117538989 0.402321011 0.193168998 0.48131901 0.117909014 0.483016998 0.195767999 0.450663 0.117538989 0.0649449974 0.262836993 0.0810320005 0.171343982 0.106642999 0.265920997 0.159832999 0.177963972 0.206967995 0.181232989 0.150304005 0.269576013 0.206967995 0.181232989 0.247972995 0.18383199 0.199965999 0.273020029 0.247972995 0.18383199 0.284215003 0.186073005 0.243013993 0.275711 0.284215003 0.186073005 0.319400012 0.188332975 0.281136006 0.278015018 0.319400012 0.188332975 0.358171999 0.19066 0.317817986 0.28056401 0.358171999 0.19066 0.402321011 0.193168998 0.357358992 0.283559978 0.402321011 0.193168998 0.450132012 0.195352972 0.402056992 0.286710978 0.483016998 0.195767999 0.485554993 0.290014982 0.450132012 0.195352972 0.0546850003 0.359575987 0.0649449974 0.262836993 0.0946519971 0.360426009 0.135239005 0.36304599 0.150304005 0.269576013 0.185102999 0.365208983 0.185102999 0.365208983 0.199965999 0.273020029 0.229720995 0.366783977 0.229720995 0.366783977 0.243013993 0.275711 0.270799011 0.368456006 0.270799011 0.368456006 0.281136006 0.278015018 0.311129004 0.371209979 0.311129004 0.371209979 0.317817986 0.28056401 0.353612006 0.375184 0.357358992 0.283559978 0.402056992 0.286710978 0.353612006 0.375184 0.402056992 0.286710978 0.450940013 0.289399028 0.40020901 0.379611015 0.485554993 0.290014982 0.481314987 0.38509798 0.450940013 0.289399028 0.0546850003 0.359575987 0.0946519971 0.360426009 0.0566519983 0.405673981 0.127449006 0.407204986 0.135239005 0.36304599 0.176109999 0.414852023 0.185102999 0.365208983 0.229720995 0.366783977 0.176109999 0.414852023 0.229720995 0.366783977 0.270799011 0.368456006 0.218873993 0.432843983 0.260405988 0.452224016 0.270799011 0.368456006 0.304078996 0.455376983 0.304078996 0.455376983 0.311129004 0.371209979 0.34937799 0.441969991 0.40020901 0.379611015 0.398086011 0.429645002 0.353612006 0.375184 0.450614989 0.38352102 0.45155701 0.42770803 0.40020901 0.379611015 0.481314987 0.38509798 0.471495003 0.429319024 0.450614989 0.38352102 0.0692469999 0.452602029 0.0904000029 0.483675003 0.0608259998 0.466198981 0.111262001 0.474415004 0.162836 0.483444989 0.116429999 0.504688978 0.162836 0.483444989 0.211316004 0.493125975 0.152000993 0.527370989 0.211316004 0.493125975 0.255995989 0.499957025 0.206542999 0.548709989 0.253268987 0.555377007 0.255995989 0.499957025 0.302412003 0.552873969 0.302412003 0.552873969 0.301174998 0.503373027 0.348141998 0.541779995 0.348141998 0.541779995 0.346933007 0.498803973 0.396575987 0.519765973 0.453042001 0.473950982 0.477122992 0.474529028 0.456775993 0.491901994 0.0429439992 0.458006978 0.0420590006 0.461721003 0.0195049997 0.454706013 0.0608259998 0.466198981 0.0884340033 0.484595001 0.0591280013 0.469806015 0.398281008 0.522511005 0.433333009 0.50127399 0.403804004 0.525655031 0.456775993 0.491901994 0.479351997 0.486792028 0.460509002 0.499145985 0.485504001 0.117518008 0.503184974 0.117936015 0.486451 0.196828008 0.486451 0.196828008 0.502753019 0.197188973 0.487078011 0.291270018 0.502216995 0.291696012 0.50168103 0.386613011 0.487078011 0.291270018 0.453042001 0.473950982 0.456775993 0.491901994 0.432271004 0.497919023 0.47309801 0.430655003 0.482163996 0.386111975 0.501452982 0.431120992 0.054161001 0.406885982 0.047704 0.436447978 0.0202350002 0.405465007 0.0923229977 0.405861974 0.127449006 0.407204986 0.0985160023 0.451117992 0.176109999 0.414852023 0.162836 0.483444989 0.127449006 0.407204986 0.211316004 0.493125975 0.162836 0.483444989 0.218873993 0.432843983 0.255995989 0.499957025 0.211316004 0.493125975 0.260405988 0.452224016 0.304078996 0.455376983 0.301174998 0.503373027 0.260405988 0.452224016 0.34937799 0.441969991 0.346933007 0.498803973 0.304078996 0.455376983 0.346933007 0.498803973 0.34937799 0.441969991 0.400703013 0.488658011 0.400703013 0.488658011 0.398086011 0.429645002 0.450614989 0.472244978 0.501249015 0.475057006 0.477122992 0.474529028 0.501452982 0.431120992 0.0708559975 0.451089978 0.0985160023 0.451117992 0.0924540013 0.482320011 0.126142994 0.116123021 0.160293996 0.115760982 0.119185001 0.174745977 0.119185001 0.174745977 0.159832999 0.177963972 0.106642999 0.265920997 0.0946519971 0.360426009 0.106642999 0.265920997 0.135239005 0.36304599 0.0923229977 0.405861974 0.0946519971 0.360426009 0.127449006 0.407204986 0.0566519983 0.405673981 0.0923229977 0.405861974 0.0708559975 0.451089978 0.485504001 0.117518008 0.486451 0.196828008 0.48131901 0.117909014 0.483016998 0.195767999 0.486451 0.196828008 0.485554993 0.290014982 0.485554993 0.290014982 0.487078011 0.291270018 0.481314987 0.38509798 0.481314987 0.38509798 0.482163996 0.386111975 0.471495003 0.429319024 0.47309801 0.430655003 0.453042001 0.473950982 0.471495003 0.429319024 0.453042001 0.473950982 0.432271004 0.497919023 0.450614989 0.472244978 0.398281008 0.522511005 0.348747998 0.54458797 0.396575987 0.519765973 0.348747998 0.54458797 0.30290401 0.555714965 0.348141998 0.541779995 0.30290401 0.555714965 0.253295004 0.558125973 0.302412003 0.552873969 0.253268987 0.555377007 0.253295004 0.558125973 0.206542999 0.548709989 0.206542999 0.548709989 0.206157997 0.551221013 0.152000993 0.527370989 0.152000993 0.527370989 0.151269004 0.529914021 0.116429999 0.504688978 0.0904000029 0.483675003 0.0924540013 0.482320011 0.115217 0.507149994 0.0692469999 0.452602029 0.054161001 0.406885982 0.0708559975 0.451089978 0.0566519983 0.405673981 0.054161001 0.406885982 0.0546850003 0.359575987 0.0546850003 0.359575987 0.0504060015 0.360217988 0.0649449974 0.262836993 0.0609249994 0.263670027 0.0770440027 0.171498001 0.0649449974 0.262836993 0.0856949985 0.111621976 0.0886769965 0.112726986 0.0770440027 0.171498001 0.477122992 0.474529028 0.501249015 0.475057006 0.479351997 0.486792028 0.479351997 0.486792028 0.501213014 0.484171987 0.481272012 0.493287027 0.433333009 0.50127399 0.456775993 0.491901994 0.437307 0.50691998 0.432271004 0.497919023 0.398281008 0.522511005 0.429812014 0.495905995 0.047704 0.436447978 0.0692469999 0.452602029 0.0429439992 0.458006978 0.0420590006 0.461721003 0.0429439992 0.458006978 0.0591280013 0.469806015 0.0884340033 0.484595001 0.115217 0.507149994 0.0861639977 0.488222003 0.0692469999 0.452602029 0.0708559975 0.451089978 0.0904000029 0.483675003 0.0551219992 0.168389976 0.0640060008 0.108781993 0.0770440027 0.171498001 0.0395690016 0.261097014 0.0551219992 0.168389976 0.0609249994 0.263670027 0.0237099994 0.358291984 0.0395690016 0.261097014 0.0504060015 0.360217988 0.0237099994 0.358291984 0.0504060015 0.360217988 0.0202350002 0.405465007 0.0195049997 0.454706013 0.0196959991 0.433633029 0.0429439992 0.458006978 0.880464971 0.120208979 0.918250024 0.11699301 0.887350976 0.178683996 0.846216977 0.119488001 0.846212983 0.181686997 0.803445995 0.113099992 0.759938002 0.103573024 0.803445995 0.113099992 0.75781697 0.186604023 0.759938002 0.103573024 0.75781697 0.186604023 0.723115981 0.0992010236 0.723115981 0.0992010236 0.721499026 0.188437998 0.685850024 0.100616992 0.685850024 0.100616992 0.686253011 0.190308988 0.648118973 0.107903004 0.648118973 0.107903004 0.647430003 0.192211986 0.60145998 0.113173008 0.60145998 0.113173008 0.603239 0.194240987 0.555720985 0.118090987 0.525056005 0.118131995 0.555720985 0.118090987 0.522505999 0.195964992 0.887350976 0.178683996 0.925854981 0.17582202 0.897939026 0.270016015 0.846212983 0.181686997 0.854451001 0.273406982 0.798936009 0.184468985 0.798936009 0.184468985 0.804745018 0.276301026 0.75781697 0.186604023 0.75781697 0.186604023 0.761650026 0.278515995 0.721499026 0.188437998 0.721499026 0.188437998 0.723483026 0.280398011 0.686253011 0.190308988 0.686253011 0.190308988 0.686753988 0.282543004 0.647430003 0.192211986 0.647430003 0.192211986 0.647162974 0.285112023 0.603239 0.194240987 0.603239 0.194240987 0.602427006 0.287786007 0.555396974 0.195905983 0.522505999 0.195964992 0.555396974 0.195905983 0.518899977 0.290175974 0.897939026 0.270016015 0.939387023 0.267885983 0.908685982 0.364830017 0.804745018 0.276301026 0.854451001 0.273406982 0.818457007 0.36866498 0.761650026 0.278515995 0.804745018 0.276301026 0.773837984 0.369738996 0.723483026 0.280398011 0.761650026 0.278515995 0.732744992 0.370948017 0.686753988 0.282543004 0.723483026 0.280398011 0.692372024 0.373247981 0.647162974 0.285112023 0.686753988 0.282543004 0.649806976 0.376751006 0.647162974 0.285112023 0.649806976 0.376751006 0.602427006 0.287786007 0.602427006 0.287786007 0.603177011 0.380742013 0.553520024 0.289937973 0.518899977 0.290175974 0.553520024 0.289937973 0.522063017 0.385302007 0.910660028 0.410368979 0.908685982 0.364830017 0.946323991 0.410589993 0.818457007 0.36866498 0.868309975 0.367066979 0.826874018 0.418420017 0.818457007 0.36866498 0.826874018 0.418420017 0.773837984 0.369738996 0.773837984 0.369738996 0.783939004 0.435925007 0.732744992 0.370948017 0.692372024 0.373247981 0.732744992 0.370948017 0.698520005 0.45747602 0.649806976 0.376751006 0.692372024 0.373247981 0.653367996 0.443539023 0.603177011 0.380742013 0.649806976 0.376751006 0.604784012 0.430859029 0.552771986 0.384064019 0.603177011 0.380742013 0.551382005 0.428229988 0.522063017 0.385302007 0.552771986 0.384064019 0.531422973 0.429615974 0.933278978 0.457373977 0.941555977 0.471056998 0.911795974 0.488201022 0.891035974 0.478717029 0.885565996 0.508939981 0.839392006 0.487168014 0.839392006 0.487168014 0.849748015 0.531216025 0.79082799 0.496302009 0.79082799 0.496302009 0.794987023 0.551946044 0.746100008 0.502624035 0.700915992 0.505509973 0.746100008 0.502624035 0.699119985 0.554991961 0.655264974 0.500422001 0.700915992 0.505509973 0.653537989 0.543435991 0.601602972 0.489853024 0.655264974 0.500422001 0.605259001 0.521093965 0.523051023 0.487001002 0.525372028 0.474757016 0.54560101 0.49228102 0.959523976 0.463068008 0.982997 0.460025012 0.960368991 0.466789007 0.915986001 0.492793977 0.913752973 0.489144027 0.943215013 0.474681973 0.56496501 0.507283986 0.569056988 0.50166297 0.597856998 0.527006984 0.521082997 0.493479013 0.523051023 0.487001002 0.541824996 0.499486029 0.502753019 0.197188973 0.503184974 0.117936015 0.519059002 0.196998 0.502216995 0.291696012 0.502753019 0.197188973 0.517361999 0.291427016 0.502216995 0.291696012 0.517361999 0.291427016 0.50168103 0.386613011 0.549428999 0.47438997 0.570142984 0.498381972 0.54560101 0.49228102 0.50168103 0.386613011 0.521202981 0.386310995 0.501452982 0.431120992 0.983033001 0.438956022 0.95499599 0.44146198 0.982809007 0.41079402 0.891035974 0.478717029 0.875576973 0.411325991 0.904015005 0.455564022 0.891035974 0.478717029 0.839392006 0.487168014 0.875576973 0.411325991 0.79082799 0.496302009 0.783939004 0.435925007 0.839392006 0.487168014 0.746100008 0.502624035 0.742211998 0.454828024 0.79082799 0.496302009 0.746100008 0.502624035 0.700915992 0.505509973 0.742211998 0.454828024 0.700915992 0.505509973 0.655264974 0.500422001 0.698520005 0.45747602 0.604784012 0.430859029 0.653367996 0.443539023 0.601602972 0.489853024 0.551382005 0.428229988 0.604784012 0.430859029 0.551868021 0.472738028 0.501249015 0.475057006 0.501452982 0.431120992 0.525372028 0.474757016 0.891035974 0.478717029 0.904015005 0.455564022 0.909756005 0.486817002 0.846212983 0.181686997 0.846216977 0.119488001 0.887350976 0.178683996 0.854451001 0.273406982 0.846212983 0.181686997 0.897939026 0.270016015 0.854451001 0.273406982 0.897939026 0.270016015 0.868309975 0.367066979 0.868309975 0.367066979 0.908685982 0.364830017 0.875576973 0.411325991 0.904015005 0.455564022 0.910660028 0.410368979 0.931676984 0.455834985 0.520870984 0.117703021 0.525056005 0.118131995 0.519059002 0.196998 0.517361999 0.291427016 0.519059002 0.196998 0.518899977 0.290175974 0.521202981 0.386310995 0.517361999 0.291427016 0.522063017 0.385302007 0.529806018 0.430929005 0.521202981 0.386310995 0.531422973 0.429615974 0.529806018 0.430929005 0.531422973 0.429615974 0.549428999 0.47438997 0.572494984 0.496562004 0.570142984 0.498381972 0.551868021 0.472738028 0.603408992 0.523977995 0.605259001 0.521093965 0.652863026 0.54626298 0.652863026 0.54626298 0.653537989 0.543435991 0.698592007 0.557829022 0.698592007 0.557829022 0.699119985 0.554991961 0.748152018 0.560868025 0.795346022 0.554466963 0.748152018 0.560868025 0.794987023 0.551946044 0.850454986 0.533767998 0.795346022 0.554466963 0.849748015 0.531216025 0.886748016 0.511413991 0.850454986 0.533767998 0.885565996 0.508939981 0.911795974 0.488201022 0.886748016 0.511413991 0.909756005 0.486817002 0.933278978 0.457373977 0.931676984 0.455834985 0.948848009 0.411845028 0.953112006 0.365293026 0.948848009 0.411845028 0.948589981 0.36460799 0.943102002 0.268691003 0.953112006 0.365293026 0.939387023 0.267885983 0.943102002 0.268691003 0.939387023 0.267885983 0.929596007 0.176023006 0.921756029 0.116020024 0.929596007 0.176023006 0.918250024 0.11699301 0.501213014 0.484171987 0.501249015 0.475057006 0.523051023 0.487001002 0.523051023 0.487001002 0.521082997 0.493479013 0.501213014 0.484171987 0.541824996 0.499486029 0.54560101 0.49228102 0.56496501 0.507283986 0.605259001 0.521093965 0.603408992 0.523977995 0.572494984 0.496562004 0.95499599 0.44146198 0.959523976 0.463068008 0.933278978 0.457373977 0.941555977 0.471056998 0.959523976 0.463068008 0.943215013 0.474681973 0.913752973 0.489144027 0.915986001 0.492793977 0.886748016 0.511413991 0.933278978 0.457373977 0.911795974 0.488201022 0.931676984 0.455834985 0.921756029 0.116020024 0.943753004 0.11362797 0.929596007 0.176023006 0.929596007 0.176023006 0.951470971 0.173444986 0.943102002 0.268691003 0.943102002 0.268691003 0.964349985 0.26643002 0.953112006 0.365293026 0.948848009 0.411845028 0.953112006 0.365293026 0.982809007 0.41079402 0.95499599 0.44146198 0.983033001 0.438956022 0.959523976 0.463068008 0.0873889998 0.648872018 0.0874369964 0.633031011 0.163847998 0.649199963 0.163530007 0.667024016 0.087301001 0.664713979 0.163847998 0.649199963 0.087301001 0.664713979 0.0180820003 0.719666958 0.00848599989 0.661947966 0.087301001 0.664713979 0.00848599989 0.661947966 0.0873889998 0.648872018 0.0874369964 0.633031011 0.0873889998 0.648872018 0.0086009996 0.635120034 0.0874369964 0.633031011 0.158801004 0.574797034 0.163682997 0.631375015 0.0874369964 0.633031011 0.0086009996 0.635120034 0.0186919998 0.577484965 0.087301001 0.664713979 0.163530007 0.667024016 0.158162996 0.723559022 </float_array>
          <technique_common>
            <accessor count="1332" offset="0" source="#shiny_white-tex0-array" stride="2">
              <param name="S" type="float" />
              <param name="T" type="float" />
            </accessor>
          </technique_common>
        </source>
        <vertices id="shiny_white-vertices">
          <input semantic="POSITION" source="#shiny_white-positions" />
        </vertices>
        <polylist count="444" material="defaultMaterial">
          <input offset="0" semantic="VERTEX" source="#shiny_white-vertices" />
          <input offset="0" semantic="NORMAL" source="#shiny_white-normals" />
          <input offset="0" semantic="TEXCOORD" source="#shiny_white-tex0" set="0" />
          <vcount>3 3 3 3 3 3 3 3 3 3 3 3 3 3 3 3 3 3 3 3 3 3 3 3 3 3 3 3 3 3 3 3 3 3 3 3 3 3 3 3 3 3 3 3 3 3 3 3 3 3 3 3 3 3 3 3 3 3 3 3 3 3 3 3 3 3 3 3 3 3 3 3 3 3 3 3 3 3 3 3 3 3 3 3 3 3 3 3 3 3 3 3 3 3 3 3 3 3 3 3 3 3 3 3 3 3 3 3 3 3 3 3 3 3 3 3 3 3 3 3 3 3 3 3 3 3 3 3 3 3 3 3 3 3 3 3 3 3 3 3 3 3 3 3 3 3 3 3 3 3 3 3 3 3 3 3 3 3 3 3 3 3 3 3 3 3 3 3 3 3 3 3 3 3 3 3 3 3 3 3 3 3 3 3 3 3 3 3 3 3 3 3 3 3 3 3 3 3 3 3 3 3 3 3 3 3 3 3 3 3 3 3 3 3 3 3 3 3 3 3 3 3 3 3 3 3 3 3 3 3 3 3 3 3 3 3 3 3 3 3 3 3 3 3 3 3 3 3 3 3 3 3 3 3 3 3 3 3 3 3 3 3 3 3 3 3 3 3 3 3 3 3 3 3 3 3 3 3 3 3 3 3 3 3 3 3 3 3 3 3 3 3 3 3 3 3 3 3 3 3 3 3 3 3 3 3 3 3 3 3 3 3 3 3 3 3 3 3 3 3 3 3 3 3 3 3 3 3 3 3 3 3 3 3 3 3 3 3 3 3 3 3 3 3 3 3 3 3 3 3 3 3 3 3 3 3 3 3 3 3 3 3 3 3 3 3 3 3 3 3 3 3 3 3 3 3 3 3 3 3 3 3 3 3 3 3 3 3 3 3 3 3 3 3 3 3 3 3 3 3 3 3 3 3 3 3 3 3 3 3 3 3 3 3 3 3 3 3 3 3 3 3 3 3 3 3 3 3 3 3 3 3 3 3 3 3 3 3 3 3 3 3 3 3 </vcount>
          <p>0 1 2 3 4 5 6 7 8 9 10 11 12 13 14 15 16 17 18 19 20 21 22 23 24 25 26 27 28 29 30 31 32 33 34 35 36 37 38 39 40 41 42 43 44 45 46 47 48 49 50 51 52 53 54 55 56 57 58 59 60 61 62 63 64 65 66 67 68 69 70 71 72 73 74 75 76 77 78 79 80 81 82 83 84 85 86 87 88 89 90 91 92 93 94 95 96 97 98 99 100 101 102 103 104 105 106 107 108 109 110 111 112 113 114 115 116 117 118 119 120 121 122 123 124 125 126 127 128 129 130 131 132 133 134 135 136 137 138 139 140 141 142 143 144 145 146 147 148 149 150 151 152 153 154 155 156 157 158 159 160 161 162 163 164 165 166 167 168 169 170 171 172 173 174 175 176 177 178 179 180 181 182 183 184 185 186 187 188 189 190 191 192 193 194 195 196 197 198 199 200 201 202 203 204 205 206 207 208 209 210 211 212 213 214 215 216 217 218 219 220 221 222 223 224 225 226 227 228 229 230 231 232 233 234 235 236 237 238 239 240 241 242 243 244 245 246 247 248 249 250 251 252 253 254 255 256 257 258 259 260 261 262 263 264 265 266 267 268 269 270 271 272 273 274 275 276 277 278 279 280 281 282 283 284 285 286 287 288 289 290 291 292 293 294 295 296 297 298 299 300 301 302 303 304 305 306 307 308 309 310 311 312 313 314 315 316 317 318 319 320 321 322 323 324 325 326 327 328 329 330 331 332 333 334 335 336 337 338 339 340 341 342 343 344 345 346 347 348 349 350 351 352 353 354 355 356 357 358 359 360 361 362 363 364 365 366 367 368 369 370 371 372 373 374 375 376 377 378 379 380 381 382 383 384 385 386 387 388 389 390 391 392 393 394 395 396 397 398 399 400 401 402 403 404 405 406 407 408 409 410 411 412 413 414 415 416 417 418 419 420 421 422 423 424 425 426 427 428 429 430 431 432 433 434 435 436 437 438 439 440 441 442 443 444 445 446 447 448 449 450 451 452 453 454 455 456 457 458 459 460 461 462 463 464 465 466 467 468 469 470 471 472 473 474 475 476 477 478 479 480 481 482 483 484 485 486 487 488 489 490 491 492 493 494 495 496 497 498 499 500 501 502 503 504 505 506 507 508 509 510 511 512 513 514 515 516 517 518 519 520 521 522 523 524 525 526 527 528 529 530 531 532 533 534 535 536 537 538 539 540 541 542 543 544 545 546 547 548 549 550 551 552 553 554 555 556 557 558 559 560 561 562 563 564 565 566 567 568 569 570 571 572 573 574 575 576 577 578 579 580 581 582 583 584 585 586 587 588 589 590 591 592 593 594 595 596 597 598 599 600 601 602 603 604 605 606 607 608 609 610 611 612 613 614 615 616 617 618 619 620 621 622 623 624 625 626 627 628 629 630 631 632 633 634 635 636 637 638 639 640 641 642 643 644 645 646 647 648 649 650 651 652 653 654 655 656 657 658 659 660 661 662 663 664 665 666 667 668 669 670 671 672 673 674 675 676 677 678 679 680 681 682 683 684 685 686 687 688 689 690 691 692 693 694 695 696 697 698 699 700 701 702 703 704 705 706 707 708 709 710 711 712 713 714 715 716 717 718 719 720 721 722 723 724 725 726 727 728 729 730 731 732 733 734 735 736 737 738 739 740 741 742 743 744 745 746 747 748 749 750 751 752 753 754 755 756 757 758 759 760 761 762 763 764 765 766 767 768 769 770 771 772 773 774 775 776 777 778 779 780 781 782 783 784 785 786 787 788 789 790 791 792 793 794 795 796 797 798 799 800 801 802 803 804 805 806 807 808 809 810 811 812 813 814 815 816 817 818 819 820 821 822 823 824 825 826 827 828 829 830 831 832 833 834 835 836 837 838 839 840 841 842 843 844 845 846 847 848 849 850 851 852 853 854 855 856 857 858 859 860 861 862 863 864 865 866 867 868 869 870 871 872 873 874 875 876 877 878 879 880 881 882 883 884 885 886 887 888 889 890 891 892 893 894 895 896 897 898 899 900 901 902 903 904 905 906 907 908 909 910 911 912 913 914 915 916 917 918 919 920 921 922 923 924 925 926 927 928 929 930 931 932 933 934 935 936 937 938 939 940 941 942 943 944 945 946 947 948 949 950 951 952 953 954 955 956 957 958 959 960 961 962 963 964 965 966 967 968 969 970 971 972 973 974 975 976 977 978 979 980 981 982 983 984 985 986 987 988 989 990 991 992 993 994 995 996 997 998 999 1000 1001 1002 1003 1004 1005 1006 1007 1008 1009 1010 1011 1012 1013 1014 1015 1016 1017 1018 1019 1020 1021 1022 1023 1024 1025 1026 1027 1028 1029 1030 1031 1032 1033 1034 1035 1036 1037 1038 1039 1040 1041 1042 1043 1044 1045 1046 1047 1048 1049 1050 1051 1052 1053 1054 1055 1056 1057 1058 1059 1060 1061 1062 1063 1064 1065 1066 1067 1068 1069 1070 1071 1072 1073 1074 1075 1076 1077 1078 1079 1080 1081 1082 1083 1084 1085 1086 1087 1088 1089 1090 1091 1092 1093 1094 1095 1096 1097 1098 1099 1100 1101 1102 1103 1104 1105 1106 1107 1108 1109 1110 1111 1112 1113 1114 1115 1116 1117 1118 1119 1120 1121 1122 1123 1124 1125 1126 1127 1128 1129 1130 1131 1132 1133 1134 1135 1136 1137 1138 1139 1140 1141 1142 1143 1144 1145 1146 1147 1148 1149 1150 1151 1152 1153 1154 1155 1156 1157 1158 1159 1160 1161 1162 1163 1164 1165 1166 1167 1168 1169 1170 1171 1172 1173 1174 1175 1176 1177 1178 1179 1180 1181 1182 1183 1184 1185 1186 1187 1188 1189 1190 1191 1192 1193 1194 1195 1196 1197 1198 1199 1200 1201 1202 1203 1204 1205 1206 1207 1208 1209 1210 1211 1212 1213 1214 1215 1216 1217 1218 1219 1220 1221 1222 1223 1224 1225 1226 1227 1228 1229 1230 1231 1232 1233 1234 1235 1236 1237 1238 1239 1240 1241 1242 1243 1244 1245 1246 1247 1248 1249 1250 1251 1252 1253 1254 1255 1256 1257 1258 1259 1260 1261 1262 1263 1264 1265 1266 1267 1268 1269 1270 1271 1272 1273 1274 1275 1276 1277 1278 1279 1280 1281 1282 1283 1284 1285 1286 1287 1288 1289 1290 1291 1292 1293 1294 1295 1296 1297 1298 1299 1300 1301 1302 1303 1304 1305 1306 1307 1308 1309 1310 1311 1312 1313 1314 1315 1316 1317 1318 1319 1320 1321 1322 1323 1324 1325 1326 1327 1328 1329 1330 1331 </p>
        </polylist>
      </mesh>
    </geometry>
  </library_geometries>
  <library_controllers>
  </library_controllers>
  <library_visual_scenes>
    <visual_scene id="Scene" name="Scene">
      <node id="node" name="" type="NODE">
        <matrix sid="matrix">1 0 0 0 0 1 0 0 0 0 1 0 0 0 0 1</matrix>
        <instance_geometry url="#milky_white">
          <bind_material>
            <technique_common>
              <instance_material symbol="defaultMaterial" target="#DefaultMaterial">
                <bind_vertex_input semantic="CHANNEL0" input_semantic="TEXCOORD" input_set="0"/>
              </instance_material>
            </technique_common>
          </bind_material>
        </instance_geometry>
        <instance_geometry url="#shiny_white">
          <bind_material>
            <technique_common>
              <instance_material symbol="defaultMaterial" target="#DefaultMaterial">
                <bind_vertex_input semantic="CHANNEL0" input_semantic="TEXCOORD" input_set="0"/>
              </instance_material>
            </technique_common>
          </bind_material>
        </instance_geometry>
      </node>
    </visual_scene>
  </library_visual_scenes>
  <scene>
    <instance_visual_scene url="#Scene" />
  </scene>
</COLLADA>
