<?xml version="1.0" encoding="UTF-8" standalone="no" ?>
<COLLADA xmlns="http://www.collada.org/2005/11/COLLADASchema" version="1.4.1">
  <asset>
    <contributor>
      <author>Assimp</author>
      <authoring_tool>Assimp Exporter</authoring_tool>
    </contributor>
    <created>2026-09-22T12:48:02</created>
    <modified>2026-09-22T12:48:02</modified>
    <unit name="meter" meter="1" />
    <up_axis>Y_UP</up_axis>
  </asset>
  <library_images>
  </library_images>
  <library_effects>
    <effect id="DefaultMaterial-fx" name="DefaultMaterial">
      <profile_COMMON>
        <technique sid="standard">
          <phong>
            <diffuse>
              <color sid="diffuse">0.600000024   0.600000024   0.600000024   1</color>
            </diffuse>
          </phong>
        </technique>
      </profile_COMMON>
    </effect>
  </library_effects>
  <library_materials>
    <material id="DefaultMaterial" name="DefaultMaterial">
      <instance_effect url="#DefaultMaterial-fx"/>
    </material>
  </library_materials>
  <library_geometries>
    <geometry id="milky_white" name="milky_white" >
      <mesh>
        <source id="milky_white-positions" name="milky_white-positions">
          <float_array id="milky_white-positions-array" count="2925"> 0.0141049996 0.0209059995 0.0219100006 0.0116870003 0.0154670002 0.0273419991 0.0152770001 0.0123570003 0.0273679998 0.0141049996 0.0209059995 0.0219100006 0.0152770001 0.0123570003 0.0273679998 0.0198560003 0.0162909999 0.0217950009 0.0116870003 0.0154670002 0.0273419991 0.0141049996 0.0209059995 0.0219100006 0.00586100016 0.0237860009 0.0221149996 0.0116870003 0.0154670002 0.0273419991 0.00586100016 0.0237860009 0.0221149996 0.00500599993 0.0185400005 0.0270729996 -0.00133899995 0.0239739995 0.0221159998 -0.00172099995 0.0187689997 0.0269169994 0.00500599993 0.0185400005 0.0270729996 -0.00133899995 0.0239739995 0.0221159998 0.00500599993 0.0185400005 0.0270729996 0.00586100016 0.0237860009 0.0221149996 -0.00172099995 0.0187689997 0.0269169994 -0.00196400005 0.00957600027 0.0313510001 0.00250099995 0.00938900001 0.0315999985 -0.00172099995 0.0187689997 0.0269169994 0.00250099995 0.00938900001 0.0315999985 0.00500599993 0.0185400005 0.0270729996 0.0116870003 0.0154670002 0.0273419991 0.00500599993 0.0185400005 0.0270729996 0.00250099995 0.00938900001 0.0315999985 0.0116870003 0.0154670002 0.0273419991 0.00250099995 0.00938900001 0.0315999985 0.00824300013 0.00770300021 0.0313730016 -0.00866500009 0.00917099975 0.0299580004 -0.0137679996 0.00806200039 0.0280310009 -0.0143520003 -0.000720000011 0.0288350005 -0.00866500009 0.00917099975 0.0299580004 -0.0143520003 -0.000720000011 0.0288350005 -0.00943399966 -0.000648999994 0.0310559999 -0.016903 0.015865 0.0218529999 -0.015935 0.0128830001 0.0247709993 -0.00725100003 0.0185959991 0.0257590003 -0.016903 0.015865 0.0218529999 -0.00725100003 0.0185959991 0.0257590003 -0.0074260002 0.0224869996 0.0220270008 -0.0183809996 0.00682999985 0.0253120009 -0.0137679996 0.00806200039 0.0280310009 -0.015935 0.0128830001 0.0247709993 -0.0196570009 -0.000691999972 0.0251790006 -0.0183809996 0.00682999985 0.0253120009 -0.0218410008 0.0067309998 0.0218160003 -0.0196570009 -0.000691999972 0.0251790006 -0.0218410008 0.0067309998 0.0218160003 -0.0230320003 -0.000467000005 0.0215339996 -0.0218410008 0.0067309998 0.0218160003 -0.0183809996 0.00682999985 0.0253120009 -0.015935 0.0128830001 0.0247709993 -0.0218410008 0.0067309998 0.0218160003 -0.015935 0.0128830001 0.0247709993 -0.016903 0.015865 0.0218529999 -0.0074260002 0.0224869996 0.0220270008 -0.00725100003 0.0185959991 0.0257590003 -0.00172099995 0.0187689997 0.0269169994 -0.0074260002 0.0224869996 0.0220270008 -0.00172099995 0.0187689997 0.0269169994 -0.00133899995 0.0239739995 0.0221159998 -0.00172099995 0.0187689997 0.0269169994 -0.00725100003 0.0185959991 0.0257590003 -0.00866500009 0.00917099975 0.0299580004 -0.00172099995 0.0187689997 0.0269169994 -0.00866500009 0.00917099975 0.0299580004 -0.00196400005 0.00957600027 0.0313510001 0.00765000004 -0.000583000015 0.032412 0.0108139999 0.00654199999 0.0309870001 0.00824300013 0.00770300021 0.0313730016 0.00765000004 -0.000583000015 0.032412 0.00824300013 0.00770300021 0.0313730016 0.00592799997 -0.000641999999 0.0326839983 -0.00196400005 0.00957600027 0.0313510001 -0.00243000011 -0.000658000004 0.0327140018 0.00227800012 -0.000601999986 0.0329589993 -0.00196400005 0.00957600027 0.0313510001 0.00227800012 -0.000601999986 0.0329589993 0.00250099995 0.00938900001 0.0315999985 0.00250099995 0.00938900001 0.0315999985 0.00227800012 -0.000601999986 0.0329589993 0.00592799997 -0.000641999999 0.0326839983 0.00250099995 0.00938900001 0.0315999985 0.00592799997 -0.000641999999 0.0326839983 0.00824300013 0.00770300021 0.0313730016 -0.00866500009 0.00917099975 0.0299580004 -0.00725100003 0.0185959991 0.0257590003 -0.015935 0.0128830001 0.0247709993 -0.00866500009 0.00917099975 0.0299580004 -0.015935 0.0128830001 0.0247709993 -0.0137679996 0.00806200039 0.0280310009 -0.00943399966 -0.000648999994 0.0310559999 -0.00243000011 -0.000658000004 0.0327140018 -0.00196400005 0.00957600027 0.0313510001 -0.00943399966 -0.000648999994 0.0310559999 -0.00196400005 0.00957600027 0.0313510001 -0.00866500009 0.00917099975 0.0299580004 0.0152770001 0.0123570003 0.0273679998 0.0116870003 0.0154670002 0.0273419991 0.00824300013 0.00770300021 0.0313730016 0.0152770001 0.0123570003 0.0273679998 0.00824300013 0.00770300021 0.0313730016 0.0108139999 0.00654199999 0.0309870001 -0.0183809996 0.00682999985 0.0253120009 -0.0196570009 -0.000691999972 0.0251790006 -0.0143520003 -0.000720000011 0.0288350005 -0.0183809996 0.00682999985 0.0253120009 -0.0143520003 -0.000720000011 0.0288350005 -0.0137679996 0.00806200039 0.0280310009 -0.0196570009 -0.000691999972 0.0251790006 -0.0230320003 -0.000467000005 0.0215339996 -0.0209880006 -0.00977099966 0.0215479992 -0.0196570009 -0.000691999972 0.0251790006 -0.0209880006 -0.00977099966 0.0215479992 -0.0179360006 -0.00970499963 0.0247009993 -0.0196570009 -0.000691999972 0.0251790006 -0.0179360006 -0.00970499963 0.0247009993 -0.0139549999 -0.0103749996 0.0271390006 -0.0196570009 -0.000691999972 0.0251790006 -0.0139549999 -0.0103749996 0.0271390006 -0.0143520003 -0.000720000011 0.0288350005 -0.00993399974 -0.0114810001 0.0286580008 -0.00943399966 -0.000648999994 0.0310559999 -0.0143520003 -0.000720000011 0.0288350005 -0.00993399974 -0.0114810001 0.0286580008 -0.0143520003 -0.000720000011 0.0288350005 -0.0139549999 -0.0103749996 0.0271390006 -0.00260300003 -0.0124169998 0.0302409995 -0.00243000011 -0.000658000004 0.0327140018 -0.00943399966 -0.000648999994 0.0310559999 -0.00260300003 -0.0124169998 0.0302409995 -0.00943399966 -0.000648999994 0.0310559999 -0.00993399974 -0.0114810001 0.0286580008 -0.00243000011 -0.000658000004 0.0327140018 -0.00260300003 -0.0124169998 0.0302409995 0.00151700003 -0.0123840002 0.0305489991 -0.00243000011 -0.000658000004 0.0327140018 0.00151700003 -0.0123840002 0.0305489991 0.00227800012 -0.000601999986 0.0329589993 0.00227800012 -0.000601999986 0.0329589993 0.00151700003 -0.0123840002 0.0305489991 0.00481399987 -0.0123359999 0.0304029994 0.00227800012 -0.000601999986 0.0329589993 0.00481399987 -0.0123359999 0.0304029994 0.00592799997 -0.000641999999 0.0326839983 0.00765000004 -0.000583000015 0.032412 0.00592799997 -0.000641999999 0.0326839983 0.00481399987 -0.0123359999 0.0304029994 -0.0179929994 -0.015319 0.021249 -0.0161809996 -0.0133830002 0.0243059993 -0.0179360006 -0.00970499963 0.0247009993 -0.0179929994 -0.015319 0.021249 -0.0179360006 -0.00970499963 0.0247009993 -0.0209880006 -0.00977099966 0.0215479992 -0.0161809996 -0.0133830002 0.0243059993 -0.0179929994 -0.015319 0.021249 -0.0120219998 -0.0210350007 0.0210299995 -0.0161809996 -0.0133830002 0.0243059993 -0.0120219998 -0.0210350007 0.0210299995 -0.0116210002 -0.0178190004 0.0243670009 -0.00303600007 -0.024712 0.0209369995 -0.00320799998 -0.0202229992 0.0255769994 -0.0116210002 -0.0178190004 0.0243670009 -0.00303600007 -0.024712 0.0209369995 -0.0116210002 -0.0178190004 0.0243670009 -0.0120219998 -0.0210350007 0.0210299995 0.00428600004 -0.0249700006 0.0209810007 0.00420199987 -0.0209449995 0.0253250003 0.00202500005 -0.0212440006 0.0251989998 0.00428600004 -0.0249700006 0.0209810007 0.00202500005 -0.0212440006 0.0251989998 0.00214900007 -0.0251560006 0.0209209993 0.00202500005 -0.0212440006 0.0251989998 -0.00320799998 -0.0202229992 0.0255769994 -0.00303600007 -0.024712 0.0209369995 0.00202500005 -0.0212440006 0.0251989998 -0.00303600007 -0.024712 0.0209369995 0.00214900007 -0.0251560006 0.0209209993 -0.0179360006 -0.00970499963 0.0247009993 -0.0161809996 -0.0133830002 0.0243059993 -0.0139549999 -0.0103749996 0.0271390006 -0.0116210002 -0.0178190004 0.0243670009 -0.00993399974 -0.0114810001 0.0286580008 -0.0139549999 -0.0103749996 0.0271390006 -0.0116210002 -0.0178190004 0.0243670009 -0.0139549999 -0.0103749996 0.0271390006 -0.0161809996 -0.0133830002 0.0243059993 -0.0116210002 -0.0178190004 0.0243670009 -0.00320799998 -0.0202229992 0.0255769994 -0.00260300003 -0.0124169998 0.0302409995 -0.0116210002 -0.0178190004 0.0243670009 -0.00260300003 -0.0124169998 0.0302409995 -0.00993399974 -0.0114810001 0.0286580008 -0.00320799998 -0.0202229992 0.0255769994 0.00202500005 -0.0212440006 0.0251989998 0.00151700003 -0.0123840002 0.0305489991 -0.00320799998 -0.0202229992 0.0255769994 0.00151700003 -0.0123840002 0.0305489991 -0.00260300003 -0.0124169998 0.0302409995 0.00202500005 -0.0212440006 0.0251989998 0.00420199987 -0.0209449995 0.0253250003 0.00481399987 -0.0123359999 0.0304029994 0.00202500005 -0.0212440006 0.0251989998 0.00481399987 -0.0123359999 0.0304029994 0.00151700003 -0.0123840002 0.0305489991 0.00428600004 -0.0249700006 0.0209810007 0.00759099983 -0.0271920003 0.0210439991 0.00790899992 -0.0218359996 0.0266510006 0.00428600004 -0.0249700006 0.0209810007 0.00790899992 -0.0218359996 0.0266510006 0.00420199987 -0.0209449995 0.0253250003 0.00481399987 -0.0123359999 0.0304029994 0.00420199987 -0.0209449995 0.0253250003 0.00790899992 -0.0218359996 0.0266510006 0.00481399987 -0.0123359999 0.0304029994 0.00790899992 -0.0218359996 0.0266510006 0.00834000017 -0.0137670003 0.0311210006 0.00765000004 -0.000583000015 0.032412 0.00481399987 -0.0123359999 0.0304029994 0.00834000017 -0.0137670003 0.0311210006 0.00765000004 -0.000583000015 0.032412 0.00834000017 -0.0137670003 0.0311210006 0.0114089996 -0.00159600005 0.0337620005 0.0114089996 -0.00159600005 0.0337620005 0.0149290003 0.00565400021 0.032726001 0.0108139999 0.00654199999 0.0309870001 0.0114089996 -0.00159600005 0.0337620005 0.0108139999 0.00654199999 0.0309870001 0.00765000004 -0.000583000015 0.032412 0.0149290003 0.00565400021 0.032726001 0.0194819998 0.0109350001 0.0304559991 0.0152770001 0.0123570003 0.0273679998 0.0149290003 0.00565400021 0.032726001 0.0152770001 0.0123570003 0.0273679998 0.0108139999 0.00654199999 0.0309870001 0.0198560003 0.0162909999 0.0217950009 0.0209260006 0.0141860005 0.0230020005 0.0214670002 0.0131040001 0.0217020009 0.0113829998 -0.034692999 0.0120660001 0.0114460001 -0.0374139994 -0.000375000003 0.0208199993 -0.0377909988 -0.000404999999 0.0113829998 -0.034692999 0.0120660001 0.0208199993 -0.0377909988 -0.000404999999 0.0211149994 -0.0351000018 0.0121999998 0.0212760009 -0.0283969995 0.0232529994 0.0110529996 -0.0276239999 0.0233270004 0.0113829998 -0.034692999 0.0120660001 0.0212760009 -0.0283969995 0.0232529994 0.0113829998 -0.034692999 0.0120660001 0.0211149994 -0.0351000018 0.0121999998 0.0212760009 -0.0283969995 0.0232529994 0.0232730005 -0.0164550003 0.0325019993 0.0117779998 -0.0156309996 0.0322320014 0.0212760009 -0.0283969995 0.0232529994 0.0117779998 -0.0156309996 0.0322320014 0.0110529996 -0.0276239999 0.0233270004 0.0232730005 -0.0164550003 0.0325019993 0.0255379993 -0.00486900005 0.0360479988 0.0155199999 -0.00249699992 0.0358750001 0.0232730005 -0.0164550003 0.0325019993 0.0155199999 -0.00249699992 0.0358750001 0.0117779998 -0.0156309996 0.0322320014 0.0255379993 -0.00486900005 0.0360479988 0.0310280006 0.00416000001 0.0362039991 0.0209860001 0.00611199997 0.0357589982 0.0255379993 -0.00486900005 0.0360479988 0.0209860001 0.00611199997 0.0357589982 0.0155199999 -0.00249699992 0.0358750001 0.0398470014 0.00874799956 0.0352159999 0.0299750008 0.0148480004 0.0328850001 0.0239320006 0.0100109996 0.0350000001 0.0398470014 0.00874799956 0.0352159999 0.0239320006 0.0100109996 0.0350000001 0.0310280006 0.00416000001 0.0362039991 0.0536849983 0.0157149993 0.0317169987 0.0406539999 0.0219429992 0.0291179996 0.0299750008 0.0148480004 0.0328850001 0.0536849983 0.0157149993 0.0317169987 0.0299750008 0.0148480004 0.0328850001 0.0398470014 0.00874799956 0.0352159999 0.0489969999 0.0269600004 0.0239509996 0.0406539999 0.0219429992 0.0291179996 0.0536849983 0.0157149993 0.0317169987 0.0489969999 0.0269600004 0.0239509996 0.0536849983 0.0157149993 0.0317169987 0.0642179996 0.0213060006 0.0267229993 0.0758360028 0.0285289995 0.0154529996 0.0573390014 0.032469999 0.0140439998 0.0489969999 0.0269600004 0.0239509996 0.0758360028 0.0285289995 0.0154529996 0.0489969999 0.0269600004 0.0239509996 0.0642179996 0.0213060006 0.0267229993 0.0596069992 0.0368789993 0.000656999997 0.0590060018 0.0358910002 0.00539000006 0.0807790011 0.0320550017 0.00618600007 0.0596069992 0.0368789993 0.000656999997 0.0807790011 0.0320550017 0.00618600007 0.0818419978 0.0323270001 0.000928999973 0.00759099983 -0.0271920003 0.0210439991 0.0110529996 -0.0276239999 0.0233270004 0.00790899992 -0.0218359996 0.0266510006 0.00834000017 -0.0137670003 0.0311210006 0.0117779998 -0.0156309996 0.0322320014 0.0155199999 -0.00249699992 0.0358750001 0.00834000017 -0.0137670003 0.0311210006 0.0155199999 -0.00249699992 0.0358750001 0.0114089996 -0.00159600005 0.0337620005 0.0149290003 0.00565400021 0.032726001 0.0114089996 -0.00159600005 0.0337620005 0.0155199999 -0.00249699992 0.0358750001 0.0149290003 0.00565400021 0.032726001 0.0155199999 -0.00249699992 0.0358750001 0.0209860001 0.00611199997 0.0357589982 0.0239320006 0.0100109996 0.0350000001 0.0209860001 0.00611199997 0.0357589982 0.0310280006 0.00416000001 0.0362039991 0.0194819998 0.0109350001 0.0304559991 0.0149290003 0.00565400021 0.032726001 0.0209860001 0.00611199997 0.0357589982 0.0194819998 0.0109350001 0.0304559991 0.0209860001 0.00611199997 0.0357589982 0.0239320006 0.0100109996 0.0350000001 0.0239320006 0.0100109996 0.0350000001 0.0299750008 0.0148480004 0.0328850001 0.0268380009 0.0166350007 0.0289329998 0.0239320006 0.0100109996 0.0350000001 0.0268380009 0.0166350007 0.0289329998 0.0194819998 0.0109350001 0.0304559991 0.0380080007 0.0231890008 0.0252439994 0.0268380009 0.0166350007 0.0289329998 0.0299750008 0.0148480004 0.0328850001 0.0380080007 0.0231890008 0.0252439994 0.0299750008 0.0148480004 0.0328850001 0.0406539999 0.0219429992 0.0291179996 0.0406539999 0.0219429992 0.0291179996 0.0489969999 0.0269600004 0.0239509996 0.046147 0.0279830005 0.0206530001 0.0406539999 0.0219429992 0.0291179996 0.046147 0.0279830005 0.0206530001 0.0380080007 0.0231890008 0.0252439994 0.0527650006 0.0320009999 0.0134450002 0.046147 0.0279830005 0.0206530001 0.0489969999 0.0269600004 0.0239509996 0.0527650006 0.0320009999 0.0134450002 0.0489969999 0.0269600004 0.0239509996 0.0573390014 0.032469999 0.0140439998 0.0573390014 0.032469999 0.0140439998 0.0590060018 0.0358910002 0.00539000006 0.0547229983 0.0352480002 0.00511500007 0.0573390014 0.032469999 0.0140439998 0.0547229983 0.0352480002 0.00511500007 0.0527650006 0.0320009999 0.0134450002 0.0113829998 -0.034692999 0.0120660001 0.00784599967 -0.0330559984 0.0119279996 0.00790700037 -0.0359200016 -0.00033000001 0.0113829998 -0.034692999 0.0120660001 0.00790700037 -0.0359200016 -0.00033000001 0.0114460001 -0.0374139994 -0.000375000003 0.00619400013 -0.0323860012 -0.000243000002 0.00790700037 -0.0359200016 -0.00033000001 0.00784599967 -0.0330559984 0.0119279996 0.00619400013 -0.0323860012 -0.000243000002 0.00784599967 -0.0330559984 0.0119279996 0.00622599991 -0.0298449993 0.0108110001 0.00759099983 -0.0271920003 0.0210439991 0.00784599967 -0.0330559984 0.0119279996 0.0113829998 -0.034692999 0.0120660001 0.00759099983 -0.0271920003 0.0210439991 0.0113829998 -0.034692999 0.0120660001 0.0110529996 -0.0276239999 0.0233270004 0.00759099983 -0.0271920003 0.0210439991 0.00656299992 -0.0233839992 0.0210650004 0.00622599991 -0.0298449993 0.0108110001 0.00759099983 -0.0271920003 0.0210439991 0.00622599991 -0.0298449993 0.0108110001 0.00784599967 -0.0330559984 0.0119279996 0.0198560003 0.0162909999 0.0217950009 0.0152770001 0.0123570003 0.0273679998 0.0209260006 0.0141860005 0.0230020005 0.0209260006 0.0141860005 0.0230020005 0.0211660005 0.0127079999 0.0253640004 0.0214670002 0.0131040001 0.0217020009 0.0152770001 0.0123570003 0.0273679998 0.0194819998 0.0109350001 0.0304559991 0.0211660005 0.0127079999 0.0253640004 0.0152770001 0.0123570003 0.0273679998 0.0211660005 0.0127079999 0.0253640004 0.0209260006 0.0141860005 0.0230020005 0.0818419978 0.0323270001 0.000928999973 0.0818130001 0.0323409997 0.000491000013 0.0596069992 0.0368789993 0.000656999997 0.0208199993 -0.0377909988 -0.000404999999 0.0114460001 -0.0374139994 -0.000375000003 0.0124080004 -0.036830999 -0.000365000014 0.0208199993 -0.0377909988 -0.000404999999 0.0124080004 -0.036830999 -0.000365000014 0.0214329995 -0.0371939987 -0.000394000002 0.0114460001 -0.0374139994 -0.000375000003 0.00790700037 -0.0359200016 -0.00033000001 0.00900099985 -0.0353929996 -0.000322000007 0.0114460001 -0.0374139994 -0.000375000003 0.00900099985 -0.0353929996 -0.000322000007 0.0124080004 -0.036830999 -0.000365000014 0.00790700037 -0.0359200016 -0.00033000001 0.00619400013 -0.0323860012 -0.000243000002 0.00735099986 -0.0319910012 -0.000237999993 0.00790700037 -0.0359200016 -0.00033000001 0.00735099986 -0.0319910012 -0.000237999993 0.00900099985 -0.0353929996 -0.000322000007 0.0148059996 0.00699699996 0.000579999993 0.0211779997 0.0134619996 0.000699000026 0.0217780005 0.0121489996 0.000668999972 0.0148059996 0.00699699996 0.000579999993 0.0217780005 0.0121489996 0.000668999972 0.0156430006 0.00592500018 0.000554000027 0.0100339996 -0.000722000026 0.000438999996 0.0148059996 0.00699699996 0.000579999993 0.0156430006 0.00592500018 0.000554000027 0.0100339996 -0.000722000026 0.000438999996 0.0156430006 0.00592500018 0.000554000027 0.0110489996 -0.00150599994 0.000418999989 0.0068839998 -0.0103730001 0.000245000003 0.0100339996 -0.000722000026 0.000438999996 0.0110489996 -0.00150599994 0.000418999989 0.0068839998 -0.0103730001 0.000245000003 0.0110489996 -0.00150599994 0.000418999989 0.00801599957 -0.0107969996 0.000232000006 0.00615500007 -0.020242 2.59999997e-05 0.0068839998 -0.0103730001 0.000245000003 0.00801599957 -0.0107969996 0.000232000006 0.00615500007 -0.020242 2.59999997e-05 0.00801599957 -0.0107969996 0.000232000006 0.00731399981 -0.0202980004 2.09999998e-05 0.00619400013 -0.0323860012 -0.000243000002 0.00615500007 -0.020242 2.59999997e-05 0.00731399981 -0.0202980004 2.09999998e-05 0.00619400013 -0.0323860012 -0.000243000002 0.00731399981 -0.0202980004 2.09999998e-05 0.00735099986 -0.0319910012 -0.000237999993 0.0110529996 -0.0276239999 0.0233270004 0.0117779998 -0.0156309996 0.0322320014 0.00790899992 -0.0218359996 0.0266510006 0.0117779998 -0.0156309996 0.0322320014 0.00834000017 -0.0137670003 0.0311210006 0.00790899992 -0.0218359996 0.0266510006 0.0590060018 0.0358910002 0.00539000006 0.0573390014 0.032469999 0.0140439998 0.0758360028 0.0285289995 0.0154529996 0.0590060018 0.0358910002 0.00539000006 0.0758360028 0.0285289995 0.0154529996 0.0807790011 0.0320550017 0.00618600007 0.0590060018 0.0358910002 0.00539000006 0.0596069992 0.0368789993 0.000656999997 0.0556220002 0.0356019996 0.000640999991 0.0590060018 0.0358910002 0.00539000006 0.0556220002 0.0356019996 0.000640999991 0.0547229983 0.0352480002 0.00511500007 0.0124080004 -0.036830999 -0.000365000014 0.0124070002 -0.0368210003 -0.000805000018 0.0214319993 -0.037184 -0.000841000001 0.0124080004 -0.036830999 -0.000365000014 0.0214319993 -0.037184 -0.000841000001 0.0214329995 -0.0371939987 -0.000394000002 0.00900099985 -0.0353929996 -0.000322000007 0.00899999961 -0.035383001 -0.000763999997 0.0124070002 -0.0368210003 -0.000805000018 0.00900099985 -0.0353929996 -0.000322000007 0.0124070002 -0.0368210003 -0.000805000018 0.0124080004 -0.036830999 -0.000365000014 0.00735099986 -0.0319910012 -0.000237999993 0.00735000009 -0.0319809988 -0.000684999977 0.00899999961 -0.035383001 -0.000763999997 0.00735099986 -0.0319910012 -0.000237999993 0.00899999961 -0.035383001 -0.000763999997 0.00900099985 -0.0353929996 -0.000322000007 0.0217780005 0.0121489996 0.000668999972 0.0217700005 0.0121529996 0.000232999999 0.0156410001 0.00593499979 0.000116000003 0.0217780005 0.0121489996 0.000668999972 0.0156410001 0.00593499979 0.000116000003 0.0156430006 0.00592500018 0.000554000027 0.0156430006 0.00592500018 0.000554000027 0.0156410001 0.00593499979 0.000116000003 0.0110480003 -0.00149599998 -3.19999999e-05 0.0156430006 0.00592500018 0.000554000027 0.0110480003 -0.00149599998 -3.19999999e-05 0.0110489996 -0.00150599994 0.000418999989 0.013975 0.0218400005 -0.0209970009 0.0197260007 0.0172259994 -0.0211169999 0.0151129998 0.0135369999 -0.0268280003 0.013975 0.0218400005 -0.0209970009 0.0151129998 0.0135369999 -0.0268280003 0.011523 0.0166430008 -0.0266449992 0.011523 0.0166430008 -0.0266449992 0.00484499987 0.0197000001 -0.0262020007 0.00572999986 0.0247259997 -0.0210250001 0.011523 0.0166430008 -0.0266449992 0.00572999986 0.0247259997 -0.0210250001 0.013975 0.0218400005 -0.0209970009 -0.00146900001 0.0249129999 -0.0209749993 0.00572999986 0.0247259997 -0.0210250001 0.00484499987 0.0197000001 -0.0262020007 -0.00146900001 0.0249129999 -0.0209749993 0.00484499987 0.0197000001 -0.0262020007 -0.001881 0.0199209992 -0.0259959996 -0.001881 0.0199209992 -0.0259959996 0.00484499987 0.0197000001 -0.0262020007 0.00231199991 0.0107540004 -0.0311079994 -0.001881 0.0199209992 -0.0259959996 0.00231199991 0.0107540004 -0.0311079994 -0.0021530001 0.0109299999 -0.030824 0.011523 0.0166430008 -0.0266449992 0.00805499963 0.00906100031 -0.0309890006 0.00231199991 0.0107540004 -0.0311079994 0.011523 0.0166430008 -0.0266449992 0.00231199991 0.0107540004 -0.0311079994 0.00484499987 0.0197000001 -0.0262020007 -0.00884400029 0.0104639996 -0.0294090007 -0.00962200016 0.000700999983 -0.0309289992 -0.0145260002 0.000532999984 -0.0286839996 -0.00884400029 0.0104639996 -0.0294090007 -0.0145260002 0.000532999984 -0.0286839996 -0.0139359999 0.00927099958 -0.0275020003 -0.0170319993 0.0167980008 -0.0209710002 -0.00755599979 0.0234220009 -0.0209139995 -0.00740400003 0.0196979996 -0.0248130001 -0.0170319993 0.0167980008 -0.0209710002 -0.00740400003 0.0196979996 -0.0248130001 -0.0160830002 0.0139459996 -0.0240219999 -0.0185320005 0.00792200025 -0.0248109996 -0.0160830002 0.0139459996 -0.0240219999 -0.0139359999 0.00927099958 -0.0275020003 -0.0198090002 0.000400999998 -0.0249979999 -0.0231609996 0.000467000005 -0.0213259999 -0.0219720006 0.0076700002 -0.0213009994 -0.0198090002 0.000400999998 -0.0249979999 -0.0219720006 0.0076700002 -0.0213009994 -0.0185320005 0.00792200025 -0.0248109996 -0.0219720006 0.0076700002 -0.0213009994 -0.0170319993 0.0167980008 -0.0209710002 -0.0160830002 0.0139459996 -0.0240219999 -0.0219720006 0.0076700002 -0.0213009994 -0.0160830002 0.0139459996 -0.0240219999 -0.0185320005 0.00792200025 -0.0248109996 -0.00755599979 0.0234220009 -0.0209139995 -0.00146900001 0.0249129999 -0.0209749993 -0.001881 0.0199209992 -0.0259959996 -0.00755599979 0.0234220009 -0.0209139995 -0.001881 0.0199209992 -0.0259959996 -0.00740400003 0.0196979996 -0.0248130001 -0.001881 0.0199209992 -0.0259959996 -0.0021530001 0.0109299999 -0.030824 -0.00884400029 0.0104639996 -0.0294090007 -0.001881 0.0199209992 -0.0259959996 -0.00884400029 0.0104639996 -0.0294090007 -0.00740400003 0.0196979996 -0.0248130001 0.00745399995 0.000828000018 -0.0323849991 0.00572999986 0.000780000002 -0.0326480009 0.00805499963 0.00906100031 -0.0309890006 0.00745399995 0.000828000018 -0.0323849991 0.00805499963 0.00906100031 -0.0309890006 0.0106269997 0.00788499974 -0.0306700002 -0.0021530001 0.0109299999 -0.030824 0.00231199991 0.0107540004 -0.0311079994 0.002079 0.000831999991 -0.0328989998 -0.0021530001 0.0109299999 -0.030824 0.002079 0.000831999991 -0.0328989998 -0.00262799999 0.000765000004 -0.0326289982 0.00231199991 0.0107540004 -0.0311079994 0.00805499963 0.00906100031 -0.0309890006 0.00572999986 0.000780000002 -0.0326480009 0.00231199991 0.0107540004 -0.0311079994 0.00572999986 0.000780000002 -0.0326480009 0.002079 0.000831999991 -0.0328989998 -0.00884400029 0.0104639996 -0.0294090007 -0.0139359999 0.00927099958 -0.0275020003 -0.0160830002 0.0139459996 -0.0240219999 -0.00884400029 0.0104639996 -0.0294090007 -0.0160830002 0.0139459996 -0.0240219999 -0.00740400003 0.0196979996 -0.0248130001 -0.00962200016 0.000700999983 -0.0309289992 -0.00884400029 0.0104639996 -0.0294090007 -0.0021530001 0.0109299999 -0.030824 -0.00962200016 0.000700999983 -0.0309289992 -0.0021530001 0.0109299999 -0.030824 -0.00262799999 0.000765000004 -0.0326289982 0.0151129998 0.0135369999 -0.0268280003 0.0106269997 0.00788499974 -0.0306700002 0.00805499963 0.00906100031 -0.0309890006 0.0151129998 0.0135369999 -0.0268280003 0.00805499963 0.00906100031 -0.0309890006 0.011523 0.0166430008 -0.0266449992 -0.0185320005 0.00792200025 -0.0248109996 -0.0139359999 0.00927099958 -0.0275020003 -0.0145260002 0.000532999984 -0.0286839996 -0.0185320005 0.00792200025 -0.0248109996 -0.0145260002 0.000532999984 -0.0286839996 -0.0198090002 0.000400999998 -0.0249979999 -0.0198090002 0.000400999998 -0.0249979999 -0.0180859994 -0.00862499978 -0.0249230005 -0.0211190004 -0.00882800017 -0.0217579994 -0.0198090002 0.000400999998 -0.0249979999 -0.0211190004 -0.00882800017 -0.0217579994 -0.0231609996 0.000467000005 -0.0213259999 -0.0198090002 0.000400999998 -0.0249979999 -0.0145260002 0.000532999984 -0.0286839996 -0.0141200004 -0.00918699987 -0.0274119992 -0.0198090002 0.000400999998 -0.0249979999 -0.0141200004 -0.00918699987 -0.0274119992 -0.0180859994 -0.00862499978 -0.0249230005 -0.0101079997 -0.0102249999 -0.0290019996 -0.0141200004 -0.00918699987 -0.0274119992 -0.0145260002 0.000532999984 -0.0286839996 -0.0101079997 -0.0102249999 -0.0290019996 -0.0145260002 0.000532999984 -0.0286839996 -0.00962200016 0.000700999983 -0.0309289992 -0.00278800004 -0.0110910004 -0.030669 -0.0101079997 -0.0102249999 -0.0290019996 -0.00962200016 0.000700999983 -0.0309289992 -0.00278800004 -0.0110910004 -0.030669 -0.00962200016 0.000700999983 -0.0309289992 -0.00262799999 0.000765000004 -0.0326289982 -0.00262799999 0.000765000004 -0.0326289982 0.002079 0.000831999991 -0.0328989998 0.00133 -0.011043 -0.0309999995 -0.00262799999 0.000765000004 -0.0326289982 0.00133 -0.011043 -0.0309999995 -0.00278800004 -0.0110910004 -0.030669 0.002079 0.000831999991 -0.0328989998 0.00572999986 0.000780000002 -0.0326480009 0.00462900009 -0.0110010002 -0.0308720004 0.002079 0.000831999991 -0.0328989998 0.00462900009 -0.0110010002 -0.0308720004 0.00133 -0.011043 -0.0309999995 0.00745399995 0.000828000018 -0.0323849991 0.00462900009 -0.0110010002 -0.0308720004 0.00572999986 0.000780000002 -0.0326480009 -0.0181230009 -0.0143830003 -0.0217189994 -0.0211190004 -0.00882800017 -0.0217579994 -0.0180859994 -0.00862499978 -0.0249230005 -0.0181230009 -0.0143830003 -0.0217189994 -0.0180859994 -0.00862499978 -0.0249230005 -0.01633 -0.0123150004 -0.0247000009 -0.01633 -0.0123150004 -0.0247000009 -0.0117699997 -0.0167440008 -0.0249809995 -0.0121510001 -0.0201030001 -0.0217850003 -0.01633 -0.0123150004 -0.0247000009 -0.0121510001 -0.0201030001 -0.0217850003 -0.0181230009 -0.0143830003 -0.0217189994 -0.00316599989 -0.0237789992 -0.0219059996 -0.0121510001 -0.0201030001 -0.0217850003 -0.0117699997 -0.0167440008 -0.0249809995 -0.00316599989 -0.0237789992 -0.0219059996 -0.0117699997 -0.0167440008 -0.0249809995 -0.00336500001 -0.0190919992 -0.0263449997 0.00415599998 -0.0240339991 -0.0220059995 0.00201900001 -0.0242229998 -0.0219410006 0.00187000004 -0.0201280005 -0.0260439999 0.00415599998 -0.0240339991 -0.0220059995 0.00187000004 -0.0201280005 -0.0260439999 0.00404600007 -0.0198240001 -0.0261700004 0.00187000004 -0.0201280005 -0.0260439999 0.00201900001 -0.0242229998 -0.0219410006 -0.00316599989 -0.0237789992 -0.0219059996 0.00187000004 -0.0201280005 -0.0260439999 -0.00316599989 -0.0237789992 -0.0219059996 -0.00336500001 -0.0190919992 -0.0263449997 -0.0180859994 -0.00862499978 -0.0249230005 -0.0141200004 -0.00918699987 -0.0274119992 -0.01633 -0.0123150004 -0.0247000009 -0.0117699997 -0.0167440008 -0.0249809995 -0.01633 -0.0123150004 -0.0247000009 -0.0141200004 -0.00918699987 -0.0274119992 -0.0117699997 -0.0167440008 -0.0249809995 -0.0141200004 -0.00918699987 -0.0274119992 -0.0101079997 -0.0102249999 -0.0290019996 -0.0117699997 -0.0167440008 -0.0249809995 -0.0101079997 -0.0102249999 -0.0290019996 -0.00278800004 -0.0110910004 -0.030669 -0.0117699997 -0.0167440008 -0.0249809995 -0.00278800004 -0.0110910004 -0.030669 -0.00336500001 -0.0190919992 -0.0263449997 -0.00336500001 -0.0190919992 -0.0263449997 -0.00278800004 -0.0110910004 -0.030669 0.00133 -0.011043 -0.0309999995 -0.00336500001 -0.0190919992 -0.0263449997 0.00133 -0.011043 -0.0309999995 0.00187000004 -0.0201280005 -0.0260439999 0.00187000004 -0.0201280005 -0.0260439999 0.00133 -0.011043 -0.0309999995 0.00462900009 -0.0110010002 -0.0308720004 0.00187000004 -0.0201280005 -0.0260439999 0.00462900009 -0.0110010002 -0.0308720004 0.00404600007 -0.0198240001 -0.0261700004 0.00415599998 -0.0240339991 -0.0220059995 0.00404600007 -0.0198240001 -0.0261700004 0.00774500007 -0.0206550006 -0.0275560003 0.00415599998 -0.0240339991 -0.0220059995 0.00774500007 -0.0206550006 -0.0275560003 0.00745999999 -0.0262509994 -0.0221859999 0.00462900009 -0.0110010002 -0.0308720004 0.00815000013 -0.0123990001 -0.0316729993 0.00774500007 -0.0206550006 -0.0275560003 0.00462900009 -0.0110010002 -0.0308720004 0.00774500007 -0.0206550006 -0.0275560003 0.00404600007 -0.0198240001 -0.0261700004 0.00745399995 0.000828000018 -0.0323849991 0.0112049999 -0.000123999998 -0.0337999985 0.00815000013 -0.0123990001 -0.0316729993 0.00745399995 0.000828000018 -0.0323849991 0.00815000013 -0.0123990001 -0.0316729993 0.00462900009 -0.0110010002 -0.0308720004 0.0112049999 -0.000123999998 -0.0337999985 0.00745399995 0.000828000018 -0.0323849991 0.0106269997 0.00788499974 -0.0306700002 0.0112049999 -0.000123999998 -0.0337999985 0.0106269997 0.00788499974 -0.0306700002 0.0147310002 0.00707399985 -0.0324710011 0.0147310002 0.00707399985 -0.0324710011 0.0106269997 0.00788499974 -0.0306700002 0.0151129998 0.0135369999 -0.0268280003 0.0147310002 0.00707399985 -0.0324710011 0.0151129998 0.0135369999 -0.0268280003 0.0192990005 0.0122520002 -0.0299999993 0.0197260007 0.0172259994 -0.0211169999 0.0213370007 0.0140380003 -0.0211720001 0.0207880009 0.0151749998 -0.0224210005 0.0113059999 -0.0341340005 -0.0135660004 0.0210360009 -0.0345339999 -0.0137759997 0.0208180007 -0.0377710015 -0.001299 0.0113059999 -0.0341340005 -0.0135660004 0.0208180007 -0.0377710015 -0.001299 0.0114439996 -0.0373939984 -0.00125500001 0.0211309996 -0.0273570009 -0.0245280005 0.0210360009 -0.0345339999 -0.0137759997 0.0113059999 -0.0341340005 -0.0135660004 0.0211309996 -0.0273570009 -0.0245280005 0.0113059999 -0.0341340005 -0.0135660004 0.0109080002 -0.0265820008 -0.0245069992 0.0211309996 -0.0273570009 -0.0245280005 0.0109080002 -0.0265820008 -0.0245069992 0.0115799997 -0.0142130004 -0.0328850001 0.0211309996 -0.0273570009 -0.0245280005 0.0115799997 -0.0142130004 -0.0328850001 0.0230739992 -0.0150229996 -0.033259999 0.0230739992 -0.0150229996 -0.033259999 0.0115799997 -0.0142130004 -0.0328850001 0.0153029999 -0.000931999995 -0.0359750018 0.0230739992 -0.0150229996 -0.033259999 0.0153029999 -0.000931999995 -0.0359750018 0.0253190007 -0.00329299993 -0.0363110006 0.0253190007 -0.00329299993 -0.0363110006 0.0153029999 -0.000931999995 -0.0359750018 0.0207700003 0.00766499992 -0.0355169997 0.0253190007 -0.00329299993 -0.0363110006 0.0207700003 0.00766499992 -0.0355169997 0.0308100004 0.00573399989 -0.0361079983 0.0396340005 0.0102770003 -0.0349740013 0.0308100004 0.00573399989 -0.0361079983 0.0237210002 0.011527 -0.0346070006 0.0396340005 0.0102770003 -0.0349740013 0.0237210002 0.011527 -0.0346070006 0.029778 0.016268 -0.0323200002 0.0534939989 0.0170869995 -0.0312590003 0.0396340005 0.0102770003 -0.0349740013 0.029778 0.016268 -0.0323200002 0.0534939989 0.0170869995 -0.0312590003 0.029778 0.016268 -0.0323200002 0.040479999 0.0231940001 -0.0283129998 0.0488549992 0.0279820003 -0.0229829997 0.0640579984 0.0224559996 -0.0260910001 0.0534939989 0.0170869995 -0.0312590003 0.0488549992 0.0279820003 -0.0229829997 0.0534939989 0.0170869995 -0.0312590003 0.040479999 0.0231940001 -0.0283129998 0.0757450014 0.0291830003 -0.014587 0.0640579984 0.0224559996 -0.0260910001 0.0488549992 0.0279820003 -0.0229829997 0.0757450014 0.0291830003 -0.014587 0.0488549992 0.0279820003 -0.0229829997 0.0572579987 0.0330559984 -0.0128950002 0.0807439983 0.0323030017 -0.00520600006 0.0589770004 0.0360979997 -0.00411099987 0.0596069992 0.0368789993 0.000656999997 0.0807439983 0.0323030017 -0.00520600006 0.0596069992 0.0368789993 0.000656999997 0.0818390027 0.032345999 5.19999994e-05 0.00745999999 -0.0262509994 -0.0221859999 0.00774500007 -0.0206550006 -0.0275560003 0.0109080002 -0.0265820008 -0.0245069992 0.00815000013 -0.0123990001 -0.0316729993 0.0112049999 -0.000123999998 -0.0337999985 0.0153029999 -0.000931999995 -0.0359750018 0.00815000013 -0.0123990001 -0.0316729993 0.0153029999 -0.000931999995 -0.0359750018 0.0115799997 -0.0142130004 -0.0328850001 0.0147310002 0.00707399985 -0.0324710011 0.0207700003 0.00766499992 -0.0355169997 0.0153029999 -0.000931999995 -0.0359750018 0.0147310002 0.00707399985 -0.0324710011 0.0153029999 -0.000931999995 -0.0359750018 0.0112049999 -0.000123999998 -0.0337999985 0.0237210002 0.011527 -0.0346070006 0.0308100004 0.00573399989 -0.0361079983 0.0207700003 0.00766499992 -0.0355169997 0.0192990005 0.0122520002 -0.0299999993 0.0237210002 0.011527 -0.0346070006 0.0207700003 0.00766499992 -0.0355169997 0.0192990005 0.0122520002 -0.0299999993 0.0207700003 0.00766499992 -0.0355169997 0.0147310002 0.00707399985 -0.0324710011 0.0237210002 0.011527 -0.0346070006 0.0192990005 0.0122520002 -0.0299999993 0.0266650002 0.0178810004 -0.0282760002 0.0237210002 0.011527 -0.0346070006 0.0266650002 0.0178810004 -0.0282760002 0.029778 0.016268 -0.0323200002 0.0378579982 0.0242689997 -0.0243720002 0.040479999 0.0231940001 -0.0283129998 0.029778 0.016268 -0.0323200002 0.0378579982 0.0242689997 -0.0243720002 0.029778 0.016268 -0.0323200002 0.0266650002 0.0178810004 -0.0282760002 0.040479999 0.0231940001 -0.0283129998 0.0378579982 0.0242689997 -0.0243720002 0.0460250005 0.0288600009 -0.0196260009 0.040479999 0.0231940001 -0.0283129998 0.0460250005 0.0288600009 -0.0196260009 0.0488549992 0.0279820003 -0.0229829997 0.0526870005 0.0325619988 -0.01229 0.0572579987 0.0330559984 -0.0128950002 0.0488549992 0.0279820003 -0.0229829997 0.0526870005 0.0325619988 -0.01229 0.0488549992 0.0279820003 -0.0229829997 0.0460250005 0.0288600009 -0.0196260009 0.0572579987 0.0330559984 -0.0128950002 0.0526870005 0.0325619988 -0.01229 0.0546960011 0.0354430005 -0.0038389999 0.0572579987 0.0330559984 -0.0128950002 0.0546960011 0.0354430005 -0.0038389999 0.0589770004 0.0360979997 -0.00411099987 0.0113059999 -0.0341340005 -0.0135660004 0.0114439996 -0.0373939984 -0.00125500001 0.00790399965 -0.0359009989 -0.00121400005 0.0113059999 -0.0341340005 -0.0135660004 0.00790399965 -0.0359009989 -0.00121400005 0.00776899979 -0.0325060003 -0.013336 0.00619099988 -0.0323669985 -0.00113700004 0.00615599984 -0.0293470006 -0.0120700002 0.00776899979 -0.0325060003 -0.013336 0.00619099988 -0.0323669985 -0.00113700004 0.00776899979 -0.0325060003 -0.013336 0.00790399965 -0.0359009989 -0.00121400005 0.00745999999 -0.0262509994 -0.0221859999 0.0109080002 -0.0265820008 -0.0245069992 0.0113059999 -0.0341340005 -0.0135660004 0.00745999999 -0.0262509994 -0.0221859999 0.0113059999 -0.0341340005 -0.0135660004 0.00776899979 -0.0325060003 -0.013336 0.00745999999 -0.0262509994 -0.0221859999 0.00776899979 -0.0325060003 -0.013336 0.00615599984 -0.0293470006 -0.0120700002 0.00745999999 -0.0262509994 -0.0221859999 0.00615599984 -0.0293470006 -0.0120700002 0.00643299986 -0.0224450007 -0.0220340006 0.0197260007 0.0172259994 -0.0211169999 0.0207880009 0.0151749998 -0.0224210005 0.0151129998 0.0135369999 -0.0268280003 0.0207880009 0.0151749998 -0.0224210005 0.0213370007 0.0140380003 -0.0211720001 0.0210139994 0.0138020003 -0.0248470008 0.0151129998 0.0135369999 -0.0268280003 0.0207880009 0.0151749998 -0.0224210005 0.0210139994 0.0138020003 -0.0248470008 0.0151129998 0.0135369999 -0.0268280003 0.0210139994 0.0138020003 -0.0248470008 0.0192990005 0.0122520002 -0.0299999993 0.0818390027 0.032345999 5.19999994e-05 0.0596069992 0.0368789993 0.000656999997 0.0818130001 0.0323409997 0.000491000013 0.0211759992 0.0134810004 -0.000172999993 0.0211629998 0.01346 0.000262999994 0.0256130006 0.0165759996 0.000318000006 0.0208180007 -0.0377710015 -0.001299 0.0214300007 -0.0371740013 -0.00128800003 0.0124059999 -0.0368110016 -0.00124600006 0.0208180007 -0.0377710015 -0.001299 0.0124059999 -0.0368110016 -0.00124600006 0.0114439996 -0.0373939984 -0.00125500001 0.0114439996 -0.0373939984 -0.00125500001 0.0124059999 -0.0368110016 -0.00124600006 0.00899800006 -0.0353729986 -0.00120599999 0.0114439996 -0.0373939984 -0.00125500001 0.00899800006 -0.0353729986 -0.00120599999 0.00790399965 -0.0359009989 -0.00121400005 0.00790399965 -0.0359009989 -0.00121400005 0.00899800006 -0.0353729986 -0.00120599999 0.00734899985 -0.0319710001 -0.001132 0.00790399965 -0.0359009989 -0.00121400005 0.00734899985 -0.0319710001 -0.001132 0.00619099988 -0.0323669985 -0.00113700004 0.00688100001 -0.0103529999 -0.000669999979 0.00801299978 -0.0107770003 -0.000682000013 0.0110459998 -0.00148600002 -0.000483000011 0.00688100001 -0.0103529999 -0.000669999979 0.0110459998 -0.00148600002 -0.000483000011 0.010032 -0.00070199999 -0.000463000004 0.00615199981 -0.0202220008 -0.000876999984 0.00731100002 -0.0202789996 -0.000881000014 0.00801299978 -0.0107770003 -0.000682000013 0.00615199981 -0.0202220008 -0.000876999984 0.00801299978 -0.0107770003 -0.000682000013 0.00688100001 -0.0103529999 -0.000669999979 0.00619099988 -0.0323669985 -0.00113700004 0.00734899985 -0.0319710001 -0.001132 0.00731100002 -0.0202789996 -0.000881000014 0.00619099988 -0.0323669985 -0.00113700004 0.00731100002 -0.0202789996 -0.000881000014 0.00615199981 -0.0202220008 -0.000876999984 0.0109080002 -0.0265820008 -0.0245069992 0.00774500007 -0.0206550006 -0.0275560003 0.0115799997 -0.0142130004 -0.0328850001 0.0115799997 -0.0142130004 -0.0328850001 0.00774500007 -0.0206550006 -0.0275560003 0.00815000013 -0.0123990001 -0.0316729993 0.0589770004 0.0360979997 -0.00411099987 0.0807439983 0.0323030017 -0.00520600006 0.0757450014 0.0291830003 -0.014587 0.0589770004 0.0360979997 -0.00411099987 0.0757450014 0.0291830003 -0.014587 0.0572579987 0.0330559984 -0.0128950002 0.0589770004 0.0360979997 -0.00411099987 0.0546960011 0.0354430005 -0.0038389999 0.0556220002 0.0356019996 0.000640999991 0.0589770004 0.0360979997 -0.00411099987 0.0556220002 0.0356019996 0.000640999991 0.0596069992 0.0368789993 0.000656999997 0.0124059999 -0.0368110016 -0.00124600006 0.0214300007 -0.0371740013 -0.00128800003 0.0214319993 -0.037184 -0.000841000001 0.0124059999 -0.0368110016 -0.00124600006 0.0214319993 -0.037184 -0.000841000001 0.0124070002 -0.0368210003 -0.000805000018 0.00899800006 -0.0353729986 -0.00120599999 0.0124059999 -0.0368110016 -0.00124600006 0.0124070002 -0.0368210003 -0.000805000018 0.00899800006 -0.0353729986 -0.00120599999 0.0124070002 -0.0368210003 -0.000805000018 0.00899999961 -0.035383001 -0.000763999997 0.00734899985 -0.0319710001 -0.001132 0.00899800006 -0.0353729986 -0.00120599999 0.00899999961 -0.035383001 -0.000763999997 0.00734899985 -0.0319710001 -0.001132 0.00899999961 -0.035383001 -0.000763999997 0.00735000009 -0.0319809988 -0.000684999977 0.0217610002 0.0121520003 0.000232999999 0.0211629998 0.01346 0.000262999994 0.0217700005 0.0121529996 0.000232999999 0.0217700005 0.0121529996 0.000232999999 0.0211629998 0.01346 0.000262999994 0.0211759992 0.0134810004 -0.000172999993 0.0217749998 0.0121680005 -0.000203999996 0.0217700005 0.0121529996 0.000232999999 0.0211759992 0.0134810004 -0.000172999993 0.0211629998 0.01346 0.000262999994 0.0211779997 0.0134619996 0.000699000026 0.0217780005 0.0121489996 0.000668999972 0.0211629998 0.01346 0.000262999994 0.0217780005 0.0121489996 0.000668999972 0.0217700005 0.0121529996 0.000232999999 0.0217700005 0.0121529996 0.000232999999 0.0211629998 0.01346 0.000262999994 0.0217610002 0.0121520003 0.000232999999 </float_array>
          <technique_common>
            <accessor count="975" offset="0" source="#milky_white-positions-array" stride="3">
              <param name="X" type="float" />
              <param name="Y" type="float" />
              <param name="Z" type="float" />
            </accessor>
          </technique_common>
        </source>
        <source id="milky_white-normals" name="milky_white-normals">
          <float_array id="milky_white-normals-array" count="2925"> 0.344278991 0.585314989 0.734062016 0.291940004 0.489455998 0.821680009 0.369181991 0.43769601 0.819787979 0.344278991 0.585314989 0.734062016 0.369181991 0.43769601 0.819787979 0.441237003 0.525039971 0.727714002 0.291940004 0.489455998 0.821680009 0.344278991 0.585314989 0.734062016 0.131565005 0.663075984 0.736868978 0.291940004 0.489455998 0.821680009 0.131565005 0.663075984 0.736868978 0.107822001 0.561388016 0.820490003 -0.0729089975 0.68196702 0.727714002 -0.0970790014 0.563066006 0.820672989 0.107822001 0.561388016 0.820490003 -0.0729089975 0.68196702 0.727714002 0.107822001 0.561388016 0.820490003 0.131565005 0.663075984 0.736868978 -0.0970790014 0.563066006 0.820672989 -0.122622997 0.291054994 0.948790014 0.0373549983 0.292337 0.955564976 -0.0970790014 0.563066006 0.820672989 0.0373549983 0.292337 0.955564976 0.107822001 0.561388016 0.820490003 0.291940004 0.489455998 0.821680009 0.107822001 0.561388016 0.820490003 0.0373549983 0.292337 0.955564976 0.291940004 0.489455998 0.821680009 0.0373549983 0.292337 0.955564976 0.173741996 0.254433006 0.951322973 -0.302193999 0.282204986 0.910489023 -0.455610991 0.241218001 0.856837988 -0.47697401 -0.0305489991 0.878383994 -0.302193999 0.282204986 0.910489023 -0.47697401 -0.0305489991 0.878383994 -0.312357008 -0.0306410007 0.949460983 -0.539444983 0.506851017 0.672353029 -0.536607027 0.421734989 0.730857015 -0.299264014 0.550615013 0.779228985 -0.539444983 0.506851017 0.672353029 -0.299264014 0.550615013 0.779228985 -0.286141992 0.645039022 0.708518028 -0.633839011 0.207922995 0.74495697 -0.455610991 0.241218001 0.856837988 -0.536607027 0.421734989 0.730857015 -0.649524987 -0.0332349986 0.759606004 -0.633839011 0.207922995 0.74495697 -0.711112022 0.207007006 0.671864986 -0.649524987 -0.0332349986 0.759606004 -0.711112022 0.207007006 0.671864986 -0.724631011 -0.0276500005 0.688528001 -0.711112022 0.207007006 0.671864986 -0.633839011 0.207922995 0.74495697 -0.536607027 0.421734989 0.730857015 -0.711112022 0.207007006 0.671864986 -0.536607027 0.421734989 0.730857015 -0.539444983 0.506851017 0.672353029 -0.286141992 0.645039022 0.708518028 -0.299264014 0.550615013 0.779228985 -0.0970790014 0.563066006 0.820672989 -0.286141992 0.645039022 0.708518028 -0.0970790014 0.563066006 0.820672989 -0.0729089975 0.68196702 0.727714002 -0.0970790014 0.563066006 0.820672989 -0.299264014 0.550615013 0.779228985 -0.302193999 0.282204986 0.910489023 -0.0970790014 0.563066006 0.820672989 -0.302193999 0.282204986 0.910489023 -0.122622997 0.291054994 0.948790014 0.172703996 -0.01413 0.984862983 0.239050999 0.235571995 0.941983998 0.173741996 0.254433006 0.951322973 0.172703996 -0.01413 0.984862983 0.173741996 0.254433006 0.951322973 0.116641998 -0.0418410003 0.992278993 -0.122622997 0.291054994 0.948790014 -0.141514003 -0.0340280011 0.989319026 0.00738500012 -0.0321969986 0.999450982 -0.122622997 0.291054994 0.948790014 0.00738500012 -0.0321969986 0.999450982 0.0373549983 0.292337 0.955564976 0.0373549983 0.292337 0.955564976 0.00738500012 -0.0321969986 0.999450982 0.116641998 -0.0418410003 0.992278993 0.0373549983 0.292337 0.955564976 0.116641998 -0.0418410003 0.992278993 0.173741996 0.254433006 0.951322973 -0.302193999 0.282204986 0.910489023 -0.299264014 0.550615013 0.779228985 -0.536607027 0.421734989 0.730857015 -0.302193999 0.282204986 0.910489023 -0.536607027 0.421734989 0.730857015 -0.455610991 0.241218001 0.856837988 -0.312357008 -0.0306410007 0.949460983 -0.141514003 -0.0340280011 0.989319026 -0.122622997 0.291054994 0.948790014 -0.312357008 -0.0306410007 0.949460983 -0.122622997 0.291054994 0.948790014 -0.302193999 0.282204986 0.910489023 0.369181991 0.43769601 0.819787979 0.291940004 0.489455998 0.821680009 0.173741996 0.254433006 0.951322973 0.369181991 0.43769601 0.819787979 0.173741996 0.254433006 0.951322973 0.239050999 0.235571995 0.941983998 -0.633839011 0.207922995 0.74495697 -0.649524987 -0.0332349986 0.759606004 -0.47697401 -0.0305489991 0.878383994 -0.633839011 0.207922995 0.74495697 -0.47697401 -0.0305489991 0.878383994 -0.455610991 0.241218001 0.856837988 -0.649524987 -0.0332349986 0.759606004 -0.724631011 -0.0276500005 0.688528001 -0.698324978 -0.262490004 0.665853024 -0.649524987 -0.0332349986 0.759606004 -0.698324978 -0.262490004 0.665853024 -0.625842988 -0.260536999 0.735099018 -0.649524987 -0.0332349986 0.759606004 -0.625842988 -0.260536999 0.735099018 -0.466903001 -0.282418013 0.837976992 -0.649524987 -0.0332349986 0.759606004 -0.466903001 -0.282418013 0.837976992 -0.47697401 -0.0305489991 0.878383994 -0.322854996 -0.333903015 0.885555983 -0.312357008 -0.0306410007 0.949460983 -0.47697401 -0.0305489991 0.878383994 -0.322854996 -0.333903015 0.885555983 -0.47697401 -0.0305489991 0.878383994 -0.466903001 -0.282418013 0.837976992 -0.146274999 -0.360790014 0.92107898 -0.141514003 -0.0340280011 0.989319026 -0.312357008 -0.0306410007 0.949460983 -0.146274999 -0.360790014 0.92107898 -0.312357008 -0.0306410007 0.949460983 -0.322854996 -0.333903015 0.885555983 -0.141514003 -0.0340280011 0.989319026 -0.146274999 -0.360790014 0.92107898 -0.00491299992 -0.360545993 0.932707012 -0.141514003 -0.0340280011 0.989319026 -0.00491299992 -0.360545993 0.932707012 0.00738500012 -0.0321969986 0.999450982 0.00738500012 -0.0321969986 0.999450982 -0.00491299992 -0.360545993 0.932707012 0.0535910018 -0.347667009 0.936064005 0.00738500012 -0.0321969986 0.999450982 0.0535910018 -0.347667009 0.936064005 0.116641998 -0.0418410003 0.992278993 0.172703996 -0.01413 0.984862983 0.116641998 -0.0418410003 0.992278993 0.0535910018 -0.347667009 0.936064005 -0.593035996 -0.485336006 0.642445028 -0.547227025 -0.437727004 0.713370025 -0.625842988 -0.260536999 0.735099018 -0.593035996 -0.485336006 0.642445028 -0.625842988 -0.260536999 0.735099018 -0.698324978 -0.262490004 0.665853024 -0.547227025 -0.437727004 0.713370025 -0.593035996 -0.485336006 0.642445028 -0.382854998 -0.643146992 0.663137019 -0.547227025 -0.437727004 0.713370025 -0.382854998 -0.643146992 0.663137019 -0.386821985 -0.558519006 0.733726025 -0.166875005 -0.713065028 0.680929005 -0.168431997 -0.609942973 0.774285018 -0.386821985 -0.558519006 0.733726025 -0.166875005 -0.713065028 0.680929005 -0.386821985 -0.558519006 0.733726025 -0.382854998 -0.643146992 0.663137019 0.0534069985 -0.734031022 0.676991999 0.0440689996 -0.618243992 0.784721971 -0.0090950001 -0.640645027 0.767754018 0.0534069985 -0.734031022 0.676991999 -0.0090950001 -0.640645027 0.767754018 -0.0110170003 -0.73210901 0.68108201 -0.0090950001 -0.640645027 0.767754018 -0.168431997 -0.609942973 0.774285018 -0.166875005 -0.713065028 0.680929005 -0.0090950001 -0.640645027 0.767754018 -0.166875005 -0.713065028 0.680929005 -0.0110170003 -0.73210901 0.68108201 -0.625842988 -0.260536999 0.735099018 -0.547227025 -0.437727004 0.713370025 -0.466903001 -0.282418013 0.837976992 -0.386821985 -0.558519006 0.733726025 -0.322854996 -0.333903015 0.885555983 -0.466903001 -0.282418013 0.837976992 -0.386821985 -0.558519006 0.733726025 -0.466903001 -0.282418013 0.837976992 -0.547227025 -0.437727004 0.713370025 -0.386821985 -0.558519006 0.733726025 -0.168431997 -0.609942973 0.774285018 -0.146274999 -0.360790014 0.92107898 -0.386821985 -0.558519006 0.733726025 -0.146274999 -0.360790014 0.92107898 -0.322854996 -0.333903015 0.885555983 -0.168431997 -0.609942973 0.774285018 -0.0090950001 -0.640645027 0.767754018 -0.00491299992 -0.360545993 0.932707012 -0.168431997 -0.609942973 0.774285018 -0.00491299992 -0.360545993 0.932707012 -0.146274999 -0.360790014 0.92107898 -0.0090950001 -0.640645027 0.767754018 0.0440689996 -0.618243992 0.784721971 0.0535910018 -0.347667009 0.936064005 -0.0090950001 -0.640645027 0.767754018 0.0535910018 -0.347667009 0.936064005 -0.00491299992 -0.360545993 0.932707012 -0.416211009 -0.656666994 0.628894985 -0.629719019 -0.614673018 0.474959999 -0.349467009 -0.558610976 0.752158999 -0.416211009 -0.656666994 0.628894985 -0.349467009 -0.558610976 0.752158999 -0.399396002 -0.559495986 0.726217985 -0.341533005 -0.265083998 0.90170002 -0.399396002 -0.559495986 0.726217985 -0.349467009 -0.558610976 0.752158999 -0.341533005 -0.265083998 0.90170002 -0.349467009 -0.558610976 0.752158999 -0.399091005 -0.269784003 0.876308978 -0.302926987 0.0851470008 0.949186981 -0.341533005 -0.265083998 0.90170002 -0.399091005 -0.269784003 0.876308978 -0.302926987 0.0851470008 0.949186981 -0.399091005 -0.269784003 0.876308978 -0.36649701 0.0924099982 0.925809979 -0.36649701 0.0924099982 0.925809979 -0.357279986 0.448439002 0.819269001 -0.281655014 0.441754997 0.851741016 -0.36649701 0.0924099982 0.925809979 -0.281655014 0.441754997 0.851741016 -0.302926987 0.0851470008 0.949186981 -0.357279986 0.448439002 0.819269001 -0.286018997 0.715812027 0.636982024 -0.0562149994 0.771934986 0.633167982 -0.357279986 0.448439002 0.819269001 -0.0562149994 0.771934986 0.633167982 -0.281655014 0.441754997 0.851741016 0.892360985 0.451216012 -0.00427300017 0.917721987 0.393413991 0.0543840006 0.918026984 0.392560005 0.0552080013 -0.0472729988 -0.92584002 0.374920011 -0.0412309989 -0.976531029 0.211371005 -0.0110170003 -0.978453994 0.206029996 -0.0472729988 -0.92584002 0.374920011 -0.0110170003 -0.978453994 0.206029996 -0.013886 -0.929014027 0.369700998 -0.0210580006 -0.746239007 0.665333986 -0.0524309985 -0.734091997 0.676962018 -0.0472729988 -0.92584002 0.374920011 -0.0210580006 -0.746239007 0.665333986 -0.0472729988 -0.92584002 0.374920011 -0.013886 -0.929014027 0.369700998 -0.0210580006 -0.746239007 0.665333986 -0.0268559996 -0.455428004 0.889859021 -0.0559099987 -0.452437013 0.890011013 -0.0210580006 -0.746239007 0.665333986 -0.0559099987 -0.452437013 0.890011013 -0.0524309985 -0.734091997 0.676962018 -0.0268559996 -0.455428004 0.889859021 -0.0167849995 -0.147740006 0.988861024 -0.0459299982 -0.145420998 0.988281012 -0.0268559996 -0.455428004 0.889859021 -0.0459299982 -0.145420998 0.988281012 -0.0559099987 -0.452437013 0.890011013 -0.0167849995 -0.147740006 0.988861024 0.0134889996 0.114474997 0.993315995 -0.0195320006 0.0813930035 0.996460021 -0.0167849995 -0.147740006 0.988861024 -0.0195320006 0.0813930035 0.996460021 -0.0459299982 -0.145420998 0.988281012 0.0373240001 0.277260989 0.960051 0.018189 0.346354991 0.937895 0.00225799996 0.244849995 0.96954298 0.0373240001 0.277260989 0.960051 0.00225799996 0.244849995 0.96954298 0.0134889996 0.114474997 0.993315995 0.101718001 0.452223003 0.886074007 0.0545369983 0.484389991 0.873134971 0.018189 0.346354991 0.937895 0.101718001 0.452223003 0.886074007 0.018189 0.346354991 0.937895 0.0373240001 0.277260989 0.960051 0.117222004 0.670460999 0.732596993 0.0545369983 0.484389991 0.873134971 0.101718001 0.452223003 0.886074007 0.117222004 0.670460999 0.732596993 0.101718001 0.452223003 0.886074007 0.151158005 0.622089028 0.768181026 0.154056996 0.831965029 0.532944977 0.149967998 0.838404 0.523941994 0.117222004 0.670460999 0.732596993 0.154056996 0.831965029 0.532944977 0.117222004 0.670460999 0.732596993 0.151158005 0.622089028 0.768181026 0.182835996 0.982909977 0.0208439995 0.167485997 0.943235993 0.286751986 0.159673005 0.947386026 0.277383 0.182835996 0.982909977 0.0208439995 0.159673005 0.947386026 0.277383 0.173498005 0.981016994 0.0862450004 -0.629719019 -0.614673018 0.474959999 -0.413617015 -0.682179987 0.602892995 -0.349467009 -0.558610976 0.752158999 -0.399091005 -0.269784003 0.876308978 -0.428297013 -0.299539 0.852504015 -0.430860013 0.127994999 0.893276989 -0.399091005 -0.269784003 0.876308978 -0.430860013 0.127994999 0.893276989 -0.36649701 0.0924099982 0.925809979 -0.357279986 0.448439002 0.819269001 -0.36649701 0.0924099982 0.925809979 -0.430860013 0.127994999 0.893276989 -0.357279986 0.448439002 0.819269001 -0.430860013 0.127994999 0.893276989 -0.449355006 0.503677011 0.737815022 0.00225799996 0.244849995 0.96954298 -0.0195320006 0.0813930035 0.996460021 0.0134889996 0.114474997 0.993315995 -0.286018997 0.715812027 0.636982024 -0.357279986 0.448439002 0.819269001 -0.449355006 0.503677011 0.737815022 -0.286018997 0.715812027 0.636982024 -0.449355006 0.503677011 0.737815022 -0.42405501 0.659748971 0.620350003 -0.42405501 0.659748971 0.620350003 -0.353130013 0.750786006 0.558184028 -0.358592004 0.745963991 0.561143994 -0.42405501 0.659748971 0.620350003 -0.358592004 0.745963991 0.561143994 -0.286018997 0.715812027 0.636982024 -0.276223004 0.822961986 0.496353 -0.358592004 0.745963991 0.561143994 -0.353130013 0.750786006 0.558184028 -0.276223004 0.822961986 0.496353 -0.353130013 0.750786006 0.558184028 -0.275581986 0.823634028 0.495620996 -0.275581986 0.823634028 0.495620996 -0.192205995 0.884365022 0.425366998 -0.186620995 0.887233973 0.421795994 -0.275581986 0.823634028 0.495620996 -0.186620995 0.887233973 0.421795994 -0.276223004 0.822961986 0.496353 -0.141391993 0.919462025 0.366802007 -0.186620995 0.887233973 0.421795994 -0.192205995 0.884365022 0.425366998 -0.141391993 0.919462025 0.366802007 -0.192205995 0.884365022 0.425366998 -0.144504994 0.923825979 0.354442 -0.144504994 0.923825979 0.354442 -0.193914995 0.958159029 0.210485995 -0.186162993 0.954465985 0.233008996 -0.144504994 0.923825979 0.354442 -0.186162993 0.954465985 0.233008996 -0.141391993 0.919462025 0.366802007 -0.402814001 -0.852687001 0.332621008 -0.685872972 -0.671437979 0.280586988 -0.660633981 -0.732291996 0.165013999 -0.402814001 -0.852687001 0.332621008 -0.660633981 -0.732291996 0.165013999 -0.398479998 -0.894985974 0.200353995 -0.898006976 -0.428815991 0.098269999 -0.660633981 -0.732291996 0.165013999 -0.685872972 -0.671437979 0.280586988 -0.898006976 -0.428815991 0.098269999 -0.685872972 -0.671437979 0.280586988 -0.915127993 -0.372570008 0.153905004 -0.629719019 -0.614673018 0.474959999 -0.685872972 -0.671437979 0.280586988 -0.402814001 -0.852687001 0.332621008 -0.629719019 -0.614673018 0.474959999 -0.402814001 -0.852687001 0.332621008 -0.413617015 -0.682179987 0.602892995 -0.629719019 -0.614673018 0.474959999 -0.925809979 -0.317025989 0.205695003 -0.915127993 -0.372570008 0.153905004 -0.629719019 -0.614673018 0.474959999 -0.915127993 -0.372570008 0.153905004 -0.685872972 -0.671437979 0.280586988 0.361797005 0.595264018 0.717459977 -0.0562149994 0.771934986 0.633167982 0.271187007 0.729972005 0.627308011 0.917721987 0.393413991 0.0543840006 0.936308026 0.332560003 0.112765998 0.918026984 0.392560005 0.0552080013 -0.0562149994 0.771934986 0.633167982 -0.286018997 0.715812027 0.636982024 0.0861229971 0.906979978 0.412243992 -0.0562149994 0.771934986 0.633167982 0.0861229971 0.906979978 0.412243992 0.271187007 0.729972005 0.627308011 0.200314 0.979586005 0.0169149991 0.200314 0.979586005 0.0169149991 0.200314 0.979586005 0.0169149991 -0.00231399992 0.020978 -0.999777019 -0.00231399992 0.020978 -0.999777019 -0.00231399992 0.020978 -0.999777019 -0.00231399992 0.020978 -0.999777019 -0.00231399992 0.020978 -0.999777019 -0.00231399992 0.020978 -0.999777019 -0.00325500011 0.0225109998 -0.999741018 -0.00325500011 0.0225109998 -0.999741018 -0.00325500011 0.0225109998 -0.999741018 -0.00325500011 0.0225109998 -0.999741018 -0.00325500011 0.0225109998 -0.999741018 -0.00325500011 0.0225109998 -0.999741018 -0.00349000003 0.0229860004 -0.999729991 -0.00349000003 0.0229860004 -0.999729991 -0.00349000003 0.0229860004 -0.999729991 -0.00349000003 0.0229860004 -0.999729991 -0.00349000003 0.0229860004 -0.999729991 -0.00349000003 0.0229860004 -0.999729991 -0.00306600006 0.021497 -0.999764025 -0.00306600006 0.021497 -0.999764025 -0.00306600006 0.021497 -0.999764025 -0.00306600006 0.021497 -0.999764025 -0.00306600006 0.021497 -0.999764025 -0.00306600006 0.021497 -0.999764025 -0.00405499991 0.0207170006 -0.999777019 -0.00405499991 0.0207170006 -0.999777019 -0.00405499991 0.0207170006 -0.999777019 -0.00405499991 0.0207170006 -0.999777019 -0.00405499991 0.0207170006 -0.999777019 -0.00405499991 0.0207170006 -0.999777019 -0.00362000009 0.0212929994 -0.999767005 -0.00362000009 0.0212929994 -0.999767005 -0.00362000009 0.0212929994 -0.999767005 -0.00362000009 0.0212929994 -0.999767005 -0.00362000009 0.0212929994 -0.999767005 -0.00362000009 0.0212929994 -0.999767005 -0.00319999992 0.0224290006 -0.999742985 -0.00319999992 0.0224290006 -0.999742985 -0.00319999992 0.0224290006 -0.999742985 -0.00319999992 0.0224290006 -0.999742985 -0.00319999992 0.0224290006 -0.999742985 -0.00319999992 0.0224290006 -0.999742985 -0.00318700005 0.0221379995 -0.999750018 -0.00318700005 0.0221379995 -0.999750018 -0.00318700005 0.0221379995 -0.999750018 -0.00318700005 0.0221379995 -0.999750018 -0.00318700005 0.0221379995 -0.999750018 -0.00318700005 0.0221379995 -0.999750018 -0.413617015 -0.682179987 0.602892995 -0.428297013 -0.299539 0.852504015 -0.349467009 -0.558610976 0.752158999 -0.428297013 -0.299539 0.852504015 -0.399091005 -0.269784003 0.876308978 -0.349467009 -0.558610976 0.752158999 0.167485997 0.943235993 0.286751986 0.149967998 0.838404 0.523941994 0.154056996 0.831965029 0.532944977 0.167485997 0.943235993 0.286751986 0.154056996 0.831965029 0.532944977 0.159673005 0.947386026 0.277383 -0.193914995 0.958159029 0.210485995 -0.229498997 0.973052025 0.0218819994 -0.229498997 0.973052025 0.0218819994 -0.193914995 0.958159029 0.210485995 -0.229498997 0.973052025 0.0218819994 -0.186162993 0.954465985 0.233008996 -0.0402229987 -0.998932004 -0.0216070004 -0.0402229987 -0.998932004 -0.0216070004 -0.00714100013 -0.999724984 -0.0217289999 -0.0402229987 -0.998932004 -0.0216070004 -0.00714100013 -0.999724984 -0.0217289999 -0.00714100013 -0.999724984 -0.0217599999 -0.688681006 -0.724906027 -0.0136719998 -0.688528001 -0.725058973 -0.0136719998 -0.388927996 -0.921048999 -0.0188599993 -0.688681006 -0.724906027 -0.0136719998 -0.388927996 -0.921048999 -0.0188599993 -0.388927996 -0.921048999 -0.0188599993 -0.899837971 -0.436140001 -0.0067449999 -0.899837971 -0.436140001 -0.0067449999 -0.688528001 -0.725058973 -0.0136719998 -0.899837971 -0.436140001 -0.0067449999 -0.688528001 -0.725058973 -0.0136719998 -0.688681006 -0.724906027 -0.0136719998 -0.712271988 0.701620996 0.0184940007 -0.712271988 0.701650977 0.0174260009 -0.786369979 0.617511988 0.0158089995 -0.712271988 0.701620996 0.0184940007 -0.786369979 0.617511988 0.0158089995 -0.786431015 0.617449999 0.0163579993 -0.786431015 0.617449999 0.0163579993 -0.786369979 0.617511988 0.0158089995 -0.907041013 0.420819998 0.0119019998 -0.786431015 0.617449999 0.0163579993 -0.907041013 0.420819998 0.0119019998 -0.907070994 0.420758992 0.0119019998 0.339884996 0.616748989 -0.709951997 0.436872005 0.556290984 -0.706839025 0.364268988 0.473037004 -0.802178979 0.339884996 0.616748989 -0.709951997 0.364268988 0.473037004 -0.802178979 0.287027001 0.524796009 -0.801355004 0.287027001 0.524796009 -0.801355004 0.102939002 0.596575975 -0.795892 0.127201006 0.694540024 -0.708090007 0.287027001 0.524796009 -0.801355004 0.127201006 0.694540024 -0.708090007 0.339884996 0.616748989 -0.709951997 -0.0772119984 0.713003993 -0.696860015 0.127201006 0.694540024 -0.708090007 0.102939002 0.596575975 -0.795892 -0.0772119984 0.713003993 -0.696860015 0.102939002 0.596575975 -0.795892 -0.101962 0.598223984 -0.794763029 -0.101962 0.598223984 -0.794763029 0.102939002 0.596575975 -0.795892 0.0316170007 0.333658993 -0.942137003 -0.101962 0.598223984 -0.794763029 0.0316170007 0.333658993 -0.942137003 -0.128330007 0.33207199 -0.934445977 0.287027001 0.524796009 -0.801355004 0.168004006 0.295632988 -0.940397024 0.0316170007 0.333658993 -0.942137003 0.287027001 0.524796009 -0.801355004 0.0316170007 0.333658993 -0.942137003 0.102939002 0.596575975 -0.795892 -0.307657003 0.321543008 -0.895474017 -0.318093985 0.0106809996 -0.94796598 -0.482284009 0.00762999989 -0.875972986 -0.307657003 0.321543008 -0.895474017 -0.482284009 0.00762999989 -0.875972986 -0.460768014 0.278236985 -0.842737973 -0.543443024 0.535569012 -0.646351993 -0.290353 0.67522198 -0.678030014 -0.303903013 0.583971977 -0.752708018 -0.543443024 0.535569012 -0.646351993 -0.303903013 0.583971977 -0.752708018 -0.540941 0.453078002 -0.708548009 -0.638294995 0.240059003 -0.731375992 -0.540941 0.453078002 -0.708548009 -0.460768014 0.278236985 -0.842737973 -0.654102981 -0.000243999995 -0.756371021 -0.728812993 0.00222799997 -0.684683025 -0.715139985 0.235969007 -0.657917976 -0.654102981 -0.000243999995 -0.756371021 -0.715139985 0.235969007 -0.657917976 -0.638294995 0.240059003 -0.731375992 -0.715139985 0.235969007 -0.657917976 -0.543443024 0.535569012 -0.646351993 -0.540941 0.453078002 -0.708548009 -0.715139985 0.235969007 -0.657917976 -0.540941 0.453078002 -0.708548009 -0.638294995 0.240059003 -0.731375992 -0.290353 0.67522198 -0.678030014 -0.0772119984 0.713003993 -0.696860015 -0.101962 0.598223984 -0.794763029 -0.290353 0.67522198 -0.678030014 -0.101962 0.598223984 -0.794763029 -0.303903013 0.583971977 -0.752708018 -0.101962 0.598223984 -0.794763029 -0.128330007 0.33207199 -0.934445977 -0.307657003 0.321543008 -0.895474017 -0.101962 0.598223984 -0.794763029 -0.307657003 0.321543008 -0.895474017 -0.303903013 0.583971977 -0.752708018 0.166752994 0.028748 -0.985565007 0.110629998 0.00137299998 -0.993834972 0.168004006 0.295632988 -0.940397024 0.166752994 0.028748 -0.985565007 0.168004006 0.295632988 -0.940397024 0.233374998 0.276376009 -0.93224901 -0.128330007 0.33207199 -0.934445977 0.0316170007 0.333658993 -0.942137003 0.00134299998 0.0113220001 -0.99990797 -0.128330007 0.33207199 -0.934445977 0.00134299998 0.0113220001 -0.99990797 -0.147496 0.0090330001 -0.989013016 0.0316170007 0.333658993 -0.942137003 0.168004006 0.295632988 -0.940397024 0.110629998 0.00137299998 -0.993834972 0.0316170007 0.333658993 -0.942137003 0.110629998 0.00137299998 -0.993834972 0.00134299998 0.0113220001 -0.99990797 -0.307657003 0.321543008 -0.895474017 -0.460768014 0.278236985 -0.842737973 -0.540941 0.453078002 -0.708548009 -0.307657003 0.321543008 -0.895474017 -0.540941 0.453078002 -0.708548009 -0.303903013 0.583971977 -0.752708018 -0.318093985 0.0106809996 -0.94796598 -0.307657003 0.321543008 -0.895474017 -0.128330007 0.33207199 -0.934445977 -0.318093985 0.0106809996 -0.94796598 -0.128330007 0.33207199 -0.934445977 -0.147496 0.0090330001 -0.989013016 0.364268988 0.473037004 -0.802178979 0.233374998 0.276376009 -0.93224901 0.168004006 0.295632988 -0.940397024 0.364268988 0.473037004 -0.802178979 0.168004006 0.295632988 -0.940397024 0.287027001 0.524796009 -0.801355004 -0.638294995 0.240059003 -0.731375992 -0.460768014 0.278236985 -0.842737973 -0.482284009 0.00762999989 -0.875972986 -0.638294995 0.240059003 -0.731375992 -0.482284009 0.00762999989 -0.875972986 -0.654102981 -0.000243999995 -0.756371021 -0.654102981 -0.000243999995 -0.756371021 -0.630329013 -0.228401005 -0.741966009 -0.702383995 -0.233374998 -0.672414005 -0.654102981 -0.000243999995 -0.756371021 -0.702383995 -0.233374998 -0.672414005 -0.728812993 0.00222799997 -0.684683025 -0.654102981 -0.000243999995 -0.756371021 -0.482284009 0.00762999989 -0.875972986 -0.47199899 -0.245735005 -0.846643984 -0.654102981 -0.000243999995 -0.756371021 -0.47199899 -0.245735005 -0.846643984 -0.630329013 -0.228401005 -0.741966009 -0.328256994 -0.295082986 -0.897305012 -0.47199899 -0.245735005 -0.846643984 -0.482284009 0.00762999989 -0.875972986 -0.328256994 -0.295082986 -0.897305012 -0.482284009 0.00762999989 -0.875972986 -0.318093985 0.0106809996 -0.94796598 -0.151890993 -0.320383012 -0.93502599 -0.328256994 -0.295082986 -0.897305012 -0.318093985 0.0106809996 -0.94796598 -0.151890993 -0.320383012 -0.93502599 -0.318093985 0.0106809996 -0.94796598 -0.147496 0.0090330001 -0.989013016 -0.147496 0.0090330001 -0.989013016 0.00134299998 0.0113220001 -0.99990797 -0.0105900001 -0.319620013 -0.947477996 -0.147496 0.0090330001 -0.989013016 -0.0105900001 -0.319620013 -0.947477996 -0.151890993 -0.320383012 -0.93502599 0.00134299998 0.0113220001 -0.99990797 0.110629998 0.00137299998 -0.993834972 0.0478839986 -0.306558013 -0.950621009 0.00134299998 0.0113220001 -0.99990797 0.0478839986 -0.306558013 -0.950621009 -0.0105900001 -0.319620013 -0.947477996 0.166752994 0.028748 -0.985565007 0.0478839986 -0.306558013 -0.950621009 0.110629998 0.00137299998 -0.993834972 -0.596973002 -0.456984013 -0.659352005 -0.702383995 -0.233374998 -0.672414005 -0.630329013 -0.228401005 -0.741966009 -0.596973002 -0.456984013 -0.659352005 -0.630329013 -0.228401005 -0.741966009 -0.551591992 -0.40635401 -0.728416026 -0.551591992 -0.40635401 -0.728416026 -0.391339004 -0.52610898 -0.754997015 -0.386943996 -0.613696992 -0.688162029 -0.551591992 -0.40635401 -0.728416026 -0.386943996 -0.613696992 -0.688162029 -0.596973002 -0.456984013 -0.659352005 -0.171086997 -0.68276 -0.710318029 -0.386943996 -0.613696992 -0.688162029 -0.391339004 -0.52610898 -0.754997015 -0.171086997 -0.68276 -0.710318029 -0.391339004 -0.52610898 -0.754997015 -0.173192993 -0.575700998 -0.799097002 0.0491960011 -0.703848004 -0.708608985 -0.0152589995 -0.701772988 -0.71221 -0.0138250003 -0.60661602 -0.794854999 0.0491960011 -0.703848004 -0.708608985 -0.0138250003 -0.60661602 -0.794854999 0.0392469987 -0.583482981 -0.811151028 -0.0138250003 -0.60661602 -0.794854999 -0.0152589995 -0.701772988 -0.71221 -0.171086997 -0.68276 -0.710318029 -0.0138250003 -0.60661602 -0.794854999 -0.171086997 -0.68276 -0.710318029 -0.173192993 -0.575700998 -0.799097002 -0.630329013 -0.228401005 -0.741966009 -0.47199899 -0.245735005 -0.846643984 -0.551591992 -0.40635401 -0.728416026 -0.391339004 -0.52610898 -0.754997015 -0.551591992 -0.40635401 -0.728416026 -0.47199899 -0.245735005 -0.846643984 -0.391339004 -0.52610898 -0.754997015 -0.47199899 -0.245735005 -0.846643984 -0.328256994 -0.295082986 -0.897305012 -0.391339004 -0.52610898 -0.754997015 -0.328256994 -0.295082986 -0.897305012 -0.151890993 -0.320383012 -0.93502599 -0.391339004 -0.52610898 -0.754997015 -0.151890993 -0.320383012 -0.93502599 -0.173192993 -0.575700998 -0.799097002 -0.173192993 -0.575700998 -0.799097002 -0.151890993 -0.320383012 -0.93502599 -0.0105900001 -0.319620013 -0.947477996 -0.173192993 -0.575700998 -0.799097002 -0.0105900001 -0.319620013 -0.947477996 -0.0138250003 -0.60661602 -0.794854999 -0.0138250003 -0.60661602 -0.794854999 -0.0105900001 -0.319620013 -0.947477996 0.0478839986 -0.306558013 -0.950621009 -0.0138250003 -0.60661602 -0.794854999 0.0478839986 -0.306558013 -0.950621009 0.0392469987 -0.583482981 -0.811151028 -0.420056999 -0.62874198 -0.654347003 -0.403851002 -0.527390003 -0.747458994 -0.354106009 -0.525407016 -0.77364397 -0.420056999 -0.62874198 -0.654347003 -0.354106009 -0.525407016 -0.77364397 -0.632649004 -0.593492985 -0.497451991 -0.34702599 -0.225593001 -0.910275996 -0.404401004 -0.231422007 -0.884792984 -0.354106009 -0.525407016 -0.77364397 -0.34702599 -0.225593001 -0.910275996 -0.354106009 -0.525407016 -0.77364397 -0.403851002 -0.527390003 -0.747458994 -0.308663994 0.126347005 -0.942717016 -0.372051001 0.132571995 -0.918667972 -0.404401004 -0.231422007 -0.884792984 -0.308663994 0.126347005 -0.942717016 -0.404401004 -0.231422007 -0.884792984 -0.34702599 -0.225593001 -0.910275996 -0.372051001 0.132571995 -0.918667972 -0.308663994 0.126347005 -0.942717016 -0.286720991 0.478377998 -0.829981029 -0.372051001 0.132571995 -0.918667972 -0.286720991 0.478377998 -0.829981029 -0.362163007 0.483626992 -0.79677701 -0.362163007 0.483626992 -0.79677701 -0.286720991 0.478377998 -0.829981029 -0.0599379987 0.79876101 -0.598590016 -0.362163007 0.483626992 -0.79677701 -0.0599379987 0.79876101 -0.598590016 -0.289772987 0.742820978 -0.603473008 0.892453015 0.450727999 0.0184940007 0.917721987 0.394726008 -0.0436110012 0.917446971 0.395520002 -0.0427559987 -0.0496539995 -0.908627987 -0.414563 -0.0162359998 -0.912046015 -0.409711003 -0.0123910001 -0.968566 -0.248359993 -0.0496539995 -0.908627987 -0.414563 -0.0123910001 -0.968566 -0.248359993 -0.0426339991 -0.966399014 -0.253425986 -0.0251780003 -0.716543972 -0.697043002 -0.0162359998 -0.912046015 -0.409711003 -0.0496539995 -0.908627987 -0.414563 -0.0251780003 -0.716543972 -0.697043002 -0.0496539995 -0.908627987 -0.414563 -0.0566419996 -0.703939974 -0.707967997 -0.0251780003 -0.716543972 -0.697043002 -0.0566419996 -0.703939974 -0.707967997 -0.061342001 -0.413251013 -0.908536017 -0.0251780003 -0.716543972 -0.697043002 -0.061342001 -0.413251013 -0.908536017 -0.0322889984 -0.416272014 -0.908658028 -0.0322889984 -0.416272014 -0.908658028 -0.061342001 -0.413251013 -0.908536017 -0.0519430004 -0.102237001 -0.993377984 -0.0322889984 -0.416272014 -0.908658028 -0.0519430004 -0.102237001 -0.993377984 -0.0227669999 -0.104556002 -0.994231999 -0.0227669999 -0.104556002 -0.994231999 -0.0519430004 -0.102237001 -0.993377984 -0.0255440008 0.124698997 -0.991851985 -0.0227669999 -0.104556002 -0.994231999 -0.0255440008 0.124698997 -0.991851985 0.00750799989 0.157628 -0.987456977 0.0315559991 0.318796009 -0.947264016 0.00750799989 0.157628 -0.987456977 -0.00353999995 0.286812991 -0.957975984 0.0315559991 0.318796009 -0.947264016 -0.00353999995 0.286812991 -0.957975984 0.0125430003 0.386853009 -0.922025025 0.0964080021 0.490370989 -0.866146028 0.0315559991 0.318796009 -0.947264016 0.0125430003 0.386853009 -0.922025025 0.0964080021 0.490370989 -0.866146028 0.0125430003 0.386853009 -0.922025025 0.0492869988 0.521957994 -0.851526976 0.112856999 0.701743007 -0.703391016 0.146579996 0.654987991 -0.741263986 0.0964080021 0.490370989 -0.866146028 0.112856999 0.701743007 -0.703391016 0.0964080021 0.490370989 -0.866146028 0.0492869988 0.521957994 -0.851526976 0.150944993 0.85442698 -0.497146994 0.146579996 0.654987991 -0.741263986 0.112856999 0.701743007 -0.703391016 0.150944993 0.85442698 -0.497146994 0.112856999 0.701743007 -0.703391016 0.146886006 0.860468984 -0.487838 0.158115998 0.958585978 -0.236824006 0.165867999 0.954832971 -0.246406004 0.182835996 0.982909977 0.0208439995 0.158115998 0.958585978 -0.236824006 0.182835996 0.982909977 0.0208439995 0.173100993 0.983886003 -0.0444959998 -0.632649004 -0.593492985 -0.497451991 -0.354106009 -0.525407016 -0.77364397 -0.417371005 -0.655323982 -0.629504979 -0.404401004 -0.231422007 -0.884792984 -0.372051001 0.132571995 -0.918667972 -0.436232001 0.166692004 -0.884243011 -0.404401004 -0.231422007 -0.884792984 -0.436232001 0.166692004 -0.884243011 -0.433485001 -0.262214988 -0.862147987 -0.362163007 0.483626992 -0.79677701 -0.45371899 0.535264015 -0.712454975 -0.436232001 0.166692004 -0.884243011 -0.362163007 0.483626992 -0.79677701 -0.436232001 0.166692004 -0.884243011 -0.372051001 0.132571995 -0.918667972 -0.00353999995 0.286812991 -0.957975984 0.00750799989 0.157628 -0.987456977 -0.0255440008 0.124698997 -0.991851985 -0.289772987 0.742820978 -0.603473008 -0.427686006 0.686087012 -0.588487983 -0.45371899 0.535264015 -0.712454975 -0.289772987 0.742820978 -0.603473008 -0.45371899 0.535264015 -0.712454975 -0.362163007 0.483626992 -0.79677701 -0.427686006 0.686087012 -0.588487983 -0.289772987 0.742820978 -0.603473008 -0.361887991 0.769645989 -0.525955975 -0.427686006 0.686087012 -0.588487983 -0.361887991 0.769645989 -0.525955975 -0.356395006 0.774345994 -0.522813022 -0.279121995 0.843775988 -0.458388001 -0.278450996 0.844385982 -0.457625002 -0.356395006 0.774345994 -0.522813022 -0.279121995 0.843775988 -0.458388001 -0.356395006 0.774345994 -0.522813022 -0.361887991 0.769645989 -0.525955975 -0.278450996 0.844385982 -0.457625002 -0.279121995 0.843775988 -0.458388001 -0.189061999 0.904752016 -0.381633997 -0.278450996 0.844385982 -0.457625002 -0.189061999 0.904752016 -0.381633997 -0.194646999 0.902005017 -0.385295987 -0.143468007 0.934538007 -0.325571001 -0.146519005 0.938353002 -0.312997997 -0.194646999 0.902005017 -0.385295987 -0.143468007 0.934538007 -0.325571001 -0.194646999 0.902005017 -0.385295987 -0.189061999 0.904752016 -0.381633997 -0.146519005 0.938353002 -0.312997997 -0.143468007 0.934538007 -0.325571001 -0.187445 0.963683009 -0.190099999 -0.146519005 0.938353002 -0.312997997 -0.187445 0.963683009 -0.190099999 -0.195043996 0.966399014 -0.167393997 -0.404920012 -0.837427974 -0.366984993 -0.39982301 -0.885464013 -0.236701995 -0.661732972 -0.724509001 -0.192724004 -0.404920012 -0.837427974 -0.366984993 -0.661732972 -0.724509001 -0.192724004 -0.687642992 -0.658680975 -0.305368006 -0.898648024 -0.424237996 -0.111423001 -0.916104972 -0.365612 -0.164463997 -0.687642992 -0.658680975 -0.305368006 -0.898648024 -0.424237996 -0.111423001 -0.687642992 -0.658680975 -0.305368006 -0.661732972 -0.724509001 -0.192724004 -0.632649004 -0.593492985 -0.497451991 -0.417371005 -0.655323982 -0.629504979 -0.404920012 -0.837427974 -0.366984993 -0.632649004 -0.593492985 -0.497451991 -0.404920012 -0.837427974 -0.366984993 -0.687642992 -0.658680975 -0.305368006 -0.632649004 -0.593492985 -0.497451991 -0.687642992 -0.658680975 -0.305368006 -0.916104972 -0.365612 -0.164463997 -0.632649004 -0.593492985 -0.497451991 -0.916104972 -0.365612 -0.164463997 -0.927091002 -0.307900995 -0.213690996 0.357524008 0.625964999 -0.693014026 0.267495006 0.756645024 -0.596575975 -0.0599379987 0.79876101 -0.598590016 0.917446971 0.395520002 -0.0427559987 0.917721987 0.394726008 -0.0436110012 0.935635984 0.337291002 -0.103854001 -0.0599379987 0.79876101 -0.598590016 0.267495006 0.756645024 -0.596575975 0.0837429985 0.924070001 -0.372875005 -0.0599379987 0.79876101 -0.598590016 0.0837429985 0.924070001 -0.372875005 -0.289772987 0.742820978 -0.603473008 0.200336993 0.979418993 0.024549 0.200336993 0.979418993 0.024549 0.200336993 0.979418993 0.024549 -0.573656976 0.818782985 0.0226489995 -0.573656976 0.818782985 0.0226489995 -0.573656976 0.818782985 0.0226489995 0.00373200001 -0.0226629991 0.999736011 0.00373200001 -0.0226629991 0.999736011 0.00373200001 -0.0226629991 0.999736011 0.00373200001 -0.0226629991 0.999736011 0.00373200001 -0.0226629991 0.999736011 0.00373200001 -0.0226629991 0.999736011 0.002783 -0.0210890006 0.999773979 0.002783 -0.0210890006 0.999773979 0.002783 -0.0210890006 0.999773979 0.002783 -0.0210890006 0.999773979 0.002783 -0.0210890006 0.999773979 0.002783 -0.0210890006 0.999773979 0.00255399989 -0.0205719993 0.999785006 0.00255399989 -0.0205719993 0.999785006 0.00255399989 -0.0205719993 0.999785006 0.00255399989 -0.0205719993 0.999785006 0.00255399989 -0.0205719993 0.999785006 0.00255399989 -0.0205719993 0.999785006 0.00245000003 -0.0222580004 0.999749005 0.00245000003 -0.0222580004 0.999749005 0.00245000003 -0.0222580004 0.999749005 0.00245000003 -0.0222580004 0.999749005 0.00245000003 -0.0222580004 0.999749005 0.00245000003 -0.0222580004 0.999749005 0.00283599994 -0.0211169999 0.999773026 0.00283599994 -0.0211169999 0.999773026 0.00283599994 -0.0211169999 0.999773026 0.00283599994 -0.0211169999 0.999773026 0.00283599994 -0.0211169999 0.999773026 0.00283599994 -0.0211169999 0.999773026 0.00281600002 -0.0214070007 0.999767005 0.00281600002 -0.0214070007 0.999767005 0.00281600002 -0.0214070007 0.999767005 0.00281600002 -0.0214070007 0.999767005 0.00281600002 -0.0214070007 0.999767005 0.00281600002 -0.0214070007 0.999767005 -0.417371005 -0.655323982 -0.629504979 -0.354106009 -0.525407016 -0.77364397 -0.433485001 -0.262214988 -0.862147987 -0.433485001 -0.262214988 -0.862147987 -0.354106009 -0.525407016 -0.77364397 -0.404401004 -0.231422007 -0.884792984 0.165867999 0.954832971 -0.246406004 0.158115998 0.958585978 -0.236824006 0.150944993 0.85442698 -0.497146994 0.165867999 0.954832971 -0.246406004 0.150944993 0.85442698 -0.497146994 0.146886006 0.860468984 -0.487838 -0.195043996 0.966399014 -0.167393997 -0.187445 0.963683009 -0.190099999 -0.229498997 0.973052025 0.0218819994 -0.195043996 0.966399014 -0.167393997 -0.229498997 0.973052025 0.0218819994 -0.229498997 0.973052025 0.0218819994 -0.0402229987 -0.998932004 -0.0216070004 -0.00714100013 -0.999724984 -0.0217289999 -0.00714100013 -0.999724984 -0.0217289999 -0.0402229987 -0.998932004 -0.0216070004 -0.00714100013 -0.999724984 -0.0217289999 -0.0402229987 -0.998932004 -0.0216070004 -0.688681006 -0.724906027 -0.0136719998 -0.388927996 -0.921048999 -0.0188599993 -0.388927996 -0.921048999 -0.0188599993 -0.688681006 -0.724906027 -0.0136719998 -0.388927996 -0.921048999 -0.0188599993 -0.688528001 -0.725058973 -0.0136719998 -0.899837971 -0.436140001 -0.0067449999 -0.688681006 -0.724906027 -0.0136719998 -0.688528001 -0.725058973 -0.0136719998 -0.899837971 -0.436140001 -0.0067449999 -0.688528001 -0.725058973 -0.0136719998 -0.899837971 -0.436140001 -0.0067449999 -0.00308199995 0.0216990001 -0.999755979 -0.00308199995 0.0216990001 -0.999755979 -0.00308199995 0.0216990001 -0.999755979 -0.908994019 -0.415693015 -0.0296640005 -0.906400025 -0.419782013 -0.0468459986 -0.907010019 -0.418866992 -0.0428790003 -0.909542978 -0.414747 -0.0256970003 -0.908994019 -0.415693015 -0.0296640005 -0.907010019 -0.418866992 -0.0428790003 0.908443987 0.416821986 -0.0301520005 0.908810973 0.415784001 -0.034088999 0.907193005 0.420331001 -0.0169380009 0.908443987 0.416821986 -0.0301520005 0.907193005 0.420331001 -0.0169380009 0.906765997 0.421368986 -0.0130009996 0.00308199995 -0.0216990001 0.999755979 0.00308199995 -0.0216990001 0.999755979 0.00308199995 -0.0216990001 0.999755979 </float_array>
          <technique_common>
            <accessor count="975" offset="0" source="#milky_white-normals-array" stride="3">
              <param name="X" type="float" />
              <param name="Y" type="float" />
              <param name="Z" type="float" />
            </accessor>
          </technique_common>
        </source>
        <source id="milky_white-tex0" name="milky_white-tex0">
          <float_array id="milky_white-tex0-array" count="1950"> 0.349424005 0.549326003 0.316617012 0.548258007 0.311922014 0.528762996 0.349424005 0.549326003 0.311922014 0.528762996 0.344906986 0.520573974 0.316617012 0.548258007 0.349424005 0.549326003 0.346937001 0.585135996 0.316617012 0.548258007 0.346937001 0.585135996 0.31833899 0.578408003 0.33702901 0.614284039 0.31013301 0.604421973 0.31833899 0.578408003 0.33702901 0.614284039 0.31833899 0.578408003 0.346937001 0.585135996 0.31013301 0.604421973 0.271872014 0.589756012 0.276416004 0.57269299 0.31013301 0.604421973 0.276416004 0.57269299 0.31833899 0.578408003 0.316617012 0.548258007 0.31833899 0.578408003 0.276416004 0.57269299 0.316617012 0.548258007 0.276416004 0.57269299 0.277938008 0.548372984 0.262861997 0.615350008 0.253113002 0.635089993 0.218704998 0.626825988 0.262861997 0.615350008 0.218704998 0.626825988 0.224602997 0.606436014 0.281996012 0.665589988 0.270020008 0.653249979 0.303059995 0.626314998 0.281996012 0.665589988 0.303059995 0.626314998 0.321837991 0.637138963 0.243112996 0.654672027 0.253113002 0.635089993 0.270020008 0.653249979 0.211951002 0.65159899 0.243112996 0.654672027 0.238839 0.67404902 0.211951002 0.65159899 0.238839 0.67404902 0.207361996 0.67109704 0.238839 0.67404902 0.243112996 0.654672027 0.270020008 0.653249979 0.238839 0.67404902 0.270020008 0.653249979 0.281996012 0.665589988 0.321837991 0.637138963 0.303059995 0.626314998 0.31013301 0.604421973 0.321837991 0.637138963 0.31013301 0.604421973 0.33702901 0.614284039 0.31013301 0.604421973 0.303059995 0.626314998 0.262861997 0.615350008 0.31013301 0.604421973 0.262861997 0.615350008 0.271872014 0.589756012 0.243714005 0.540515006 0.277700007 0.53649801 0.277938008 0.548372984 0.243714005 0.540515006 0.277938008 0.548372984 0.241366997 0.546882987 0.271872014 0.589756012 0.232115 0.578840971 0.237351 0.560900986 0.271872014 0.589756012 0.237351 0.560900986 0.276416004 0.57269299 0.276416004 0.57269299 0.237351 0.560900986 0.241366997 0.546882987 0.276416004 0.57269299 0.241366997 0.546882987 0.277938008 0.548372984 0.262861997 0.615350008 0.303059995 0.626314998 0.270020008 0.653249979 0.262861997 0.615350008 0.270020008 0.653249979 0.253113002 0.635089993 0.224602997 0.606436014 0.232115 0.578840971 0.271872014 0.589756012 0.224602997 0.606436014 0.271872014 0.589756012 0.262861997 0.615350008 0.311922014 0.528762996 0.316617012 0.548258007 0.277938008 0.548372984 0.311922014 0.528762996 0.277938008 0.548372984 0.277700007 0.53649801 0.243112996 0.654672027 0.211951002 0.65159899 0.218704998 0.626825988 0.243112996 0.654672027 0.218704998 0.626825988 0.253113002 0.635089993 0.211951002 0.65159899 0.207361996 0.67109704 0.171180993 0.652727008 0.211951002 0.65159899 0.171180993 0.652727008 0.177581996 0.636168003 0.211951002 0.65159899 0.177581996 0.636168003 0.180466995 0.617383003 0.211951002 0.65159899 0.180466995 0.617383003 0.218704998 0.626825988 0.180944994 0.59967196 0.224602997 0.606436014 0.218704998 0.626825988 0.180944994 0.59967196 0.218704998 0.626825988 0.180466995 0.617383003 0.184901997 0.569543958 0.232115 0.578840971 0.224602997 0.606436014 0.184901997 0.569543958 0.224602997 0.606436014 0.180944994 0.59967196 0.232115 0.578840971 0.184901997 0.569543958 0.188708007 0.553521991 0.232115 0.578840971 0.188708007 0.553521991 0.237351 0.560900986 0.237351 0.560900986 0.188708007 0.553521991 0.191827998 0.540886045 0.237351 0.560900986 0.191827998 0.540886045 0.241366997 0.546882987 0.243714005 0.540515006 0.241366997 0.546882987 0.191827998 0.540886045 0.150373995 0.635221004 0.163917005 0.626142025 0.177581996 0.636168003 0.150373995 0.635221004 0.177581996 0.636168003 0.171180993 0.652727008 0.163917005 0.626142025 0.150373995 0.635221004 0.131353006 0.605668008 0.163917005 0.626142025 0.131353006 0.605668008 0.149985 0.604029 0.122391999 0.565752029 0.148374006 0.568028986 0.149985 0.604029 0.122391999 0.565752029 0.149985 0.604029 0.131353006 0.605668008 0.124655001 0.534658015 0.149357006 0.537214994 0.146874994 0.546200991 0.124655001 0.534658015 0.146874994 0.546200991 0.123264998 0.543727994 0.146874994 0.546200991 0.148374006 0.568028986 0.122391999 0.565752029 0.146874994 0.546200991 0.122391999 0.565752029 0.123264998 0.543727994 0.177581996 0.636168003 0.163917005 0.626142025 0.180466995 0.617383003 0.149985 0.604029 0.180944994 0.59967196 0.180466995 0.617383003 0.149985 0.604029 0.180466995 0.617383003 0.163917005 0.626142025 0.149985 0.604029 0.148374006 0.568028986 0.184901997 0.569543958 0.149985 0.604029 0.184901997 0.569543958 0.180944994 0.59967196 0.148374006 0.568028986 0.146874994 0.546200991 0.188708007 0.553521991 0.148374006 0.568028986 0.188708007 0.553521991 0.184901997 0.569543958 0.146874994 0.546200991 0.149357006 0.537214994 0.191827998 0.540886045 0.146874994 0.546200991 0.191827998 0.540886045 0.188708007 0.553521991 0.124655001 0.534658015 0.118251003 0.517901003 0.151583999 0.521005034 0.124655001 0.534658015 0.151583999 0.521005034 0.149357006 0.537214994 0.191827998 0.540886045 0.149357006 0.537214994 0.151583999 0.521005034 0.191827998 0.540886045 0.151583999 0.521005034 0.190121993 0.525918961 0.243714005 0.540515006 0.191827998 0.540886045 0.190121993 0.525918961 0.243714005 0.540515006 0.190121993 0.525918961 0.243687004 0.524389982 0.243687004 0.524389982 0.277521998 0.517812014 0.277700007 0.53649801 0.243687004 0.524389982 0.277700007 0.53649801 0.243714005 0.540515006 0.277521998 0.517812014 0.306731999 0.506788015 0.311922014 0.528762996 0.277521998 0.517812014 0.311922014 0.528762996 0.277700007 0.53649801 0.203033999 0.809615016 0.200399995 0.819981992 0.193239003 0.82021898 0.0753500015 0.488972008 0.0248649996 0.477895021 0.0312319994 0.440430999 0.0753500015 0.488972008 0.0312319994 0.440430999 0.0823040009 0.450532973 0.132818997 0.461373985 0.127223 0.502965987 0.0753500015 0.488972008 0.132818997 0.461373985 0.0753500015 0.488972008 0.0823040009 0.450532973 0.132818997 0.461373985 0.193499997 0.465040982 0.187408 0.510532022 0.132818997 0.461373985 0.187408 0.510532022 0.127223 0.502965987 0.193499997 0.465040982 0.242495 0.465040028 0.244102001 0.506087005 0.193499997 0.465040982 0.244102001 0.506087005 0.187408 0.510532022 0.242495 0.465040028 0.28144899 0.449391007 0.281967014 0.490678012 0.242495 0.465040028 0.281967014 0.490678012 0.244102001 0.506087005 0.305563986 0.417457998 0.325217992 0.461422026 0.29954201 0.481827974 0.305563986 0.417457998 0.29954201 0.481827974 0.28144899 0.449391007 0.343596011 0.365700006 0.363133013 0.422095001 0.325217992 0.461422026 0.343596011 0.365700006 0.325217992 0.461422026 0.305563986 0.417457998 0.395134985 0.390944004 0.363133013 0.422095001 0.343596011 0.365700006 0.395134985 0.390944004 0.343596011 0.365700006 0.377297997 0.325869024 0.434141994 0.282198012 0.442490995 0.359323978 0.395134985 0.390944004 0.434141994 0.282198012 0.395134985 0.390944004 0.377297997 0.325869024 0.498869985 0.351544976 0.479921997 0.353794992 0.475118011 0.263628006 0.498869985 0.351544976 0.475118011 0.263628006 0.496684015 0.259159029 0.118251003 0.517901003 0.127223 0.502965987 0.151583999 0.521005034 0.190121993 0.525918961 0.187408 0.510532022 0.244102001 0.506087005 0.190121993 0.525918961 0.244102001 0.506087005 0.243687004 0.524389982 0.277521998 0.517812014 0.243687004 0.524389982 0.244102001 0.506087005 0.277521998 0.517812014 0.244102001 0.506087005 0.281967014 0.490678012 0.29954201 0.481827974 0.281967014 0.490678012 0.28144899 0.449391007 0.306731999 0.506788015 0.277521998 0.517812014 0.281967014 0.490678012 0.306731999 0.506788015 0.281967014 0.490678012 0.29954201 0.481827974 0.29954201 0.481827974 0.325217992 0.461422026 0.338281989 0.478827 0.29954201 0.481827974 0.338281989 0.478827 0.306731999 0.506788015 0.376821011 0.436241984 0.338281989 0.478827 0.325217992 0.461422026 0.376821011 0.436241984 0.325217992 0.461422026 0.363133013 0.422095001 0.363133013 0.422095001 0.395134985 0.390944004 0.40772599 0.40417397 0.363133013 0.422095001 0.40772599 0.40417397 0.376821011 0.436241984 0.443109006 0.378332973 0.40772599 0.40417397 0.395134985 0.390944004 0.443109006 0.378332973 0.395134985 0.390944004 0.442490995 0.359323978 0.442490995 0.359323978 0.479921997 0.353794992 0.480042994 0.371506989 0.442490995 0.359323978 0.480042994 0.371506989 0.443109006 0.378332973 0.0753500015 0.488972008 0.0747260004 0.504269958 0.0249090008 0.492717028 0.0753500015 0.488972008 0.0249090008 0.492717028 0.0248649996 0.477895021 0.0249700006 0.508177996 0.0249090008 0.492717028 0.0747260004 0.504269958 0.0249700006 0.508177996 0.0747260004 0.504269958 0.0719159991 0.518925011 0.118251003 0.517901003 0.0747260004 0.504269958 0.0753500015 0.488972008 0.118251003 0.517901003 0.0753500015 0.488972008 0.127223 0.502965987 0.118251003 0.517901003 0.120572001 0.533509016 0.0719159991 0.518925011 0.118251003 0.517901003 0.0719159991 0.518925011 0.0747260004 0.504269958 0.344906986 0.520573974 0.311922014 0.528762996 0.338420004 0.51354003 0.200399995 0.819981992 0.203760996 0.830721021 0.193239003 0.82021898 0.311922014 0.528762996 0.306731999 0.506788015 0.328821003 0.508764982 0.311922014 0.528762996 0.328821003 0.508764982 0.338420004 0.51354003 0.496684015 0.259159029 0.499359012 0.259863019 0.498869985 0.351544976 0.0312319994 0.440430999 0.0248649996 0.477895021 0.0221580006 0.474331975 0.0312319994 0.440430999 0.0221580006 0.474331975 0.0294579994 0.437443972 0.0248649996 0.477895021 0.0249090008 0.492717028 0.0209689997 0.490364015 0.0248649996 0.477895021 0.0209689997 0.490364015 0.0221580006 0.474331975 0.0249090008 0.492717028 0.0249700006 0.508177996 0.0196429994 0.506286979 0.0249090008 0.492717028 0.0196429994 0.506286979 0.0209689997 0.490364015 0.201345995 0.945927024 0.238029003 0.946346998 0.235413998 0.95192498 0.201345995 0.945927024 0.235413998 0.95192498 0.199763 0.951205015 0.165026993 0.945879996 0.201345995 0.945927024 0.199763 0.951205015 0.165026993 0.945879996 0.199763 0.951205015 0.163848996 0.950914979 0.124342002 0.946208 0.165026993 0.945879996 0.163848996 0.950914979 0.124342002 0.946208 0.163848996 0.950914979 0.1237 0.951012969 0.0845030025 0.946843028 0.124342002 0.946208 0.1237 0.951012969 0.0845030025 0.946843028 0.1237 0.951012969 0.0846929997 0.951560974 0.0352640003 0.947745025 0.0845030025 0.946843028 0.0846929997 0.951560974 0.0352640003 0.947745025 0.0846929997 0.951560974 0.0371050015 0.952453971 0.127223 0.502965987 0.187408 0.510532022 0.151583999 0.521005034 0.187408 0.510532022 0.190121993 0.525918961 0.151583999 0.521005034 0.479921997 0.353794992 0.442490995 0.359323978 0.434141994 0.282198012 0.479921997 0.353794992 0.434141994 0.282198012 0.475118011 0.263628006 0.479921997 0.353794992 0.498869985 0.351544976 0.498730004 0.368348002 0.479921997 0.353794992 0.498730004 0.368348002 0.480042994 0.371506989 0.0221580006 0.474331975 0.0204440001 0.474125981 0.0276730005 0.437116027 0.0221580006 0.474331975 0.0276730005 0.437116027 0.0294579994 0.437443972 0.0209689997 0.490364015 0.0192019995 0.489982009 0.0204440001 0.474125981 0.0209689997 0.490364015 0.0204440001 0.474125981 0.0221580006 0.474331975 0.0196429994 0.506286979 0.0178309996 0.505666018 0.0192019995 0.489982009 0.0196429994 0.506286979 0.0192019995 0.489982009 0.0209689997 0.490364015 0.235413998 0.95192498 0.235253006 0.953701019 0.199632004 0.952984989 0.235413998 0.95192498 0.199632004 0.952984989 0.199763 0.951205015 0.199763 0.951205015 0.199632004 0.952984989 0.163830996 0.952748001 0.199763 0.951205015 0.163830996 0.952748001 0.163848996 0.950914979 0.646924973 0.551113009 0.651746988 0.522401989 0.684642971 0.530941963 0.646924973 0.551113009 0.684642971 0.530941963 0.679741979 0.550387025 0.679741979 0.550387025 0.677709997 0.580518961 0.649043024 0.586955011 0.679741979 0.550387025 0.649043024 0.586955011 0.646924973 0.551113009 0.658661008 0.616207004 0.649043024 0.586955011 0.677709997 0.580518961 0.658661008 0.616207004 0.677709997 0.580518961 0.685654998 0.60661602 0.685654998 0.60661602 0.677709997 0.580518961 0.719690979 0.575232029 0.685654998 0.60661602 0.719690979 0.575232029 0.724063993 0.592341006 0.679741979 0.550387025 0.718416989 0.550899029 0.719690979 0.575232029 0.679741979 0.550387025 0.719690979 0.575232029 0.677709997 0.580518961 0.732823014 0.618021965 0.771175981 0.60948801 0.776876986 0.629927039 0.732823014 0.618021965 0.776876986 0.629927039 0.74237901 0.63785696 0.713186979 0.668074012 0.673627973 0.639212012 0.692515016 0.628580987 0.713186979 0.668074012 0.692515016 0.628580987 0.72528702 0.65585196 0.752188981 0.65753299 0.72528702 0.65585196 0.74237901 0.63785696 0.783396006 0.654757023 0.787801981 0.674293995 0.756277025 0.676949978 0.783396006 0.654757023 0.756277025 0.676949978 0.752188981 0.65753299 0.756277025 0.676949978 0.713186979 0.668074012 0.72528702 0.65585196 0.756277025 0.676949978 0.72528702 0.65585196 0.752188981 0.65753299 0.673627973 0.639212012 0.658661008 0.616207004 0.685654998 0.60661602 0.673627973 0.639212012 0.685654998 0.60661602 0.692515016 0.628580987 0.685654998 0.60661602 0.724063993 0.592341006 0.732823014 0.618021965 0.685654998 0.60661602 0.732823014 0.618021965 0.692515016 0.628580987 0.752723992 0.543318033 0.754993975 0.549742997 0.718416989 0.550899029 0.752723992 0.543318033 0.718416989 0.550899029 0.718783975 0.539031029 0.724063993 0.592341006 0.719690979 0.575232029 0.758867979 0.563825011 0.724063993 0.592341006 0.758867979 0.563825011 0.763930023 0.581825018 0.719690979 0.575232029 0.718416989 0.550899029 0.754993975 0.549742997 0.719690979 0.575232029 0.754993975 0.549742997 0.758867979 0.563825011 0.732823014 0.618021965 0.74237901 0.63785696 0.72528702 0.65585196 0.732823014 0.618021965 0.72528702 0.65585196 0.692515016 0.628580987 0.771175981 0.60948801 0.732823014 0.618021965 0.724063993 0.592341006 0.771175981 0.60948801 0.724063993 0.592341006 0.763930023 0.581825018 0.684642971 0.530941963 0.718783975 0.539031029 0.718416989 0.550899029 0.684642971 0.530941963 0.718416989 0.550899029 0.679741979 0.550387025 0.752188981 0.65753299 0.74237901 0.63785696 0.776876986 0.629927039 0.752188981 0.65753299 0.776876986 0.629927039 0.783396006 0.654757023 0.783396006 0.654757023 0.817924023 0.639634013 0.824173987 0.656246006 0.783396006 0.654757023 0.824173987 0.656246006 0.787801981 0.674293995 0.783396006 0.654757023 0.776876986 0.629927039 0.815216005 0.620829999 0.783396006 0.654757023 0.815216005 0.620829999 0.817924023 0.639634013 0.814917982 0.603136003 0.815216005 0.620829999 0.776876986 0.629927039 0.814917982 0.603136003 0.776876986 0.629927039 0.771175981 0.60948801 0.811264992 0.573053956 0.814917982 0.603136003 0.771175981 0.60948801 0.811264992 0.573053956 0.771175981 0.60948801 0.763930023 0.581825018 0.763930023 0.581825018 0.758867979 0.563825011 0.807555974 0.557013035 0.763930023 0.581825018 0.807555974 0.557013035 0.811264992 0.573053956 0.758867979 0.563825011 0.754993975 0.549742997 0.804572999 0.544245958 0.758867979 0.563825011 0.804572999 0.544245958 0.807555974 0.557013035 0.752723992 0.543318033 0.804572999 0.544245958 0.754993975 0.549742997 0.845157027 0.638900995 0.824173987 0.656246006 0.817924023 0.639634013 0.845157027 0.638900995 0.817924023 0.639634013 0.831696987 0.629711032 0.831696987 0.629711032 0.845845997 0.607686996 0.864450991 0.609475017 0.831696987 0.629711032 0.864450991 0.609475017 0.845157027 0.638900995 0.873758972 0.569588006 0.864450991 0.609475017 0.845845997 0.607686996 0.873758972 0.569588006 0.845845997 0.607686996 0.847786009 0.57160902 0.871760011 0.538493991 0.873058021 0.547549009 0.849391997 0.549751043 0.871760011 0.538493991 0.849391997 0.549751043 0.847037971 0.540805995 0.849391997 0.549751043 0.873058021 0.547549009 0.873758972 0.569588006 0.849391997 0.549751043 0.873758972 0.569588006 0.847786009 0.57160902 0.817924023 0.639634013 0.815216005 0.620829999 0.831696987 0.629711032 0.845845997 0.607686996 0.831696987 0.629711032 0.815216005 0.620829999 0.845845997 0.607686996 0.815216005 0.620829999 0.814917982 0.603136003 0.845845997 0.607686996 0.814917982 0.603136003 0.811264992 0.573053956 0.845845997 0.607686996 0.811264992 0.573053956 0.847786009 0.57160902 0.847786009 0.57160902 0.811264992 0.573053956 0.807555974 0.557013035 0.847786009 0.57160902 0.807555974 0.557013035 0.849391997 0.549751043 0.849391997 0.549751043 0.807555974 0.557013035 0.804572999 0.544245958 0.849391997 0.549751043 0.804572999 0.544245958 0.847037971 0.540805995 0.871760011 0.538493991 0.847037971 0.540805995 0.844982982 0.524603963 0.871760011 0.538493991 0.844982982 0.524603963 0.878320992 0.521820009 0.804572999 0.544245958 0.806430995 0.529222965 0.844982982 0.524603963 0.804572999 0.544245958 0.844982982 0.524603963 0.847037971 0.540805995 0.752723992 0.543318033 0.752934992 0.527135968 0.806430995 0.529222965 0.752723992 0.543318033 0.806430995 0.529222965 0.804572999 0.544245958 0.752934992 0.527135968 0.752723992 0.543318033 0.718783975 0.539031029 0.752934992 0.527135968 0.718783975 0.539031029 0.719165981 0.520357013 0.719165981 0.520357013 0.718783975 0.539031029 0.684642971 0.530941963 0.719165981 0.520357013 0.684642971 0.530941963 0.690079987 0.509037018 0.795551002 0.809198976 0.805055976 0.819992006 0.797939003 0.819566965 0.921486974 0.493295014 0.914969027 0.454770029 0.966229022 0.445150971 0.921486974 0.493295014 0.966229022 0.445150971 0.971978009 0.482757986 0.864364028 0.465134025 0.914969027 0.454770029 0.921486974 0.493295014 0.864364028 0.465134025 0.921486974 0.493295014 0.869521976 0.506798029 0.864364028 0.465134025 0.869521976 0.506798029 0.809297979 0.513806999 0.864364028 0.465134025 0.809297979 0.513806999 0.80369103 0.468230009 0.80369103 0.468230009 0.809297979 0.513806999 0.752680004 0.508798957 0.80369103 0.468230009 0.752680004 0.508798957 0.754698992 0.467764974 0.754698992 0.467764974 0.752680004 0.508798957 0.714937985 0.493170023 0.754698992 0.467764974 0.714937985 0.493170023 0.715834975 0.451847017 0.691941977 0.419667006 0.715834975 0.451847017 0.69749999 0.484143972 0.691941977 0.419667006 0.69749999 0.484143972 0.672087014 0.46349901 0.653913021 0.367861986 0.691941977 0.419667006 0.672087014 0.46349901 0.653913021 0.367861986 0.672087014 0.46349901 0.634103 0.424124002 0.602212012 0.392579973 0.620662987 0.327645004 0.653913021 0.367861986 0.602212012 0.392579973 0.653913021 0.367861986 0.634103 0.424124002 0.564339995 0.283222973 0.620662987 0.327645004 0.602212012 0.392579973 0.564339995 0.283222973 0.602212012 0.392579973 0.555159986 0.360297978 0.523584008 0.264047027 0.517785013 0.354155004 0.498869985 0.351544976 0.523584008 0.264047027 0.498869985 0.351544976 0.502050996 0.259238005 0.878320992 0.521820009 0.844982982 0.524603963 0.869521976 0.506798029 0.806430995 0.529222965 0.752934992 0.527135968 0.752680004 0.508798957 0.806430995 0.529222965 0.752680004 0.508798957 0.809297979 0.513806999 0.719165981 0.520357013 0.714937985 0.493170023 0.752680004 0.508798957 0.719165981 0.520357013 0.752680004 0.508798957 0.752934992 0.527135968 0.69749999 0.484143972 0.715834975 0.451847017 0.714937985 0.493170023 0.690079987 0.509037018 0.69749999 0.484143972 0.714937985 0.493170023 0.690079987 0.509037018 0.714937985 0.493170023 0.719165981 0.520357013 0.69749999 0.484143972 0.690079987 0.509037018 0.658847988 0.48082 0.69749999 0.484143972 0.658847988 0.48082 0.672087014 0.46349901 0.620325983 0.438140988 0.634103 0.424124002 0.672087014 0.46349901 0.620325983 0.438140988 0.672087014 0.46349901 0.658847988 0.48082 0.634103 0.424124002 0.620325983 0.438140988 0.58950597 0.405704975 0.634103 0.424124002 0.58950597 0.405704975 0.602212012 0.392579973 0.554297984 0.379328012 0.555159986 0.360297978 0.602212012 0.392579973 0.554297984 0.379328012 0.602212012 0.392579973 0.58950597 0.405704975 0.555159986 0.360297978 0.554297984 0.379328012 0.517386973 0.371863008 0.555159986 0.360297978 0.517386973 0.371863008 0.517785013 0.354155004 0.921486974 0.493295014 0.971978009 0.482757986 0.971853018 0.497582018 0.921486974 0.493295014 0.971853018 0.497582018 0.921947002 0.508620024 0.971647024 0.513042986 0.924610019 0.523308039 0.921947002 0.508620024 0.971647024 0.513042986 0.921947002 0.508620024 0.971853018 0.497582018 0.878320992 0.521820009 0.869521976 0.506798029 0.921486974 0.493295014 0.878320992 0.521820009 0.921486974 0.493295014 0.921947002 0.508620024 0.878320992 0.521820009 0.921947002 0.508620024 0.924610019 0.523308039 0.878320992 0.521820009 0.924610019 0.523308039 0.875823975 0.537407041 0.651746988 0.522401989 0.658312023 0.515433013 0.684642971 0.530941963 0.797939003 0.819566965 0.805055976 0.819992006 0.794348001 0.830138981 0.684642971 0.530941963 0.658312023 0.515433013 0.667966008 0.510764003 0.684642971 0.530941963 0.667966008 0.510764003 0.690079987 0.509037018 0.502050996 0.259238005 0.498869985 0.351544976 0.499359012 0.259863019 0.76008302 0.958697975 0.759405971 0.95985502 0.737897992 0.960646987 0.966229022 0.445150971 0.968122005 0.442179978 0.974664986 0.47922498 0.966229022 0.445150971 0.974664986 0.47922498 0.971978009 0.482757986 0.971978009 0.482757986 0.974664986 0.47922498 0.975796998 0.495265007 0.971978009 0.482757986 0.975796998 0.495265007 0.971853018 0.497582018 0.971853018 0.497582018 0.975796998 0.495265007 0.976987004 0.511201024 0.971853018 0.497582018 0.976987004 0.511201024 0.971647024 0.513042986 0.873740971 0.95758301 0.874423981 0.962381005 0.834284008 0.962628007 0.873740971 0.95758301 0.834284008 0.962628007 0.833063006 0.957603991 0.913576007 0.957875013 0.913425982 0.962593973 0.874423981 0.962381005 0.913576007 0.957875013 0.874423981 0.962381005 0.873740971 0.95758301 0.96280998 0.958353996 0.961009979 0.963078022 0.913425982 0.962593973 0.96280998 0.958353996 0.913425982 0.962593973 0.913576007 0.957875013 0.869521976 0.506798029 0.844982982 0.524603963 0.809297979 0.513806999 0.809297979 0.513806999 0.844982982 0.524603963 0.806430995 0.529222965 0.517785013 0.354155004 0.523584008 0.264047027 0.564339995 0.283222973 0.517785013 0.354155004 0.564339995 0.283222973 0.555159986 0.360297978 0.517785013 0.354155004 0.517386973 0.371863008 0.498730004 0.368348002 0.517785013 0.354155004 0.498730004 0.368348002 0.498869985 0.351544976 0.974664986 0.47922498 0.968122005 0.442179978 0.969901979 0.441875994 0.974664986 0.47922498 0.969901979 0.441875994 0.976387978 0.479035974 0.975796998 0.495265007 0.974664986 0.47922498 0.976387978 0.479035974 0.975796998 0.495265007 0.976387978 0.479035974 0.977563977 0.494898021 0.976987004 0.511201024 0.975796998 0.495265007 0.977563977 0.494898021 0.976987004 0.511201024 0.977563977 0.494898021 0.978802979 0.510596037 0.761222005 0.96499902 0.759405971 0.95985502 0.761228025 0.965016007 0.761228025 0.965016007 0.759405971 0.95985502 0.76008302 0.958697975 0.762745023 0.964251995 0.761228025 0.965016007 0.76008302 0.958697975 0.238716006 0.947498977 0.238029003 0.946346998 0.235413998 0.95192498 0.238716006 0.947498977 0.235413998 0.95192498 0.236938 0.952675998 0.236938 0.952675998 0.238716006 0.947498977 0.236945003 0.952659011 </float_array>
          <technique_common>
            <accessor count="975" offset="0" source="#milky_white-tex0-array" stride="2">
              <param name="S" type="float" />
              <param name="T" type="float" />
            </accessor>
          </technique_common>
        </source>
        <vertices id="milky_white-vertices">
          <input semantic="POSITION" source="#milky_white-positions" />
        </vertices>
        <polylist count="325" material="defaultMaterial">
          <input offset="0" semantic="VERTEX" source="#milky_white-vertices" />
          <input offset="0" semantic="NORMAL" source="#milky_white-normals" />
          <input offset="0" semantic="TEXCOORD" source="#milky_white-tex0" set="0" />
          <vcount>3 3 3 3 3 3 3 3 3 3 3 3 3 3 3 3 3 3 3 3 3 3 3 3 3 3 3 3 3 3 3 3 3 3 3 3 3 3 3 3 3 3 3 3 3 3 3 3 3 3 3 3 3 3 3 3 3 3 3 3 3 3 3 3 3 3 3 3 3 3 3 3 3 3 3 3 3 3 3 3 3 3 3 3 3 3 3 3 3 3 3 3 3 3 3 3 3 3 3 3 3 3 3 3 3 3 3 3 3 3 3 3 3 3 3 3 3 3 3 3 3 3 3 3 3 3 3 3 3 3 3 3 3 3 3 3 3 3 3 3 3 3 3 3 3 3 3 3 3 3 3 3 3 3 3 3 3 3 3 3 3 3 3 3 3 3 3 3 3 3 3 3 3 3 3 3 3 3 3 3 3 3 3 3 3 3 3 3 3 3 3 3 3 3 3 3 3 3 3 3 3 3 3 3 3 3 3 3 3 3 3 3 3 3 3 3 3 3 3 3 3 3 3 3 3 3 3 3 3 3 3 3 3 3 3 3 3 3 3 3 3 3 3 3 3 3 3 3 3 3 3 3 3 3 3 3 3 3 3 3 3 3 3 3 3 3 3 3 3 3 3 3 3 3 3 3 3 3 3 3 3 3 3 3 3 3 3 3 3 3 3 3 3 3 3 3 3 3 3 3 3 3 3 3 3 3 3 3 3 3 3 3 3 3 3 3 3 3 3 3 3 3 3 3 3 </vcount>
          <p>0 1 2 3 4 5 6 7 8 9 10 11 12 13 14 15 16 17 18 19 20 21 22 23 24 25 26 27 28 29 30 31 32 33 34 35 36 37 38 39 40 41 42 43 44 45 46 47 48 49 50 51 52 53 54 55 56 57 58 59 60 61 62 63 64 65 66 67 68 69 70 71 72 73 74 75 76 77 78 79 80 81 82 83 84 85 86 87 88 89 90 91 92 93 94 95 96 97 98 99 100 101 102 103 104 105 106 107 108 109 110 111 112 113 114 115 116 117 118 119 120 121 122 123 124 125 126 127 128 129 130 131 132 133 134 135 136 137 138 139 140 141 142 143 144 145 146 147 148 149 150 151 152 153 154 155 156 157 158 159 160 161 162 163 164 165 166 167 168 169 170 171 172 173 174 175 176 177 178 179 180 181 182 183 184 185 186 187 188 189 190 191 192 193 194 195 196 197 198 199 200 201 202 203 204 205 206 207 208 209 210 211 212 213 214 215 216 217 218 219 220 221 222 223 224 225 226 227 228 229 230 231 232 233 234 235 236 237 238 239 240 241 242 243 244 245 246 247 248 249 250 251 252 253 254 255 256 257 258 259 260 261 262 263 264 265 266 267 268 269 270 271 272 273 274 275 276 277 278 279 280 281 282 283 284 285 286 287 288 289 290 291 292 293 294 295 296 297 298 299 300 301 302 303 304 305 306 307 308 309 310 311 312 313 314 315 316 317 318 319 320 321 322 323 324 325 326 327 328 329 330 331 332 333 334 335 336 337 338 339 340 341 342 343 344 345 346 347 348 349 350 351 352 353 354 355 356 357 358 359 360 361 362 363 364 365 366 367 368 369 370 371 372 373 374 375 376 377 378 379 380 381 382 383 384 385 386 387 388 389 390 391 392 393 394 395 396 397 398 399 400 401 402 403 404 405 406 407 408 409 410 411 412 413 414 415 416 417 418 419 420 421 422 423 424 425 426 427 428 429 430 431 432 433 434 435 436 437 438 439 440 441 442 443 444 445 446 447 448 449 450 451 452 453 454 455 456 457 458 459 460 461 462 463 464 465 466 467 468 469 470 471 472 473 474 475 476 477 478 479 480 481 482 483 484 485 486 487 488 489 490 491 492 493 494 495 496 497 498 499 500 501 502 503 504 505 506 507 508 509 510 511 512 513 514 515 516 517 518 519 520 521 522 523 524 525 526 527 528 529 530 531 532 533 534 535 536 537 538 539 540 541 542 543 544 545 546 547 548 549 550 551 552 553 554 555 556 557 558 559 560 561 562 563 564 565 566 567 568 569 570 571 572 573 574 575 576 577 578 579 580 581 582 583 584 585 586 587 588 589 590 591 592 593 594 595 596 597 598 599 600 601 602 603 604 605 606 607 608 609 610 611 612 613 614 615 616 617 618 619 620 621 622 623 624 625 626 627 628 629 630 631 632 633 634 635 636 637 638 639 640 641 642 643 644 645 646 647 648 649 650 651 652 653 654 655 656 657 658 659 660 661 662 663 664 665 666 667 668 669 670 671 672 673 674 675 676 677 678 679 680 681 682 683 684 685 686 687 688 689 690 691 692 693 694 695 696 697 698 699 700 701 702 703 704 705 706 707 708 709 710 711 712 713 714 715 716 717 718 719 720 721 722 723 724 725 726 727 728 729 730 731 732 733 734 735 736 737 738 739 740 741 742 743 744 745 746 747 748 749 750 751 752 753 754 755 756 757 758 759 760 761 762 763 764 765 766 767 768 769 770 771 772 773 774 775 776 777 778 779 780 781 782 783 784 785 786 787 788 789 790 791 792 793 794 795 796 797 798 799 800 801 802 803 804 805 806 807 808 809 810 811 812 813 814 815 816 817 818 819 820 821 822 823 824 825 826 827 828 829 830 831 832 833 834 835 836 837 838 839 840 841 842 843 844 845 846 847 848 849 850 851 852 853 854 855 856 857 858 859 860 861 862 863 864 865 866 867 868 869 870 871 872 873 874 875 876 877 878 879 880 881 882 883 884 885 886 887 888 889 890 891 892 893 894 895 896 897 898 899 900 901 902 903 904 905 906 907 908 909 910 911 912 913 914 915 916 917 918 919 920 921 922 923 924 925 926 927 928 929 930 931 932 933 934 935 936 937 938 939 940 941 942 943 944 945 946 947 948 949 950 951 952 953 954 955 956 957 958 959 960 961 962 963 964 965 966 967 968 969 970 971 972 973 974 </p>
        </polylist>
      </mesh>
    </geometry>
    <geometry id="shiny_white" name="shiny_white" >
      <mesh>
        <source id="shiny_white-positions" name="shiny_white-positions">
          <float_array id="shiny_white-positions-array" count="4005"> 0.077267997 -0.0327289999 -0.000459000003 0.0773089975 -0.0305330008 0.0109379999 0.0609260015 -0.0328099988 0.0114770001 0.077267997 -0.0327289999 -0.000459000003 0.0609260015 -0.0328099988 0.0114770001 0.0608819984 -0.0349900015 -0.000445999991 0.126699001 -0.0281000007 -0.000524999981 0.126753002 -0.0265069995 0.00895300042 0.110165998 -0.0272550005 0.00954100024 0.126699001 -0.0281000007 -0.000524999981 0.110165998 -0.0272550005 0.00954100024 0.110119 -0.0291910004 -0.000494999986 0.110119 -0.0291910004 -0.000494999986 0.110165998 -0.0272550005 0.00954100024 0.0936869979 -0.0282749999 0.0103780003 0.110119 -0.0291910004 -0.000494999986 0.0936869979 -0.0282749999 0.0103780003 0.0936520025 -0.0304920003 -0.000472000014 0.0773089975 -0.0305330008 0.0109379999 0.077267997 -0.0327289999 -0.000459000003 0.0936520025 -0.0304920003 -0.000472000014 0.0773089975 -0.0305330008 0.0109379999 0.0936520025 -0.0304920003 -0.000472000014 0.0936869979 -0.0282749999 0.0103780003 0.0211149994 -0.0351000018 0.0121999998 0.0208199993 -0.0377909988 -0.000404999999 0.0377429985 -0.037349999 -0.000451 0.0211149994 -0.0351000018 0.0121999998 0.0377429985 -0.037349999 -0.000451 0.0375350006 -0.0349229984 0.0119540002 0.0375350006 -0.0349229984 0.0119540002 0.0377429985 -0.037349999 -0.000451 0.0608819984 -0.0349900015 -0.000445999991 0.0375350006 -0.0349229984 0.0119540002 0.0608819984 -0.0349900015 -0.000445999991 0.0609260015 -0.0328099988 0.0114770001 0.0367590003 -0.0281470008 0.0230989996 0.0212760009 -0.0283969995 0.0232529994 0.0211149994 -0.0351000018 0.0121999998 0.0367590003 -0.0281470008 0.0230989996 0.0211149994 -0.0351000018 0.0121999998 0.0375350006 -0.0349229984 0.0119540002 0.0606280006 -0.0267450009 0.0219790004 0.0367590003 -0.0281470008 0.0230989996 0.0375350006 -0.0349229984 0.0119540002 0.0606280006 -0.0267450009 0.0219790004 0.0375350006 -0.0349229984 0.0119540002 0.0609260015 -0.0328099988 0.0114770001 0.0770609975 -0.0247959998 0.020482 0.0606280006 -0.0267450009 0.0219790004 0.0609260015 -0.0328099988 0.0114770001 0.0770609975 -0.0247959998 0.020482 0.0609260015 -0.0328099988 0.0114770001 0.0773089975 -0.0305330008 0.0109379999 0.0935299993 -0.0235099997 0.017833 0.0770609975 -0.0247959998 0.020482 0.0773089975 -0.0305330008 0.0109379999 0.0935299993 -0.0235099997 0.017833 0.0773089975 -0.0305330008 0.0109379999 0.0936869979 -0.0282749999 0.0103780003 0.110655002 -0.0228749998 0.0160830002 0.0935299993 -0.0235099997 0.017833 0.0936869979 -0.0282749999 0.0103780003 0.110655002 -0.0228749998 0.0160830002 0.0936869979 -0.0282749999 0.0103780003 0.110165998 -0.0272550005 0.00954100024 0.126709998 -0.0233069994 0.0153489998 0.110655002 -0.0228749998 0.0160830002 0.110165998 -0.0272550005 0.00954100024 0.126709998 -0.0233069994 0.0153489998 0.110165998 -0.0272550005 0.00954100024 0.126753002 -0.0265069995 0.00895300042 0.0212760009 -0.0283969995 0.0232529994 0.0367590003 -0.0281470008 0.0230989996 0.0369650014 -0.0169200003 0.0322480015 0.0212760009 -0.0283969995 0.0232529994 0.0369650014 -0.0169200003 0.0322480015 0.0232730005 -0.0164550003 0.0325019993 0.060690999 -0.0170259997 0.0299859997 0.0369650014 -0.0169200003 0.0322480015 0.0367590003 -0.0281470008 0.0230989996 0.060690999 -0.0170259997 0.0299859997 0.0367590003 -0.0281470008 0.0230989996 0.0606280006 -0.0267450009 0.0219790004 0.0778310001 -0.0161840003 0.0275090002 0.060690999 -0.0170259997 0.0299859997 0.0606280006 -0.0267450009 0.0219790004 0.0778310001 -0.0161840003 0.0275090002 0.0606280006 -0.0267450009 0.0219790004 0.0770609975 -0.0247959998 0.020482 0.0939029977 -0.0157709997 0.024952 0.0778310001 -0.0161840003 0.0275090002 0.0770609975 -0.0247959998 0.020482 0.0939029977 -0.0157709997 0.024952 0.0770609975 -0.0247959998 0.020482 0.0935299993 -0.0235099997 0.017833 0.111143999 -0.0157600008 0.0228189994 0.0939029977 -0.0157709997 0.024952 0.0935299993 -0.0235099997 0.017833 0.111143999 -0.0157600008 0.0228189994 0.0935299993 -0.0235099997 0.017833 0.110655002 -0.0228749998 0.0160830002 0.126735002 -0.0161450002 0.0226980001 0.111143999 -0.0157600008 0.0228189994 0.110655002 -0.0228749998 0.0160830002 0.126735002 -0.0161450002 0.0226980001 0.110655002 -0.0228749998 0.0160830002 0.126709998 -0.0233069994 0.0153489998 0.0369650014 -0.0169200003 0.0322480015 0.0402310006 -0.00653700018 0.0356220007 0.0255379993 -0.00486900005 0.0360479988 0.0369650014 -0.0169200003 0.0322480015 0.0255379993 -0.00486900005 0.0360479988 0.0232730005 -0.0164550003 0.0325019993 0.0820380002 0.0274400003 0.0153909996 0.0870480016 0.0310800001 0.00616700016 0.0807790011 0.0320550017 0.00618600007 0.0820380002 0.0274400003 0.0153909996 0.0807790011 0.0320550017 0.00618600007 0.0758360028 0.0285289995 0.0154529996 0.097341001 0.0253129993 0.0148109999 0.0980489999 0.0293819997 0.00581299979 0.0870480016 0.0310800001 0.00616700016 0.097341001 0.0253129993 0.0148109999 0.0870480016 0.0310800001 0.00616700016 0.0820380002 0.0274400003 0.0153909996 0.111060001 0.0280319992 0.00594299985 0.0980489999 0.0293819997 0.00581299979 0.097341001 0.0253129993 0.0148109999 0.111060001 0.0280319992 0.00594299985 0.097341001 0.0253129993 0.0148109999 0.111082003 0.0237739999 0.0148780001 0.126662001 0.0276820008 0.00610900018 0.111060001 0.0280319992 0.00594299985 0.111082003 0.0237739999 0.0148780001 0.126662001 0.0276820008 0.00610900018 0.111082003 0.0237739999 0.0148780001 0.126706004 0.0236339998 0.0154799996 0.126727998 0.0174640007 0.0220289994 0.126706004 0.0236339998 0.0154799996 0.111082003 0.0237739999 0.0148780001 0.126727998 0.0174640007 0.0220289994 0.111082003 0.0237739999 0.0148780001 0.110903002 0.0169459991 0.0226639993 0.126700997 0.00680099986 0.0271160007 0.126727998 0.0174640007 0.0220289994 0.110903002 0.0169459991 0.0226639993 0.126700997 0.00680099986 0.0271160007 0.110903002 0.0169459991 0.0226639993 0.111074001 0.00606099982 0.0278960001 0.126770005 -0.00617399998 0.0271680001 0.126700997 0.00680099986 0.0271160007 0.111074001 0.00606099982 0.0278960001 0.126770005 -0.00617399998 0.0271680001 0.111074001 0.00606099982 0.0278960001 0.111267999 -0.00588099984 0.0273359995 0.111143999 -0.0157600008 0.0228189994 0.126735002 -0.0161450002 0.0226980001 0.126770005 -0.00617399998 0.0271680001 0.111143999 -0.0157600008 0.0228189994 0.126770005 -0.00617399998 0.0271680001 0.111267999 -0.00588099984 0.0273359995 0.093355 -0.00590700004 0.0288500004 0.0939029977 -0.0157709997 0.024952 0.111143999 -0.0157600008 0.0228189994 0.093355 -0.00590700004 0.0288500004 0.111143999 -0.0157600008 0.0228189994 0.111267999 -0.00588099984 0.0273359995 0.0778310001 -0.0161840003 0.0275090002 0.0939029977 -0.0157709997 0.024952 0.093355 -0.00590700004 0.0288500004 0.0778310001 -0.0161840003 0.0275090002 0.093355 -0.00590700004 0.0288500004 0.0776320025 -0.00604599994 0.0311799999 0.060690999 -0.0170259997 0.0299859997 0.0778310001 -0.0161840003 0.0275090002 0.0776320025 -0.00604599994 0.0311799999 0.060690999 -0.0170259997 0.0299859997 0.0776320025 -0.00604599994 0.0311799999 0.0594029985 -0.00588800013 0.0341009982 0.0402310006 -0.00653700018 0.0356220007 0.0369650014 -0.0169200003 0.0322480015 0.060690999 -0.0170259997 0.0299859997 0.0402310006 -0.00653700018 0.0356220007 0.060690999 -0.0170259997 0.0299859997 0.0594029985 -0.00588800013 0.0341009982 0.110903002 0.0169459991 0.0226639993 0.111082003 0.0237739999 0.0148780001 0.097341001 0.0253129993 0.0148109999 0.110903002 0.0169459991 0.0226639993 0.097341001 0.0253129993 0.0148109999 0.0961520001 0.0174199995 0.0238279998 0.0946990028 0.00624899985 0.0291670002 0.093355 -0.00590700004 0.0288500004 0.111267999 -0.00588099984 0.0273359995 0.0946990028 0.00624899985 0.0291670002 0.111267999 -0.00588099984 0.0273359995 0.111074001 0.00606099982 0.0278960001 0.111074001 0.00606099982 0.0278960001 0.110903002 0.0169459991 0.0226639993 0.0961520001 0.0174199995 0.0238279998 0.111074001 0.00606099982 0.0278960001 0.0961520001 0.0174199995 0.0238279998 0.0946990028 0.00624899985 0.0291670002 0.093355 -0.00590700004 0.0288500004 0.0946990028 0.00624899985 0.0291670002 0.0763109997 0.0065700002 0.0315059982 0.093355 -0.00590700004 0.0288500004 0.0763109997 0.0065700002 0.0315059982 0.0776320025 -0.00604599994 0.0311799999 0.0763109997 0.0065700002 0.0315059982 0.0575760007 0.00503699994 0.0344859995 0.0594029985 -0.00588800013 0.0341009982 0.0763109997 0.0065700002 0.0315059982 0.0594029985 -0.00588800013 0.0341009982 0.0776320025 -0.00604599994 0.0311799999 0.0594029985 -0.00588800013 0.0341009982 0.0575760007 0.00503699994 0.0344859995 0.0498979986 0.0044900002 0.0353469998 0.0594029985 -0.00588800013 0.0341009982 0.0498979986 0.0044900002 0.0353469998 0.0402310006 -0.00653700018 0.0356220007 0.0763109997 0.0065700002 0.0315059982 0.0946990028 0.00624899985 0.0291670002 0.0961520001 0.0174199995 0.0238279998 0.0763109997 0.0065700002 0.0315059982 0.0961520001 0.0174199995 0.0238279998 0.0717469975 0.0198819991 0.0263330005 0.0820380002 0.0274400003 0.0153909996 0.0717469975 0.0198819991 0.0263330005 0.0961520001 0.0174199995 0.0238279998 0.0820380002 0.0274400003 0.0153909996 0.0961520001 0.0174199995 0.0238279998 0.097341001 0.0253129993 0.0148109999 0.0763109997 0.0065700002 0.0315059982 0.0717469975 0.0198819991 0.0263330005 0.0556840003 0.0105149997 0.0334980004 0.0763109997 0.0065700002 0.0315059982 0.0556840003 0.0105149997 0.0334980004 0.0575760007 0.00503699994 0.0344859995 0.0402310006 -0.00653700018 0.0356220007 0.0498979986 0.0044900002 0.0353469998 0.0310280006 0.00416000001 0.0362039991 0.0402310006 -0.00653700018 0.0356220007 0.0310280006 0.00416000001 0.0362039991 0.0255379993 -0.00486900005 0.0360479988 0.0310280006 0.00416000001 0.0362039991 0.0498979986 0.0044900002 0.0353469998 0.0398470014 0.00874799956 0.0352159999 0.0498979986 0.0044900002 0.0353469998 0.0556840003 0.0105149997 0.0334980004 0.0536849983 0.0157149993 0.0317169987 0.0498979986 0.0044900002 0.0353469998 0.0536849983 0.0157149993 0.0317169987 0.0398470014 0.00874799956 0.0352159999 0.0642179996 0.0213060006 0.0267229993 0.0536849983 0.0157149993 0.0317169987 0.0556840003 0.0105149997 0.0334980004 0.0642179996 0.0213060006 0.0267229993 0.0556840003 0.0105149997 0.0334980004 0.0717469975 0.0198819991 0.0263330005 0.0498979986 0.0044900002 0.0353469998 0.0575760007 0.00503699994 0.0344859995 0.0556840003 0.0105149997 0.0334980004 0.0758360028 0.0285289995 0.0154529996 0.0642179996 0.0213060006 0.0267229993 0.0717469975 0.0198819991 0.0263330005 0.0758360028 0.0285289995 0.0154529996 0.0717469975 0.0198819991 0.0263330005 0.0820380002 0.0274400003 0.0153909996 0.00759099983 -0.0271920003 0.0210439991 0.00428600004 -0.0249700006 0.0209810007 0.00656299992 -0.0233839992 0.0210650004 0.0214670002 0.0131040001 0.0217020009 0.0211660005 0.0127079999 0.0253640004 0.0268380009 0.0166350007 0.0289329998 0.0214670002 0.0131040001 0.0217020009 0.0268380009 0.0166350007 0.0289329998 0.0255440008 0.0160319991 0.0217899997 0.0480079986 0.0295739993 0.000532999984 0.0467480011 0.0286059994 0.010609 0.0547229983 0.0352480002 0.00511500007 0.0480079986 0.0295739993 0.000532999984 0.0547229983 0.0352480002 0.00511500007 0.0556220002 0.0356019996 0.000640999991 0.0467480011 0.0286059994 0.010609 0.0423149988 0.0258910004 0.0168670006 0.046147 0.0279830005 0.0206530001 0.0467480011 0.0286059994 0.010609 0.046147 0.0279830005 0.0206530001 0.0527650006 0.0320009999 0.0134450002 0.0423149988 0.0258910004 0.0168670006 0.0354619995 0.0218330007 0.0205809996 0.0380080007 0.0231890008 0.0252439994 0.0423149988 0.0258910004 0.0168670006 0.0380080007 0.0231890008 0.0252439994 0.046147 0.0279830005 0.0206530001 0.0354619995 0.0218330007 0.0205809996 0.0255440008 0.0160319991 0.0217899997 0.0268380009 0.0166350007 0.0289329998 0.0354619995 0.0218330007 0.0205809996 0.0268380009 0.0166350007 0.0289329998 0.0380080007 0.0231890008 0.0252439994 0.0256130006 0.0165759996 0.000318000006 0.0211779997 0.0134619996 0.000699000026 0.0215429999 0.0134300003 0.0115520004 0.0256130006 0.0165759996 0.000318000006 0.0215429999 0.0134300003 0.0115520004 0.0258159991 0.0164379999 0.011469 0.0214670002 0.0131040001 0.0217020009 0.0255440008 0.0160319991 0.0217899997 0.0258159991 0.0164379999 0.011469 0.0214670002 0.0131040001 0.0217020009 0.0258159991 0.0164379999 0.011469 0.0215429999 0.0134300003 0.0115520004 0.010032 -0.00104300003 0.0115799997 0.00686499989 -0.0108899996 0.0113319997 0.00727199996 -0.0108500002 0.0212360006 0.010032 -0.00104300003 0.0115799997 0.00727199996 -0.0108500002 0.0212360006 0.0101849996 -0.000992999994 0.0214719996 0.00618899986 -0.0203649998 0.0113840001 0.00657500001 -0.0196439996 0.0209890008 0.00727199996 -0.0108500002 0.0212360006 0.00618899986 -0.0203649998 0.0113840001 0.00727199996 -0.0108500002 0.0212360006 0.00686499989 -0.0108899996 0.0113319997 0.0101849996 -0.000992999994 0.0214719996 0.0151469996 0.00688599981 0.021582 0.0147850001 0.00669099996 0.0115360003 0.0101849996 -0.000992999994 0.0214719996 0.0147850001 0.00669099996 0.0115360003 0.010032 -0.00104300003 0.0115799997 0.0151469996 0.00688599981 0.021582 0.0214670002 0.0131040001 0.0217020009 0.0215429999 0.0134300003 0.0115520004 0.0151469996 0.00688599981 0.021582 0.0215429999 0.0134300003 0.0115520004 0.0147850001 0.00669099996 0.0115360003 0.00656299992 -0.0233839992 0.0210650004 0.00657500001 -0.0196439996 0.0209890008 0.00618899986 -0.0203649998 0.0113840001 0.00656299992 -0.0233839992 0.0210650004 0.00618899986 -0.0203649998 0.0113840001 0.00622599991 -0.0298449993 0.0108110001 0.0198560003 0.0162909999 0.0217950009 0.0214670002 0.0131040001 0.0217020009 0.0151469996 0.00688599981 0.021582 0.0198560003 0.0162909999 0.0217950009 0.0151469996 0.00688599981 0.021582 0.0141049996 0.0209059995 0.0219100006 0.0101849996 -0.000992999994 0.0214719996 0.00727199996 -0.0108500002 0.0212360006 -0.0209880006 -0.00977099966 0.0215479992 0.0101849996 -0.000992999994 0.0214719996 -0.0209880006 -0.00977099966 0.0215479992 -0.0230320003 -0.000467000005 0.0215339996 0.0101849996 -0.000992999994 0.0214719996 -0.0230320003 -0.000467000005 0.0215339996 -0.0218410008 0.0067309998 0.0218160003 0.00727199996 -0.0108500002 0.0212360006 -0.0179929994 -0.015319 0.021249 -0.0209880006 -0.00977099966 0.0215479992 0.00727199996 -0.0108500002 0.0212360006 -0.0120219998 -0.0210350007 0.0210299995 -0.0179929994 -0.015319 0.021249 0.0151469996 0.00688599981 0.021582 -0.00133899995 0.0239739995 0.0221159998 0.00586100016 0.0237860009 0.0221149996 0.0151469996 0.00688599981 0.021582 0.00586100016 0.0237860009 0.0221149996 0.0141049996 0.0209059995 0.0219100006 0.0151469996 0.00688599981 0.021582 -0.0074260002 0.0224869996 0.0220270008 -0.00133899995 0.0239739995 0.0221159998 0.0101849996 -0.000992999994 0.0214719996 -0.016903 0.015865 0.0218529999 -0.0074260002 0.0224869996 0.0220270008 0.0101849996 -0.000992999994 0.0214719996 -0.0074260002 0.0224869996 0.0220270008 0.0151469996 0.00688599981 0.021582 0.0101849996 -0.000992999994 0.0214719996 -0.0218410008 0.0067309998 0.0218160003 -0.016903 0.015865 0.0218529999 0.00657500001 -0.0196439996 0.0209890008 -0.00303600007 -0.024712 0.0209369995 -0.0120219998 -0.0210350007 0.0210299995 0.00657500001 -0.0196439996 0.0209890008 -0.0120219998 -0.0210350007 0.0210299995 0.00727199996 -0.0108500002 0.0212360006 0.00656299992 -0.0233839992 0.0210650004 0.00428600004 -0.0249700006 0.0209810007 0.00214900007 -0.0251560006 0.0209209993 0.00656299992 -0.0233839992 0.0210650004 0.00214900007 -0.0251560006 0.0209209993 0.00657500001 -0.0196439996 0.0209890008 0.00657500001 -0.0196439996 0.0209890008 0.00214900007 -0.0251560006 0.0209209993 -0.00303600007 -0.024712 0.0209369995 0.0215429999 0.0134300003 0.0115520004 0.0211779997 0.0134619996 0.000699000026 0.0148059996 0.00699699996 0.000579999993 0.0215429999 0.0134300003 0.0115520004 0.0148059996 0.00699699996 0.000579999993 0.0147850001 0.00669099996 0.0115360003 0.0147850001 0.00669099996 0.0115360003 0.0148059996 0.00699699996 0.000579999993 0.0100339996 -0.000722000026 0.000438999996 0.0147850001 0.00669099996 0.0115360003 0.0100339996 -0.000722000026 0.000438999996 0.010032 -0.00104300003 0.0115799997 0.010032 -0.00104300003 0.0115799997 0.0100339996 -0.000722000026 0.000438999996 0.0068839998 -0.0103730001 0.000245000003 0.010032 -0.00104300003 0.0115799997 0.0068839998 -0.0103730001 0.000245000003 0.00686499989 -0.0108899996 0.0113319997 0.00615500007 -0.020242 2.59999997e-05 0.00618899986 -0.0203649998 0.0113840001 0.00686499989 -0.0108899996 0.0113319997 0.00615500007 -0.020242 2.59999997e-05 0.00686499989 -0.0108899996 0.0113319997 0.0068839998 -0.0103730001 0.000245000003 0.00622599991 -0.0298449993 0.0108110001 0.00618899986 -0.0203649998 0.0113840001 0.00615500007 -0.020242 2.59999997e-05 0.00622599991 -0.0298449993 0.0108110001 0.00615500007 -0.020242 2.59999997e-05 0.00619400013 -0.0323860012 -0.000243000002 0.0211660005 0.0127079999 0.0253640004 0.0194819998 0.0109350001 0.0304559991 0.0268380009 0.0166350007 0.0289329998 0.0467480011 0.0286059994 0.010609 0.0480079986 0.0295739993 0.000532999984 0.0352779999 0.0222009998 0.000410999986 0.0467480011 0.0286059994 0.010609 0.0352779999 0.0222009998 0.000410999986 0.0354259983 0.0220410004 0.0108359996 0.0256130006 0.0165759996 0.000318000006 0.0258159991 0.0164379999 0.011469 0.0354259983 0.0220410004 0.0108359996 0.0256130006 0.0165759996 0.000318000006 0.0354259983 0.0220410004 0.0108359996 0.0352779999 0.0222009998 0.000410999986 0.0258159991 0.0164379999 0.011469 0.0255440008 0.0160319991 0.0217899997 0.0354619995 0.0218330007 0.0205809996 0.0258159991 0.0164379999 0.011469 0.0354619995 0.0218330007 0.0205809996 0.0354259983 0.0220410004 0.0108359996 0.0354259983 0.0220410004 0.0108359996 0.0354619995 0.0218330007 0.0205809996 0.0423149988 0.0258910004 0.0168670006 0.0354259983 0.0220410004 0.0108359996 0.0423149988 0.0258910004 0.0168670006 0.0467480011 0.0286059994 0.010609 0.0211779997 0.0134619996 0.000699000026 0.0256130006 0.0165759996 0.000318000006 0.0211629998 0.01346 0.000262999994 0.0377429985 -0.037349999 -0.000451 0.0208199993 -0.0377909988 -0.000404999999 0.0214329995 -0.0371939987 -0.000394000002 0.0377429985 -0.037349999 -0.000451 0.0214329995 -0.0371939987 -0.000394000002 0.037726 -0.0367700011 -0.000437999988 0.0608819984 -0.0349900015 -0.000445999991 0.0377429985 -0.037349999 -0.000451 0.037726 -0.0367700011 -0.000437999988 0.0608819984 -0.0349900015 -0.000445999991 0.037726 -0.0367700011 -0.000437999988 0.0600019991 -0.0344970003 -0.000433999987 0.077267997 -0.0327289999 -0.000459000003 0.0608819984 -0.0349900015 -0.000445999991 0.0600019991 -0.0344970003 -0.000433999987 0.077267997 -0.0327289999 -0.000459000003 0.0600019991 -0.0344970003 -0.000433999987 0.076981999 -0.0321649984 -0.000446999999 0.0936520025 -0.0304920003 -0.000472000014 0.077267997 -0.0327289999 -0.000459000003 0.076981999 -0.0321649984 -0.000446999999 0.0936520025 -0.0304920003 -0.000472000014 0.076981999 -0.0321649984 -0.000446999999 0.0937009975 -0.0300050005 -0.000460999989 0.110119 -0.0291910004 -0.000494999986 0.0936520025 -0.0304920003 -0.000472000014 0.0937009975 -0.0300050005 -0.000460999989 0.110119 -0.0291910004 -0.000494999986 0.0937009975 -0.0300050005 -0.000460999989 0.110221997 -0.0287599992 -0.000486000004 0.126699001 -0.0281000007 -0.000524999981 0.110119 -0.0291910004 -0.000494999986 0.110221997 -0.0287599992 -0.000486000004 0.126699001 -0.0281000007 -0.000524999981 0.110221997 -0.0287599992 -0.000486000004 0.12669 -0.027857 -0.000515999971 0.0870480016 0.0310800001 0.00616700016 0.0881780013 0.0314669982 0.000893999997 0.0818419978 0.0323270001 0.000928999973 0.0870480016 0.0310800001 0.00616700016 0.0818419978 0.0323270001 0.000928999973 0.0807790011 0.0320550017 0.00618600007 0.0980489999 0.0293819997 0.00581299979 0.0984930024 0.0302019995 0.000830999983 0.0881780013 0.0314669982 0.000893999997 0.0980489999 0.0293819997 0.00581299979 0.0881780013 0.0314669982 0.000893999997 0.0870480016 0.0310800001 0.00616700016 0.110775001 0.0290460009 0.00078100001 0.0984930024 0.0302019995 0.000830999983 0.0980489999 0.0293819997 0.00581299979 0.110775001 0.0290460009 0.00078100001 0.0980489999 0.0293819997 0.00581299979 0.111060001 0.0280319992 0.00594299985 0.126587003 0.0284800008 0.000714999973 0.110775001 0.0290460009 0.00078100001 0.111060001 0.0280319992 0.00594299985 0.126587003 0.0284800008 0.000714999973 0.111060001 0.0280319992 0.00594299985 0.126662001 0.0276820008 0.00610900018 0.0467480011 0.0286059994 0.010609 0.0527650006 0.0320009999 0.0134450002 0.0547229983 0.0352480002 0.00511500007 0.0818419978 0.0323270001 0.000928999973 0.0881780013 0.0314669982 0.000893999997 0.0881780013 0.0308580007 0.000880000007 0.0818419978 0.0323270001 0.000928999973 0.0881780013 0.0308580007 0.000880000007 0.0818430036 0.0317189991 0.000914999982 0.0881780013 0.0314669982 0.000893999997 0.0984930024 0.0302019995 0.000830999983 0.0984940007 0.0295930002 0.000818 0.0881780013 0.0314669982 0.000893999997 0.0984940007 0.0295930002 0.000818 0.0881780013 0.0308580007 0.000880000007 0.0984930024 0.0302019995 0.000830999983 0.110775001 0.0290460009 0.00078100001 0.110776 0.028438 0.000768000027 0.0984930024 0.0302019995 0.000830999983 0.110776 0.028438 0.000768000027 0.0984940007 0.0295930002 0.000818 0.110775001 0.0290460009 0.00078100001 0.126587003 0.0284800008 0.000714999973 0.126588002 0.0278709996 0.000700999983 0.110775001 0.0290460009 0.00078100001 0.126588002 0.0278709996 0.000700999983 0.110776 0.028438 0.000768000027 0.0818130001 0.0323409997 0.000491000013 0.0818419978 0.0323270001 0.000928999973 0.0818430036 0.0317189991 0.000914999982 0.0818130001 0.0323409997 0.000491000013 0.0818430036 0.0317189991 0.000914999982 0.0818269998 0.0317299999 0.000476999994 0.0818430036 0.0317189991 0.000914999982 0.0881780013 0.0308580007 0.000880000007 0.088177003 0.0308679994 0.000438999996 0.0818430036 0.0317189991 0.000914999982 0.088177003 0.0308679994 0.000438999996 0.0818269998 0.0317299999 0.000476999994 0.0881780013 0.0308580007 0.000880000007 0.0984940007 0.0295930002 0.000818 0.0984930024 0.0296030007 0.000380999991 0.0881780013 0.0308580007 0.000880000007 0.0984930024 0.0296030007 0.000380999991 0.088177003 0.0308679994 0.000438999996 0.0984940007 0.0295930002 0.000818 0.110776 0.028438 0.000768000027 0.110774003 0.0284470003 0.000318000006 0.0984940007 0.0295930002 0.000818 0.110774003 0.0284470003 0.000318000006 0.0984930024 0.0296030007 0.000380999991 0.110776 0.028438 0.000768000027 0.126588002 0.0278709996 0.000700999983 0.126586005 0.02788 0.000257999985 0.110776 0.028438 0.000768000027 0.126586005 0.02788 0.000257999985 0.110774003 0.0284470003 0.000318000006 0.0214329995 -0.0371939987 -0.000394000002 0.0214319993 -0.037184 -0.000841000001 0.0377239995 -0.0367599986 -0.000881000014 0.0214329995 -0.0371939987 -0.000394000002 0.0377239995 -0.0367599986 -0.000881000014 0.037726 -0.0367700011 -0.000437999988 0.037726 -0.0367700011 -0.000437999988 0.0377239995 -0.0367599986 -0.000881000014 0.0599999987 -0.0344870016 -0.000898999977 0.037726 -0.0367700011 -0.000437999988 0.0599999987 -0.0344870016 -0.000898999977 0.0600019991 -0.0344970003 -0.000433999987 0.076981999 -0.0321649984 -0.000446999999 0.0600019991 -0.0344970003 -0.000433999987 0.0599999987 -0.0344870016 -0.000898999977 0.076981999 -0.0321649984 -0.000446999999 0.0599999987 -0.0344870016 -0.000898999977 0.0769810006 -0.0321549997 -0.000898999977 0.076981999 -0.0321649984 -0.000446999999 0.0769810006 -0.0321549997 -0.000898999977 0.0936999992 -0.029995 -0.000903000007 0.076981999 -0.0321649984 -0.000446999999 0.0936999992 -0.029995 -0.000903000007 0.0937009975 -0.0300050005 -0.000460999989 0.0937009975 -0.0300050005 -0.000460999989 0.0936999992 -0.029995 -0.000903000007 0.11022 -0.0287500005 -0.000926000008 0.0937009975 -0.0300050005 -0.000460999989 0.11022 -0.0287500005 -0.000926000008 0.110221997 -0.0287599992 -0.000486000004 0.110221997 -0.0287599992 -0.000486000004 0.11022 -0.0287500005 -0.000926000008 0.126689002 -0.0278469995 -0.000956000003 0.110221997 -0.0287599992 -0.000486000004 0.126689002 -0.0278469995 -0.000956000003 0.12669 -0.027857 -0.000515999971 0.0110489996 -0.00150599994 0.000418999989 0.0110480003 -0.00149599998 -3.19999999e-05 0.00801500026 -0.0107869999 -0.000224999996 0.0110489996 -0.00150599994 0.000418999989 0.00801500026 -0.0107869999 -0.000224999996 0.00801599957 -0.0107969996 0.000232000006 0.00801599957 -0.0107969996 0.000232000006 0.00801500026 -0.0107869999 -0.000224999996 0.00731300004 -0.0202890001 -0.000429999985 0.00801599957 -0.0107969996 0.000232000006 0.00731300004 -0.0202890001 -0.000429999985 0.00731399981 -0.0202980004 2.09999998e-05 0.00731399981 -0.0202980004 2.09999998e-05 0.00731300004 -0.0202890001 -0.000429999985 0.00735000009 -0.0319809988 -0.000684999977 0.00731399981 -0.0202980004 2.09999998e-05 0.00735000009 -0.0319809988 -0.000684999977 0.00735099986 -0.0319910012 -0.000237999993 0.0772650018 -0.0327089988 -0.00136600004 0.0608789995 -0.0349689983 -0.00137800002 0.0608519986 -0.0322729982 -0.0131949997 0.0772650018 -0.0327089988 -0.00136600004 0.0608519986 -0.0322729982 -0.0131949997 0.0772380009 -0.0300200004 -0.0126569998 0.126696005 -0.0280809999 -0.00139800005 0.110117003 -0.0291719995 -0.00137499999 0.110103004 -0.0268009994 -0.0113159996 0.126696005 -0.0280809999 -0.00139800005 0.110103004 -0.0268009994 -0.0113159996 0.126692995 -0.0260770004 -0.0107969996 0.110117003 -0.0291719995 -0.00137499999 0.0936499983 -0.0304729994 -0.00135499996 0.0936189964 -0.0277859997 -0.0120980004 0.110117003 -0.0291719995 -0.00137499999 0.0936189964 -0.0277859997 -0.0120980004 0.110103004 -0.0268009994 -0.0113159996 0.0936499983 -0.0304729994 -0.00135499996 0.0772650018 -0.0327089988 -0.00136600004 0.0772380009 -0.0300200004 -0.0126569998 0.0936499983 -0.0304729994 -0.00135499996 0.0772380009 -0.0300200004 -0.0126569998 0.0936189964 -0.0277859997 -0.0120980004 0.0210360009 -0.0345339999 -0.0137759997 0.0374579988 -0.0343660004 -0.0136219999 0.0377410017 -0.037331 -0.00133600004 0.0210360009 -0.0345339999 -0.0137759997 0.0377410017 -0.037331 -0.00133600004 0.0208180007 -0.0377710015 -0.001299 0.0374579988 -0.0343660004 -0.0136219999 0.0608519986 -0.0322729982 -0.0131949997 0.0608789995 -0.0349689983 -0.00137800002 0.0374579988 -0.0343660004 -0.0136219999 0.0608789995 -0.0349689983 -0.00137800002 0.0377410017 -0.037331 -0.00133600004 0.0366149992 -0.0271119997 -0.0244570002 0.0374579988 -0.0343660004 -0.0136219999 0.0210360009 -0.0345339999 -0.0137759997 0.0366149992 -0.0271119997 -0.0244570002 0.0210360009 -0.0345339999 -0.0137759997 0.0211309996 -0.0273570009 -0.0245280005 0.0604909994 -0.0257559996 -0.0234210007 0.0608519986 -0.0322729982 -0.0131949997 0.0374579988 -0.0343660004 -0.0136219999 0.0604909994 -0.0257559996 -0.0234210007 0.0374579988 -0.0343660004 -0.0136219999 0.0366149992 -0.0271119997 -0.0244570002 0.0769329965 -0.0238719992 -0.0219400004 0.0772380009 -0.0300200004 -0.0126569998 0.0608519986 -0.0322729982 -0.0131949997 0.0769329965 -0.0238719992 -0.0219400004 0.0608519986 -0.0322729982 -0.0131949997 0.0604909994 -0.0257559996 -0.0234210007 0.0934180021 -0.0227000006 -0.0193370003 0.0936189964 -0.0277859997 -0.0120980004 0.0772380009 -0.0300200004 -0.0126569998 0.0934180021 -0.0227000006 -0.0193370003 0.0772380009 -0.0300200004 -0.0126569998 0.0769329965 -0.0238719992 -0.0219400004 0.110552996 -0.0221389998 -0.0176650006 0.110103004 -0.0268009994 -0.0113159996 0.0936189964 -0.0277859997 -0.0120980004 0.110552996 -0.0221389998 -0.0176650006 0.0936189964 -0.0277859997 -0.0120980004 0.0934180021 -0.0227000006 -0.0193370003 0.126611993 -0.0226019993 -0.0170469992 0.126692995 -0.0260770004 -0.0107969996 0.110103004 -0.0268009994 -0.0113159996 0.126611993 -0.0226019993 -0.0170469992 0.110103004 -0.0268009994 -0.0113159996 0.110552996 -0.0221389998 -0.0176650006 0.0211309996 -0.0273570009 -0.0245280005 0.0230739992 -0.0150229996 -0.033259999 0.0367669985 -0.0154959997 -0.0331090018 0.0211309996 -0.0273570009 -0.0245280005 0.0367669985 -0.0154959997 -0.0331090018 0.0366149992 -0.0271119997 -0.0244570002 0.0605069995 -0.0156980008 -0.0309980009 0.0604909994 -0.0257559996 -0.0234210007 0.0366149992 -0.0271119997 -0.0244570002 0.0605069995 -0.0156980008 -0.0309980009 0.0366149992 -0.0271119997 -0.0244570002 0.0367669985 -0.0154959997 -0.0331090018 0.0776619986 -0.0149619998 -0.0285899993 0.0769329965 -0.0238719992 -0.0219400004 0.0604909994 -0.0257559996 -0.0234210007 0.0776619986 -0.0149619998 -0.0285899993 0.0604909994 -0.0257559996 -0.0234210007 0.0605069995 -0.0156980008 -0.0309980009 0.0937490016 -0.0146589996 -0.0261150002 0.0934180021 -0.0227000006 -0.0193370003 0.0769329965 -0.0238719992 -0.0219400004 0.0937490016 -0.0146589996 -0.0261150002 0.0769329965 -0.0238719992 -0.0219400004 0.0776619986 -0.0149619998 -0.0285899993 0.111001998 -0.0147390002 -0.0240870006 0.110552996 -0.0221389998 -0.0176650006 0.0934180021 -0.0227000006 -0.0193370003 0.111001998 -0.0147390002 -0.0240870006 0.0934180021 -0.0227000006 -0.0193370003 0.0937490016 -0.0146589996 -0.0261150002 0.126594007 -0.0151260002 -0.0240770001 0.126611993 -0.0226019993 -0.0170469992 0.110552996 -0.0221389998 -0.0176650006 0.126594007 -0.0151260002 -0.0240770001 0.110552996 -0.0221389998 -0.0176650006 0.111001998 -0.0147390002 -0.0240870006 0.0367669985 -0.0154959997 -0.0331090018 0.0230739992 -0.0150229996 -0.033259999 0.0253190007 -0.00329299993 -0.0363110006 0.0367669985 -0.0154959997 -0.0331090018 0.0253190007 -0.00329299993 -0.0363110006 0.0400139987 -0.00497600017 -0.0360479988 0.0819469988 0.0280939993 -0.01461 0.0757450014 0.0291830003 -0.014587 0.0807439983 0.0323030017 -0.00520600006 0.0819469988 0.0280939993 -0.01461 0.0807439983 0.0323030017 -0.00520600006 0.0870129988 0.0313289985 -0.00526600005 0.0972530022 0.0259460006 -0.014215 0.0819469988 0.0280939993 -0.01461 0.0870129988 0.0313289985 -0.00526600005 0.0972530022 0.0259460006 -0.014215 0.0870129988 0.0313289985 -0.00526600005 0.0980160013 0.0296190009 -0.00505399983 0.111025997 0.0282780007 -0.00532099977 0.110992998 0.0244130008 -0.0144330002 0.0972530022 0.0259460006 -0.014215 0.111025997 0.0282780007 -0.00532099977 0.0972530022 0.0259460006 -0.014215 0.0980160013 0.0296190009 -0.00505399983 0.126626 0.0279370006 -0.00559700001 0.126613006 0.0243009999 -0.0151350005 0.110992998 0.0244130008 -0.0144330002 0.126626 0.0279370006 -0.00559700001 0.110992998 0.0244130008 -0.0144330002 0.111025997 0.0282780007 -0.00532099977 0.126595005 0.0184209999 -0.0219459999 0.110766001 0.0179299992 -0.0225070007 0.110992998 0.0244130008 -0.0144330002 0.126595005 0.0184209999 -0.0219459999 0.110992998 0.0244130008 -0.0144330002 0.126613006 0.0243009999 -0.0151350005 0.126535997 0.00798999984 -0.027493 0.110904001 0.00728299981 -0.0282090008 0.110766001 0.0179299992 -0.0225070007 0.126535997 0.00798999984 -0.027493 0.110766001 0.0179299992 -0.0225070007 0.126595005 0.0184209999 -0.0219459999 0.126601994 -0.0049709999 -0.0281099994 0.111100003 -0.00467200018 -0.0281709991 0.110904001 0.00728299981 -0.0282090008 0.126601994 -0.0049709999 -0.0281099994 0.110904001 0.00728299981 -0.0282090008 0.126535997 0.00798999984 -0.027493 0.111001998 -0.0147390002 -0.0240870006 0.111100003 -0.00467200018 -0.0281709991 0.126601994 -0.0049709999 -0.0281099994 0.111001998 -0.0147390002 -0.0240870006 0.126601994 -0.0049709999 -0.0281099994 0.126594007 -0.0151260002 -0.0240770001 0.0931790024 -0.0046339999 -0.0295770001 0.111100003 -0.00467200018 -0.0281709991 0.111001998 -0.0147390002 -0.0240870006 0.0931790024 -0.0046339999 -0.0295770001 0.111001998 -0.0147390002 -0.0240870006 0.0937490016 -0.0146589996 -0.0261150002 0.0776619986 -0.0149619998 -0.0285899993 0.0774409994 -0.0046740002 -0.0318149999 0.0931790024 -0.0046339999 -0.0295770001 0.0776619986 -0.0149619998 -0.0285899993 0.0931790024 -0.0046339999 -0.0295770001 0.0937490016 -0.0146589996 -0.0261150002 0.0605069995 -0.0156980008 -0.0309980009 0.0591950007 -0.00439199992 -0.034616001 0.0774409994 -0.0046740002 -0.0318149999 0.0605069995 -0.0156980008 -0.0309980009 0.0774409994 -0.0046740002 -0.0318149999 0.0776619986 -0.0149619998 -0.0285899993 0.0400139987 -0.00497600017 -0.0360479988 0.0591950007 -0.00439199992 -0.034616001 0.0605069995 -0.0156980008 -0.0309980009 0.0400139987 -0.00497600017 -0.0360479988 0.0605069995 -0.0156980008 -0.0309980009 0.0367669985 -0.0154959997 -0.0331090018 0.110766001 0.0179299992 -0.0225070007 0.0960090011 0.0184519999 -0.0235610008 0.0972530022 0.0259460006 -0.014215 0.110766001 0.0179299992 -0.0225070007 0.0972530022 0.0259460006 -0.014215 0.110992998 0.0244130008 -0.0144330002 0.0945219994 0.00752400002 -0.0293719992 0.110904001 0.00728299981 -0.0282090008 0.111100003 -0.00467200018 -0.0281709991 0.0945219994 0.00752400002 -0.0293719992 0.111100003 -0.00467200018 -0.0281709991 0.0931790024 -0.0046339999 -0.0295770001 0.110904001 0.00728299981 -0.0282090008 0.0945219994 0.00752400002 -0.0293719992 0.0960090011 0.0184519999 -0.0235610008 0.110904001 0.00728299981 -0.0282090008 0.0960090011 0.0184519999 -0.0235610008 0.110766001 0.0179299992 -0.0225070007 0.0931790024 -0.0046339999 -0.0295770001 0.0774409994 -0.0046740002 -0.0318149999 0.0761199966 0.00794399995 -0.031583 0.0931790024 -0.0046339999 -0.0295770001 0.0761199966 0.00794399995 -0.031583 0.0945219994 0.00752400002 -0.0293719992 0.0761199966 0.00794399995 -0.031583 0.0774409994 -0.0046740002 -0.0318149999 0.0591950007 -0.00439199992 -0.034616001 0.0761199966 0.00794399995 -0.031583 0.0591950007 -0.00439199992 -0.034616001 0.0573670007 0.0065390002 -0.0345139988 0.0591950007 -0.00439199992 -0.034616001 0.0400139987 -0.00497600017 -0.0360479988 0.0496839993 0.00602999981 -0.0353510007 0.0591950007 -0.00439199992 -0.034616001 0.0496839993 0.00602999981 -0.0353510007 0.0573670007 0.0065390002 -0.0345139988 0.0761199966 0.00794399995 -0.031583 0.0715899989 0.0210180003 -0.0258079991 0.0960090011 0.0184519999 -0.0235610008 0.0761199966 0.00794399995 -0.031583 0.0960090011 0.0184519999 -0.0235610008 0.0945219994 0.00752400002 -0.0293719992 0.0819469988 0.0280939993 -0.01461 0.0972530022 0.0259460006 -0.014215 0.0960090011 0.0184519999 -0.0235610008 0.0819469988 0.0280939993 -0.01461 0.0960090011 0.0184519999 -0.0235610008 0.0715899989 0.0210180003 -0.0258079991 0.0761199966 0.00794399995 -0.031583 0.0573670007 0.0065390002 -0.0345139988 0.0554820001 0.0119690001 -0.0332770012 0.0761199966 0.00794399995 -0.031583 0.0554820001 0.0119690001 -0.0332770012 0.0715899989 0.0210180003 -0.0258079991 0.0400139987 -0.00497600017 -0.0360479988 0.0253190007 -0.00329299993 -0.0363110006 0.0308100004 0.00573399989 -0.0361079983 0.0400139987 -0.00497600017 -0.0360479988 0.0308100004 0.00573399989 -0.0361079983 0.0496839993 0.00602999981 -0.0353510007 0.0308100004 0.00573399989 -0.0361079983 0.0396340005 0.0102770003 -0.0349740013 0.0496839993 0.00602999981 -0.0353510007 0.0496839993 0.00602999981 -0.0353510007 0.0396340005 0.0102770003 -0.0349740013 0.0534939989 0.0170869995 -0.0312590003 0.0496839993 0.00602999981 -0.0353510007 0.0534939989 0.0170869995 -0.0312590003 0.0554820001 0.0119690001 -0.0332770012 0.0640579984 0.0224559996 -0.0260910001 0.0715899989 0.0210180003 -0.0258079991 0.0554820001 0.0119690001 -0.0332770012 0.0640579984 0.0224559996 -0.0260910001 0.0554820001 0.0119690001 -0.0332770012 0.0534939989 0.0170869995 -0.0312590003 0.0496839993 0.00602999981 -0.0353510007 0.0554820001 0.0119690001 -0.0332770012 0.0573670007 0.0065390002 -0.0345139988 0.0757450014 0.0291830003 -0.014587 0.0819469988 0.0280939993 -0.01461 0.0715899989 0.0210180003 -0.0258079991 0.0757450014 0.0291830003 -0.014587 0.0715899989 0.0210180003 -0.0258079991 0.0640579984 0.0224559996 -0.0260910001 0.00745999999 -0.0262509994 -0.0221859999 0.00643299986 -0.0224450007 -0.0220340006 0.00415599998 -0.0240339991 -0.0220059995 0.0213370007 0.0140380003 -0.0211720001 0.0254139993 0.0169670004 -0.0211580005 0.0266650002 0.0178810004 -0.0282760002 0.0213370007 0.0140380003 -0.0211720001 0.0266650002 0.0178810004 -0.0282760002 0.0210139994 0.0138020003 -0.0248470008 0.0480079986 0.0295739993 0.000532999984 0.0556220002 0.0356019996 0.000640999991 0.0546960011 0.0354430005 -0.0038389999 0.0480079986 0.0295739993 0.000532999984 0.0546960011 0.0354430005 -0.0038389999 0.0466869995 0.0290460009 -0.00956800021 0.0466869995 0.0290460009 -0.00956800021 0.0526870005 0.0325619988 -0.01229 0.0460250005 0.0288600009 -0.0196260009 0.0466869995 0.0290460009 -0.00956800021 0.0460250005 0.0288600009 -0.0196260009 0.0422159992 0.0266050007 -0.0159120001 0.0422159992 0.0266050007 -0.0159120001 0.0460250005 0.0288600009 -0.0196260009 0.0378579982 0.0242689997 -0.0243720002 0.0422159992 0.0266050007 -0.0159120001 0.0378579982 0.0242689997 -0.0243720002 0.0353399999 0.0227109995 -0.0197570007 0.0353399999 0.0227109995 -0.0197570007 0.0378579982 0.0242689997 -0.0243720002 0.0266650002 0.0178810004 -0.0282760002 0.0353399999 0.0227109995 -0.0197570007 0.0266650002 0.0178810004 -0.0282760002 0.0254139993 0.0169670004 -0.0211580005 0.0256130006 0.0165759996 0.000318000006 0.0257479995 0.0169229992 -0.01083 0.0214750003 0.0139210001 -0.0110189999 0.0256130006 0.0165759996 0.000318000006 0.0214750003 0.0139210001 -0.0110189999 0.0211759992 0.0134810004 -0.000172999993 0.0213370007 0.0140380003 -0.0211720001 0.0214750003 0.0139210001 -0.0110189999 0.0257479995 0.0169229992 -0.01083 0.0213370007 0.0140380003 -0.0211720001 0.0257479995 0.0169229992 -0.01083 0.0254139993 0.0169670004 -0.0211580005 0.00996099971 -0.000538000022 -0.0116069997 0.010055 -5.80000014e-05 -0.0214879997 0.0071419999 -0.00991600007 -0.0216639992 0.00996099971 -0.000538000022 -0.0116069997 0.0071419999 -0.00991600007 -0.0216639992 0.00679600006 -0.0103869997 -0.0117690004 0.00611800002 -0.0198509991 -0.0122290002 0.00679600006 -0.0103869997 -0.0117690004 0.0071419999 -0.00991600007 -0.0216639992 0.00611800002 -0.0198509991 -0.0122290002 0.0071419999 -0.00991600007 -0.0216639992 0.00644600019 -0.0187120009 -0.0217959993 0.010055 -5.80000014e-05 -0.0214879997 0.00996099971 -0.000538000022 -0.0116069997 0.0147160003 0.00718700001 -0.0112549998 0.010055 -5.80000014e-05 -0.0214879997 0.0147160003 0.00718700001 -0.0112549998 0.0150180003 0.0078189997 -0.0212849993 0.0150180003 0.0078189997 -0.0212849993 0.0147160003 0.00718700001 -0.0112549998 0.0214750003 0.0139210001 -0.0110189999 0.0150180003 0.0078189997 -0.0212849993 0.0214750003 0.0139210001 -0.0110189999 0.0213370007 0.0140380003 -0.0211720001 0.00643299986 -0.0224450007 -0.0220340006 0.00615599984 -0.0293470006 -0.0120700002 0.00611800002 -0.0198509991 -0.0122290002 0.00643299986 -0.0224450007 -0.0220340006 0.00611800002 -0.0198509991 -0.0122290002 0.00644600019 -0.0187120009 -0.0217959993 0.0197260007 0.0172259994 -0.0211169999 0.013975 0.0218400005 -0.0209970009 0.0150180003 0.0078189997 -0.0212849993 0.0197260007 0.0172259994 -0.0211169999 0.0150180003 0.0078189997 -0.0212849993 0.0213370007 0.0140380003 -0.0211720001 0.010055 -5.80000014e-05 -0.0214879997 -0.0231609996 0.000467000005 -0.0213259999 -0.0211190004 -0.00882800017 -0.0217579994 0.010055 -5.80000014e-05 -0.0214879997 -0.0211190004 -0.00882800017 -0.0217579994 0.0071419999 -0.00991600007 -0.0216639992 0.010055 -5.80000014e-05 -0.0214879997 -0.0219720006 0.0076700002 -0.0213009994 -0.0231609996 0.000467000005 -0.0213259999 0.0071419999 -0.00991600007 -0.0216639992 -0.0211190004 -0.00882800017 -0.0217579994 -0.0181230009 -0.0143830003 -0.0217189994 0.0071419999 -0.00991600007 -0.0216639992 -0.0181230009 -0.0143830003 -0.0217189994 -0.0121510001 -0.0201030001 -0.0217850003 0.0150180003 0.0078189997 -0.0212849993 0.00572999986 0.0247259997 -0.0210250001 -0.00146900001 0.0249129999 -0.0209749993 0.0150180003 0.0078189997 -0.0212849993 0.013975 0.0218400005 -0.0209970009 0.00572999986 0.0247259997 -0.0210250001 0.0150180003 0.0078189997 -0.0212849993 -0.00146900001 0.0249129999 -0.0209749993 -0.00755599979 0.0234220009 -0.0209139995 0.010055 -5.80000014e-05 -0.0214879997 0.0150180003 0.0078189997 -0.0212849993 -0.00755599979 0.0234220009 -0.0209139995 0.010055 -5.80000014e-05 -0.0214879997 -0.00755599979 0.0234220009 -0.0209139995 -0.0170319993 0.0167980008 -0.0209710002 0.010055 -5.80000014e-05 -0.0214879997 -0.0170319993 0.0167980008 -0.0209710002 -0.0219720006 0.0076700002 -0.0213009994 0.00644600019 -0.0187120009 -0.0217959993 0.0071419999 -0.00991600007 -0.0216639992 -0.0121510001 -0.0201030001 -0.0217850003 0.00644600019 -0.0187120009 -0.0217959993 -0.0121510001 -0.0201030001 -0.0217850003 -0.00316599989 -0.0237789992 -0.0219059996 0.00643299986 -0.0224450007 -0.0220340006 0.00644600019 -0.0187120009 -0.0217959993 0.00201900001 -0.0242229998 -0.0219410006 0.00643299986 -0.0224450007 -0.0220340006 0.00201900001 -0.0242229998 -0.0219410006 0.00415599998 -0.0240339991 -0.0220059995 0.00644600019 -0.0187120009 -0.0217959993 -0.00316599989 -0.0237789992 -0.0219059996 0.00201900001 -0.0242229998 -0.0219410006 0.0214750003 0.0139210001 -0.0110189999 0.0147160003 0.00718700001 -0.0112549998 0.0148029998 0.00701599987 -0.000296000013 0.0214750003 0.0139210001 -0.0110189999 0.0148029998 0.00701599987 -0.000296000013 0.0211759992 0.0134810004 -0.000172999993 0.0147160003 0.00718700001 -0.0112549998 0.00996099971 -0.000538000022 -0.0116069997 0.010032 -0.00070199999 -0.000463000004 0.0147160003 0.00718700001 -0.0112549998 0.010032 -0.00070199999 -0.000463000004 0.0148029998 0.00701599987 -0.000296000013 0.00996099971 -0.000538000022 -0.0116069997 0.00679600006 -0.0103869997 -0.0117690004 0.00688100001 -0.0103529999 -0.000669999979 0.00996099971 -0.000538000022 -0.0116069997 0.00688100001 -0.0103529999 -0.000669999979 0.010032 -0.00070199999 -0.000463000004 0.00615199981 -0.0202220008 -0.000876999984 0.00688100001 -0.0103529999 -0.000669999979 0.00679600006 -0.0103869997 -0.0117690004 0.00615199981 -0.0202220008 -0.000876999984 0.00679600006 -0.0103869997 -0.0117690004 0.00611800002 -0.0198509991 -0.0122290002 0.00615599984 -0.0293470006 -0.0120700002 0.00619099988 -0.0323669985 -0.00113700004 0.00615199981 -0.0202220008 -0.000876999984 0.00615599984 -0.0293470006 -0.0120700002 0.00615199981 -0.0202220008 -0.000876999984 0.00611800002 -0.0198509991 -0.0122290002 0.0210139994 0.0138020003 -0.0248470008 0.0266650002 0.0178810004 -0.0282760002 0.0192990005 0.0122520002 -0.0299999993 0.0352779999 0.0222009998 0.000410999986 0.0480079986 0.0295739993 0.000532999984 0.0466869995 0.0290460009 -0.00956800021 0.0352779999 0.0222009998 0.000410999986 0.0466869995 0.0290460009 -0.00956800021 0.0353629999 0.0224959999 -0.0100119999 0.0256130006 0.0165759996 0.000318000006 0.0352779999 0.0222009998 0.000410999986 0.0353629999 0.0224959999 -0.0100119999 0.0256130006 0.0165759996 0.000318000006 0.0353629999 0.0224959999 -0.0100119999 0.0257479995 0.0169229992 -0.01083 0.0257479995 0.0169229992 -0.01083 0.0353629999 0.0224959999 -0.0100119999 0.0353399999 0.0227109995 -0.0197570007 0.0257479995 0.0169229992 -0.01083 0.0353399999 0.0227109995 -0.0197570007 0.0254139993 0.0169670004 -0.0211580005 0.0353629999 0.0224959999 -0.0100119999 0.0466869995 0.0290460009 -0.00956800021 0.0422159992 0.0266050007 -0.0159120001 0.0353629999 0.0224959999 -0.0100119999 0.0422159992 0.0266050007 -0.0159120001 0.0353399999 0.0227109995 -0.0197570007 0.0377410017 -0.037331 -0.00133600004 0.0377230011 -0.03675 -0.00132299995 0.0214300007 -0.0371740013 -0.00128800003 0.0377410017 -0.037331 -0.00133600004 0.0214300007 -0.0371740013 -0.00128800003 0.0208180007 -0.0377710015 -0.001299 0.0608789995 -0.0349689983 -0.00137800002 0.0599990003 -0.0344769992 -0.00136400003 0.0377230011 -0.03675 -0.00132299995 0.0608789995 -0.0349689983 -0.00137800002 0.0377230011 -0.03675 -0.00132299995 0.0377410017 -0.037331 -0.00133600004 0.0772650018 -0.0327089988 -0.00136600004 0.0769800022 -0.032145001 -0.00135200005 0.0599990003 -0.0344769992 -0.00136400003 0.0772650018 -0.0327089988 -0.00136600004 0.0599990003 -0.0344769992 -0.00136400003 0.0608789995 -0.0349689983 -0.00137800002 0.0936499983 -0.0304729994 -0.00135499996 0.0936980024 -0.0299859997 -0.00134399999 0.0769800022 -0.032145001 -0.00135200005 0.0936499983 -0.0304729994 -0.00135499996 0.0769800022 -0.032145001 -0.00135200005 0.0772650018 -0.0327089988 -0.00136600004 0.110117003 -0.0291719995 -0.00137499999 0.110219002 -0.0287410002 -0.00136600004 0.0936980024 -0.0299859997 -0.00134399999 0.110117003 -0.0291719995 -0.00137499999 0.0936980024 -0.0299859997 -0.00134399999 0.0936499983 -0.0304729994 -0.00135499996 0.126696005 -0.0280809999 -0.00139800005 0.126687005 -0.0278379992 -0.00139600004 0.110219002 -0.0287410002 -0.00136600004 0.126696005 -0.0280809999 -0.00139800005 0.110219002 -0.0287410002 -0.00136600004 0.110117003 -0.0291719995 -0.00137499999 0.0148029998 0.00701599987 -0.000296000013 0.0156399999 0.00594400009 -0.000322999986 0.0217749998 0.0121680005 -0.000203999996 0.0148029998 0.00701599987 -0.000296000013 0.0217749998 0.0121680005 -0.000203999996 0.0211759992 0.0134810004 -0.000172999993 0.010032 -0.00070199999 -0.000463000004 0.0110459998 -0.00148600002 -0.000483000011 0.0156399999 0.00594400009 -0.000322999986 0.010032 -0.00070199999 -0.000463000004 0.0156399999 0.00594400009 -0.000322999986 0.0148029998 0.00701599987 -0.000296000013 0.0870129988 0.0313289985 -0.00526600005 0.0807439983 0.0323030017 -0.00520600006 0.0818390027 0.032345999 5.19999994e-05 0.0870129988 0.0313289985 -0.00526600005 0.0818390027 0.032345999 5.19999994e-05 0.0881749988 0.0314860009 1.20000004e-05 0.0980160013 0.0296190009 -0.00505399983 0.0870129988 0.0313289985 -0.00526600005 0.0881749988 0.0314860009 1.20000004e-05 0.0980160013 0.0296190009 -0.00505399983 0.0881749988 0.0314860009 1.20000004e-05 0.0984909981 0.0302210003 -4.3e-05 0.110771999 0.0290660001 -0.000118000004 0.111025997 0.0282780007 -0.00532099977 0.0980160013 0.0296190009 -0.00505399983 0.110771999 0.0290660001 -0.000118000004 0.0980160013 0.0296190009 -0.00505399983 0.0984909981 0.0302210003 -4.3e-05 0.126583993 0.0284989998 -0.000172 0.126626 0.0279370006 -0.00559700001 0.111025997 0.0282780007 -0.00532099977 0.126583993 0.0284989998 -0.000172 0.111025997 0.0282780007 -0.00532099977 0.110771999 0.0290660001 -0.000118000004 0.0466869995 0.0290460009 -0.00956800021 0.0546960011 0.0354430005 -0.0038389999 0.0526870005 0.0325619988 -0.01229 0.0818390027 0.032345999 5.19999994e-05 0.081840001 0.0317380019 3.89999987e-05 0.0881759971 0.0308769997 -1.99999999e-06 0.0818390027 0.032345999 5.19999994e-05 0.0881759971 0.0308769997 -1.99999999e-06 0.0881749988 0.0314860009 1.20000004e-05 0.0881749988 0.0314860009 1.20000004e-05 0.0881759971 0.0308769997 -1.99999999e-06 0.0984919965 0.0296129994 -5.70000011e-05 0.0881749988 0.0314860009 1.20000004e-05 0.0984919965 0.0296129994 -5.70000011e-05 0.0984909981 0.0302210003 -4.3e-05 0.0984909981 0.0302210003 -4.3e-05 0.0984919965 0.0296129994 -5.70000011e-05 0.110772997 0.0284570009 -0.000130999993 0.0984909981 0.0302210003 -4.3e-05 0.110772997 0.0284570009 -0.000130999993 0.110771999 0.0290660001 -0.000118000004 0.110771999 0.0290660001 -0.000118000004 0.110772997 0.0284570009 -0.000130999993 0.126585007 0.0278900005 -0.000184999997 0.110771999 0.0290660001 -0.000118000004 0.126585007 0.0278900005 -0.000184999997 0.126583993 0.0284989998 -0.000172 0.0818130001 0.0323409997 0.000491000013 0.0818269998 0.0317299999 0.000476999994 0.081840001 0.0317380019 3.89999987e-05 0.0818130001 0.0323409997 0.000491000013 0.081840001 0.0317380019 3.89999987e-05 0.0818390027 0.032345999 5.19999994e-05 0.081840001 0.0317380019 3.89999987e-05 0.0818269998 0.0317299999 0.000476999994 0.088177003 0.0308679994 0.000438999996 0.081840001 0.0317380019 3.89999987e-05 0.088177003 0.0308679994 0.000438999996 0.0881759971 0.0308769997 -1.99999999e-06 0.0881759971 0.0308769997 -1.99999999e-06 0.088177003 0.0308679994 0.000438999996 0.0984930024 0.0296030007 0.000380999991 0.0881759971 0.0308769997 -1.99999999e-06 0.0984930024 0.0296030007 0.000380999991 0.0984919965 0.0296129994 -5.70000011e-05 0.0984919965 0.0296129994 -5.70000011e-05 0.0984930024 0.0296030007 0.000380999991 0.110774003 0.0284470003 0.000318000006 0.0984919965 0.0296129994 -5.70000011e-05 0.110774003 0.0284470003 0.000318000006 0.110772997 0.0284570009 -0.000130999993 0.110772997 0.0284570009 -0.000130999993 0.110774003 0.0284470003 0.000318000006 0.126586005 0.02788 0.000257999985 0.110772997 0.0284570009 -0.000130999993 0.126586005 0.02788 0.000257999985 0.126585007 0.0278900005 -0.000184999997 0.0214300007 -0.0371740013 -0.00128800003 0.0377230011 -0.03675 -0.00132299995 0.0377239995 -0.0367599986 -0.000881000014 0.0214300007 -0.0371740013 -0.00128800003 0.0377239995 -0.0367599986 -0.000881000014 0.0214319993 -0.037184 -0.000841000001 0.0599999987 -0.0344870016 -0.000898999977 0.0377239995 -0.0367599986 -0.000881000014 0.0377230011 -0.03675 -0.00132299995 0.0599999987 -0.0344870016 -0.000898999977 0.0377230011 -0.03675 -0.00132299995 0.0599990003 -0.0344769992 -0.00136400003 0.0769800022 -0.032145001 -0.00135200005 0.0769810006 -0.0321549997 -0.000898999977 0.0599999987 -0.0344870016 -0.000898999977 0.0769800022 -0.032145001 -0.00135200005 0.0599999987 -0.0344870016 -0.000898999977 0.0599990003 -0.0344769992 -0.00136400003 0.0769800022 -0.032145001 -0.00135200005 0.0936980024 -0.0299859997 -0.00134399999 0.0936999992 -0.029995 -0.000903000007 0.0769800022 -0.032145001 -0.00135200005 0.0936999992 -0.029995 -0.000903000007 0.0769810006 -0.0321549997 -0.000898999977 0.0936980024 -0.0299859997 -0.00134399999 0.110219002 -0.0287410002 -0.00136600004 0.11022 -0.0287500005 -0.000926000008 0.0936980024 -0.0299859997 -0.00134399999 0.11022 -0.0287500005 -0.000926000008 0.0936999992 -0.029995 -0.000903000007 0.110219002 -0.0287410002 -0.00136600004 0.126687005 -0.0278379992 -0.00139600004 0.126689002 -0.0278469995 -0.000956000003 0.110219002 -0.0287410002 -0.00136600004 0.126689002 -0.0278469995 -0.000956000003 0.11022 -0.0287500005 -0.000926000008 0.0217749998 0.0121680005 -0.000203999996 0.0156399999 0.00594400009 -0.000322999986 0.0156410001 0.00593499979 0.000116000003 0.0217749998 0.0121680005 -0.000203999996 0.0156410001 0.00593499979 0.000116000003 0.0217700005 0.0121529996 0.000232999999 0.0156399999 0.00594400009 -0.000322999986 0.0110459998 -0.00148600002 -0.000483000011 0.0110480003 -0.00149599998 -3.19999999e-05 0.0156399999 0.00594400009 -0.000322999986 0.0110480003 -0.00149599998 -3.19999999e-05 0.0156410001 0.00593499979 0.000116000003 0.0110459998 -0.00148600002 -0.000483000011 0.00801299978 -0.0107770003 -0.000682000013 0.00801500026 -0.0107869999 -0.000224999996 0.0110459998 -0.00148600002 -0.000483000011 0.00801500026 -0.0107869999 -0.000224999996 0.0110480003 -0.00149599998 -3.19999999e-05 0.00801299978 -0.0107770003 -0.000682000013 0.00731100002 -0.0202789996 -0.000881000014 0.00731300004 -0.0202890001 -0.000429999985 0.00801299978 -0.0107770003 -0.000682000013 0.00731300004 -0.0202890001 -0.000429999985 0.00801500026 -0.0107869999 -0.000224999996 0.00731100002 -0.0202789996 -0.000881000014 0.00734899985 -0.0319710001 -0.001132 0.00735000009 -0.0319809988 -0.000684999977 0.00731100002 -0.0202789996 -0.000881000014 0.00735000009 -0.0319809988 -0.000684999977 0.00731300004 -0.0202890001 -0.000429999985 0.126601994 -0.0049709999 -0.0281099994 0.126700997 0.00680099986 0.0271160007 0.126770005 -0.00617399998 0.0271680001 0.126601994 -0.0049709999 -0.0281099994 0.126770005 -0.00617399998 0.0271680001 0.126594007 -0.0151260002 -0.0240770001 0.126535997 0.00798999984 -0.027493 0.126727998 0.0174640007 0.0220289994 0.126700997 0.00680099986 0.0271160007 0.126535997 0.00798999984 -0.027493 0.126700997 0.00680099986 0.0271160007 0.126601994 -0.0049709999 -0.0281099994 0.126595005 0.0184209999 -0.0219459999 0.126706004 0.0236339998 0.0154799996 0.126727998 0.0174640007 0.0220289994 0.126595005 0.0184209999 -0.0219459999 0.126727998 0.0174640007 0.0220289994 0.126535997 0.00798999984 -0.027493 0.126613006 0.0243009999 -0.0151350005 0.126662001 0.0276820008 0.00610900018 0.126706004 0.0236339998 0.0154799996 0.126613006 0.0243009999 -0.0151350005 0.126706004 0.0236339998 0.0154799996 0.126595005 0.0184209999 -0.0219459999 0.126662001 0.0276820008 0.00610900018 0.126613006 0.0243009999 -0.0151350005 0.126626 0.0279370006 -0.00559700001 0.126626 0.0279370006 -0.00559700001 0.126583993 0.0284989998 -0.000172 0.126587003 0.0284800008 0.000714999973 0.126626 0.0279370006 -0.00559700001 0.126587003 0.0284800008 0.000714999973 0.126662001 0.0276820008 0.00610900018 0.126735002 -0.0161450002 0.0226980001 0.126611993 -0.0226019993 -0.0170469992 0.126594007 -0.0151260002 -0.0240770001 0.126735002 -0.0161450002 0.0226980001 0.126594007 -0.0151260002 -0.0240770001 0.126770005 -0.00617399998 0.0271680001 0.126709998 -0.0233069994 0.0153489998 0.126692995 -0.0260770004 -0.0107969996 0.126611993 -0.0226019993 -0.0170469992 0.126709998 -0.0233069994 0.0153489998 0.126611993 -0.0226019993 -0.0170469992 0.126735002 -0.0161450002 0.0226980001 0.126753002 -0.0265069995 0.00895300042 0.126699001 -0.0281000007 -0.000524999981 0.126696005 -0.0280809999 -0.00139800005 0.126696005 -0.0280809999 -0.00139800005 0.126692995 -0.0260770004 -0.0107969996 0.126709998 -0.0233069994 0.0153489998 0.126696005 -0.0280809999 -0.00139800005 0.126709998 -0.0233069994 0.0153489998 0.126753002 -0.0265069995 0.00895300042 </float_array>
          <technique_common>
            <accessor count="1335" offset="0" source="#shiny_white-positions-array" stride="3">
              <param name="X" type="float" />
              <param name="Y" type="float" />
              <param name="Z" type="float" />
            </accessor>
          </technique_common>
        </source>
        <source id="shiny_white-normals" name="shiny_white-normals">
          <float_array id="shiny_white-normals-array" count="4005"> 0.137272 -0.972685993 0.187108994 0.141514003 -0.923642993 0.35611999 0.115603998 -0.929075003 0.351328999 0.137272 -0.972685993 0.187108994 0.115603998 -0.929075003 0.351328999 0.116549999 -0.975951016 0.184027001 0.0577719994 -0.982420981 0.177374005 0.0441300012 -0.937834024 0.344188005 0.0625019968 -0.930418015 0.361095011 0.0577719994 -0.982420981 0.177374005 0.0625019968 -0.930418015 0.361095011 0.0659499988 -0.980346024 0.185888007 0.0659499988 -0.980346024 0.185888007 0.0625019968 -0.930418015 0.361095011 0.111025997 -0.921536982 0.37202099 0.0659499988 -0.980346024 0.185888007 0.111025997 -0.921536982 0.37202099 0.105838001 -0.975401998 0.193304002 0.141514003 -0.923642993 0.35611999 0.137272 -0.972685993 0.187108994 0.105838001 -0.975401998 0.193304002 0.141514003 -0.923642993 0.35611999 0.105838001 -0.975401998 0.193304002 0.111025997 -0.921536982 0.37202099 -0.013886 -0.929014027 0.369700998 -0.0110170003 -0.978453994 0.206029996 0.0580459982 -0.97943002 0.193213001 -0.013886 -0.929014027 0.369700998 0.0580459982 -0.97943002 0.193213001 0.0547199994 -0.931851983 0.358622998 0.0547199994 -0.931851983 0.358622998 0.0580459982 -0.97943002 0.193213001 0.116549999 -0.975951016 0.184027001 0.0547199994 -0.931851983 0.358622998 0.116549999 -0.975951016 0.184027001 0.115603998 -0.929075003 0.351328999 0.0440689996 -0.752921999 0.656606019 -0.0210580006 -0.746239007 0.665333986 -0.013886 -0.929014027 0.369700998 0.0440689996 -0.752921999 0.656606019 -0.013886 -0.929014027 0.369700998 0.0547199994 -0.931851983 0.358622998 0.110110998 -0.75435698 0.647113979 0.0440689996 -0.752921999 0.656606019 0.0547199994 -0.931851983 0.358622998 0.110110998 -0.75435698 0.647113979 0.0547199994 -0.931851983 0.358622998 0.115603998 -0.929075003 0.351328999 0.146336004 -0.750877023 0.643971026 0.110110998 -0.75435698 0.647113979 0.115603998 -0.929075003 0.351328999 0.146336004 -0.750877023 0.643971026 0.115603998 -0.929075003 0.351328999 0.141514003 -0.923642993 0.35611999 0.119938001 -0.760246992 0.638417006 0.146336004 -0.750877023 0.643971026 0.141514003 -0.923642993 0.35611999 0.119938001 -0.760246992 0.638417006 0.141514003 -0.923642993 0.35611999 0.111025997 -0.921536982 0.37202099 0.0523700006 -0.777428985 0.626727998 0.119938001 -0.760246992 0.638417006 0.111025997 -0.921536982 0.37202099 0.0523700006 -0.777428985 0.626727998 0.111025997 -0.921536982 0.37202099 0.0625019968 -0.930418015 0.361095011 0.0155640002 -0.792261004 0.609942973 0.0523700006 -0.777428985 0.626727998 0.0625019968 -0.930418015 0.361095011 0.0155640002 -0.792261004 0.609942973 0.0625019968 -0.930418015 0.361095011 0.0441300012 -0.937834024 0.344188005 -0.0210580006 -0.746239007 0.665333986 0.0440689996 -0.752921999 0.656606019 0.0381180011 -0.478469014 0.877255023 -0.0210580006 -0.746239007 0.665333986 0.0381180011 -0.478469014 0.877255023 -0.0268559996 -0.455428004 0.889859021 0.114963003 -0.490889996 0.863582015 0.0381180011 -0.478469014 0.877255023 0.0440689996 -0.752921999 0.656606019 0.114963003 -0.490889996 0.863582015 0.0440689996 -0.752921999 0.656606019 0.110110998 -0.75435698 0.647113979 0.150487006 -0.496567011 0.854822993 0.114963003 -0.490889996 0.863582015 0.110110998 -0.75435698 0.647113979 0.150487006 -0.496567011 0.854822993 0.110110998 -0.75435698 0.647113979 0.146336004 -0.750877023 0.643971026 0.124577001 -0.525895 0.841333985 0.150487006 -0.496567011 0.854822993 0.146336004 -0.750877023 0.643971026 0.124577001 -0.525895 0.841333985 0.146336004 -0.750877023 0.643971026 0.119938001 -0.760246992 0.638417006 0.0481580012 -0.557726026 0.828607976 0.124577001 -0.525895 0.841333985 0.119938001 -0.760246992 0.638417006 0.0481580012 -0.557726026 0.828607976 0.119938001 -0.760246992 0.638417006 0.0523700006 -0.777428985 0.626727998 0.000304999994 -0.568224013 0.822871029 0.0481580012 -0.557726026 0.828607976 0.0523700006 -0.777428985 0.626727998 0.000304999994 -0.568224013 0.822871029 0.0523700006 -0.777428985 0.626727998 0.0155640002 -0.792261004 0.609942973 0.0381180011 -0.478469014 0.877255023 0.0513320006 -0.181584999 0.982025027 -0.0167849995 -0.147740006 0.988861024 0.0381180011 -0.478469014 0.877255023 -0.0167849995 -0.147740006 0.988861024 -0.0268559996 -0.455428004 0.889859021 0.147220999 0.824792981 0.545885026 0.146366999 0.950803995 0.272987992 0.159673005 0.947386026 0.277383 0.147220999 0.824792981 0.545885026 0.159673005 0.947386026 0.277383 0.154056996 0.831965029 0.532944977 0.114780001 0.830470026 0.545060992 0.120150998 0.948912024 0.291696012 0.146366999 0.950803995 0.272987992 0.114780001 0.830470026 0.545060992 0.146366999 0.950803995 0.272987992 0.147220999 0.824792981 0.545885026 0.0559399985 0.952574015 0.299111992 0.120150998 0.948912024 0.291696012 0.114780001 0.830470026 0.545060992 0.0559399985 0.952574015 0.299111992 0.114780001 0.830470026 0.545060992 0.0423900001 0.834375978 0.549516022 0.0161140002 0.955321014 0.295053005 0.0559399985 0.952574015 0.299111992 0.0423900001 0.834375978 0.549516022 0.0161140002 0.955321014 0.295053005 0.0423900001 0.834375978 0.549516022 -0.00219699997 0.833582997 0.552354991 0.00720199989 0.602496028 0.798058987 -0.00219699997 0.833582997 0.552354991 0.0423900001 0.834375978 0.549516022 0.00720199989 0.602496028 0.798058987 0.0423900001 0.834375978 0.549516022 0.044923 0.597338974 0.800714016 0.0275890008 0.219641998 0.975188017 0.00720199989 0.602496028 0.798058987 0.044923 0.597338974 0.800714016 0.0275890008 0.219641998 0.975188017 0.044923 0.597338974 0.800714016 0.0554520003 0.201727003 0.977844 0.015168 -0.223517999 0.974578023 0.0275890008 0.219641998 0.975188017 0.0554520003 0.201727003 0.977844 0.015168 -0.223517999 0.974578023 0.0554520003 0.201727003 0.977844 0.0526139997 -0.219153002 0.974241972 0.0481580012 -0.557726026 0.828607976 0.000304999994 -0.568224013 0.822871029 0.015168 -0.223517999 0.974578023 0.0481580012 -0.557726026 0.828607976 0.015168 -0.223517999 0.974578023 0.0526139997 -0.219153002 0.974241972 0.118502997 -0.202399001 0.972075999 0.124577001 -0.525895 0.841333985 0.0481580012 -0.557726026 0.828607976 0.118502997 -0.202399001 0.972075999 0.0481580012 -0.557726026 0.828607976 0.0526139997 -0.219153002 0.974241972 0.150487006 -0.496567011 0.854822993 0.124577001 -0.525895 0.841333985 0.118502997 -0.202399001 0.972075999 0.150487006 -0.496567011 0.854822993 0.118502997 -0.202399001 0.972075999 0.149204999 -0.181066006 0.972075999 0.114963003 -0.490889996 0.863582015 0.150487006 -0.496567011 0.854822993 0.149204999 -0.181066006 0.972075999 0.114963003 -0.490889996 0.863582015 0.149204999 -0.181066006 0.972075999 0.122868001 -0.176733002 0.976531029 0.0513320006 -0.181584999 0.982025027 0.0381180011 -0.478469014 0.877255023 0.114963003 -0.490889996 0.863582015 0.0513320006 -0.181584999 0.982025027 0.114963003 -0.490889996 0.863582015 0.122868001 -0.176733002 0.976531029 0.044923 0.597338974 0.800714016 0.0423900001 0.834375978 0.549516022 0.114780001 0.830470026 0.545060992 0.044923 0.597338974 0.800714016 0.114780001 0.830470026 0.545060992 0.108553998 0.591601014 0.798883021 0.109378003 0.196355999 0.974394977 0.118502997 -0.202399001 0.972075999 0.0526139997 -0.219153002 0.974241972 0.109378003 0.196355999 0.974394977 0.0526139997 -0.219153002 0.974241972 0.0554520003 0.201727003 0.977844 0.0554520003 0.201727003 0.977844 0.044923 0.597338974 0.800714016 0.108553998 0.591601014 0.798883021 0.0554520003 0.201727003 0.977844 0.108553998 0.591601014 0.798883021 0.109378003 0.196355999 0.974394977 0.118502997 -0.202399001 0.972075999 0.109378003 0.196355999 0.974394977 0.147099003 0.194037005 0.969878018 0.118502997 -0.202399001 0.972075999 0.147099003 0.194037005 0.969878018 0.149204999 -0.181066006 0.972075999 0.147099003 0.194037005 0.969878018 0.127994999 0.135838002 0.982420981 0.122868001 -0.176733002 0.976531029 0.147099003 0.194037005 0.969878018 0.122868001 -0.176733002 0.976531029 0.149204999 -0.181066006 0.972075999 0.122868001 -0.176733002 0.976531029 0.127994999 0.135838002 0.982420981 0.075563997 0.104740001 0.99160701 0.122868001 -0.176733002 0.976531029 0.075563997 0.104740001 0.99160701 0.0513320006 -0.181584999 0.982025027 0.147099003 0.194037005 0.969878018 0.109378003 0.196355999 0.974394977 0.108553998 0.591601014 0.798883021 0.147099003 0.194037005 0.969878018 0.108553998 0.591601014 0.798883021 0.153782994 0.575700998 0.803034008 0.147220999 0.824792981 0.545885026 0.153782994 0.575700998 0.803034008 0.108553998 0.591601014 0.798883021 0.147220999 0.824792981 0.545885026 0.108553998 0.591601014 0.798883021 0.114780001 0.830470026 0.545060992 0.147099003 0.194037005 0.969878018 0.153782994 0.575700998 0.803034008 0.120852999 0.323312998 0.938504994 0.147099003 0.194037005 0.969878018 0.120852999 0.323312998 0.938504994 0.127994999 0.135838002 0.982420981 0.0513320006 -0.181584999 0.982025027 0.075563997 0.104740001 0.99160701 0.0134889996 0.114474997 0.993315995 0.0513320006 -0.181584999 0.982025027 0.0134889996 0.114474997 0.993315995 -0.0167849995 -0.147740006 0.988861024 0.0134889996 0.114474997 0.993315995 0.075563997 0.104740001 0.99160701 0.0373240001 0.277260989 0.960051 0.075563997 0.104740001 0.99160701 0.120852999 0.323312998 0.938504994 0.101718001 0.452223003 0.886074007 0.075563997 0.104740001 0.99160701 0.101718001 0.452223003 0.886074007 0.0373240001 0.277260989 0.960051 0.151158005 0.622089028 0.768181026 0.101718001 0.452223003 0.886074007 0.120852999 0.323312998 0.938504994 0.151158005 0.622089028 0.768181026 0.120852999 0.323312998 0.938504994 0.153782994 0.575700998 0.803034008 0.075563997 0.104740001 0.99160701 0.127994999 0.135838002 0.982420981 0.120852999 0.323312998 0.938504994 0.154056996 0.831965029 0.532944977 0.151158005 0.622089028 0.768181026 0.153782994 0.575700998 0.803034008 0.154056996 0.831965029 0.532944977 0.153782994 0.575700998 0.803034008 0.147220999 0.824792981 0.545885026 0.0278629996 0.0129089998 -0.999512017 0.0278629996 0.0129089998 -0.999512017 0.0278629996 0.0129089998 -0.999512017 -0.623676002 0.781274021 0.0243539996 -0.591601014 0.804253995 0.0560630001 -0.54817301 0.835475028 0.0377210006 -0.623676002 0.781274021 0.0243539996 -0.54817301 0.835475028 0.0377210006 -0.545792997 0.83751899 0.0250560008 -0.576739013 0.816675007 0.0195010006 -0.528946996 0.847742975 0.0388199985 -0.618212998 0.785576999 0.0256360006 -0.576739013 0.816675007 0.0195010006 -0.618212998 0.785576999 0.0256360006 -0.635975003 0.771447003 0.018708 -0.528946996 0.847742975 0.0388199985 -0.499832004 0.865809977 0.0220650006 -0.498825014 0.866358995 0.0234990008 -0.528946996 0.847742975 0.0388199985 -0.498825014 0.866358995 0.0234990008 -0.529587984 0.839778006 0.119419001 -0.499832004 0.865809977 0.0220650006 -0.501327991 0.864986002 0.0208139997 -0.500198007 0.865626991 0.0215460006 -0.499832004 0.865809977 0.0220650006 -0.500198007 0.865626991 0.0215460006 -0.498825014 0.866358995 0.0234990008 -0.501327991 0.864986002 0.0208139997 -0.545792997 0.83751899 0.0250560008 -0.54817301 0.835475028 0.0377210006 -0.501327991 0.864986002 0.0208139997 -0.54817301 0.835475028 0.0377210006 -0.500198007 0.865626991 0.0215460006 -0.539415002 0.841762006 0.0199590009 -0.621753991 0.782922029 0.0200200006 -0.64290297 0.765679002 0.0193489995 -0.539415002 0.841762006 0.0199590009 -0.64290297 0.765679002 0.0193489995 -0.539659023 0.841609001 0.0202949997 -0.623676002 0.781274021 0.0243539996 -0.545792997 0.83751899 0.0250560008 -0.539659023 0.841609001 0.0202949997 -0.623676002 0.781274021 0.0243539996 -0.539659023 0.841609001 0.0202949997 -0.64290297 0.765679002 0.0193489995 -0.909390986 0.415571004 0.0166330002 -0.982268989 0.186468005 0.0191660002 -0.981628001 0.188054994 0.0316779986 -0.909390986 0.415571004 0.0166330002 -0.981628001 0.188054994 0.0316779986 -0.908749998 0.416761011 0.0206310004 -0.99920702 0.0339669995 0.0206920002 -0.998565972 0.0375679992 0.0376290008 -0.981628001 0.188054994 0.0316779986 -0.99920702 0.0339669995 0.0206920002 -0.981628001 0.188054994 0.0316779986 -0.982268989 0.186468005 0.0191660002 -0.908749998 0.416761011 0.0206310004 -0.779350996 0.626362026 0.0150760002 -0.78490603 0.619373024 0.0166020002 -0.908749998 0.416761011 0.0206310004 -0.78490603 0.619373024 0.0166020002 -0.909390986 0.415571004 0.0166330002 -0.779350996 0.626362026 0.0150760002 -0.623676002 0.781274021 0.0243539996 -0.64290297 0.765679002 0.0193489995 -0.779350996 0.626362026 0.0150760002 -0.64290297 0.765679002 0.0193489995 -0.78490603 0.619373024 0.0166020002 -0.999267995 -0.00326499995 0.0375990011 -0.998565972 0.0375679992 0.0376290008 -0.99920702 0.0339669995 0.0206920002 -0.999267995 -0.00326499995 0.0375990011 -0.99920702 0.0339669995 0.0206920002 -0.999877989 -0.00347899995 0.014924 -0.00283799996 0.0240180008 -0.999695003 -0.00283799996 0.0240180008 -0.999695003 -0.00360099995 0.0241400003 -0.999695003 -0.00283799996 0.0240180008 -0.999695003 -0.00360099995 0.0241400003 -0.999695003 -0.012879 0.0227060001 -0.999634027 -0.00415100018 0.0179450009 -0.999817014 -0.00549300015 0.0198679995 -0.999786019 -0.00701900013 0.0252390001 -0.999634027 -0.00415100018 0.0179450009 -0.999817014 -0.00701900013 0.0252390001 -0.999634027 -0.00344899995 0.0259709992 -0.999634027 -0.00415100018 0.0179450009 -0.999817014 -0.00344899995 0.0259709992 -0.999634027 -0.00466899993 0.0250250008 -0.999664009 -0.00549300015 0.0198679995 -0.999786019 -0.00817899965 0.0432140008 -0.99902302 -0.00701900013 0.0252390001 -0.999634027 -0.00549300015 0.0198679995 -0.999786019 -0.00549300015 0.0295720007 -0.999541998 -0.00817899965 0.0432140008 -0.99902302 -0.00360099995 0.0241400003 -0.999695003 0.00430299994 0.0354010016 -0.999359012 -0.00390599994 0.0293589998 -0.999541998 -0.00360099995 0.0241400003 -0.999695003 -0.00390599994 0.0293589998 -0.999541998 -0.012879 0.0227060001 -0.999634027 -0.00360099995 0.0241400003 -0.999695003 0.000121999998 0.0263989996 -0.999634027 0.00430299994 0.0354010016 -0.999359012 -0.00415100018 0.0179450009 -0.999817014 -0.00585999992 0.0144659998 -0.999877989 0.000121999998 0.0263989996 -0.999634027 -0.00415100018 0.0179450009 -0.999817014 0.000121999998 0.0263989996 -0.999634027 -0.00360099995 0.0241400003 -0.999695003 -0.00415100018 0.0179450009 -0.999817014 -0.00466899993 0.0250250008 -0.999664009 -0.00585999992 0.0144659998 -0.999877989 0.00515800016 0.014893 -0.999846995 -0.00360099995 0.0224009994 -0.999724984 -0.00549300015 0.0295720007 -0.999541998 0.00515800016 0.014893 -0.999846995 -0.00549300015 0.0295720007 -0.999541998 -0.00549300015 0.0198679995 -0.999786019 0.0386970006 -0.0151070002 -0.99911499 0.0386970006 -0.0151070002 -0.99911499 0.0090950001 0.00601200014 -0.999939024 0.0386970006 -0.0151070002 -0.99911499 0.0090950001 0.00601200014 -0.999939024 0.00515800016 0.014893 -0.999846995 0.00515800016 0.014893 -0.999846995 0.0090950001 0.00601200014 -0.999939024 -0.00360099995 0.0224009994 -0.999724984 -0.64290297 0.765679002 0.0193489995 -0.621753991 0.782922029 0.0200200006 -0.78490603 0.619311988 0.018189 -0.64290297 0.765679002 0.0193489995 -0.78490603 0.619311988 0.018189 -0.78490603 0.619373024 0.0166020002 -0.78490603 0.619373024 0.0166020002 -0.78490603 0.619311988 0.018189 -0.907468021 0.419874012 0.0124209998 -0.78490603 0.619373024 0.0166020002 -0.907468021 0.419874012 0.0124209998 -0.909390986 0.415571004 0.0166330002 -0.909390986 0.415571004 0.0166330002 -0.907468021 0.419874012 0.0124209998 -0.981078982 0.193457007 0.0068359999 -0.909390986 0.415571004 0.0166330002 -0.981078982 0.193457007 0.0068359999 -0.982268989 0.186468005 0.0191660002 -0.999390006 0.0341500007 0.00302099995 -0.99920702 0.0339669995 0.0206920002 -0.982268989 0.186468005 0.0191660002 -0.999390006 0.0341500007 0.00302099995 -0.982268989 0.186468005 0.0191660002 -0.981078982 0.193457007 0.0068359999 -0.999877989 -0.00347899995 0.014924 -0.99920702 0.0339669995 0.0206920002 -0.999390006 0.0341500007 0.00302099995 -0.999877989 -0.00347899995 0.014924 -0.999390006 0.0341500007 0.00302099995 -0.999969006 -0.00360099995 0.00332699995 -0.591601014 0.804253995 0.0560630001 -0.600390971 0.795831025 0.078463003 -0.54817301 0.835475028 0.0377210006 -0.528946996 0.847742975 0.0388199985 -0.576739013 0.816675007 0.0195010006 -0.501999021 0.864588976 0.0203249995 -0.528946996 0.847742975 0.0388199985 -0.501999021 0.864588976 0.0203249995 -0.501999021 0.86461997 0.0203249995 -0.539415002 0.841762006 0.0199590009 -0.539659023 0.841609001 0.0202949997 -0.501999021 0.86461997 0.0203249995 -0.539415002 0.841762006 0.0199590009 -0.501999021 0.86461997 0.0203249995 -0.501999021 0.864588976 0.0203249995 -0.539659023 0.841609001 0.0202949997 -0.545792997 0.83751899 0.0250560008 -0.501327991 0.864986002 0.0208139997 -0.539659023 0.841609001 0.0202949997 -0.501327991 0.864986002 0.0208139997 -0.501999021 0.86461997 0.0203249995 -0.501999021 0.86461997 0.0203249995 -0.501327991 0.864986002 0.0208139997 -0.499832004 0.865809977 0.0220650006 -0.501999021 0.86461997 0.0203249995 -0.499832004 0.865809977 0.0220650006 -0.528946996 0.847742975 0.0388199985 -0.573674977 0.818916976 0.0164950006 -0.573674977 0.818916976 0.0164950006 -0.573674977 0.818916976 0.0164950006 -0.00330900005 0.0219810009 -0.999752998 -0.00330900005 0.0219810009 -0.999752998 -0.00330900005 0.0219810009 -0.999752998 -0.00330900005 0.0219810009 -0.999752998 -0.00330900005 0.0219810009 -0.999752998 -0.00330900005 0.0219810009 -0.999752998 -0.0020359999 0.0220599994 -0.999755025 -0.0020359999 0.0220599994 -0.999755025 -0.0020359999 0.0220599994 -0.999755025 -0.0020359999 0.0220599994 -0.999755025 -0.0020359999 0.0220599994 -0.999755025 -0.0020359999 0.0220599994 -0.999755025 -0.00348099996 0.0196020007 -0.999801993 -0.00348099996 0.0196020007 -0.999801993 -0.00348099996 0.0196020007 -0.999801993 -0.00348099996 0.0196020007 -0.999801993 -0.00348099996 0.0196020007 -0.999801993 -0.00348099996 0.0196020007 -0.999801993 -0.00355100003 0.0206170008 -0.999781013 -0.00355100003 0.0206170008 -0.999781013 -0.00355100003 0.0206170008 -0.999781013 -0.00355100003 0.0206170008 -0.999781013 -0.00355100003 0.0206170008 -0.999781013 -0.00355100003 0.0206170008 -0.999781013 -0.00314499997 0.0219790004 -0.999752998 -0.00314499997 0.0219790004 -0.999752998 -0.00314499997 0.0219790004 -0.999752998 -0.00314499997 0.0219790004 -0.999752998 -0.00314499997 0.0219790004 -0.999752998 -0.00314499997 0.0219790004 -0.999752998 -0.003455 0.0273669995 -0.999619007 -0.003455 0.0273669995 -0.999619007 -0.003455 0.0273669995 -0.999619007 -0.003455 0.0273669995 -0.999619007 -0.003455 0.0273669995 -0.999619007 -0.003455 0.0273669995 -0.999619007 0.146366999 0.950803995 0.272987992 0.141118005 0.983000994 0.117160998 0.173498005 0.981016994 0.0862450004 0.146366999 0.950803995 0.272987992 0.173498005 0.981016994 0.0862450004 0.159673005 0.947386026 0.277383 0.120150998 0.948912024 0.291696012 0.116733 0.980377018 0.158695996 0.141118005 0.983000994 0.117160998 0.120150998 0.948912024 0.291696012 0.141118005 0.983000994 0.117160998 0.146366999 0.950803995 0.272987992 0.0637229979 0.982726991 0.17362 0.116733 0.980377018 0.158695996 0.120150998 0.948912024 0.291696012 0.0637229979 0.982726991 0.17362 0.120150998 0.948912024 0.291696012 0.0559399985 0.952574015 0.299111992 0.0281990003 0.985351026 0.168096006 0.0637229979 0.982726991 0.17362 0.0559399985 0.952574015 0.299111992 0.0281990003 0.985351026 0.168096006 0.0559399985 0.952574015 0.299111992 0.0161140002 0.955321014 0.295053005 -0.528946996 0.847742975 0.0388199985 -0.529587984 0.839778006 0.119419001 -0.618212998 0.785576999 0.0256360006 -0.00257400004 0.0217950009 -0.999759018 -0.00257400004 0.0217950009 -0.999759018 -0.00257400004 0.0217950009 -0.999759018 -0.00257400004 0.0217950009 -0.999759018 -0.00257400004 0.0217950009 -0.999759018 -0.00257400004 0.0217950009 -0.999759018 -0.00338199991 0.0217940006 -0.999756992 -0.00338199991 0.0217940006 -0.999756992 -0.00338199991 0.0217940006 -0.999756992 -0.00338199991 0.0217940006 -0.999756992 -0.00338199991 0.0217940006 -0.999756992 -0.00338199991 0.0217940006 -0.999756992 -0.00204499997 0.0217959993 -0.999759972 -0.00204499997 0.0217959993 -0.999759972 -0.00204499997 0.0217959993 -0.999759972 -0.00204499997 0.0217959993 -0.999759972 -0.00204499997 0.0217959993 -0.999759972 -0.00204499997 0.0217959993 -0.999759972 -0.00341499993 0.0217429996 -0.999758005 -0.00341499993 0.0217429996 -0.999758005 -0.00341499993 0.0217429996 -0.999758005 -0.00341499993 0.0217429996 -0.999758005 -0.00341499993 0.0217429996 -0.999758005 -0.00341499993 0.0217429996 -0.999758005 0.99990797 0.0129089998 -0.00271599996 0.998596013 0.0139159998 -0.050508 0.998596013 0.0139159998 -0.050508 0.99990797 0.0129089998 -0.00271599996 0.998596013 0.0139159998 -0.050508 0.99990797 0.0129089998 -0.00271599996 0.134617001 0.990661025 0.0213019997 0.128207996 0.991515994 0.0212709997 0.128207996 0.991515994 0.0211800002 0.134617001 0.990661025 0.0213019997 0.128207996 0.991515994 0.0211800002 0.134617001 0.990661025 0.0211490002 0.128207996 0.991515994 0.0212709997 0.107761003 0.993927002 0.0213019997 0.107761003 0.993927002 0.0213019997 0.128207996 0.991515994 0.0212709997 0.107761003 0.993927002 0.0213019997 0.128207996 0.991515994 0.0211800002 0.107761003 0.993927002 0.0213019997 0.0648519993 0.997650027 0.0215460006 0.0648519993 0.997650027 0.0215160009 0.107761003 0.993927002 0.0213019997 0.0648519993 0.997650027 0.0215160009 0.107761003 0.993927002 0.0213019997 0.0648519993 0.997650027 0.0215460006 0.0358900018 0.99911499 0.0216680001 0.0358900018 0.99911499 0.0216380004 0.0648519993 0.997650027 0.0215460006 0.0358900018 0.99911499 0.0216380004 0.0648519993 0.997650027 0.0215160009 -0.00714100013 -0.999724984 -0.0217599999 -0.00714100013 -0.999724984 -0.0217289999 0.0637530014 -0.997711003 -0.0219119992 -0.00714100013 -0.999724984 -0.0217599999 0.0637530014 -0.997711003 -0.0219119992 0.0637530014 -0.997711003 -0.0219119992 0.0637530014 -0.997711003 -0.0219119992 0.0637530014 -0.997711003 -0.0219119992 0.118748002 -0.99267602 -0.0219429992 0.0637530014 -0.997711003 -0.0219119992 0.118748002 -0.99267602 -0.0219429992 0.118748002 -0.99267602 -0.0219730008 0.132023007 -0.990997016 -0.0219730008 0.118748002 -0.99267602 -0.0219730008 0.118748002 -0.99267602 -0.0219429992 0.132023007 -0.990997016 -0.0219730008 0.118748002 -0.99267602 -0.0219429992 0.132023007 -0.990997016 -0.0219429992 0.132023007 -0.990997016 -0.0219730008 0.132023007 -0.990997016 -0.0219429992 0.101595998 -0.99456799 -0.0219429992 0.132023007 -0.990997016 -0.0219730008 0.101595998 -0.99456799 -0.0219429992 0.101627 -0.99456799 -0.0219429992 0.101627 -0.99456799 -0.0219429992 0.101595998 -0.99456799 -0.0219429992 0.0648820028 -0.997650027 -0.0219119992 0.101627 -0.99456799 -0.0219429992 0.0648820028 -0.997650027 -0.0219119992 0.0648820028 -0.997650027 -0.0219119992 0.0648820028 -0.997650027 -0.0219119992 0.0648820028 -0.997650027 -0.0219119992 0.0546890013 -0.998260021 -0.0218819994 0.0648820028 -0.997650027 -0.0219119992 0.0546890013 -0.998260021 -0.0218819994 0.0546890013 -0.998260021 -0.0219119992 -0.907070994 0.420758992 0.0119019998 -0.907041013 0.420819998 0.0119019998 -0.981109023 0.193242997 0.00717200013 -0.907070994 0.420758992 0.0119019998 -0.981109023 0.193242997 0.00717200013 -0.981109023 0.193242997 0.00717200013 -0.981109023 0.193242997 0.00717200013 -0.981109023 0.193242997 0.00717200013 -0.999359012 0.0351880006 0.00378399994 -0.981109023 0.193242997 0.00717200013 -0.999359012 0.0351880006 0.00378399994 -0.999359012 0.0351880006 0.00378399994 -0.999359012 0.0351880006 0.00378399994 -0.999359012 0.0351880006 0.00378399994 -0.999969006 -0.00326499995 0.00292999996 -0.999359012 0.0351880006 0.00378399994 -0.999969006 -0.00326499995 0.00292999996 -0.999969006 -0.00326499995 0.00292999996 0.136021003 -0.96359098 -0.230110005 0.115328997 -0.967009008 -0.227057993 0.113346003 -0.91286999 -0.392132014 0.136021003 -0.96359098 -0.230110005 0.113346003 -0.91286999 -0.392132014 0.139225006 -0.907253981 -0.396831989 0.0565810017 -0.973753989 -0.220312998 0.0646990016 -0.971313 -0.228766993 0.0601829998 -0.913784981 -0.401654005 0.0565810017 -0.973753989 -0.220312998 0.0601829998 -0.913784981 -0.401654005 0.0419320017 -0.92196399 -0.384959996 0.0646990016 -0.971313 -0.228766993 0.104556002 -0.966032982 -0.236243993 0.108645998 -0.904447019 -0.412458003 0.0646990016 -0.971313 -0.228766993 0.108645998 -0.904447019 -0.412458003 0.0601829998 -0.913784981 -0.401654005 0.104556002 -0.966032982 -0.236243993 0.136021003 -0.96359098 -0.230110005 0.139225006 -0.907253981 -0.396831989 0.104556002 -0.966032982 -0.236243993 0.139225006 -0.907253981 -0.396831989 0.108645998 -0.904447019 -0.412458003 -0.0162359998 -0.912046015 -0.409711003 0.0524309985 -0.915341973 -0.399181992 0.0567639992 -0.970061004 -0.236000001 -0.0162359998 -0.912046015 -0.409711003 0.0567639992 -0.970061004 -0.236000001 -0.0123910001 -0.968566 -0.248359993 0.0524309985 -0.915341973 -0.399181992 0.113346003 -0.91286999 -0.392132014 0.115328997 -0.967009008 -0.227057993 0.0524309985 -0.915341973 -0.399181992 0.115328997 -0.967009008 -0.227057993 0.0567639992 -0.970061004 -0.236000001 0.0400100015 -0.723623991 -0.689015985 0.0524309985 -0.915341973 -0.399181992 -0.0162359998 -0.912046015 -0.409711003 0.0400100015 -0.723623991 -0.689015985 -0.0162359998 -0.912046015 -0.409711003 -0.0251780003 -0.716543972 -0.697043002 0.106082 -0.725454986 -0.680013001 0.113346003 -0.91286999 -0.392132014 0.0524309985 -0.915341973 -0.399181992 0.106082 -0.725454986 -0.680013001 0.0524309985 -0.915341973 -0.399181992 0.0400100015 -0.723623991 -0.689015985 0.142337993 -0.722097993 -0.676931024 0.139225006 -0.907253981 -0.396831989 0.113346003 -0.91286999 -0.392132014 0.142337993 -0.722097993 -0.676931024 0.113346003 -0.91286999 -0.392132014 0.106082 -0.725454986 -0.680013001 0.115970001 -0.731742024 -0.671621025 0.108645998 -0.904447019 -0.412458003 0.139225006 -0.907253981 -0.396831989 0.115970001 -0.731742024 -0.671621025 0.139225006 -0.907253981 -0.396831989 0.142337993 -0.722097993 -0.676931024 0.048494 -0.749413013 -0.66029799 0.0601829998 -0.913784981 -0.401654005 0.108645998 -0.904447019 -0.412458003 0.048494 -0.749413013 -0.66029799 0.108645998 -0.904447019 -0.412458003 0.115970001 -0.731742024 -0.671621025 0.0117499996 -0.764945984 -0.643940985 0.0419320017 -0.92196399 -0.384959996 0.0601829998 -0.913784981 -0.401654005 0.0117499996 -0.764945984 -0.643940985 0.0601829998 -0.913784981 -0.401654005 0.048494 -0.749413013 -0.66029799 -0.0251780003 -0.716543972 -0.697043002 -0.0322889984 -0.416272014 -0.908658028 0.0327459984 -0.439801991 -0.897458017 -0.0251780003 -0.716543972 -0.697043002 0.0327459984 -0.439801991 -0.897458017 0.0400100015 -0.723623991 -0.689015985 0.109683998 -0.452802986 -0.884823024 0.106082 -0.725454986 -0.680013001 0.0400100015 -0.723623991 -0.689015985 0.109683998 -0.452802986 -0.884823024 0.0400100015 -0.723623991 -0.689015985 0.0327459984 -0.439801991 -0.897458017 0.145237997 -0.458876014 -0.876522005 0.142337993 -0.722097993 -0.676931024 0.106082 -0.725454986 -0.680013001 0.145237997 -0.458876014 -0.876522005 0.106082 -0.725454986 -0.680013001 0.109683998 -0.452802986 -0.884823024 0.119419001 -0.488754004 -0.864193022 0.115970001 -0.731742024 -0.671621025 0.142337993 -0.722097993 -0.676931024 0.119419001 -0.488754004 -0.864193022 0.142337993 -0.722097993 -0.676931024 0.145237997 -0.458876014 -0.876522005 0.0430620015 -0.521103978 -0.852382004 0.048494 -0.749413013 -0.66029799 0.115970001 -0.731742024 -0.671621025 0.0430620015 -0.521103978 -0.852382004 0.115970001 -0.731742024 -0.671621025 0.119419001 -0.488754004 -0.864193022 -0.00473000016 -0.531845987 -0.846796989 0.0117499996 -0.764945984 -0.643940985 0.048494 -0.749413013 -0.66029799 -0.00473000016 -0.531845987 -0.846796989 0.048494 -0.749413013 -0.66029799 0.0430620015 -0.521103978 -0.852382004 0.0327459984 -0.439801991 -0.897458017 -0.0322889984 -0.416272014 -0.908658028 -0.0227669999 -0.104556002 -0.994231999 0.0327459984 -0.439801991 -0.897458017 -0.0227669999 -0.104556002 -0.994231999 0.0453809984 -0.138646007 -0.989287972 0.144016996 0.84780401 -0.510330021 0.150944993 0.85442698 -0.497146994 0.158115998 0.958585978 -0.236824006 0.144016996 0.84780401 -0.510330021 0.158115998 0.958585978 -0.236824006 0.144841 0.961790979 -0.232215002 0.111575998 0.853420019 -0.509078979 0.144016996 0.84780401 -0.510330021 0.144841 0.961790979 -0.232215002 0.111575998 0.853420019 -0.509078979 0.144841 0.961790979 -0.232215002 0.118533999 0.960722983 -0.250831991 0.0542620011 0.96469003 -0.257667989 0.039154999 0.857509017 -0.512925029 0.111575998 0.853420019 -0.509078979 0.0542620011 0.96469003 -0.257667989 0.111575998 0.853420019 -0.509078979 0.118533999 0.960722983 -0.250831991 0.0144349998 0.967253983 -0.25327301 -0.00540200016 0.856837988 -0.515519023 0.039154999 0.857509017 -0.512925029 0.0144349998 0.967253983 -0.25327301 0.039154999 0.857509017 -0.512925029 0.0542620011 0.96469003 -0.257667989 0.00244099996 0.636677027 -0.771080971 0.0401620008 0.631641984 -0.774194002 0.039154999 0.857509017 -0.512925029 0.00244099996 0.636677027 -0.771080971 0.039154999 0.857509017 -0.512925029 -0.00540200016 0.856837988 -0.515519023 0.0217289999 0.261878997 -0.964842975 0.0495619997 0.244118005 -0.968473971 0.0401620008 0.631641984 -0.774194002 0.0217289999 0.261878997 -0.964842975 0.0401620008 0.631641984 -0.774194002 0.00244099996 0.636677027 -0.771080971 0.00924700033 -0.180852994 -0.983458996 0.0466930009 -0.176519006 -0.98318398 0.0495619997 0.244118005 -0.968473971 0.00924700033 -0.180852994 -0.983458996 0.0495619997 0.244118005 -0.968473971 0.0217289999 0.261878997 -0.964842975 0.0430620015 -0.521103978 -0.852382004 0.0466930009 -0.176519006 -0.98318398 0.00924700033 -0.180852994 -0.983458996 0.0430620015 -0.521103978 -0.852382004 0.00924700033 -0.180852994 -0.983458996 -0.00473000016 -0.531845987 -0.846796989 0.112613 -0.159856007 -0.980682015 0.0466930009 -0.176519006 -0.98318398 0.0430620015 -0.521103978 -0.852382004 0.112613 -0.159856007 -0.980682015 0.0430620015 -0.521103978 -0.852382004 0.119419001 -0.488754004 -0.864193022 0.145237997 -0.458876014 -0.876522005 0.143283993 -0.138554007 -0.979919016 0.112613 -0.159856007 -0.980682015 0.145237997 -0.458876014 -0.876522005 0.112613 -0.159856007 -0.980682015 0.119419001 -0.488754004 -0.864193022 0.109683998 -0.452802986 -0.884823024 0.116947003 -0.134037003 -0.984039009 0.143283993 -0.138554007 -0.979919016 0.109683998 -0.452802986 -0.884823024 0.143283993 -0.138554007 -0.979919016 0.145237997 -0.458876014 -0.876522005 0.0453809984 -0.138646007 -0.989287972 0.116947003 -0.134037003 -0.984039009 0.109683998 -0.452802986 -0.884823024 0.0453809984 -0.138646007 -0.989287972 0.109683998 -0.452802986 -0.884823024 0.0327459984 -0.439801991 -0.897458017 0.0401620008 0.631641984 -0.774194002 0.103793003 0.625813007 -0.773002982 0.111575998 0.853420019 -0.509078979 0.0401620008 0.631641984 -0.774194002 0.111575998 0.853420019 -0.509078979 0.039154999 0.857509017 -0.512925029 0.103519 0.238593996 -0.96557498 0.0495619997 0.244118005 -0.968473971 0.0466930009 -0.176519006 -0.98318398 0.103519 0.238593996 -0.96557498 0.0466930009 -0.176519006 -0.98318398 0.112613 -0.159856007 -0.980682015 0.0495619997 0.244118005 -0.968473971 0.103519 0.238593996 -0.96557498 0.103793003 0.625813007 -0.773002982 0.0495619997 0.244118005 -0.968473971 0.103793003 0.625813007 -0.773002982 0.0401620008 0.631641984 -0.774194002 0.112613 -0.159856007 -0.980682015 0.143283993 -0.138554007 -0.979919016 0.141269997 0.236091003 -0.961394012 0.112613 -0.159856007 -0.980682015 0.141269997 0.236091003 -0.961394012 0.103519 0.238593996 -0.96557498 0.141269997 0.236091003 -0.961394012 0.143283993 -0.138554007 -0.979919016 0.116947003 -0.134037003 -0.984039009 0.141269997 0.236091003 -0.961394012 0.116947003 -0.134037003 -0.984039009 0.122074001 0.178503007 -0.976318002 0.116947003 -0.134037003 -0.984039009 0.0453809984 -0.138646007 -0.989287972 0.0695820004 0.147832006 -0.986540973 0.116947003 -0.134037003 -0.984039009 0.0695820004 0.147832006 -0.986540973 0.122074001 0.178503007 -0.976318002 0.141269997 0.236091003 -0.961394012 0.148991004 0.610157013 -0.778129995 0.103793003 0.625813007 -0.773002982 0.141269997 0.236091003 -0.961394012 0.103793003 0.625813007 -0.773002982 0.103519 0.238593996 -0.96557498 0.144016996 0.84780401 -0.510330021 0.111575998 0.853420019 -0.509078979 0.103793003 0.625813007 -0.773002982 0.144016996 0.84780401 -0.510330021 0.103793003 0.625813007 -0.773002982 0.148991004 0.610157013 -0.778129995 0.141269997 0.236091003 -0.961394012 0.122074001 0.178503007 -0.976318002 0.115207002 0.363902986 -0.924252987 0.141269997 0.236091003 -0.961394012 0.115207002 0.363902986 -0.924252987 0.148991004 0.610157013 -0.778129995 0.0453809984 -0.138646007 -0.989287972 -0.0227669999 -0.104556002 -0.994231999 0.00750799989 0.157628 -0.987456977 0.0453809984 -0.138646007 -0.989287972 0.00750799989 0.157628 -0.987456977 0.0695820004 0.147832006 -0.986540973 0.00750799989 0.157628 -0.987456977 0.0315559991 0.318796009 -0.947264016 0.0695820004 0.147832006 -0.986540973 0.0695820004 0.147832006 -0.986540973 0.0315559991 0.318796009 -0.947264016 0.0964080021 0.490370989 -0.866146028 0.0695820004 0.147832006 -0.986540973 0.0964080021 0.490370989 -0.866146028 0.115207002 0.363902986 -0.924252987 0.146579996 0.654987991 -0.741263986 0.148991004 0.610157013 -0.778129995 0.115207002 0.363902986 -0.924252987 0.146579996 0.654987991 -0.741263986 0.115207002 0.363902986 -0.924252987 0.0964080021 0.490370989 -0.866146028 0.0695820004 0.147832006 -0.986540973 0.115207002 0.363902986 -0.924252987 0.122074001 0.178503007 -0.976318002 0.150944993 0.85442698 -0.497146994 0.144016996 0.84780401 -0.510330021 0.148991004 0.610157013 -0.778129995 0.150944993 0.85442698 -0.497146994 0.148991004 0.610157013 -0.778129995 0.146579996 0.654987991 -0.741263986 0.0339060016 -0.0305799991 0.998932004 0.0339060016 -0.0305799991 0.998932004 0.0339060016 -0.0305799991 0.998932004 -0.623706996 0.781517982 0.0134279998 -0.545823991 0.837732971 0.0147099998 -0.548295975 0.836268008 0.00198399997 -0.623706996 0.781517982 0.0134279998 -0.548295975 0.836268008 0.00198399997 -0.591814995 0.805872023 -0.0174260009 -0.576739013 0.816675007 0.0195010006 -0.635975003 0.771447003 0.018708 -0.618243992 0.785852015 0.0122990003 -0.576739013 0.816675007 0.0195010006 -0.618243992 0.785852015 0.0122990003 -0.529069006 0.848537028 0.00128199998 -0.529069006 0.848537028 0.00128199998 -0.530197978 0.844111025 -0.0795620009 -0.498825014 0.866512001 0.0172429997 -0.529069006 0.848537028 0.00128199998 -0.498825014 0.866512001 0.0172429997 -0.499832004 0.865902007 0.0186470002 -0.499832004 0.865902007 0.0186470002 -0.498825014 0.866512001 0.0172429997 -0.500198007 0.865657985 0.0191660002 -0.499832004 0.865902007 0.0186470002 -0.500198007 0.865657985 0.0191660002 -0.501327991 0.865016997 0.0198679995 -0.501327991 0.865016997 0.0198679995 -0.500198007 0.865657985 0.0191660002 -0.548295975 0.836268008 0.00198399997 -0.501327991 0.865016997 0.0198679995 -0.548295975 0.836268008 0.00198399997 -0.545823991 0.837732971 0.0147099998 -0.539415002 0.841762006 0.0199590009 -0.539659023 0.841609001 0.0195930004 -0.64290297 0.765708983 0.0178839993 -0.539415002 0.841762006 0.0199590009 -0.64290297 0.765708983 0.0178839993 -0.621753991 0.782983005 0.0177919995 -0.623706996 0.781517982 0.0134279998 -0.64290297 0.765708983 0.0178839993 -0.539659023 0.841609001 0.0195930004 -0.623706996 0.781517982 0.0134279998 -0.539659023 0.841609001 0.0195930004 -0.545823991 0.837732971 0.0147099998 -0.909421027 0.415784001 0.0069579999 -0.908810973 0.417127013 0.00299099996 -0.981779993 0.189123005 -0.0175180007 -0.909421027 0.415784001 0.0069579999 -0.981779993 0.189123005 -0.0175180007 -0.982330024 0.186986998 -0.00506599993 -0.999297976 0.0346999988 -0.0131529998 -0.982330024 0.186986998 -0.00506599993 -0.981779993 0.189123005 -0.0175180007 -0.999297976 0.0346999988 -0.0131529998 -0.981779993 0.189123005 -0.0175180007 -0.998778999 0.0390640013 -0.0299079996 -0.908810973 0.417127013 0.00299099996 -0.909421027 0.415784001 0.0069579999 -0.78490603 0.619404018 0.0151070002 -0.908810973 0.417127013 0.00299099996 -0.78490603 0.619404018 0.0151070002 -0.779350996 0.626330972 0.0168769993 -0.779350996 0.626330972 0.0168769993 -0.78490603 0.619404018 0.0151070002 -0.64290297 0.765708983 0.0178839993 -0.779350996 0.626330972 0.0168769993 -0.64290297 0.765708983 0.0178839993 -0.623706996 0.781517982 0.0134279998 -0.999481022 -0.00176999997 -0.0316779986 -0.999939024 -0.00295999995 -0.00900300033 -0.999297976 0.0346999988 -0.0131529998 -0.999481022 -0.00176999997 -0.0316779986 -0.999297976 0.0346999988 -0.0131529998 -0.998778999 0.0390640013 -0.0299079996 0.00320399995 -0.0195010006 0.999786019 -0.00680600014 -0.0208139997 0.999755979 0.00241099996 -0.0193789992 0.999786019 0.00320399995 -0.0195010006 0.999786019 0.00241099996 -0.0193789992 0.999786019 0.00320399995 -0.0195010006 0.999786019 0.00189199997 -0.0255750008 0.999664009 0.00259399996 -0.0175480004 0.999817014 -0.000945999986 -0.0182809997 0.999817014 0.00189199997 -0.0255750008 0.999664009 -0.000945999986 -0.0182809997 0.999817014 0.000518999994 -0.0236520004 0.999695003 0.00189199997 -0.0255750008 0.999664009 0.00134299998 -0.0184940007 0.999817014 0.00259399996 -0.0175480004 0.999817014 0.000518999994 -0.0236520004 0.999695003 -0.000945999986 -0.0182809997 0.999817014 -0.00213599997 -0.000274999999 0.999969006 0.000518999994 -0.0236520004 0.999695003 -0.00213599997 -0.000274999999 0.999969006 0.000518999994 -0.0139469998 0.999877989 0.00241099996 -0.0193789992 0.999786019 0.00210599997 -0.014161 0.999877989 0.0103759998 -0.00811799988 0.99990797 0.00241099996 -0.0193789992 0.999786019 -0.00680600014 -0.0208139997 0.999755979 0.00210599997 -0.014161 0.999877989 0.00241099996 -0.0193789992 0.999786019 0.0103759998 -0.00811799988 0.99990797 0.00616500014 -0.0171210002 0.999817014 0.00189199997 -0.0255750008 0.999664009 0.00241099996 -0.0193789992 0.999786019 0.00616500014 -0.0171210002 0.999817014 0.00189199997 -0.0255750008 0.999664009 0.00616500014 -0.0171210002 0.999817014 0.000153000001 -0.0290539991 0.999572992 0.00189199997 -0.0255750008 0.999664009 0.000153000001 -0.0290539991 0.999572992 0.00134299998 -0.0184940007 0.999817014 0.0111999996 -0.0286260005 0.999512017 0.000518999994 -0.0236520004 0.999695003 0.000518999994 -0.0139469998 0.999877989 0.0111999996 -0.0286260005 0.999512017 0.000518999994 -0.0139469998 0.999877989 0.00241099996 -0.0211190004 0.999755979 0.0447099991 -0.0585960001 0.997253001 0.0111999996 -0.0286260005 0.999512017 0.015168 -0.0375070013 0.999176025 0.0447099991 -0.0585960001 0.997253001 0.015168 -0.0375070013 0.999176025 0.0447099991 -0.0585960001 0.997253001 0.0111999996 -0.0286260005 0.999512017 0.00241099996 -0.0211190004 0.999755979 0.015168 -0.0375070013 0.999176025 -0.64290297 0.765708983 0.0178839993 -0.78490603 0.619404018 0.0151070002 -0.784936011 0.619404018 0.0135199996 -0.64290297 0.765708983 0.0178839993 -0.784936011 0.619404018 0.0135199996 -0.621753991 0.782983005 0.0177919995 -0.78490603 0.619404018 0.0151070002 -0.909421027 0.415784001 0.0069579999 -0.907468021 0.419903994 0.0113220001 -0.78490603 0.619404018 0.0151070002 -0.907468021 0.419903994 0.0113220001 -0.784936011 0.619404018 0.0135199996 -0.909421027 0.415784001 0.0069579999 -0.982330024 0.186986998 -0.00506599993 -0.981047988 0.193457007 0.00750799989 -0.909421027 0.415784001 0.0069579999 -0.981047988 0.193457007 0.00750799989 -0.907468021 0.419903994 0.0113220001 -0.999390006 0.0341200009 0.00445599994 -0.981047988 0.193457007 0.00750799989 -0.982330024 0.186986998 -0.00506599993 -0.999390006 0.0341200009 0.00445599994 -0.982330024 0.186986998 -0.00506599993 -0.999297976 0.0346999988 -0.0131529998 -0.999939024 -0.00295999995 -0.00900300033 -0.999969006 -0.00360099995 0.00253299996 -0.999390006 0.0341200009 0.00445599994 -0.999939024 -0.00295999995 -0.00900300033 -0.999390006 0.0341200009 0.00445599994 -0.999297976 0.0346999988 -0.0131529998 -0.591814995 0.805872023 -0.0174260009 -0.548295975 0.836268008 0.00198399997 -0.600757003 0.798394978 -0.040132001 -0.501999021 0.864588976 0.0203249995 -0.576739013 0.816675007 0.0195010006 -0.529069006 0.848537028 0.00128199998 -0.501999021 0.864588976 0.0203249995 -0.529069006 0.848537028 0.00128199998 -0.501999021 0.86461997 0.0203559995 -0.539415002 0.841762006 0.0199590009 -0.501999021 0.864588976 0.0203249995 -0.501999021 0.86461997 0.0203559995 -0.539415002 0.841762006 0.0199590009 -0.501999021 0.86461997 0.0203559995 -0.539659023 0.841609001 0.0195930004 -0.539659023 0.841609001 0.0195930004 -0.501999021 0.86461997 0.0203559995 -0.501327991 0.865016997 0.0198679995 -0.539659023 0.841609001 0.0195930004 -0.501327991 0.865016997 0.0198679995 -0.545823991 0.837732971 0.0147099998 -0.501999021 0.86461997 0.0203559995 -0.529069006 0.848537028 0.00128199998 -0.499832004 0.865902007 0.0186470002 -0.501999021 0.86461997 0.0203559995 -0.499832004 0.865902007 0.0186470002 -0.501327991 0.865016997 0.0198679995 0.00274399994 -0.0215920005 0.999763012 0.00274399994 -0.0215920005 0.999763012 0.00274399994 -0.0215920005 0.999763012 0.00274399994 -0.0215920005 0.999763012 0.00274399994 -0.0215920005 0.999763012 0.00274399994 -0.0215920005 0.999763012 0.00401999988 -0.0215370003 0.999759972 0.00401999988 -0.0215370003 0.999759972 0.00401999988 -0.0215370003 0.999759972 0.00401999988 -0.0215370003 0.999759972 0.00401999988 -0.0215370003 0.999759972 0.00401999988 -0.0215370003 0.999759972 0.0025859999 -0.0240529999 0.999706984 0.0025859999 -0.0240529999 0.999706984 0.0025859999 -0.0240529999 0.999706984 0.0025859999 -0.0240529999 0.999706984 0.0025859999 -0.0240529999 0.999706984 0.0025859999 -0.0240529999 0.999706984 0.00251400005 -0.0230570007 0.999731004 0.00251400005 -0.0230570007 0.999731004 0.00251400005 -0.0230570007 0.999731004 0.00251400005 -0.0230570007 0.999731004 0.00251400005 -0.0230570007 0.999731004 0.00251400005 -0.0230570007 0.999731004 0.00291400007 -0.0216760002 0.999760985 0.00291400007 -0.0216760002 0.999760985 0.00291400007 -0.0216760002 0.999760985 0.00291400007 -0.0216760002 0.999760985 0.00291400007 -0.0216760002 0.999760985 0.00291400007 -0.0216760002 0.999760985 0.00260100001 -0.0162029993 0.999864995 0.00260100001 -0.0162029993 0.999864995 0.00260100001 -0.0162029993 0.999864995 0.00260100001 -0.0162029993 0.999864995 0.00260100001 -0.0162029993 0.999864995 0.00260100001 -0.0162029993 0.999864995 0.00298799993 -0.0220550001 0.999751985 0.00298799993 -0.0220550001 0.999751985 0.00298799993 -0.0220550001 0.999751985 0.00298799993 -0.0220550001 0.999751985 0.00298799993 -0.0220550001 0.999751985 0.00298799993 -0.0220550001 0.999751985 0.00199600006 -0.0228359997 0.999737024 0.00199600006 -0.0228359997 0.999737024 0.00199600006 -0.0228359997 0.999737024 0.00199600006 -0.0228359997 0.999737024 0.00199600006 -0.0228359997 0.999737024 0.00199600006 -0.0228359997 0.999737024 0.144841 0.961790979 -0.232215002 0.158115998 0.958585978 -0.236824006 0.173100993 0.983886003 -0.0444959998 0.144841 0.961790979 -0.232215002 0.173100993 0.983886003 -0.0444959998 0.140538007 0.987213016 -0.0751060024 0.118533999 0.960722983 -0.250831991 0.144841 0.961790979 -0.232215002 0.140538007 0.987213016 -0.0751060024 0.118533999 0.960722983 -0.250831991 0.140538007 0.987213016 -0.0751060024 0.115909003 0.986388981 -0.116549999 0.0628070012 0.989380002 -0.131045997 0.0542620011 0.96469003 -0.257667989 0.118533999 0.960722983 -0.250831991 0.0628070012 0.989380002 -0.131045997 0.118533999 0.960722983 -0.250831991 0.115909003 0.986388981 -0.116549999 0.0273139998 0.991729021 -0.125217006 0.0144349998 0.967253983 -0.25327301 0.0542620011 0.96469003 -0.257667989 0.0273139998 0.991729021 -0.125217006 0.0542620011 0.96469003 -0.257667989 0.0628070012 0.989380002 -0.131045997 -0.529069006 0.848537028 0.00128199998 -0.618243992 0.785852015 0.0122990003 -0.530197978 0.844111025 -0.0795620009 0.00347999996 -0.0217930004 0.999755979 0.00347999996 -0.0217930004 0.999755979 0.00347999996 -0.0217930004 0.999755979 0.00347999996 -0.0217930004 0.999755979 0.00347999996 -0.0217930004 0.999755979 0.00347999996 -0.0217930004 0.999755979 0.00266 -0.0217950009 0.999759018 0.00266 -0.0217950009 0.999759018 0.00266 -0.0217950009 0.999759018 0.00266 -0.0217950009 0.999759018 0.00266 -0.0217950009 0.999759018 0.00266 -0.0217950009 0.999759018 0.00400400022 -0.0217930004 0.999754012 0.00400400022 -0.0217930004 0.999754012 0.00400400022 -0.0217930004 0.999754012 0.00400400022 -0.0217930004 0.999754012 0.00400400022 -0.0217930004 0.999754012 0.00400400022 -0.0217930004 0.999754012 0.00263600005 -0.0217439998 0.999759972 0.00263600005 -0.0217439998 0.999759972 0.00263600005 -0.0217439998 0.999759972 0.00263600005 -0.0217439998 0.999759972 0.00263600005 -0.0217439998 0.999759972 0.00263600005 -0.0217439998 0.999759972 0.99990797 0.0129089998 -0.00271599996 0.99990797 0.0129089998 -0.00271599996 0.99890101 0.0118720001 0.0450449996 0.99990797 0.0129089998 -0.00271599996 0.99890101 0.0118720001 0.0450449996 0.99890101 0.0118720001 0.0450449996 0.134617001 0.990661025 0.0209970009 0.134617001 0.990661025 0.0211490002 0.128207996 0.991515994 0.0211800002 0.134617001 0.990661025 0.0209970009 0.128207996 0.991515994 0.0211800002 0.128207996 0.991515994 0.0211190004 0.128207996 0.991515994 0.0211190004 0.128207996 0.991515994 0.0211800002 0.107761003 0.993927002 0.0213019997 0.128207996 0.991515994 0.0211190004 0.107761003 0.993927002 0.0213019997 0.107761003 0.993927002 0.0212709997 0.107761003 0.993927002 0.0212709997 0.107761003 0.993927002 0.0213019997 0.0648519993 0.997650027 0.0215160009 0.107761003 0.993927002 0.0212709997 0.0648519993 0.997650027 0.0215160009 0.0648519993 0.997650027 0.0214850008 0.0648519993 0.997650027 0.0214850008 0.0648519993 0.997650027 0.0215160009 0.0358900018 0.99911499 0.0216380004 0.0648519993 0.997650027 0.0214850008 0.0358900018 0.99911499 0.0216380004 0.0358900018 0.99911499 0.0216070004 -0.00714100013 -0.999724984 -0.0217289999 0.0637530014 -0.997711003 -0.0218819994 0.0637530014 -0.997711003 -0.0219119992 -0.00714100013 -0.999724984 -0.0217289999 0.0637530014 -0.997711003 -0.0219119992 -0.00714100013 -0.999724984 -0.0217289999 0.118748002 -0.99267602 -0.0219429992 0.0637530014 -0.997711003 -0.0219119992 0.0637530014 -0.997711003 -0.0218819994 0.118748002 -0.99267602 -0.0219429992 0.0637530014 -0.997711003 -0.0218819994 0.118748002 -0.99267602 -0.0219429992 0.132023007 -0.990997016 -0.0219429992 0.132023007 -0.990997016 -0.0219429992 0.118748002 -0.99267602 -0.0219429992 0.132023007 -0.990997016 -0.0219429992 0.118748002 -0.99267602 -0.0219429992 0.118748002 -0.99267602 -0.0219429992 0.132023007 -0.990997016 -0.0219429992 0.101627 -0.99456799 -0.0219429992 0.101595998 -0.99456799 -0.0219429992 0.132023007 -0.990997016 -0.0219429992 0.101595998 -0.99456799 -0.0219429992 0.132023007 -0.990997016 -0.0219429992 0.101627 -0.99456799 -0.0219429992 0.0648820028 -0.997650027 -0.0219119992 0.0648820028 -0.997650027 -0.0219119992 0.101627 -0.99456799 -0.0219429992 0.0648820028 -0.997650027 -0.0219119992 0.101595998 -0.99456799 -0.0219429992 0.0648820028 -0.997650027 -0.0219119992 0.0546890013 -0.998260021 -0.0218819994 0.0546890013 -0.998260021 -0.0218819994 0.0648820028 -0.997650027 -0.0219119992 0.0546890013 -0.998260021 -0.0218819994 0.0648820028 -0.997650027 -0.0219119992 -0.712271988 0.701681972 0.0163579993 -0.786431015 0.617449999 0.0152589995 -0.786369979 0.617511988 0.0158089995 -0.712271988 0.701681972 0.0163579993 -0.786369979 0.617511988 0.0158089995 -0.712271988 0.701650977 0.0174260009 -0.786431015 0.617449999 0.0152589995 -0.907070994 0.420758992 0.0119019998 -0.907041013 0.420819998 0.0119019998 -0.786431015 0.617449999 0.0152589995 -0.907041013 0.420819998 0.0119019998 -0.786369979 0.617511988 0.0158089995 -0.907070994 0.420758992 0.0119019998 -0.981109023 0.193242997 0.00717200013 -0.981109023 0.193242997 0.00717200013 -0.907070994 0.420758992 0.0119019998 -0.981109023 0.193242997 0.00717200013 -0.907041013 0.420819998 0.0119019998 -0.981109023 0.193242997 0.00717200013 -0.999359012 0.0351880006 0.00378399994 -0.999359012 0.0351880006 0.00378399994 -0.981109023 0.193242997 0.00717200013 -0.999359012 0.0351880006 0.00378399994 -0.981109023 0.193242997 0.00717200013 -0.999359012 0.0351880006 0.00378399994 -0.999969006 -0.00326499995 0.00292999996 -0.999969006 -0.00326499995 0.00292999996 -0.999359012 0.0351880006 0.00378399994 -0.999969006 -0.00326499995 0.00292999996 -0.999359012 0.0351880006 0.00378399994 0.999969006 0.00158699998 -0.00299099996 0.999969006 0.00158699998 -0.00299099996 0.999969006 0.000792999985 -0.00299099996 0.999969006 0.00158699998 -0.00299099996 0.999969006 0.000792999985 -0.00299099996 0.999969006 0.000792999985 -0.00299099996 0.999969006 -6.09999988e-05 -0.00302099995 0.999969006 -9.2000002e-05 -0.00302099995 0.999969006 0.00158699998 -0.00299099996 0.999969006 -6.09999988e-05 -0.00302099995 0.999969006 0.00158699998 -0.00299099996 0.999969006 0.00158699998 -0.00299099996 0.999969006 -0.00152599998 -0.00305199996 0.999969006 -0.00158699998 -0.00305199996 0.999969006 -9.2000002e-05 -0.00302099995 0.999969006 -0.00152599998 -0.00305199996 0.999969006 -9.2000002e-05 -0.00302099995 0.999969006 -6.09999988e-05 -0.00302099995 0.999969006 0.00295999995 -0.00295999995 0.999969006 0.00344899995 -0.00292999996 0.999969006 -0.00158699998 -0.00305199996 0.999969006 0.00295999995 -0.00295999995 0.999969006 -0.00158699998 -0.00305199996 0.999969006 -0.00152599998 -0.00305199996 0.999969006 0.00344899995 -0.00292999996 0.999969006 0.00295999995 -0.00295999995 0.999846995 0.0172429997 -0.00262499996 0.999846995 0.0172429997 -0.00262499996 0.999846995 0.0172429997 -0.00262499996 0.999846995 0.0172429997 -0.00262499996 0.999846995 0.0172429997 -0.00262499996 0.999846995 0.0172429997 -0.00262499996 0.999969006 0.00344899995 -0.00292999996 0.999969006 0.000121999998 -0.00302099995 0.999969006 0.000243999995 -0.00299099996 0.999969006 0.000792999985 -0.00299099996 0.999969006 0.000121999998 -0.00302099995 0.999969006 0.000792999985 -0.00299099996 0.999969006 0.000792999985 -0.00299099996 0.999969006 0.00573700015 -0.00289899996 0.999969006 0.00570699992 -0.00289899996 0.999969006 0.000243999995 -0.00299099996 0.999969006 0.00573700015 -0.00289899996 0.999969006 0.000243999995 -0.00299099996 0.999969006 0.000121999998 -0.00302099995 0.999969006 0.0069579999 -0.00286899996 0.999969006 0.0069579999 -0.00286899996 0.999969006 0.0069579999 -0.00286899996 0.999969006 0.0069579999 -0.00286899996 0.999969006 0.00570699992 -0.00289899996 0.999969006 0.00573700015 -0.00289899996 0.999969006 0.0069579999 -0.00286899996 0.999969006 0.00573700015 -0.00289899996 0.999969006 0.0069579999 -0.00286899996 </float_array>
          <technique_common>
            <accessor count="1335" offset="0" source="#shiny_white-normals-array" stride="3">
              <param name="X" type="float" />
              <param name="Y" type="float" />
              <param name="Z" type="float" />
            </accessor>
          </technique_common>
        </source>
        <source id="shiny_white-tex0" name="shiny_white-tex0">
          <float_array id="shiny_white-tex0-array" count="2670"> 0.0931920037 0.216005027 0.138719007 0.22874099 0.119234003 0.293175995 0.0931920037 0.216005027 0.119234003 0.293175995 0.0718349963 0.280535996 0.152704 0.022890985 0.190327004 0.0329970121 0.174991995 0.0988950133 0.152704 0.022890985 0.174991995 0.0988950133 0.134623006 0.0879700184 0.134623006 0.0879700184 0.174991995 0.0988950133 0.158732995 0.164313972 0.134623006 0.0879700184 0.158732995 0.164313972 0.115024 0.152140021 0.138719007 0.22874099 0.0931920037 0.216005027 0.115024 0.152140021 0.138719007 0.22874099 0.115024 0.152140021 0.158732995 0.164313972 0.0823040009 0.450532973 0.0312319994 0.440430999 0.0458270013 0.372476995 0.0823040009 0.450532973 0.0458270013 0.372476995 0.0952330008 0.385424972 0.0952330008 0.385424972 0.0458270013 0.372476995 0.0718349963 0.280535996 0.0952330008 0.385424972 0.0718349963 0.280535996 0.119234003 0.293175995 0.145403996 0.400117993 0.132818997 0.461373985 0.0823040009 0.450532973 0.145403996 0.400117993 0.0823040009 0.450532973 0.0952330008 0.385424972 0.166197002 0.305585027 0.145403996 0.400117993 0.0952330008 0.385424972 0.166197002 0.305585027 0.0952330008 0.385424972 0.119234003 0.293175995 0.182576001 0.240405023 0.166197002 0.305585027 0.119234003 0.293175995 0.182576001 0.240405023 0.119234003 0.293175995 0.138719007 0.22874099 0.194259003 0.173492014 0.182576001 0.240405023 0.138719007 0.22874099 0.194259003 0.173492014 0.138719007 0.22874099 0.158732995 0.164313972 0.207149997 0.104583025 0.194259003 0.173492014 0.158732995 0.164313972 0.207149997 0.104583025 0.158732995 0.164313972 0.174991995 0.0988950133 0.218017995 0.0400599837 0.207149997 0.104583025 0.174991995 0.0988950133 0.218017995 0.0400599837 0.174991995 0.0988950133 0.190327004 0.0329970121 0.132818997 0.461373985 0.145403996 0.400117993 0.202088997 0.410933018 0.132818997 0.461373985 0.202088997 0.410933018 0.193499997 0.465040982 0.215276003 0.315638006 0.202088997 0.410933018 0.145403996 0.400117993 0.215276003 0.315638006 0.145403996 0.400117993 0.166197002 0.305585027 0.227642998 0.246649027 0.215276003 0.315638006 0.166197002 0.305585027 0.227642998 0.246649027 0.166197002 0.305585027 0.182576001 0.240405023 0.23748 0.181465983 0.227642998 0.246649027 0.182576001 0.240405023 0.23748 0.181465983 0.182576001 0.240405023 0.194259003 0.173492014 0.247199997 0.111458004 0.23748 0.181465983 0.194259003 0.173492014 0.247199997 0.111458004 0.194259003 0.173492014 0.207149997 0.104583025 0.258028001 0.0487769842 0.247199997 0.111458004 0.207149997 0.104583025 0.258028001 0.0487769842 0.207149997 0.104583025 0.218017995 0.0400599837 0.202088997 0.410933018 0.246850997 0.405855 0.242495 0.465040028 0.202088997 0.410933018 0.242495 0.465040028 0.193499997 0.465040982 0.433169007 0.25612998 0.474245012 0.237469971 0.475118011 0.263628006 0.433169007 0.25612998 0.475118011 0.263628006 0.434141994 0.282198012 0.433189005 0.192861021 0.474034011 0.19184798 0.474245012 0.237469971 0.433189005 0.192861021 0.474245012 0.237469971 0.433169007 0.25612998 0.473434001 0.138520002 0.474034011 0.19184798 0.433189005 0.192861021 0.473434001 0.138520002 0.433189005 0.192861021 0.432631999 0.136447012 0.475373 0.0750089884 0.473434001 0.138520002 0.432631999 0.136447012 0.475373 0.0750089884 0.432631999 0.136447012 0.434751987 0.0728049874 0.399511009 0.0702059865 0.434751987 0.0728049874 0.432631999 0.136447012 0.399511009 0.0702059865 0.432631999 0.136447012 0.389591992 0.133863986 0.352396011 0.0643969774 0.399511009 0.0702059865 0.389591992 0.133863986 0.352396011 0.0643969774 0.389591992 0.133863986 0.340119004 0.127255976 0.30064401 0.0567309856 0.352396011 0.0643969774 0.340119004 0.127255976 0.30064401 0.0567309856 0.340119004 0.127255976 0.291514009 0.119259 0.247199997 0.111458004 0.258028001 0.0487769842 0.30064401 0.0567309856 0.247199997 0.111458004 0.30064401 0.0567309856 0.291514009 0.119259 0.280602992 0.191798985 0.23748 0.181465983 0.247199997 0.111458004 0.280602992 0.191798985 0.247199997 0.111458004 0.291514009 0.119259 0.227642998 0.246649027 0.23748 0.181465983 0.280602992 0.191798985 0.227642998 0.246649027 0.280602992 0.191798985 0.270783007 0.255711973 0.215276003 0.315638006 0.227642998 0.246649027 0.270783007 0.255711973 0.215276003 0.315638006 0.270783007 0.255711973 0.260863006 0.329645991 0.246850997 0.405855 0.202088997 0.410933018 0.215276003 0.315638006 0.246850997 0.405855 0.215276003 0.315638006 0.260863006 0.329645991 0.389591992 0.133863986 0.432631999 0.136447012 0.433189005 0.192861021 0.389591992 0.133863986 0.433189005 0.192861021 0.383300006 0.193858027 0.331413001 0.193844974 0.280602992 0.191798985 0.291514009 0.119259 0.331413001 0.193844974 0.291514009 0.119259 0.340119004 0.127255976 0.340119004 0.127255976 0.389591992 0.133863986 0.383300006 0.193858027 0.340119004 0.127255976 0.383300006 0.193858027 0.331413001 0.193844974 0.280602992 0.191798985 0.331413001 0.193844974 0.321049988 0.268568993 0.280602992 0.191798985 0.321049988 0.268568993 0.270783007 0.255711973 0.321049988 0.268568993 0.303052992 0.343659997 0.260863006 0.329645991 0.321049988 0.268568993 0.260863006 0.329645991 0.270783007 0.255711973 0.260863006 0.329645991 0.303052992 0.343659997 0.296003014 0.374226987 0.260863006 0.329645991 0.296003014 0.374226987 0.246850997 0.405855 0.321049988 0.268568993 0.331413001 0.193844974 0.383300006 0.193858027 0.321049988 0.268568993 0.383300006 0.193858027 0.37666899 0.294139028 0.433169007 0.25612998 0.37666899 0.294139028 0.383300006 0.193858027 0.433169007 0.25612998 0.383300006 0.193858027 0.433189005 0.192861021 0.321049988 0.268568993 0.37666899 0.294139028 0.323484987 0.354645014 0.321049988 0.268568993 0.323484987 0.354645014 0.303052992 0.343659997 0.246850997 0.405855 0.296003014 0.374226987 0.28144899 0.449391007 0.246850997 0.405855 0.28144899 0.449391007 0.242495 0.465040028 0.28144899 0.449391007 0.296003014 0.374226987 0.305563986 0.417457998 0.296003014 0.374226987 0.323484987 0.354645014 0.343596011 0.365700006 0.296003014 0.374226987 0.343596011 0.365700006 0.305563986 0.417457998 0.377297997 0.325869024 0.343596011 0.365700006 0.323484987 0.354645014 0.377297997 0.325869024 0.323484987 0.354645014 0.37666899 0.294139028 0.296003014 0.374226987 0.303052992 0.343659997 0.323484987 0.354645014 0.434141994 0.282198012 0.377297997 0.325869024 0.37666899 0.294139028 0.434141994 0.282198012 0.37666899 0.294139028 0.433169007 0.25612998 0.0202210005 0.824661016 0.0239909999 0.808939993 0.0332549997 0.815358996 0.239618003 0.860933006 0.237919003 0.845978975 0.266173005 0.831928015 0.239618003 0.860933006 0.266173005 0.831928015 0.260008991 0.860872984 0.365310997 0.948545992 0.359611005 0.907646 0.401317 0.930886984 0.365310997 0.948545992 0.401317 0.930886984 0.404697001 0.949084997 0.359611005 0.907646 0.338784993 0.881926 0.356691003 0.866751015 0.359611005 0.907646 0.356691003 0.866751015 0.387791008 0.896331012 0.338784993 0.881926 0.306623012 0.866410017 0.318576008 0.84761399 0.338784993 0.881926 0.318576008 0.84761399 0.356691003 0.866751015 0.306623012 0.866410017 0.260008991 0.860872984 0.266173005 0.831928015 0.306623012 0.866410017 0.266173005 0.831928015 0.318576008 0.84761399 0.260235012 0.948105991 0.238029003 0.946346998 0.240014002 0.902179003 0.260235012 0.948105991 0.240014002 0.902179003 0.261231005 0.902846992 0.239618003 0.860933006 0.260008991 0.860872984 0.261231005 0.902846992 0.239618003 0.860933006 0.261231005 0.902846992 0.240014002 0.902179003 0.164523005 0.900632024 0.122642003 0.901199996 0.123529002 0.860976994 0.164523005 0.900632024 0.123529002 0.860976994 0.165505007 0.860473037 0.0841770023 0.900690019 0.0875310004 0.861670971 0.123529002 0.860976994 0.0841770023 0.900690019 0.123529002 0.860976994 0.122642003 0.901199996 0.165505007 0.860473037 0.203510001 0.860680997 0.201294005 0.901453972 0.165505007 0.860473037 0.201294005 0.901453972 0.164523005 0.900632024 0.203510001 0.860680997 0.239618003 0.860933006 0.240014002 0.902179003 0.203510001 0.860680997 0.240014002 0.902179003 0.201294005 0.901453972 0.0722969994 0.861263037 0.0875310004 0.861670971 0.0841770023 0.900690019 0.0722969994 0.861263037 0.0841770023 0.900690019 0.0456929989 0.902782977 0.203033999 0.809615016 0.193239003 0.82021898 0.160595 0.805034995 0.203033999 0.809615016 0.160595 0.805034995 0.212451994 0.781168997 0.123582996 0.797343016 0.0819469988 0.800256968 0.0459810011 0.691229999 0.123582996 0.797343016 0.0459810011 0.691229999 0.0784609988 0.670262992 0.123582996 0.797343016 0.0784609988 0.670262992 0.107539997 0.66456902 0.0819469988 0.800256968 0.0291070007 0.710505009 0.0459810011 0.691229999 0.0819469988 0.800256968 0.0158290006 0.741330028 0.0291070007 0.710505009 0.160595 0.805034995 0.202219993 0.718071997 0.211721003 0.745716989 0.160595 0.805034995 0.211721003 0.745716989 0.212451994 0.781168997 0.160595 0.805034995 0.187918007 0.697036028 0.202219993 0.718071997 0.123582996 0.797343016 0.149281994 0.670395017 0.187918007 0.697036028 0.123582996 0.797343016 0.187918007 0.697036028 0.160595 0.805034995 0.123582996 0.797343016 0.107539997 0.66456902 0.149281994 0.670395017 0.0474970005 0.810090005 0.0145889996 0.780721009 0.0158290006 0.741330028 0.0474970005 0.810090005 0.0158290006 0.741330028 0.0819469988 0.800256968 0.0332549997 0.815358996 0.0239909999 0.808939993 0.0202520005 0.801070988 0.0332549997 0.815358996 0.0202520005 0.801070988 0.0474970005 0.810090005 0.0474970005 0.810090005 0.0202520005 0.801070988 0.0145889996 0.780721009 0.240014002 0.902179003 0.238029003 0.946346998 0.201345995 0.945927024 0.240014002 0.902179003 0.201345995 0.945927024 0.201294005 0.901453972 0.201294005 0.901453972 0.201345995 0.945927024 0.165026993 0.945879996 0.201294005 0.901453972 0.165026993 0.945879996 0.164523005 0.900632024 0.164523005 0.900632024 0.165026993 0.945879996 0.124342002 0.946208 0.164523005 0.900632024 0.124342002 0.946208 0.122642003 0.901199996 0.0845030025 0.946843028 0.0841770023 0.900690019 0.122642003 0.901199996 0.0845030025 0.946843028 0.122642003 0.901199996 0.124342002 0.946208 0.0456929989 0.902782977 0.0841770023 0.900690019 0.0845030025 0.946843028 0.0456929989 0.902782977 0.0845030025 0.946843028 0.0352640003 0.947745025 0.237919003 0.845978975 0.228479996 0.825060964 0.266173005 0.831928015 0.359611005 0.907646 0.365310997 0.948545992 0.305626005 0.948346972 0.359611005 0.907646 0.305626005 0.948346972 0.306407005 0.905999005 0.260235012 0.948105991 0.261231005 0.902846992 0.306407005 0.905999005 0.260235012 0.948105991 0.306407005 0.905999005 0.305626005 0.948346972 0.261231005 0.902846992 0.260008991 0.860872984 0.306623012 0.866410017 0.261231005 0.902846992 0.306623012 0.866410017 0.306407005 0.905999005 0.306407005 0.905999005 0.306623012 0.866410017 0.338784993 0.881926 0.306407005 0.905999005 0.338784993 0.881926 0.359611005 0.907646 0.238029003 0.946346998 0.260235012 0.948105991 0.238716006 0.947498977 0.0458270013 0.372476995 0.0312319994 0.440430999 0.0294579994 0.437443972 0.0458270013 0.372476995 0.0294579994 0.437443972 0.0436290018 0.371828973 0.0718349963 0.280535996 0.0458270013 0.372476995 0.0436290018 0.371828973 0.0718349963 0.280535996 0.0436290018 0.371828973 0.0684999973 0.283318996 0.0931920037 0.216005027 0.0718349963 0.280535996 0.0684999973 0.283318996 0.0931920037 0.216005027 0.0684999973 0.283318996 0.0904669985 0.216498971 0.115024 0.152140021 0.0931920037 0.216005027 0.0904669985 0.216498971 0.115024 0.152140021 0.0904669985 0.216498971 0.113170996 0.151471019 0.134623006 0.0879700184 0.115024 0.152140021 0.113170996 0.151471019 0.134623006 0.0879700184 0.113170996 0.151471019 0.133104995 0.0870000124 0.152704 0.022890985 0.134623006 0.0879700184 0.133104995 0.0870000124 0.152704 0.022890985 0.133104995 0.0870000124 0.151784003 0.0224999785 0.474245012 0.237469971 0.495608985 0.232632995 0.496684015 0.259159029 0.474245012 0.237469971 0.496684015 0.259159029 0.475118011 0.263628006 0.474034011 0.19184798 0.494942993 0.190286994 0.495608985 0.232632995 0.474034011 0.19184798 0.495608985 0.232632995 0.474245012 0.237469971 0.495146006 0.140151024 0.494942993 0.190286994 0.474034011 0.19184798 0.495146006 0.140151024 0.474034011 0.19184798 0.473434001 0.138520002 0.497004986 0.0757970214 0.495146006 0.140151024 0.473434001 0.138520002 0.497004986 0.0757970214 0.473434001 0.138520002 0.475373 0.0750089884 0.359611005 0.907646 0.387791008 0.896331012 0.401317 0.930886984 0.496684015 0.259159029 0.495608985 0.232632995 0.497900009 0.232194006 0.496684015 0.259159029 0.497900009 0.232194006 0.498149991 0.257852972 0.495608985 0.232632995 0.494942993 0.190286994 0.497696996 0.190015972 0.495608985 0.232632995 0.497696996 0.190015972 0.497900009 0.232194006 0.494942993 0.190286994 0.495146006 0.140151024 0.497893989 0.139925003 0.494942993 0.190286994 0.497893989 0.139925003 0.497696996 0.190015972 0.495146006 0.140151024 0.497004986 0.0757970214 0.499042988 0.075568974 0.495146006 0.140151024 0.499042988 0.075568974 0.497893989 0.139925003 0.499359012 0.259863019 0.496684015 0.259159029 0.498149991 0.257852972 0.499359012 0.259863019 0.498149991 0.257852972 0.499379009 0.257950008 0.498149991 0.257852972 0.497900009 0.232194006 0.499541014 0.232132018 0.498149991 0.257852972 0.499541014 0.232132018 0.499379009 0.257950008 0.497900009 0.232194006 0.497696996 0.190015972 0.499767989 0.190017998 0.497900009 0.232194006 0.499767989 0.190017998 0.499541014 0.232132018 0.497696996 0.190015972 0.497893989 0.139925003 0.499994993 0.139916003 0.497696996 0.190015972 0.499994993 0.139916003 0.499767989 0.190017998 0.497893989 0.139925003 0.499042988 0.075568974 0.500410974 0.0755320191 0.497893989 0.139925003 0.500410974 0.0755320191 0.499994993 0.139916003 0.0294579994 0.437443972 0.0276730005 0.437116027 0.041898001 0.371423006 0.0294579994 0.437443972 0.041898001 0.371423006 0.0436290018 0.371828973 0.0436290018 0.371828973 0.041898001 0.371423006 0.0666690022 0.282871008 0.0436290018 0.371828973 0.0666690022 0.282871008 0.0684999973 0.283318996 0.0904669985 0.216498971 0.0684999973 0.283318996 0.0666690022 0.282871008 0.0904669985 0.216498971 0.0666690022 0.282871008 0.0886759982 0.216050982 0.0904669985 0.216498971 0.0886759982 0.216050982 0.111426003 0.151006997 0.0904669985 0.216498971 0.111426003 0.151006997 0.113170996 0.151471019 0.113170996 0.151471019 0.111426003 0.151006997 0.131381005 0.0865039825 0.113170996 0.151471019 0.131381005 0.0865039825 0.133104995 0.0870000124 0.133104995 0.0870000124 0.131381005 0.0865039825 0.150064006 0.021987021 0.133104995 0.0870000124 0.150064006 0.021987021 0.151784003 0.0224999785 0.163848996 0.950914979 0.163830996 0.952748001 0.123774 0.952871025 0.163848996 0.950914979 0.123774 0.952871025 0.1237 0.951012969 0.1237 0.951012969 0.123774 0.952871025 0.0848129988 0.953392982 0.1237 0.951012969 0.0848129988 0.953392982 0.0846929997 0.951560974 0.0846929997 0.951560974 0.0848129988 0.953392982 0.0372200012 0.954271019 0.0846929997 0.951560974 0.0372200012 0.954271019 0.0371050015 0.952453971 0.905793011 0.220321 0.926575005 0.284978986 0.879024029 0.297182024 0.905793011 0.220321 0.879024029 0.297182024 0.860127985 0.232618988 0.848371983 0.0266360044 0.865786016 0.091899991 0.825321972 0.102409005 0.848371983 0.0266360044 0.825321972 0.102409005 0.810634017 0.0363540053 0.865786016 0.091899991 0.884631991 0.156279981 0.840792 0.168018997 0.865786016 0.091899991 0.840792 0.168018997 0.825321972 0.102409005 0.884631991 0.156279981 0.905793011 0.220321 0.860127985 0.232618988 0.884631991 0.156279981 0.860127985 0.232618988 0.840792 0.168018997 0.914969027 0.454770029 0.902576029 0.389541984 0.952068985 0.377053976 0.914969027 0.454770029 0.952068985 0.377053976 0.966229022 0.445150971 0.902576029 0.389541984 0.879024029 0.297182024 0.926575005 0.284978986 0.902576029 0.389541984 0.926575005 0.284978986 0.952068985 0.377053976 0.852366984 0.403702974 0.902576029 0.389541984 0.914969027 0.454770029 0.852366984 0.403702974 0.914969027 0.454770029 0.864364028 0.465134025 0.831808984 0.309134007 0.879024029 0.297182024 0.902576029 0.389541984 0.831808984 0.309134007 0.902576029 0.389541984 0.852366984 0.403702974 0.816119015 0.243871987 0.860127985 0.232618988 0.879024029 0.297182024 0.816119015 0.243871987 0.879024029 0.297182024 0.831808984 0.309134007 0.805145979 0.176876009 0.840792 0.168018997 0.860127985 0.232618988 0.805145979 0.176876009 0.860127985 0.232618988 0.816119015 0.243871987 0.793174028 0.107770979 0.825321972 0.102409005 0.840792 0.168018997 0.793174028 0.107770979 0.840792 0.168018997 0.805145979 0.176876009 0.78283602 0.043118 0.810634017 0.0363540053 0.825321972 0.102409005 0.78283602 0.043118 0.825321972 0.102409005 0.793174028 0.107770979 0.864364028 0.465134025 0.80369103 0.468230009 0.795777023 0.413971007 0.864364028 0.465134025 0.795777023 0.413971007 0.852366984 0.403702974 0.782404006 0.318750024 0.831808984 0.309134007 0.852366984 0.403702974 0.782404006 0.318750024 0.852366984 0.403702974 0.795777023 0.413971007 0.770955026 0.249707997 0.816119015 0.243871987 0.831808984 0.309134007 0.770955026 0.249707997 0.831808984 0.309134007 0.782404006 0.318750024 0.761983991 0.184311986 0.805145979 0.176876009 0.816119015 0.243871987 0.761983991 0.184311986 0.816119015 0.243871987 0.770955026 0.249707997 0.752982974 0.114140987 0.793174028 0.107770979 0.805145979 0.176876009 0.752982974 0.114140987 0.805145979 0.176876009 0.761983991 0.184311986 0.742606997 0.0514219999 0.78283602 0.043118 0.793174028 0.107770979 0.742606997 0.0514219999 0.793174028 0.107770979 0.752982974 0.114140987 0.795777023 0.413971007 0.80369103 0.468230009 0.754698992 0.467764974 0.795777023 0.413971007 0.754698992 0.467764974 0.751163006 0.408469021 0.565576971 0.257137001 0.564339995 0.283222973 0.523584008 0.264047027 0.565576971 0.257137001 0.523584008 0.264047027 0.524748981 0.237900972 0.566182017 0.193832994 0.565576971 0.257137001 0.524748981 0.237900972 0.566182017 0.193832994 0.524748981 0.237900972 0.525409997 0.192264974 0.526539028 0.138898015 0.567261994 0.137327015 0.566182017 0.193832994 0.526539028 0.138898015 0.566182017 0.193832994 0.525409997 0.192264974 0.525439024 0.0753359795 0.566130996 0.0735809803 0.567261994 0.137327015 0.525439024 0.0753359795 0.567261994 0.137327015 0.526539028 0.138898015 0.601634979 0.0713040233 0.610028028 0.135344028 0.567261994 0.137327015 0.601634979 0.0713040233 0.567261994 0.137327015 0.566130996 0.0735809803 0.648460984 0.0668389797 0.659632981 0.129630029 0.610028028 0.135344028 0.648460984 0.0668389797 0.610028028 0.135344028 0.601634979 0.0713040233 0.699697018 0.0590819716 0.708496988 0.121632993 0.659632981 0.129630029 0.699697018 0.0590819716 0.659632981 0.129630029 0.648460984 0.0668389797 0.752982974 0.114140987 0.708496988 0.121632993 0.699697018 0.0590819716 0.752982974 0.114140987 0.699697018 0.0590819716 0.742606997 0.0514219999 0.718757987 0.19411701 0.708496988 0.121632993 0.752982974 0.114140987 0.718757987 0.19411701 0.752982974 0.114140987 0.761983991 0.184311986 0.770955026 0.249707997 0.727653027 0.258053005 0.718757987 0.19411701 0.770955026 0.249707997 0.718757987 0.19411701 0.761983991 0.184311986 0.782404006 0.318750024 0.736736 0.332210004 0.727653027 0.258053005 0.782404006 0.318750024 0.727653027 0.258053005 0.770955026 0.249707997 0.751163006 0.408469021 0.736736 0.332210004 0.782404006 0.318750024 0.751163006 0.408469021 0.782404006 0.318750024 0.795777023 0.413971007 0.610028028 0.135344028 0.616025984 0.195508003 0.566182017 0.193832994 0.610028028 0.135344028 0.566182017 0.193832994 0.567261994 0.137327015 0.667856991 0.196038008 0.659632981 0.129630029 0.708496988 0.121632993 0.667856991 0.196038008 0.708496988 0.121632993 0.718757987 0.19411701 0.659632981 0.129630029 0.667856991 0.196038008 0.616025984 0.195508003 0.659632981 0.129630029 0.616025984 0.195508003 0.610028028 0.135344028 0.718757987 0.19411701 0.727653027 0.258053005 0.677434981 0.270928025 0.718757987 0.19411701 0.677434981 0.270928025 0.667856991 0.196038008 0.677434981 0.270928025 0.727653027 0.258053005 0.736736 0.332210004 0.677434981 0.270928025 0.736736 0.332210004 0.694774985 0.346249998 0.736736 0.332210004 0.751163006 0.408469021 0.701885998 0.376680017 0.736736 0.332210004 0.701885998 0.376680017 0.694774985 0.346249998 0.677434981 0.270928025 0.621613979 0.295893013 0.616025984 0.195508003 0.677434981 0.270928025 0.616025984 0.195508003 0.667856991 0.196038008 0.565576971 0.257137001 0.566182017 0.193832994 0.616025984 0.195508003 0.565576971 0.257137001 0.616025984 0.195508003 0.621613979 0.295893013 0.677434981 0.270928025 0.694774985 0.346249998 0.674233973 0.357006013 0.677434981 0.270928025 0.674233973 0.357006013 0.621613979 0.295893013 0.751163006 0.408469021 0.754698992 0.467764974 0.715834975 0.451847017 0.751163006 0.408469021 0.715834975 0.451847017 0.701885998 0.376680017 0.715834975 0.451847017 0.691941977 0.419667006 0.701885998 0.376680017 0.701885998 0.376680017 0.691941977 0.419667006 0.653913021 0.367861986 0.701885998 0.376680017 0.653913021 0.367861986 0.674233973 0.357006013 0.620662987 0.327645004 0.621613979 0.295893013 0.674233973 0.357006013 0.620662987 0.327645004 0.674233973 0.357006013 0.653913021 0.367861986 0.701885998 0.376680017 0.674233973 0.357006013 0.694774985 0.346249998 0.564339995 0.283222973 0.565576971 0.257137001 0.621613979 0.295893013 0.564339995 0.283222973 0.621613979 0.295893013 0.620662987 0.327645004 0.97794199 0.828567982 0.965133011 0.818958998 0.974547982 0.812762022 0.75841397 0.872786999 0.737375021 0.873434007 0.730964005 0.844547987 0.75841397 0.872786999 0.730964005 0.844547987 0.759332001 0.858353019 0.632851005 0.961988986 0.593481004 0.962864995 0.596702993 0.944643021 0.632851005 0.961988986 0.596702993 0.944643021 0.638198972 0.921050012 0.638198972 0.921050012 0.609929025 0.909979999 0.640767992 0.880140007 0.638198972 0.921050012 0.640767992 0.880140007 0.658800006 0.895157993 0.658800006 0.895157993 0.640767992 0.880140007 0.678708971 0.860680997 0.658800006 0.895157993 0.678708971 0.860680997 0.690820992 0.879369974 0.690820992 0.879369974 0.678708971 0.860680997 0.730964005 0.844547987 0.690820992 0.879369974 0.730964005 0.844547987 0.737375021 0.873434007 0.737897992 0.960646987 0.736513972 0.915407002 0.75771898 0.914557993 0.737897992 0.960646987 0.75771898 0.914557993 0.76008302 0.958697975 0.75841397 0.872786999 0.75771898 0.914557993 0.736513972 0.915407002 0.75841397 0.872786999 0.736513972 0.915407002 0.737375021 0.873434007 0.833178997 0.912362993 0.831852019 0.87222302 0.873821974 0.872366011 0.833178997 0.912362993 0.873821974 0.872366011 0.875052989 0.912572026 0.913504004 0.911732018 0.875052989 0.912572026 0.873821974 0.872366011 0.913504004 0.911732018 0.873821974 0.872366011 0.90981698 0.872750998 0.831852019 0.87222302 0.833178997 0.912362993 0.796423972 0.913501024 0.831852019 0.87222302 0.796423972 0.913501024 0.793857992 0.872757018 0.793857992 0.872757018 0.796423972 0.913501024 0.75771898 0.914557993 0.793857992 0.872757018 0.75771898 0.914557993 0.75841397 0.872786999 0.925042987 0.872213006 0.951996982 0.913493991 0.913504004 0.911732018 0.925042987 0.872213006 0.913504004 0.911732018 0.90981698 0.872750998 0.795551002 0.809198976 0.786794007 0.780516028 0.838070989 0.805608988 0.795551002 0.809198976 0.838070989 0.805608988 0.805055976 0.819992006 0.875257015 0.798798978 0.923389018 0.672824979 0.955362976 0.694558024 0.875257015 0.798798978 0.955362976 0.694558024 0.916812003 0.80270201 0.875257015 0.798798978 0.894451976 0.66644001 0.923389018 0.672824979 0.916812003 0.80270201 0.955362976 0.694558024 0.971773982 0.714230001 0.916812003 0.80270201 0.971773982 0.714230001 0.984314978 0.745362997 0.838070989 0.805608988 0.788367987 0.745090961 0.798524022 0.71767801 0.838070989 0.805608988 0.786794007 0.780516028 0.788367987 0.745090961 0.838070989 0.805608988 0.798524022 0.71767801 0.813322008 0.696987033 0.875257015 0.798798978 0.838070989 0.805608988 0.813322008 0.696987033 0.875257015 0.798798978 0.813322008 0.696987033 0.852581978 0.671272039 0.875257015 0.798798978 0.852581978 0.671272039 0.894451976 0.66644001 0.951020002 0.813353002 0.916812003 0.80270201 0.984314978 0.745362997 0.951020002 0.813353002 0.984314978 0.745362997 0.984618008 0.784774005 0.965133011 0.818958998 0.951020002 0.813353002 0.978473008 0.804983974 0.965133011 0.818958998 0.978473008 0.804983974 0.974547982 0.812762022 0.951020002 0.813353002 0.984618008 0.784774005 0.978473008 0.804983974 0.75771898 0.914557993 0.796423972 0.913501024 0.796752989 0.95796299 0.75771898 0.914557993 0.796752989 0.95796299 0.76008302 0.958697975 0.796423972 0.913501024 0.833178997 0.912362993 0.833063006 0.957603991 0.796423972 0.913501024 0.833063006 0.957603991 0.796752989 0.95796299 0.833178997 0.912362993 0.875052989 0.912572026 0.873740971 0.95758301 0.833178997 0.912362993 0.873740971 0.95758301 0.833063006 0.957603991 0.913576007 0.957875013 0.873740971 0.95758301 0.875052989 0.912572026 0.913576007 0.957875013 0.875052989 0.912572026 0.913504004 0.911732018 0.951996982 0.913493991 0.96280998 0.958353996 0.913576007 0.957875013 0.951996982 0.913493991 0.913576007 0.957875013 0.913504004 0.911732018 0.759332001 0.858353019 0.730964005 0.844547987 0.768588006 0.837360024 0.692520022 0.961278021 0.632851005 0.961988986 0.638198972 0.921050012 0.692520022 0.961278021 0.638198972 0.921050012 0.691375971 0.918946981 0.737897992 0.960646987 0.692520022 0.961278021 0.691375971 0.918946981 0.737897992 0.960646987 0.691375971 0.918946981 0.736513972 0.915407002 0.736513972 0.915407002 0.691375971 0.918946981 0.690820992 0.879369974 0.736513972 0.915407002 0.690820992 0.879369974 0.737375021 0.873434007 0.691375971 0.918946981 0.638198972 0.921050012 0.658800006 0.895157993 0.691375971 0.918946981 0.658800006 0.895157993 0.690820992 0.879369974 0.952068985 0.377053976 0.954276025 0.376474023 0.968122005 0.442179978 0.952068985 0.377053976 0.968122005 0.442179978 0.966229022 0.445150971 0.926575005 0.284978986 0.929902971 0.287828982 0.954276025 0.376474023 0.926575005 0.284978986 0.954276025 0.376474023 0.952068985 0.377053976 0.905793011 0.220321 0.908517003 0.220849991 0.929902971 0.287828982 0.905793011 0.220321 0.929902971 0.287828982 0.926575005 0.284978986 0.884631991 0.156279981 0.886487007 0.155619979 0.908517003 0.220849991 0.884631991 0.156279981 0.908517003 0.220849991 0.905793011 0.220321 0.865786016 0.091899991 0.867313027 0.0909349918 0.886487007 0.155619979 0.865786016 0.091899991 0.886487007 0.155619979 0.884631991 0.156279981 0.848371983 0.0266360044 0.849300981 0.026251018 0.867313027 0.0909349918 0.848371983 0.0266360044 0.867313027 0.0909349918 0.865786016 0.091899991 0.796752989 0.95796299 0.798381984 0.96322602 0.762745023 0.964251995 0.796752989 0.95796299 0.762745023 0.964251995 0.76008302 0.958697975 0.833063006 0.957603991 0.834284008 0.962628007 0.798381984 0.96322602 0.833063006 0.957603991 0.798381984 0.96322602 0.796752989 0.95796299 0.524748981 0.237900972 0.523584008 0.264047027 0.502050996 0.259238005 0.524748981 0.237900972 0.502050996 0.259238005 0.50345701 0.232752025 0.525409997 0.192264974 0.524748981 0.237900972 0.50345701 0.232752025 0.525409997 0.192264974 0.50345701 0.232752025 0.504565001 0.190418005 0.504832983 0.140259027 0.526539028 0.138898015 0.525409997 0.192264974 0.504832983 0.140259027 0.525409997 0.192264974 0.504565001 0.190418005 0.503804028 0.0758709908 0.525439024 0.0753359795 0.526539028 0.138898015 0.503804028 0.0758709908 0.526539028 0.138898015 0.504832983 0.140259027 0.638198972 0.921050012 0.596702993 0.944643021 0.609929025 0.909979999 0.502050996 0.259238005 0.50060302 0.25789398 0.501179993 0.232245028 0.502050996 0.259238005 0.501179993 0.232245028 0.50345701 0.232752025 0.50345701 0.232752025 0.501179993 0.232245028 0.501837015 0.190073013 0.50345701 0.232752025 0.501837015 0.190073013 0.504565001 0.190418005 0.504565001 0.190418005 0.501837015 0.190073013 0.502093017 0.139976978 0.504565001 0.190418005 0.502093017 0.139976978 0.504832983 0.140259027 0.504832983 0.140259027 0.502093017 0.139976978 0.50177598 0.0756070018 0.504832983 0.140259027 0.50177598 0.0756070018 0.503804028 0.0758709908 0.499359012 0.259863019 0.499379009 0.257950008 0.50060302 0.25789398 0.499359012 0.259863019 0.50060302 0.25789398 0.502050996 0.259238005 0.50060302 0.25789398 0.499379009 0.257950008 0.499541014 0.232132018 0.50060302 0.25789398 0.499541014 0.232132018 0.501179993 0.232245028 0.501179993 0.232245028 0.499541014 0.232132018 0.499767989 0.190017998 0.501179993 0.232245028 0.499767989 0.190017998 0.501837015 0.190073013 0.501837015 0.190073013 0.499767989 0.190017998 0.499994993 0.139916003 0.501837015 0.190073013 0.499994993 0.139916003 0.502093017 0.139976978 0.502093017 0.139976978 0.499994993 0.139916003 0.500410974 0.0755320191 0.502093017 0.139976978 0.500410974 0.0755320191 0.50177598 0.0756070018 0.968122005 0.442179978 0.954276025 0.376474023 0.956010997 0.376092017 0.968122005 0.442179978 0.956010997 0.376092017 0.969901979 0.441875994 0.931739986 0.287407994 0.956010997 0.376092017 0.954276025 0.376474023 0.931739986 0.287407994 0.954276025 0.376474023 0.929902971 0.287828982 0.908517003 0.220849991 0.91031301 0.220422029 0.931739986 0.287407994 0.908517003 0.220849991 0.931739986 0.287407994 0.929902971 0.287828982 0.908517003 0.220849991 0.886487007 0.155619979 0.888237 0.15517199 0.908517003 0.220849991 0.888237 0.15517199 0.91031301 0.220422029 0.886487007 0.155619979 0.867313027 0.0909349918 0.869042993 0.0904549956 0.886487007 0.155619979 0.869042993 0.0904549956 0.888237 0.15517199 0.867313027 0.0909349918 0.849300981 0.026251018 0.851025999 0.0257539749 0.867313027 0.0909349918 0.851025999 0.0257539749 0.869042993 0.0904549956 0.762745023 0.964251995 0.798381984 0.96322602 0.798528016 0.965004027 0.762745023 0.964251995 0.798528016 0.965004027 0.762920976 0.966026008 0.798381984 0.96322602 0.834284008 0.962628007 0.834317982 0.964460015 0.798381984 0.96322602 0.834317982 0.964460015 0.798528016 0.965004027 0.834284008 0.962628007 0.874423981 0.962381005 0.874365985 0.964239001 0.834284008 0.962628007 0.874365985 0.964239001 0.834317982 0.964460015 0.874423981 0.962381005 0.913425982 0.962593973 0.913321018 0.964426994 0.874423981 0.962381005 0.913321018 0.964426994 0.874365985 0.964239001 0.913425982 0.962593973 0.961009979 0.963078022 0.960910022 0.964896023 0.913425982 0.962593973 0.960910022 0.964896023 0.913321018 0.964426994 0 0 0.30064401 0.0567309856 0 0 0 0 0 0 0.699697018 0.0590819716 0 0 0.352396011 0.0643969774 0 0 0 0 0 0 0.648460984 0.0668389797 0 0 0.399511009 0.0702059865 0 0 0 0 0 0 0.601634979 0.0713040233 0 0 0.434751987 0.0728049874 0 0 0 0 0 0 0.566130996 0.0735809803 0 0 0 0 0.503804028 0.0758709908 0.503804028 0.0758709908 0 0 0.475373 0.0750089884 0.503804028 0.0758709908 0.475373 0.0750089884 0 0 0 0 0.742606997 0.0514219999 0 0 0 0 0 0 0.258028001 0.0487769842 0 0 0.78283602 0.043118 0 0 0 0 0 0 0.218017995 0.0400599837 0.152704 0.022890985 0 0 0.810634017 0.0363540053 0.810634017 0.0363540053 0 0 0.190327004 0.0329970121 0.810634017 0.0363540053 0.190327004 0.0329970121 0.152704 0.022890985 </float_array>
          <technique_common>
            <accessor count="1335" offset="0" source="#shiny_white-tex0-array" stride="2">
              <param name="S" type="float" />
              <param name="T" type="float" />
            </accessor>
          </technique_common>
        </source>
        <vertices id="shiny_white-vertices">
          <input semantic="POSITION" source="#shiny_white-positions" />
        </vertices>
        <polylist count="445" material="defaultMaterial">
          <input offset="0" semantic="VERTEX" source="#shiny_white-vertices" />
          <input offset="0" semantic="NORMAL" source="#shiny_white-normals" />
          <input offset="0" semantic="TEXCOORD" source="#shiny_white-tex0" set="0" />
          <vcount>3 3 3 3 3 3 3 3 3 3 3 3 3 3 3 3 3 3 3 3 3 3 3 3 3 3 3 3 3 3 3 3 3 3 3 3 3 3 3 3 3 3 3 3 3 3 3 3 3 3 3 3 3 3 3 3 3 3 3 3 3 3 3 3 3 3 3 3 3 3 3 3 3 3 3 3 3 3 3 3 3 3 3 3 3 3 3 3 3 3 3 3 3 3 3 3 3 3 3 3 3 3 3 3 3 3 3 3 3 3 3 3 3 3 3 3 3 3 3 3 3 3 3 3 3 3 3 3 3 3 3 3 3 3 3 3 3 3 3 3 3 3 3 3 3 3 3 3 3 3 3 3 3 3 3 3 3 3 3 3 3 3 3 3 3 3 3 3 3 3 3 3 3 3 3 3 3 3 3 3 3 3 3 3 3 3 3 3 3 3 3 3 3 3 3 3 3 3 3 3 3 3 3 3 3 3 3 3 3 3 3 3 3 3 3 3 3 3 3 3 3 3 3 3 3 3 3 3 3 3 3 3 3 3 3 3 3 3 3 3 3 3 3 3 3 3 3 3 3 3 3 3 3 3 3 3 3 3 3 3 3 3 3 3 3 3 3 3 3 3 3 3 3 3 3 3 3 3 3 3 3 3 3 3 3 3 3 3 3 3 3 3 3 3 3 3 3 3 3 3 3 3 3 3 3 3 3 3 3 3 3 3 3 3 3 3 3 3 3 3 3 3 3 3 3 3 3 3 3 3 3 3 3 3 3 3 3 3 3 3 3 3 3 3 3 3 3 3 3 3 3 3 3 3 3 3 3 3 3 3 3 3 3 3 3 3 3 3 3 3 3 3 3 3 3 3 3 3 3 3 3 3 3 3 3 3 3 3 3 3 3 3 3 3 3 3 3 3 3 3 3 3 3 3 3 3 3 3 3 3 3 3 3 3 3 3 3 3 3 3 3 3 3 3 3 3 3 3 3 3 3 3 3 3 3 3 3 3 3 3 3 3 3 3 3 </vcount>
          <p>0 1 2 3 4 5 6 7 8 9 10 11 12 13 14 15 16 17 18 19 20 21 22 23 24 25 26 27 28 29 30 31 32 33 34 35 36 37 38 39 40 41 42 43 44 45 46 47 48 49 50 51 52 53 54 55 56 57 58 59 60 61 62 63 64 65 66 67 68 69 70 71 72 73 74 75 76 77 78 79 80 81 82 83 84 85 86 87 88 89 90 91 92 93 94 95 96 97 98 99 100 101 102 103 104 105 106 107 108 109 110 111 112 113 114 115 116 117 118 119 120 121 122 123 124 125 126 127 128 129 130 131 132 133 134 135 136 137 138 139 140 141 142 143 144 145 146 147 148 149 150 151 152 153 154 155 156 157 158 159 160 161 162 163 164 165 166 167 168 169 170 171 172 173 174 175 176 177 178 179 180 181 182 183 184 185 186 187 188 189 190 191 192 193 194 195 196 197 198 199 200 201 202 203 204 205 206 207 208 209 210 211 212 213 214 215 216 217 218 219 220 221 222 223 224 225 226 227 228 229 230 231 232 233 234 235 236 237 238 239 240 241 242 243 244 245 246 247 248 249 250 251 252 253 254 255 256 257 258 259 260 261 262 263 264 265 266 267 268 269 270 271 272 273 274 275 276 277 278 279 280 281 282 283 284 285 286 287 288 289 290 291 292 293 294 295 296 297 298 299 300 301 302 303 304 305 306 307 308 309 310 311 312 313 314 315 316 317 318 319 320 321 322 323 324 325 326 327 328 329 330 331 332 333 334 335 336 337 338 339 340 341 342 343 344 345 346 347 348 349 350 351 352 353 354 355 356 357 358 359 360 361 362 363 364 365 366 367 368 369 370 371 372 373 374 375 376 377 378 379 380 381 382 383 384 385 386 387 388 389 390 391 392 393 394 395 396 397 398 399 400 401 402 403 404 405 406 407 408 409 410 411 412 413 414 415 416 417 418 419 420 421 422 423 424 425 426 427 428 429 430 431 432 433 434 435 436 437 438 439 440 441 442 443 444 445 446 447 448 449 450 451 452 453 454 455 456 457 458 459 460 461 462 463 464 465 466 467 468 469 470 471 472 473 474 475 476 477 478 479 480 481 482 483 484 485 486 487 488 489 490 491 492 493 494 495 496 497 498 499 500 501 502 503 504 505 506 507 508 509 510 511 512 513 514 515 516 517 518 519 520 521 522 523 524 525 526 527 528 529 530 531 532 533 534 535 536 537 538 539 540 541 542 543 544 545 546 547 548 549 550 551 552 553 554 555 556 557 558 559 560 561 562 563 564 565 566 567 568 569 570 571 572 573 574 575 576 577 578 579 580 581 582 583 584 585 586 587 588 589 590 591 592 593 594 595 596 597 598 599 600 601 602 603 604 605 606 607 608 609 610 611 612 613 614 615 616 617 618 619 620 621 622 623 624 625 626 627 628 629 630 631 632 633 634 635 636 637 638 639 640 641 642 643 644 645 646 647 648 649 650 651 652 653 654 655 656 657 658 659 660 661 662 663 664 665 666 667 668 669 670 671 672 673 674 675 676 677 678 679 680 681 682 683 684 685 686 687 688 689 690 691 692 693 694 695 696 697 698 699 700 701 702 703 704 705 706 707 708 709 710 711 712 713 714 715 716 717 718 719 720 721 722 723 724 725 726 727 728 729 730 731 732 733 734 735 736 737 738 739 740 741 742 743 744 745 746 747 748 749 750 751 752 753 754 755 756 757 758 759 760 761 762 763 764 765 766 767 768 769 770 771 772 773 774 775 776 777 778 779 780 781 782 783 784 785 786 787 788 789 790 791 792 793 794 795 796 797 798 799 800 801 802 803 804 805 806 807 808 809 810 811 812 813 814 815 816 817 818 819 820 821 822 823 824 825 826 827 828 829 830 831 832 833 834 835 836 837 838 839 840 841 842 843 844 845 846 847 848 849 850 851 852 853 854 855 856 857 858 859 860 861 862 863 864 865 866 867 868 869 870 871 872 873 874 875 876 877 878 879 880 881 882 883 884 885 886 887 888 889 890 891 892 893 894 895 896 897 898 899 900 901 902 903 904 905 906 907 908 909 910 911 912 913 914 915 916 917 918 919 920 921 922 923 924 925 926 927 928 929 930 931 932 933 934 935 936 937 938 939 940 941 942 943 944 945 946 947 948 949 950 951 952 953 954 955 956 957 958 959 960 961 962 963 964 965 966 967 968 969 970 971 972 973 974 975 976 977 978 979 980 981 982 983 984 985 986 987 988 989 990 991 992 993 994 995 996 997 998 999 1000 1001 1002 1003 1004 1005 1006 1007 1008 1009 1010 1011 1012 1013 1014 1015 1016 1017 1018 1019 1020 1021 1022 1023 1024 1025 1026 1027 1028 1029 1030 1031 1032 1033 1034 1035 1036 1037 1038 1039 1040 1041 1042 1043 1044 1045 1046 1047 1048 1049 1050 1051 1052 1053 1054 1055 1056 1057 1058 1059 1060 1061 1062 1063 1064 1065 1066 1067 1068 1069 1070 1071 1072 1073 1074 1075 1076 1077 1078 1079 1080 1081 1082 1083 1084 1085 1086 1087 1088 1089 1090 1091 1092 1093 1094 1095 1096 1097 1098 1099 1100 1101 1102 1103 1104 1105 1106 1107 1108 1109 1110 1111 1112 1113 1114 1115 1116 1117 1118 1119 1120 1121 1122 1123 1124 1125 1126 1127 1128 1129 1130 1131 1132 1133 1134 1135 1136 1137 1138 1139 1140 1141 1142 1143 1144 1145 1146 1147 1148 1149 1150 1151 1152 1153 1154 1155 1156 1157 1158 1159 1160 1161 1162 1163 1164 1165 1166 1167 1168 1169 1170 1171 1172 1173 1174 1175 1176 1177 1178 1179 1180 1181 1182 1183 1184 1185 1186 1187 1188 1189 1190 1191 1192 1193 1194 1195 1196 1197 1198 1199 1200 1201 1202 1203 1204 1205 1206 1207 1208 1209 1210 1211 1212 1213 1214 1215 1216 1217 1218 1219 1220 1221 1222 1223 1224 1225 1226 1227 1228 1229 1230 1231 1232 1233 1234 1235 1236 1237 1238 1239 1240 1241 1242 1243 1244 1245 1246 1247 1248 1249 1250 1251 1252 1253 1254 1255 1256 1257 1258 1259 1260 1261 1262 1263 1264 1265 1266 1267 1268 1269 1270 1271 1272 1273 1274 1275 1276 1277 1278 1279 1280 1281 1282 1283 1284 1285 1286 1287 1288 1289 1290 1291 1292 1293 1294 1295 1296 1297 1298 1299 1300 1301 1302 1303 1304 1305 1306 1307 1308 1309 1310 1311 1312 1313 1314 1315 1316 1317 1318 1319 1320 1321 1322 1323 1324 1325 1326 1327 1328 1329 1330 1331 1332 1333 1334 </p>
        </polylist>
      </mesh>
    </geometry>
  </library_geometries>
  <library_controllers>
  </library_controllers>
  <library_visual_scenes>
    <visual_scene id="Scene" name="Scene">
      <node id="node" name="" type="NODE">
        <matrix sid="matrix">1 0 0 0 0 1 0 0 0 0 1 0 0 0 0 1</matrix>
        <instance_geometry url="#milky_white">
          <bind_material>
            <technique_common>
              <instance_material symbol="defaultMaterial" target="#DefaultMaterial">
                <bind_vertex_input semantic="CHANNEL0" input_semantic="TEXCOORD" input_set="0"/>
              </instance_material>
            </technique_common>
          </bind_material>
        </instance_geometry>
        <instance_geometry url="#shiny_white">
          <bind_material>
            <technique_common>
              <instance_material symbol="defaultMaterial" target="#DefaultMaterial">
                <bind_vertex_input semantic="CHANNEL0" input_semantic="TEXCOORD" input_set="0"/>
              </instance_material>
            </technique_common>
          </bind_material>
        </instance_geometry>
      </node>
    </visual_scene>
  </library_visual_scenes>
  <scene>
    <instance_visual_scene url="#Scene" />
  </scene>
</COLLADA>
