<?xml version="1.0" encoding="UTF-8" standalone="no" ?>
<COLLADA xmlns="http://www.collada.org/2005/11/COLLADASchema" version="1.4.1">
  <asset>
    <contributor>
      <author>Assimp</author>
      <authoring_tool>Assimp Exporter</authoring_tool>
    </contributor>
    <created>2026-09-22T12:48:02</created>
    <modified>2026-09-22T12:48:02</modified>
    <unit name="meter" meter="1" />
    <up_axis>Y_UP</up_axis>
  </asset>
  <library_images>
  </library_images>
  <library_effects>
    <effect id="DefaultMaterial-fx" name="DefaultMaterial">
      <profile_COMMON>
        <technique sid="standard">
          <phong>
            <diffuse>
              <color sid="diffuse">0.600000024   0.600000024   0.600000024   1</color>
            </diffuse>
          </phong>
        </technique>
      </profile_COMMON>
    </effect>
  </library_effects>
  <library_materials>
    <material id="DefaultMaterial" name="DefaultMaterial">
      <instance_effect url="#DefaultMaterial-fx"/>
    </material>
  </library_materials>
  <library_geometries>
    <geometry id="milky_white" name="milky_white" >
      <mesh>
        <source id="milky_white-positions" name="milky_white-positions">
          <float_array id="milky_white-positions-array" count="1944"> 0.157837003 -0.00761500001 0.0341910012 0.157042995 0.00440300023 0.0299159996 0.149673 0.00583699998 0.0332049988 0.157837003 -0.00761500001 0.0341910012 0.148879007 -0.00709600002 0.0383809991 0.150683999 -0.0204479992 0.0382269993 0.158453003 -0.0186470002 0.0346769989 0.150683999 -0.0204479992 0.0382269993 0.153816998 -0.0329039991 0.0333190002 0.161087006 -0.0303060003 0.0302329995 0.153816998 -0.0329039991 0.0333190002 0.160288006 -0.0425460003 0.0232100002 0.165224999 -0.0401129983 0.0215910003 0.160288006 -0.0425460003 0.0232100002 0.166646004 -0.0481170006 0.0124819996 0.169801995 -0.0453939997 0.0113000004 0.166646004 -0.0481170006 0.0124819996 0.168611005 -0.0509979986 0.000195000001 0.170031995 -0.0464860015 -0.013123 0.171948001 -0.0490069985 0.000118999997 0.168611005 -0.0509979986 0.000195000001 0.168229997 -0.0401979983 -0.0233180001 0.170031995 -0.0464860015 -0.013123 0.167180002 -0.0478839986 -0.0135319997 0.165867999 -0.0314389989 -0.031849999 0.168229997 -0.0401979983 -0.0233180001 0.164589003 -0.0418369994 -0.0242209993 0.162866995 -0.0185100008 -0.0392990001 0.165867999 -0.0314389989 -0.031849999 0.160683006 -0.0335609987 -0.0336310007 0.161263004 -0.00604100013 -0.0392929986 0.162866995 -0.0185100008 -0.0392990001 0.156886995 -0.0202050004 -0.0417409986 0.159668997 0.00467200018 -0.0336060002 0.161263004 -0.00604100013 -0.0392929986 0.154514 -0.00614299998 -0.0424889997 0.157385007 0.0137499999 -0.0240410008 0.159668997 0.00467200018 -0.0336060002 0.152613997 0.00647399994 -0.0361349992 0.156289995 0.0188500006 -0.0125979995 0.157385007 0.0137499999 -0.0240410008 0.151115999 0.0156820007 -0.0256190002 0.156030998 0.0207710005 -0.000518999994 0.156289995 0.0188500006 -0.0125979995 0.149976999 0.0211190004 -0.0133950002 0.156075999 0.0187989995 0.0116010001 0.156030998 0.0207710005 -0.000518999994 0.149981007 0.0231619999 -0.000508000026 0.156427994 0.0132889999 0.0221829992 0.156075999 0.0187989995 0.0116010001 0.149788007 0.0212270003 0.0124049997 0.157042995 0.00440300023 0.0299159996 0.156427994 0.0132889999 0.0221829992 0.149570003 0.015532 0.0242560003 0.157837003 -0.00761500001 0.0341910012 0.163486004 -0.00823799986 0.0281770006 0.162309006 0.00213599997 0.0250649992 0.157837003 -0.00761500001 0.0341910012 0.158453003 -0.0186470002 0.0346769989 0.164303005 -0.0169239994 0.0283950008 0.161087006 -0.0303060003 0.0302329995 0.166121006 -0.0275250003 0.0252340008 0.164303005 -0.0169239994 0.0283950008 0.165224999 -0.0401129983 0.0215910003 0.168636993 -0.0368419997 0.0187790003 0.166121006 -0.0275250003 0.0252340008 0.169801995 -0.0453939997 0.0113000004 0.171045005 -0.0438180007 0.0105229998 0.168636993 -0.0368419997 0.0187790003 0.169801995 -0.0453939997 0.0113000004 0.171948001 -0.0490069985 0.000118999997 0.172728002 -0.0466139987 0.000123000005 0.171948001 -0.0490069985 0.000118999997 0.170031995 -0.0464860015 -0.013123 0.171894997 -0.0437970012 -0.0117189996 0.170031995 -0.0464860015 -0.013123 0.168229997 -0.0401979983 -0.0233180001 0.170701995 -0.0372570008 -0.0208669994 0.168229997 -0.0401979983 -0.0233180001 0.165867999 -0.0314389989 -0.031849999 0.168992996 -0.0285270009 -0.0286560003 0.165867999 -0.0314389989 -0.031849999 0.162866995 -0.0185100008 -0.0392990001 0.166644007 -0.0169009995 -0.0348839983 0.161263004 -0.00604100013 -0.0392929986 0.165428996 -0.00646399986 -0.0342070013 0.166644007 -0.0169009995 -0.0348839983 0.159668997 0.00467200018 -0.0336060002 0.164286003 0.00158799998 -0.0295540001 0.165428996 -0.00646399986 -0.0342070013 0.159668997 0.00467200018 -0.0336060002 0.157385007 0.0137499999 -0.0240410008 0.162805006 0.00929000042 -0.0210839994 0.157385007 0.0137499999 -0.0240410008 0.156289995 0.0188500006 -0.0125979995 0.162101999 0.0135869998 -0.0107960002 0.156289995 0.0188500006 -0.0125979995 0.156030998 0.0207710005 -0.000518999994 0.161635995 0.0155239999 -0.000640999991 0.156075999 0.0187989995 0.0116010001 0.161542997 0.0138919996 0.0102030002 0.161635995 0.0155239999 -0.000640999991 0.156427994 0.0132889999 0.0221829992 0.161944002 0.0092000002 0.0186250005 0.161542997 0.0138919996 0.0102030002 0.156427994 0.0132889999 0.0221829992 0.157042995 0.00440300023 0.0299159996 0.162309006 0.00213599997 0.0250649992 0.163486004 -0.00823799986 0.0281770006 0.167766005 -0.00985100027 0.0157229993 0.166666001 -0.00304999994 0.0150420005 0.168447003 -0.014827 0.0157680009 0.167766005 -0.00985100027 0.0157229993 0.163486004 -0.00823799986 0.0281770006 0.169347003 -0.0215000007 0.0152730001 0.168447003 -0.014827 0.0157680009 0.164303005 -0.0169239994 0.0283950008 0.170488998 -0.0303630009 0.0138849998 0.169347003 -0.0215000007 0.0152730001 0.166121006 -0.0275250003 0.0252340008 0.171751007 -0.0381980017 0.00912200008 0.170488998 -0.0303630009 0.0138849998 0.168636993 -0.0368419997 0.0187790003 0.172573999 -0.0448830016 0.000134000002 0.171751007 -0.0381980017 0.00912200008 0.171045005 -0.0438180007 0.0105229998 0.171894997 -0.0437970012 -0.0117189996 0.171957999 -0.0406470001 -0.0110569997 0.172573999 -0.0448830016 0.000134000002 0.170701995 -0.0372570008 -0.0208669994 0.170964003 -0.0330710001 -0.0198090002 0.171957999 -0.0406470001 -0.0110569997 0.168992996 -0.0285270009 -0.0286560003 0.169899002 -0.0262119994 -0.0254570004 0.170964003 -0.0330710001 -0.0198090002 0.168482006 -0.0157329999 -0.028593 0.169899002 -0.0262119994 -0.0254570004 0.168992996 -0.0285270009 -0.0286560003 0.165428996 -0.00646399986 -0.0342070013 0.167354003 -0.00726700015 -0.0277069993 0.168482006 -0.0157329999 -0.028593 0.164286003 0.00158799998 -0.0295540001 0.166557997 -0.00111399998 -0.0227049999 0.167354003 -0.00726700015 -0.0277069993 0.162805006 0.00929000042 -0.0210839994 0.165990993 0.00295999995 -0.0165420007 0.166557997 -0.00111399998 -0.0227049999 0.162101999 0.0135869998 -0.0107960002 0.165603995 0.00588000007 -0.00840200018 0.165990993 0.00295999995 -0.0165420007 0.165436998 0.00706700003 -0.000831999991 0.165603995 0.00588000007 -0.00840200018 0.162101999 0.0135869998 -0.0107960002 0.165613994 0.00548599986 0.00704800012 0.165436998 0.00706700003 -0.000831999991 0.161635995 0.0155239999 -0.000640999991 0.165703997 0.00234399992 0.0125209996 0.165613994 0.00548599986 0.00704800012 0.161542997 0.0138919996 0.0102030002 0.162309006 0.00213599997 0.0250649992 0.166666001 -0.00304999994 0.0150420005 0.165703997 0.00234399992 0.0125209996 0.167766005 -0.00985100027 0.0157229993 0.168583006 -0.0131519996 -0.00147500006 0.166666001 -0.00304999994 0.0150420005 0.168447003 -0.014827 0.0157680009 0.168583006 -0.0131519996 -0.00147500006 0.167766005 -0.00985100027 0.0157229993 0.169347003 -0.0215000007 0.0152730001 0.168583006 -0.0131519996 -0.00147500006 0.168447003 -0.014827 0.0157680009 0.170488998 -0.0303630009 0.0138849998 0.168583006 -0.0131519996 -0.00147500006 0.169347003 -0.0215000007 0.0152730001 0.171751007 -0.0381980017 0.00912200008 0.168583006 -0.0131519996 -0.00147500006 0.170488998 -0.0303630009 0.0138849998 0.172573999 -0.0448830016 0.000134000002 0.168583006 -0.0131519996 -0.00147500006 0.171751007 -0.0381980017 0.00912200008 0.171957999 -0.0406470001 -0.0110569997 0.168583006 -0.0131519996 -0.00147500006 0.172573999 -0.0448830016 0.000134000002 0.170964003 -0.0330710001 -0.0198090002 0.168583006 -0.0131519996 -0.00147500006 0.171957999 -0.0406470001 -0.0110569997 0.169899002 -0.0262119994 -0.0254570004 0.168583006 -0.0131519996 -0.00147500006 0.170964003 -0.0330710001 -0.0198090002 0.168482006 -0.0157329999 -0.028593 0.168583006 -0.0131519996 -0.00147500006 0.169899002 -0.0262119994 -0.0254570004 0.167354003 -0.00726700015 -0.0277069993 0.168583006 -0.0131519996 -0.00147500006 0.168482006 -0.0157329999 -0.028593 0.166557997 -0.00111399998 -0.0227049999 0.168583006 -0.0131519996 -0.00147500006 0.167354003 -0.00726700015 -0.0277069993 0.165990993 0.00295999995 -0.0165420007 0.168583006 -0.0131519996 -0.00147500006 0.166557997 -0.00111399998 -0.0227049999 0.165603995 0.00588000007 -0.00840200018 0.168583006 -0.0131519996 -0.00147500006 0.165990993 0.00295999995 -0.0165420007 0.165436998 0.00706700003 -0.000831999991 0.168583006 -0.0131519996 -0.00147500006 0.165603995 0.00588000007 -0.00840200018 0.165613994 0.00548599986 0.00704800012 0.168583006 -0.0131519996 -0.00147500006 0.165436998 0.00706700003 -0.000831999991 0.165703997 0.00234399992 0.0125209996 0.168583006 -0.0131519996 -0.00147500006 0.165613994 0.00548599986 0.00704800012 0.166666001 -0.00304999994 0.0150420005 0.168583006 -0.0131519996 -0.00147500006 0.165703997 0.00234399992 0.0125209996 -0.00670399982 0.0164320003 -0.0404950008 -0.0103820004 0.0311379991 -0.0314779989 9.60000034e-05 0.0324539989 -0.0314779989 -0.0223549996 0.0228010006 -0.0314779989 -0.0103820004 0.0311379991 -0.0314779989 -0.00670399982 0.0164320003 -0.0404950008 -0.0294339992 0.0122480001 -0.0314779989 -0.0223549996 0.0228010006 -0.0314779989 -0.0124679999 0.0125799999 -0.0404950008 -0.031831 1.6e-05 -0.0314740017 -0.0294339992 0.0122480001 -0.0314779989 -0.0163199995 0.00681600021 -0.0404950008 -0.0163199995 -0.00678399997 -0.0404950008 -0.0292450003 -0.0130559998 -0.0314750001 -0.031831 1.6e-05 -0.0314740017 -0.0124679999 -0.0125479996 -0.0404950008 -0.0225050002 -0.0225850008 -0.0314779989 -0.0292450003 -0.0130559998 -0.0314750001 -0.00670399982 -0.0164000001 -0.0404950008 -0.0118159996 -0.0297279991 -0.0314779989 -0.0225050002 -0.0225850008 -0.0314779989 9.60000034e-05 -0.0177529994 -0.0404950008 9.60000034e-05 -0.0319470018 -0.0314779989 -0.0118159996 -0.0297279991 -0.0314779989 9.60000034e-05 1.6e-05 -0.0438529998 -0.00670399982 0.0164320003 -0.0404950008 0.000631999981 0.0159319993 -0.0405069999 9.60000034e-05 1.6e-05 -0.0438529998 -0.0124679999 0.0125799999 -0.0404950008 -0.00670399982 0.0164320003 -0.0404950008 9.60000034e-05 1.6e-05 -0.0438529998 -0.0163199995 0.00681600021 -0.0404950008 -0.0124679999 0.0125799999 -0.0404950008 9.60000034e-05 1.6e-05 -0.0438529998 -0.0176720005 1.6e-05 -0.0404950008 -0.0163199995 0.00681600021 -0.0404950008 9.60000034e-05 1.6e-05 -0.0438529998 -0.0163199995 -0.00678399997 -0.0404950008 -0.0176720005 1.6e-05 -0.0404950008 9.60000034e-05 1.6e-05 -0.0438529998 -0.0124679999 -0.0125479996 -0.0404950008 -0.0163199995 -0.00678399997 -0.0404950008 9.60000034e-05 1.6e-05 -0.0438529998 -0.00670399982 -0.0164000001 -0.0404950008 -0.0124679999 -0.0125479996 -0.0404950008 9.60000034e-05 1.6e-05 -0.0438529998 9.60000034e-05 -0.0177529994 -0.0404950008 -0.00670399982 -0.0164000001 -0.0404950008 5.70000011e-05 0.000176999994 0.0434029996 6.39999998e-05 0.0177369993 0.0400849991 -0.0068669999 0.0164110009 0.0400849991 5.70000011e-05 0.000176999994 0.0434029996 -0.0068669999 0.0164110009 0.0400849991 -0.012631 0.0125590004 0.0400849991 5.70000011e-05 0.000176999994 0.0434029996 -0.012631 0.0125590004 0.0400849991 -0.0164829995 0.00679400004 0.0400849991 5.70000011e-05 0.000176999994 0.0434029996 -0.0164829995 0.00679400004 0.0400849991 -0.0178350005 -4.99999987e-06 0.0400849991 5.70000011e-05 0.000176999994 0.0434029996 -0.0178350005 -4.99999987e-06 0.0400849991 -0.0164829995 -0.0068049999 0.0400849991 5.70000011e-05 0.000176999994 0.0434029996 -0.0164829995 -0.0068049999 0.0400849991 -0.012631 -0.0125700003 0.0400849991 5.70000011e-05 0.000176999994 0.0434029996 -0.012631 -0.0125700003 0.0400849991 -0.0068669999 -0.0164209995 0.0400849991 5.70000011e-05 0.000176999994 0.0434029996 -0.0068669999 -0.0164209995 0.0400849991 -6.70000009e-05 -0.0177740008 0.0400849991 -0.0121780001 0.0300270002 0.0309859999 -0.0068669999 0.0164110009 0.0400849991 6.39999998e-05 0.0177369993 0.0400849991 -0.0228199996 0.0230049994 0.0309900008 -0.012631 0.0125590004 0.0400849991 -0.0068669999 0.0164110009 0.0400849991 -0.0299929995 0.0124989999 0.0309880003 -0.0164829995 0.00679400004 0.0400849991 -0.012631 0.0125590004 0.0400849991 -0.0324640013 0.000273000012 0.0309909992 -0.0178350005 -4.99999987e-06 0.0400849991 -0.0164829995 0.00679400004 0.0400849991 -0.0298929997 -0.0123199997 0.0309929997 -0.0164829995 -0.0068049999 0.0400849991 -0.0178350005 -4.99999987e-06 0.0400849991 -0.022504 -0.0224900004 0.0309950002 -0.012631 -0.0125700003 0.0400849991 -0.0164829995 -0.0068049999 0.0400849991 -0.0068669999 -0.0164209995 0.0400849991 -0.012631 -0.0125700003 0.0400849991 -0.022504 -0.0224900004 0.0309950002 -6.70000009e-05 -0.0177740008 0.0400849991 -0.0068669999 -0.0164209995 0.0400849991 -0.01186 -0.0295349993 0.0309950002 -0.0223549996 0.0228010006 -0.0314779989 -0.0294339992 0.0122480001 -0.0314779989 -0.031831 1.6e-05 -0.0314740017 9.60000034e-05 0.001024 -0.0314779989 9.60000034e-05 1.6e-05 -0.0438529998 0.000631999981 0.0159319993 -0.0405069999 4.40000003e-05 0.0326590016 0.0309890006 -1.20000004e-05 0.000172999993 0.0309919994 -0.0228199996 0.0230049994 0.0309900008 -1.20000004e-05 0.000172999993 0.0309919994 4.40000003e-05 0.0326590016 0.0309890006 6.39999998e-05 0.0177369993 0.0400849991 -6.70000009e-05 -0.0177740008 0.0400849991 -6.70000009e-05 -0.0320510007 0.0309950002 -1.20000004e-05 0.000172999993 0.0309919994 -0.022504 -0.0224900004 0.0309950002 -0.0298929997 -0.0123199997 0.0309929997 -0.0324640013 0.000273000012 0.0309909992 -0.0324640013 0.000273000012 0.0309909992 -0.0299929995 0.0124989999 0.0309880003 -0.0228199996 0.0230049994 0.0309900008 -6.70000009e-05 -0.0320510007 0.0309950002 -0.01186 -0.0295349993 0.0309950002 -0.022504 -0.0224900004 0.0309950002 -0.031831 1.6e-05 -0.0314740017 -0.0292450003 -0.0130559998 -0.0314750001 -0.0225050002 -0.0225850008 -0.0314779989 9.60000034e-05 0.001024 -0.0314779989 9.60000034e-05 -0.0319470018 -0.0314779989 9.60000034e-05 -0.0177529994 -0.0404950008 9.60000034e-05 0.0324539989 -0.0314779989 -0.0103820004 0.0311379991 -0.0314779989 -0.0223549996 0.0228010006 -0.0314779989 -0.0225050002 -0.0225850008 -0.0314779989 -0.0118159996 -0.0297279991 -0.0314779989 9.60000034e-05 -0.0319470018 -0.0314779989 0.000241999995 -0.0422420017 -0.0168229993 5.09999991e-05 -0.0462340005 -0.000157000002 0.0348990001 0.0301840007 -0.000440000003 0.00037200001 0.0177369993 0.0400849991 0.000280999986 -0.0177740008 0.0400849991 0.000337000005 0.000176999994 0.0434029996 0.0189720001 0.0261669997 -0.0317399986 0.0133520002 0.0302830003 -0.0316120014 7.59999966e-05 -0.0324500017 -0.0310169999 0.000381999998 0.0326590016 0.0310190003 0.000213000007 -0.0327080004 0.0305090006 0.000280999986 -0.0177740008 0.0400849991 0.000381999998 0.0326590016 0.0310190003 0.0130289998 0.0299789999 0.0309420004 0.0195259992 0.0264430009 0.030886 0.0133520002 0.0302830003 -0.0316120014 0.000493999978 0.0324519984 -0.0314740017 7.59999966e-05 -0.0324500017 -0.0310169999 0.000322999986 -0.0177529994 -0.0404939987 0.000536000007 0.0159339998 -0.0405110009 0.000490000006 1.40000002e-05 -0.0438489988 0.000536000007 0.0159339998 -0.0405110009 0.000322999986 -0.0177529994 -0.0404939987 7.59999966e-05 -0.0324500017 -0.0310169999 7.59999966e-05 -0.0324500017 -0.0310169999 0.000241999995 -0.0422420017 -0.0168229993 0.0305460002 0.0290389992 -0.0167149995 0.000213000007 -0.0327080004 0.0305090006 0.0195259992 0.0264430009 0.030886 0.0303450003 0.0289030001 0.0166159999 0.000241999995 -0.0422509983 0.016423 0.0303450003 0.0289030001 0.0166159999 0.0348990001 0.0301840007 -0.000440000003 0.148879007 -0.00709600002 0.0383809991 0.157837003 -0.00761500001 0.0341910012 0.149673 0.00583699998 0.0332049988 0.158453003 -0.0186470002 0.0346769989 0.157837003 -0.00761500001 0.0341910012 0.150683999 -0.0204479992 0.0382269993 0.161087006 -0.0303060003 0.0302329995 0.158453003 -0.0186470002 0.0346769989 0.153816998 -0.0329039991 0.0333190002 0.165224999 -0.0401129983 0.0215910003 0.161087006 -0.0303060003 0.0302329995 0.160288006 -0.0425460003 0.0232100002 0.169801995 -0.0453939997 0.0113000004 0.165224999 -0.0401129983 0.0215910003 0.166646004 -0.0481170006 0.0124819996 0.171948001 -0.0490069985 0.000118999997 0.169801995 -0.0453939997 0.0113000004 0.168611005 -0.0509979986 0.000195000001 0.167180002 -0.0478839986 -0.0135319997 0.170031995 -0.0464860015 -0.013123 0.168611005 -0.0509979986 0.000195000001 0.164589003 -0.0418369994 -0.0242209993 0.168229997 -0.0401979983 -0.0233180001 0.167180002 -0.0478839986 -0.0135319997 0.160683006 -0.0335609987 -0.0336310007 0.165867999 -0.0314389989 -0.031849999 0.164589003 -0.0418369994 -0.0242209993 0.156886995 -0.0202050004 -0.0417409986 0.162866995 -0.0185100008 -0.0392990001 0.160683006 -0.0335609987 -0.0336310007 0.154514 -0.00614299998 -0.0424889997 0.161263004 -0.00604100013 -0.0392929986 0.156886995 -0.0202050004 -0.0417409986 0.152613997 0.00647399994 -0.0361349992 0.159668997 0.00467200018 -0.0336060002 0.154514 -0.00614299998 -0.0424889997 0.151115999 0.0156820007 -0.0256190002 0.157385007 0.0137499999 -0.0240410008 0.152613997 0.00647399994 -0.0361349992 0.149976999 0.0211190004 -0.0133950002 0.156289995 0.0188500006 -0.0125979995 0.151115999 0.0156820007 -0.0256190002 0.149981007 0.0231619999 -0.000508000026 0.156030998 0.0207710005 -0.000518999994 0.149976999 0.0211190004 -0.0133950002 0.149788007 0.0212270003 0.0124049997 0.156075999 0.0187989995 0.0116010001 0.149981007 0.0231619999 -0.000508000026 0.149570003 0.015532 0.0242560003 0.156427994 0.0132889999 0.0221829992 0.149788007 0.0212270003 0.0124049997 0.149673 0.00583699998 0.0332049988 0.157042995 0.00440300023 0.0299159996 0.149570003 0.015532 0.0242560003 0.157042995 0.00440300023 0.0299159996 0.157837003 -0.00761500001 0.0341910012 0.162309006 0.00213599997 0.0250649992 0.163486004 -0.00823799986 0.0281770006 0.157837003 -0.00761500001 0.0341910012 0.164303005 -0.0169239994 0.0283950008 0.158453003 -0.0186470002 0.0346769989 0.161087006 -0.0303060003 0.0302329995 0.164303005 -0.0169239994 0.0283950008 0.161087006 -0.0303060003 0.0302329995 0.165224999 -0.0401129983 0.0215910003 0.166121006 -0.0275250003 0.0252340008 0.165224999 -0.0401129983 0.0215910003 0.169801995 -0.0453939997 0.0113000004 0.168636993 -0.0368419997 0.0187790003 0.171045005 -0.0438180007 0.0105229998 0.169801995 -0.0453939997 0.0113000004 0.172728002 -0.0466139987 0.000123000005 0.172728002 -0.0466139987 0.000123000005 0.171948001 -0.0490069985 0.000118999997 0.171894997 -0.0437970012 -0.0117189996 0.171894997 -0.0437970012 -0.0117189996 0.170031995 -0.0464860015 -0.013123 0.170701995 -0.0372570008 -0.0208669994 0.170701995 -0.0372570008 -0.0208669994 0.168229997 -0.0401979983 -0.0233180001 0.168992996 -0.0285270009 -0.0286560003 0.168992996 -0.0285270009 -0.0286560003 0.165867999 -0.0314389989 -0.031849999 0.166644007 -0.0169009995 -0.0348839983 0.162866995 -0.0185100008 -0.0392990001 0.161263004 -0.00604100013 -0.0392929986 0.166644007 -0.0169009995 -0.0348839983 0.161263004 -0.00604100013 -0.0392929986 0.159668997 0.00467200018 -0.0336060002 0.165428996 -0.00646399986 -0.0342070013 0.164286003 0.00158799998 -0.0295540001 0.159668997 0.00467200018 -0.0336060002 0.162805006 0.00929000042 -0.0210839994 0.162805006 0.00929000042 -0.0210839994 0.157385007 0.0137499999 -0.0240410008 0.162101999 0.0135869998 -0.0107960002 0.162101999 0.0135869998 -0.0107960002 0.156289995 0.0188500006 -0.0125979995 0.161635995 0.0155239999 -0.000640999991 0.156030998 0.0207710005 -0.000518999994 0.156075999 0.0187989995 0.0116010001 0.161635995 0.0155239999 -0.000640999991 0.156075999 0.0187989995 0.0116010001 0.156427994 0.0132889999 0.0221829992 0.161542997 0.0138919996 0.0102030002 0.161944002 0.0092000002 0.0186250005 0.156427994 0.0132889999 0.0221829992 0.162309006 0.00213599997 0.0250649992 0.162309006 0.00213599997 0.0250649992 0.163486004 -0.00823799986 0.0281770006 0.166666001 -0.00304999994 0.0150420005 0.164303005 -0.0169239994 0.0283950008 0.168447003 -0.014827 0.0157680009 0.163486004 -0.00823799986 0.0281770006 0.166121006 -0.0275250003 0.0252340008 0.169347003 -0.0215000007 0.0152730001 0.164303005 -0.0169239994 0.0283950008 0.168636993 -0.0368419997 0.0187790003 0.170488998 -0.0303630009 0.0138849998 0.166121006 -0.0275250003 0.0252340008 0.171045005 -0.0438180007 0.0105229998 0.171751007 -0.0381980017 0.00912200008 0.168636993 -0.0368419997 0.0187790003 0.172728002 -0.0466139987 0.000123000005 0.172573999 -0.0448830016 0.000134000002 0.171045005 -0.0438180007 0.0105229998 0.172728002 -0.0466139987 0.000123000005 0.171894997 -0.0437970012 -0.0117189996 0.172573999 -0.0448830016 0.000134000002 0.171894997 -0.0437970012 -0.0117189996 0.170701995 -0.0372570008 -0.0208669994 0.171957999 -0.0406470001 -0.0110569997 0.170701995 -0.0372570008 -0.0208669994 0.168992996 -0.0285270009 -0.0286560003 0.170964003 -0.0330710001 -0.0198090002 0.166644007 -0.0169009995 -0.0348839983 0.168482006 -0.0157329999 -0.028593 0.168992996 -0.0285270009 -0.0286560003 0.166644007 -0.0169009995 -0.0348839983 0.165428996 -0.00646399986 -0.0342070013 0.168482006 -0.0157329999 -0.028593 0.165428996 -0.00646399986 -0.0342070013 0.164286003 0.00158799998 -0.0295540001 0.167354003 -0.00726700015 -0.0277069993 0.164286003 0.00158799998 -0.0295540001 0.162805006 0.00929000042 -0.0210839994 0.166557997 -0.00111399998 -0.0227049999 0.162805006 0.00929000042 -0.0210839994 0.162101999 0.0135869998 -0.0107960002 0.165990993 0.00295999995 -0.0165420007 0.161635995 0.0155239999 -0.000640999991 0.165436998 0.00706700003 -0.000831999991 0.162101999 0.0135869998 -0.0107960002 0.161542997 0.0138919996 0.0102030002 0.165613994 0.00548599986 0.00704800012 0.161635995 0.0155239999 -0.000640999991 0.161944002 0.0092000002 0.0186250005 0.165703997 0.00234399992 0.0125209996 0.161542997 0.0138919996 0.0102030002 0.161944002 0.0092000002 0.0186250005 0.162309006 0.00213599997 0.0250649992 0.165703997 0.00234399992 0.0125209996 0.000631999981 0.0159319993 -0.0405069999 -0.00670399982 0.0164320003 -0.0404950008 9.60000034e-05 0.0324539989 -0.0314779989 -0.0124679999 0.0125799999 -0.0404950008 -0.0223549996 0.0228010006 -0.0314779989 -0.00670399982 0.0164320003 -0.0404950008 -0.0163199995 0.00681600021 -0.0404950008 -0.0294339992 0.0122480001 -0.0314779989 -0.0124679999 0.0125799999 -0.0404950008 -0.0176720005 1.6e-05 -0.0404950008 -0.031831 1.6e-05 -0.0314740017 -0.0163199995 0.00681600021 -0.0404950008 -0.0176720005 1.6e-05 -0.0404950008 -0.0163199995 -0.00678399997 -0.0404950008 -0.031831 1.6e-05 -0.0314740017 -0.0163199995 -0.00678399997 -0.0404950008 -0.0124679999 -0.0125479996 -0.0404950008 -0.0292450003 -0.0130559998 -0.0314750001 -0.0124679999 -0.0125479996 -0.0404950008 -0.00670399982 -0.0164000001 -0.0404950008 -0.0225050002 -0.0225850008 -0.0314779989 -0.00670399982 -0.0164000001 -0.0404950008 9.60000034e-05 -0.0177529994 -0.0404950008 -0.0118159996 -0.0297279991 -0.0314779989 4.40000003e-05 0.0326590016 0.0309890006 -0.0121780001 0.0300270002 0.0309859999 6.39999998e-05 0.0177369993 0.0400849991 -0.0121780001 0.0300270002 0.0309859999 -0.0228199996 0.0230049994 0.0309900008 -0.0068669999 0.0164110009 0.0400849991 -0.0228199996 0.0230049994 0.0309900008 -0.0299929995 0.0124989999 0.0309880003 -0.012631 0.0125590004 0.0400849991 -0.0299929995 0.0124989999 0.0309880003 -0.0324640013 0.000273000012 0.0309909992 -0.0164829995 0.00679400004 0.0400849991 -0.0324640013 0.000273000012 0.0309909992 -0.0298929997 -0.0123199997 0.0309929997 -0.0178350005 -4.99999987e-06 0.0400849991 -0.0298929997 -0.0123199997 0.0309929997 -0.022504 -0.0224900004 0.0309950002 -0.0164829995 -0.0068049999 0.0400849991 -0.01186 -0.0295349993 0.0309950002 -0.0068669999 -0.0164209995 0.0400849991 -0.022504 -0.0224900004 0.0309950002 -6.70000009e-05 -0.0320510007 0.0309950002 -6.70000009e-05 -0.0177740008 0.0400849991 -0.01186 -0.0295349993 0.0309950002 9.60000034e-05 0.001024 -0.0314779989 -0.0223549996 0.0228010006 -0.0314779989 -0.031831 1.6e-05 -0.0314740017 9.60000034e-05 0.0324539989 -0.0314779989 9.60000034e-05 0.001024 -0.0314779989 0.000631999981 0.0159319993 -0.0405069999 -0.0121780001 0.0300270002 0.0309859999 4.40000003e-05 0.0326590016 0.0309890006 -0.0228199996 0.0230049994 0.0309900008 5.70000011e-05 0.000176999994 0.0434029996 -1.20000004e-05 0.000172999993 0.0309919994 6.39999998e-05 0.0177369993 0.0400849991 5.70000011e-05 0.000176999994 0.0434029996 -6.70000009e-05 -0.0177740008 0.0400849991 -1.20000004e-05 0.000172999993 0.0309919994 -1.20000004e-05 0.000172999993 0.0309919994 -0.022504 -0.0224900004 0.0309950002 -0.0324640013 0.000273000012 0.0309909992 -1.20000004e-05 0.000172999993 0.0309919994 -0.0324640013 0.000273000012 0.0309909992 -0.0228199996 0.0230049994 0.0309900008 -1.20000004e-05 0.000172999993 0.0309919994 -6.70000009e-05 -0.0320510007 0.0309950002 -0.022504 -0.0224900004 0.0309950002 9.60000034e-05 0.001024 -0.0314779989 -0.031831 1.6e-05 -0.0314740017 -0.0225050002 -0.0225850008 -0.0314779989 9.60000034e-05 1.6e-05 -0.0438529998 9.60000034e-05 0.001024 -0.0314779989 9.60000034e-05 -0.0177529994 -0.0404950008 9.60000034e-05 0.001024 -0.0314779989 9.60000034e-05 0.0324539989 -0.0314779989 -0.0223549996 0.0228010006 -0.0314779989 9.60000034e-05 0.001024 -0.0314779989 -0.0225050002 -0.0225850008 -0.0314779989 9.60000034e-05 -0.0319470018 -0.0314779989 0.0305460002 0.0290389992 -0.0167149995 0.000241999995 -0.0422420017 -0.0168229993 0.0348990001 0.0301840007 -0.000440000003 0.00037200001 0.0177369993 0.0400849991 0.000381999998 0.0326590016 0.0310190003 0.000280999986 -0.0177740008 0.0400849991 0.000213000007 -0.0327080004 0.0305090006 0.000381999998 0.0326590016 0.0310190003 0.0195259992 0.0264430009 0.030886 0.000493999978 0.0324519984 -0.0314740017 0.000536000007 0.0159339998 -0.0405110009 7.59999966e-05 -0.0324500017 -0.0310169999 0.0189720001 0.0261669997 -0.0317399986 7.59999966e-05 -0.0324500017 -0.0310169999 0.0305460002 0.0290389992 -0.0167149995 0.000241999995 -0.0422509983 0.016423 0.000213000007 -0.0327080004 0.0305090006 0.0303450003 0.0289030001 0.0166159999 5.09999991e-05 -0.0462340005 -0.000157000002 0.000241999995 -0.0422509983 0.016423 0.0348990001 0.0301840007 -0.000440000003 </float_array>
          <technique_common>
            <accessor count="648" offset="0" source="#milky_white-positions-array" stride="3">
              <param name="X" type="float" />
              <param name="Y" type="float" />
              <param name="Z" type="float" />
            </accessor>
          </technique_common>
        </source>
        <source id="milky_white-normals" name="milky_white-normals">
          <float_array id="milky_white-normals-array" count="1944"> 0.576281011 0.184270993 0.796167016 0.569169998 0.443800002 0.692129016 0.324198008 0.498672009 0.803857982 0.576281011 0.184270993 0.796167016 0.306802988 0.181981996 0.934202015 0.303842008 -0.136081994 0.942929983 0.574908018 -0.0497450009 0.816675007 0.303842008 -0.136081994 0.942929983 0.317820013 -0.437970996 0.840906978 0.603046 -0.266945004 0.751671016 0.317820013 -0.437970996 0.840906978 0.335673004 -0.669179022 0.662922978 0.632861972 -0.431531996 0.642811 0.335673004 -0.669179022 0.662922978 0.439130992 -0.792047024 0.42396301 0.741904974 -0.525376022 0.416547 0.439130992 -0.792047024 0.42396301 0.351604015 -0.935452998 0.0358290002 0.663106024 -0.655140996 -0.362010986 0.763481975 -0.64290297 0.0611900017 0.351604015 -0.935452998 0.0358290002 0.652943015 -0.517379999 -0.553116977 0.663106024 -0.655140996 -0.362010986 0.298317999 -0.871272981 -0.389690995 0.629962981 -0.366741002 -0.68453002 0.652943015 -0.517379999 -0.553116977 0.288338989 -0.732261002 -0.616931975 0.584307015 -0.109866999 -0.804009974 0.629962981 -0.366741002 -0.68453002 0.275063008 -0.561388016 -0.780480027 0.576098025 0.26721999 -0.772423029 0.584307015 -0.109866999 -0.804009974 0.259925991 -0.242865995 -0.934567988 0.567857981 0.558915973 -0.604205012 0.576098025 0.26721999 -0.772423029 0.268777013 0.229803994 -0.935361981 0.532426 0.740836978 -0.409406006 0.567857981 0.558915973 -0.604205012 0.268135995 0.61046201 -0.745262027 0.522233009 0.824763 -0.216773003 0.532426 0.740836978 -0.409406006 0.261848986 0.824609995 -0.501419008 0.524582982 0.851314008 0.00485200016 0.522233009 0.824763 -0.216773003 0.262032002 0.928372979 -0.263496995 0.528641999 0.80874002 0.257759005 0.524582982 0.851314008 0.00485200016 0.275734991 0.961211026 0.000396999996 0.547379971 0.671895981 0.498885989 0.528641999 0.80874002 0.257759005 0.284646004 0.913572013 0.290322989 0.569169998 0.443800002 0.692129016 0.547379971 0.671895981 0.498885989 0.306100994 0.762291014 0.570237994 0.576281011 0.184270993 0.796167016 0.843286991 0.168401003 0.510330021 0.823114991 0.331705987 0.46092099 0.576281011 0.184270993 0.796167016 0.574908018 -0.0497450009 0.816675007 0.844843984 0.0377819985 0.533616006 0.603046 -0.266945004 0.751671016 0.847530007 -0.0677509978 0.526353002 0.844843984 0.0377819985 0.533616006 0.632861972 -0.431531996 0.642811 0.86373502 -0.171331003 0.47389099 0.847530007 -0.0677509978 0.526353002 0.741904974 -0.525376022 0.416547 0.903562009 -0.277992994 0.325967997 0.86373502 -0.171331003 0.47389099 0.741904974 -0.525376022 0.416547 0.763481975 -0.64290297 0.0611900017 0.987303972 -0.147649005 0.0582289994 0.763481975 -0.64290297 0.0611900017 0.663106024 -0.655140996 -0.362010986 0.94799602 -0.242317006 -0.206275001 0.663106024 -0.655140996 -0.362010986 0.652943015 -0.517379999 -0.553116977 0.928952992 -0.189549997 -0.317880988 0.652943015 -0.517379999 -0.553116977 0.629962981 -0.366741002 -0.68453002 0.893094003 -0.123051003 -0.432630002 0.629962981 -0.366741002 -0.68453002 0.584307015 -0.109866999 -0.804009974 0.864498019 0.0193179995 -0.502213001 0.576098025 0.26721999 -0.772423029 0.854975998 0.249428004 -0.454726011 0.864498019 0.0193179995 -0.502213001 0.567857981 0.558915973 -0.604205012 0.840418994 0.415325999 -0.348064005 0.854975998 0.249428004 -0.454726011 0.567857981 0.558915973 -0.604205012 0.532426 0.740836978 -0.409406006 0.815850973 0.52690202 -0.238135993 0.532426 0.740836978 -0.409406006 0.522233009 0.824763 -0.216773003 0.812036991 0.569841981 -0.125857994 0.522233009 0.824763 -0.216773003 0.524582982 0.851314008 0.00485200016 0.803003013 0.595874012 0.00939999986 0.528641999 0.80874002 0.257759005 0.803156018 0.567461014 0.181341007 0.803003013 0.595874012 0.00939999986 0.547379971 0.671895981 0.498885989 0.81911701 0.469161004 0.329966009 0.803156018 0.567461014 0.181341007 0.547379971 0.671895981 0.498885989 0.569169998 0.443800002 0.692129016 0.823114991 0.331705987 0.46092099 0.843286991 0.168401003 0.510330021 0.97399801 0.153873995 0.166172996 0.965331018 0.205329001 0.160984993 0.976622999 0.123630002 0.175816998 0.97399801 0.153873995 0.166172996 0.843286991 0.168401003 0.510330021 0.977477014 0.103487998 0.183781996 0.976622999 0.123630002 0.175816998 0.844843984 0.0377819985 0.533616006 0.976683974 0.0659810007 0.204199001 0.977477014 0.103487998 0.183781996 0.847530007 -0.0677509978 0.526353002 0.988159001 0.0266120005 0.150913998 0.976683974 0.0659810007 0.204199001 0.86373502 -0.171331003 0.47389099 0.996093988 0.0818509981 0.0328989998 0.988159001 0.0266120005 0.150913998 0.903562009 -0.277992994 0.325967997 0.94799602 -0.242317006 -0.206275001 0.996856987 0.0536819994 -0.0581069998 0.996093988 0.0818509981 0.0328989998 0.928952992 -0.189549997 -0.317880988 0.992614985 0.0524920002 -0.109072998 0.996856987 0.0536819994 -0.0581069998 0.893094003 -0.123051003 -0.432630002 0.985014975 0.0581989996 -0.162236005 0.992614985 0.0524920002 -0.109072998 0.979246974 0.109560996 -0.170445994 0.985014975 0.0581989996 -0.162236005 0.893094003 -0.123051003 -0.432630002 0.854975998 0.249428004 -0.454726011 0.970367014 0.189245 -0.149997994 0.979246974 0.109560996 -0.170445994 0.840418994 0.415325999 -0.348064005 0.963500023 0.247444004 -0.101870999 0.970367014 0.189245 -0.149997994 0.815850973 0.52690202 -0.238135993 0.959410012 0.273079991 -0.0702230036 0.963500023 0.247444004 -0.101870999 0.812036991 0.569841981 -0.125857994 0.958159029 0.283455998 -0.0390029997 0.959410012 0.273079991 -0.0702230036 0.95471102 0.297403008 0.00756900012 0.958159029 0.283455998 -0.0390029997 0.812036991 0.569841981 -0.125857994 0.955748022 0.280373991 0.0887169987 0.95471102 0.297403008 0.00756900012 0.803003013 0.595874012 0.00939999986 0.95559603 0.255805999 0.146091998 0.955748022 0.280373991 0.0887169987 0.803156018 0.567461014 0.181341007 0.823114991 0.331705987 0.46092099 0.965331018 0.205329001 0.160984993 0.95559603 0.255805999 0.146091998 0.97399801 0.153873995 0.166172996 0.990143001 0.139897004 0.00387599994 0.965331018 0.205329001 0.160984993 0.976622999 0.123630002 0.175816998 0.990143001 0.139897004 0.00387599994 0.97399801 0.153873995 0.166172996 0.977477014 0.103487998 0.183781996 0.990143001 0.139897004 0.00387599994 0.976622999 0.123630002 0.175816998 0.976683974 0.0659810007 0.204199001 0.990143001 0.139897004 0.00387599994 0.977477014 0.103487998 0.183781996 0.988159001 0.0266120005 0.150913998 0.990143001 0.139897004 0.00387599994 0.976683974 0.0659810007 0.204199001 0.996093988 0.0818509981 0.0328989998 0.990143001 0.139897004 0.00387599994 0.988159001 0.0266120005 0.150913998 0.996856987 0.0536819994 -0.0581069998 0.990143001 0.139897004 0.00387599994 0.996093988 0.0818509981 0.0328989998 0.992614985 0.0524920002 -0.109072998 0.990143001 0.139897004 0.00387599994 0.996856987 0.0536819994 -0.0581069998 0.985014975 0.0581989996 -0.162236005 0.990143001 0.139897004 0.00387599994 0.992614985 0.0524920002 -0.109072998 0.979246974 0.109560996 -0.170445994 0.990143001 0.139897004 0.00387599994 0.985014975 0.0581989996 -0.162236005 0.970367014 0.189245 -0.149997994 0.990143001 0.139897004 0.00387599994 0.979246974 0.109560996 -0.170445994 0.963500023 0.247444004 -0.101870999 0.990143001 0.139897004 0.00387599994 0.970367014 0.189245 -0.149997994 0.959410012 0.273079991 -0.0702230036 0.990143001 0.139897004 0.00387599994 0.963500023 0.247444004 -0.101870999 0.958159029 0.283455998 -0.0390029997 0.990143001 0.139897004 0.00387599994 0.959410012 0.273079991 -0.0702230036 0.95471102 0.297403008 0.00756900012 0.990143001 0.139897004 0.00387599994 0.958159029 0.283455998 -0.0390029997 0.955748022 0.280373991 0.0887169987 0.990143001 0.139897004 0.00387599994 0.95471102 0.297403008 0.00756900012 0.95559603 0.255805999 0.146091998 0.990143001 0.139897004 0.00387599994 0.955748022 0.280373991 0.0887169987 0.965331018 0.205329001 0.160984993 0.990143001 0.139897004 0.00387599994 0.95559603 0.255805999 0.146091998 -0.114200003 0.359142005 -0.926236987 -0.336252987 0.91198498 0.234962001 0.495712012 0.842067003 0.212469995 -0.687246025 0.681325972 0.251929998 -0.336252987 0.91198498 0.234962001 -0.114200003 0.359142005 -0.926236987 -0.894497991 0.369854003 0.251076013 -0.687246025 0.681325972 0.251929998 -0.274026006 0.273324013 -0.922025025 -0.967589021 -0.000670999987 0.252510011 -0.894497991 0.369854003 0.251076013 -0.358318001 0.148137003 -0.921751022 -0.356974989 -0.145359993 -0.922726989 -0.889279008 -0.383525997 0.249091998 -0.967589021 -0.000670999987 0.252510011 -0.27164501 -0.274208993 -0.922483027 -0.675710022 -0.692251027 0.25327301 -0.889279008 -0.383525997 0.249091998 -0.148746997 -0.356548011 -0.922330022 -0.36451301 -0.896907985 0.250313014 -0.675710022 -0.692251027 0.25327301 0.638844013 -0.297006011 -0.709647 0.478316993 -0.849543989 0.222326994 -0.36451301 -0.896907985 0.250313014 0.616168976 -0.00759899989 -0.787530005 -0.114200003 0.359142005 -0.926236987 0.7051 0.246070996 -0.664997995 0.616168976 -0.00759899989 -0.787530005 -0.274026006 0.273324013 -0.922025025 -0.114200003 0.359142005 -0.926236987 0.616168976 -0.00759899989 -0.787530005 -0.358318001 0.148137003 -0.921751022 -0.274026006 0.273324013 -0.922025025 0.616168976 -0.00759899989 -0.787530005 -0.388226002 0 -0.921536982 -0.358318001 0.148137003 -0.921751022 0.616168976 -0.00759899989 -0.787530005 -0.356974989 -0.145359993 -0.922726989 -0.388226002 0 -0.921536982 0.616168976 -0.00759899989 -0.787530005 -0.27164501 -0.274208993 -0.922483027 -0.356974989 -0.145359993 -0.922726989 0.616168976 -0.00759899989 -0.787530005 -0.148746997 -0.356548011 -0.922330022 -0.27164501 -0.274208993 -0.922483027 0.616168976 -0.00759899989 -0.787530005 0.638844013 -0.297006011 -0.709647 -0.148746997 -0.356548011 -0.922330022 0.624073029 -0.000731999986 0.781334996 0.642811 0.291420996 0.708396018 -0.145390004 0.353832006 0.923916996 0.624073029 -0.000731999986 0.781334996 -0.145390004 0.353832006 0.923916996 -0.269935995 0.270119011 0.924192011 0.624073029 -0.000731999986 0.781334996 -0.269935995 0.270119011 0.924192011 -0.351877987 0.145633996 0.924619019 0.624073029 -0.000731999986 0.781334996 -0.351877987 0.145633996 0.924619019 -0.381511986 -0.00112899998 0.924345016 0.624073029 -0.000731999986 0.781334996 -0.381511986 -0.00112899998 0.924345016 -0.354838997 -0.150272995 0.922757983 0.624073029 -0.000731999986 0.781334996 -0.354838997 -0.150272995 0.922757983 -0.276437014 -0.276345015 0.92040801 0.624073029 -0.000731999986 0.781334996 -0.276437014 -0.276345015 0.92040801 -0.149997994 -0.360118002 0.920742989 0.624073029 -0.000731999986 0.781334996 -0.149997994 -0.360118002 0.920742989 0.635670006 -0.300577015 0.711019993 -0.370829999 0.894711018 -0.248878002 -0.145390004 0.353832006 0.923916996 0.642811 0.291420996 0.708396018 -0.679678023 0.690146029 -0.248359993 -0.269935995 0.270119011 0.924192011 -0.145390004 0.353832006 0.923916996 -0.893063009 0.375712991 -0.247504994 -0.351877987 0.145633996 0.924619019 -0.269935995 0.270119011 0.924192011 -0.968993008 0.000579999993 -0.247078001 -0.381511986 -0.00112899998 0.924345016 -0.351877987 0.145633996 0.924619019 -0.887906015 -0.387982011 -0.247078001 -0.354838997 -0.150272995 0.922757983 -0.381511986 -0.00112899998 0.924345016 -0.672689021 -0.693838 -0.256965995 -0.276437014 -0.276345015 0.92040801 -0.354838997 -0.150272995 0.922757983 -0.149997994 -0.360118002 0.920742989 -0.276437014 -0.276345015 0.92040801 -0.672689021 -0.693838 -0.256965995 0.635670006 -0.300577015 0.711019993 -0.149997994 -0.360118002 0.920742989 -0.370189995 -0.892880023 -0.256233007 -0.000690000015 0.000467000005 1 -0.000690000015 0.000467000005 1 -0.000690000015 0.000467000005 1 0.999409974 -0.034235999 0.00278700003 0.999409974 -0.034235999 0.00278700003 0.999409974 -0.034235999 0.00278700003 -1.99999995e-05 -9.50000031e-05 -1 -1.99999995e-05 -9.50000031e-05 -1 -1.99999995e-05 -9.50000031e-05 -1 0.999985993 -0.00170899997 -0.00502899988 0.999985993 -0.00170899997 -0.00502899988 0.999985993 -0.00170899997 -0.00502899988 0.999994993 -0.00170599995 0.00267999992 0.999994993 -0.00170599995 0.00267999992 0.999994993 -0.00170599995 0.00267999992 0.000182999996 -9.00000014e-05 -1 0.000182999996 -9.00000014e-05 -1 0.000182999996 -9.00000014e-05 -1 0.000984000042 -0.000467000005 -0.999998987 0.000984000042 -0.000467000005 -0.999998987 0.000984000042 -0.000467000005 -0.999998987 -5.29999998e-05 -0.000106 -1 -5.29999998e-05 -0.000106 -1 -5.29999998e-05 -0.000106 -1 0.000411999994 -9.99999975e-06 1 0.000411999994 -9.99999975e-06 1 0.000411999994 -9.99999975e-06 1 1 0 -0 1 0 -0 1 0 -0 0 0 1 0 0 1 0 0 1 -1.99999999e-06 -9.00000032e-06 1 -1.99999999e-06 -9.00000032e-06 1 -1.99999999e-06 -9.00000032e-06 1 -0.811883986 -0.523483992 -0.258370012 -0.793511987 -0.608416975 0.0104369996 -0.167301998 0.985870004 0.00640900014 -0.999992013 0.00256299996 0.00306800008 -0.999992013 0.00256299996 0.00306800008 -0.999992013 0.00256299996 0.00306800008 0.0256399997 0.00406900002 0.999662995 0.0256399997 0.00406900002 0.999662995 0.0256399997 0.00406900002 0.999662995 -0.999992013 0.00256499997 0.00307300012 -0.999992013 0.00256499997 0.00307300012 -0.999992013 0.00256499997 0.00307300012 -0.00444300007 0.00785200018 -0.999958992 -0.00444300007 0.00785200018 -0.999958992 -0.00444300007 0.00785200018 -0.999958992 0.0119660003 0.00696500018 0.999903977 0.0119660003 0.00696500018 0.999903977 0.0119660003 0.00696500018 0.999903977 -0.999848008 0.00633599982 -0.0162289999 -0.999848008 0.00633599982 -0.0162289999 -0.999848008 0.00633599982 -0.0162289999 -0.999848008 0.00633599982 -0.0162289999 -0.999848008 0.00633599982 -0.0162289999 -0.999848008 0.00633599982 -0.0162289999 -0.803461015 -0.433820993 -0.407665998 -0.811883986 -0.523483992 -0.258370012 -0.252418995 0.964323997 -0.0794090033 -0.813776016 -0.419324011 0.402355999 -0.0500500016 0.995911002 0.0749230012 -0.259620994 0.962432027 0.0794090033 -0.823695004 -0.52235502 0.220557004 -0.259620994 0.962432027 0.0794090033 -0.167301998 0.985870004 0.00640900014 0.306802988 0.181981996 0.934202015 0.576281011 0.184270993 0.796167016 0.324198008 0.498672009 0.803857982 0.574908018 -0.0497450009 0.816675007 0.576281011 0.184270993 0.796167016 0.303842008 -0.136081994 0.942929983 0.603046 -0.266945004 0.751671016 0.574908018 -0.0497450009 0.816675007 0.317820013 -0.437970996 0.840906978 0.632861972 -0.431531996 0.642811 0.603046 -0.266945004 0.751671016 0.335673004 -0.669179022 0.662922978 0.741904974 -0.525376022 0.416547 0.632861972 -0.431531996 0.642811 0.439130992 -0.792047024 0.42396301 0.763481975 -0.64290297 0.0611900017 0.741904974 -0.525376022 0.416547 0.351604015 -0.935452998 0.0358290002 0.298317999 -0.871272981 -0.389690995 0.663106024 -0.655140996 -0.362010986 0.351604015 -0.935452998 0.0358290002 0.288338989 -0.732261002 -0.616931975 0.652943015 -0.517379999 -0.553116977 0.298317999 -0.871272981 -0.389690995 0.275063008 -0.561388016 -0.780480027 0.629962981 -0.366741002 -0.68453002 0.288338989 -0.732261002 -0.616931975 0.259925991 -0.242865995 -0.934567988 0.584307015 -0.109866999 -0.804009974 0.275063008 -0.561388016 -0.780480027 0.268777013 0.229803994 -0.935361981 0.576098025 0.26721999 -0.772423029 0.259925991 -0.242865995 -0.934567988 0.268135995 0.61046201 -0.745262027 0.567857981 0.558915973 -0.604205012 0.268777013 0.229803994 -0.935361981 0.261848986 0.824609995 -0.501419008 0.532426 0.740836978 -0.409406006 0.268135995 0.61046201 -0.745262027 0.262032002 0.928372979 -0.263496995 0.522233009 0.824763 -0.216773003 0.261848986 0.824609995 -0.501419008 0.275734991 0.961211026 0.000396999996 0.524582982 0.851314008 0.00485200016 0.262032002 0.928372979 -0.263496995 0.284646004 0.913572013 0.290322989 0.528641999 0.80874002 0.257759005 0.275734991 0.961211026 0.000396999996 0.306100994 0.762291014 0.570237994 0.547379971 0.671895981 0.498885989 0.284646004 0.913572013 0.290322989 0.324198008 0.498672009 0.803857982 0.569169998 0.443800002 0.692129016 0.306100994 0.762291014 0.570237994 0.569169998 0.443800002 0.692129016 0.576281011 0.184270993 0.796167016 0.823114991 0.331705987 0.46092099 0.843286991 0.168401003 0.510330021 0.576281011 0.184270993 0.796167016 0.844843984 0.0377819985 0.533616006 0.574908018 -0.0497450009 0.816675007 0.603046 -0.266945004 0.751671016 0.844843984 0.0377819985 0.533616006 0.603046 -0.266945004 0.751671016 0.632861972 -0.431531996 0.642811 0.847530007 -0.0677509978 0.526353002 0.632861972 -0.431531996 0.642811 0.741904974 -0.525376022 0.416547 0.86373502 -0.171331003 0.47389099 0.903562009 -0.277992994 0.325967997 0.741904974 -0.525376022 0.416547 0.987303972 -0.147649005 0.0582289994 0.987303972 -0.147649005 0.0582289994 0.763481975 -0.64290297 0.0611900017 0.94799602 -0.242317006 -0.206275001 0.94799602 -0.242317006 -0.206275001 0.663106024 -0.655140996 -0.362010986 0.928952992 -0.189549997 -0.317880988 0.928952992 -0.189549997 -0.317880988 0.652943015 -0.517379999 -0.553116977 0.893094003 -0.123051003 -0.432630002 0.893094003 -0.123051003 -0.432630002 0.629962981 -0.366741002 -0.68453002 0.864498019 0.0193179995 -0.502213001 0.584307015 -0.109866999 -0.804009974 0.576098025 0.26721999 -0.772423029 0.864498019 0.0193179995 -0.502213001 0.576098025 0.26721999 -0.772423029 0.567857981 0.558915973 -0.604205012 0.854975998 0.249428004 -0.454726011 0.840418994 0.415325999 -0.348064005 0.567857981 0.558915973 -0.604205012 0.815850973 0.52690202 -0.238135993 0.815850973 0.52690202 -0.238135993 0.532426 0.740836978 -0.409406006 0.812036991 0.569841981 -0.125857994 0.812036991 0.569841981 -0.125857994 0.522233009 0.824763 -0.216773003 0.803003013 0.595874012 0.00939999986 0.524582982 0.851314008 0.00485200016 0.528641999 0.80874002 0.257759005 0.803003013 0.595874012 0.00939999986 0.528641999 0.80874002 0.257759005 0.547379971 0.671895981 0.498885989 0.803156018 0.567461014 0.181341007 0.81911701 0.469161004 0.329966009 0.547379971 0.671895981 0.498885989 0.823114991 0.331705987 0.46092099 0.823114991 0.331705987 0.46092099 0.843286991 0.168401003 0.510330021 0.965331018 0.205329001 0.160984993 0.844843984 0.0377819985 0.533616006 0.976622999 0.123630002 0.175816998 0.843286991 0.168401003 0.510330021 0.847530007 -0.0677509978 0.526353002 0.977477014 0.103487998 0.183781996 0.844843984 0.0377819985 0.533616006 0.86373502 -0.171331003 0.47389099 0.976683974 0.0659810007 0.204199001 0.847530007 -0.0677509978 0.526353002 0.903562009 -0.277992994 0.325967997 0.988159001 0.0266120005 0.150913998 0.86373502 -0.171331003 0.47389099 0.987303972 -0.147649005 0.0582289994 0.996093988 0.0818509981 0.0328989998 0.903562009 -0.277992994 0.325967997 0.987303972 -0.147649005 0.0582289994 0.94799602 -0.242317006 -0.206275001 0.996093988 0.0818509981 0.0328989998 0.94799602 -0.242317006 -0.206275001 0.928952992 -0.189549997 -0.317880988 0.996856987 0.0536819994 -0.0581069998 0.928952992 -0.189549997 -0.317880988 0.893094003 -0.123051003 -0.432630002 0.992614985 0.0524920002 -0.109072998 0.864498019 0.0193179995 -0.502213001 0.979246974 0.109560996 -0.170445994 0.893094003 -0.123051003 -0.432630002 0.864498019 0.0193179995 -0.502213001 0.854975998 0.249428004 -0.454726011 0.979246974 0.109560996 -0.170445994 0.854975998 0.249428004 -0.454726011 0.840418994 0.415325999 -0.348064005 0.970367014 0.189245 -0.149997994 0.840418994 0.415325999 -0.348064005 0.815850973 0.52690202 -0.238135993 0.963500023 0.247444004 -0.101870999 0.815850973 0.52690202 -0.238135993 0.812036991 0.569841981 -0.125857994 0.959410012 0.273079991 -0.0702230036 0.803003013 0.595874012 0.00939999986 0.95471102 0.297403008 0.00756900012 0.812036991 0.569841981 -0.125857994 0.803156018 0.567461014 0.181341007 0.955748022 0.280373991 0.0887169987 0.803003013 0.595874012 0.00939999986 0.81911701 0.469161004 0.329966009 0.95559603 0.255805999 0.146091998 0.803156018 0.567461014 0.181341007 0.81911701 0.469161004 0.329966009 0.823114991 0.331705987 0.46092099 0.95559603 0.255805999 0.146091998 0.7051 0.246070996 -0.664997995 -0.114200003 0.359142005 -0.926236987 0.495712012 0.842067003 0.212469995 -0.274026006 0.273324013 -0.922025025 -0.687246025 0.681325972 0.251929998 -0.114200003 0.359142005 -0.926236987 -0.358318001 0.148137003 -0.921751022 -0.894497991 0.369854003 0.251076013 -0.274026006 0.273324013 -0.922025025 -0.388226002 0 -0.921536982 -0.967589021 -0.000670999987 0.252510011 -0.358318001 0.148137003 -0.921751022 -0.388226002 0 -0.921536982 -0.356974989 -0.145359993 -0.922726989 -0.967589021 -0.000670999987 0.252510011 -0.356974989 -0.145359993 -0.922726989 -0.27164501 -0.274208993 -0.922483027 -0.889279008 -0.383525997 0.249091998 -0.27164501 -0.274208993 -0.922483027 -0.148746997 -0.356548011 -0.922330022 -0.675710022 -0.692251027 0.25327301 -0.148746997 -0.356548011 -0.922330022 0.638844013 -0.297006011 -0.709647 -0.36451301 -0.896907985 0.250313014 0.468214989 0.857356012 -0.213752002 -0.370829999 0.894711018 -0.248878002 0.642811 0.291420996 0.708396018 -0.370829999 0.894711018 -0.248878002 -0.679678023 0.690146029 -0.248359993 -0.145390004 0.353832006 0.923916996 -0.679678023 0.690146029 -0.248359993 -0.893063009 0.375712991 -0.247504994 -0.269935995 0.270119011 0.924192011 -0.893063009 0.375712991 -0.247504994 -0.968993008 0.000579999993 -0.247078001 -0.351877987 0.145633996 0.924619019 -0.968993008 0.000579999993 -0.247078001 -0.887906015 -0.387982011 -0.247078001 -0.381511986 -0.00112899998 0.924345016 -0.887906015 -0.387982011 -0.247078001 -0.672689021 -0.693838 -0.256965995 -0.354838997 -0.150272995 0.922757983 -0.370189995 -0.892880023 -0.256233007 -0.149997994 -0.360118002 0.920742989 -0.672689021 -0.693838 -0.256965995 0.468795002 -0.855129004 -0.221167997 0.635670006 -0.300577015 0.711019993 -0.370189995 -0.892880023 -0.256233007 0.000125000006 0.000128999993 1 0.000125000006 0.000128999993 1 0.000125000006 0.000128999993 1 0.998243988 -0 0.0592410006 0.998243988 -0 0.0592410006 0.998243988 -0 0.0592410006 0.00044199999 -0.00118799997 -0.999998987 0.00044199999 -0.00118799997 -0.999998987 0.00044199999 -0.00118799997 -0.999998987 0.999984026 -0.00145900005 -0.00551200006 0.999984026 -0.00145900005 -0.00551200006 0.999984026 -0.00145900005 -0.00551200006 0.999967992 -0.00585599989 -0.00551000005 0.999967992 -0.00585599989 -0.00551000005 0.999967992 -0.00585599989 -0.00551000005 1.80000006e-05 -0.000163000004 -1 1.80000006e-05 -0.000163000004 -1 1.80000006e-05 -0.000163000004 -1 1.80000006e-05 -5.80000014e-05 -1 1.80000006e-05 -5.80000014e-05 -1 1.80000006e-05 -5.80000014e-05 -1 -4.89999984e-05 -9.60000034e-05 -1 -4.89999984e-05 -9.60000034e-05 -1 -4.89999984e-05 -9.60000034e-05 -1 0.000132999994 -0.000125000006 1 0.000132999994 -0.000125000006 1 0.000132999994 -0.000125000006 1 1 0 -9.99999997e-07 1 0 -9.99999997e-07 1 0 -9.99999997e-07 -0 0 1 0 0 1 0 0 1 1.99999999e-06 0 1 1.99999999e-06 0 1 1.99999999e-06 0 1 -0.252418995 0.964323997 -0.0794090033 -0.811883986 -0.523483992 -0.258370012 -0.167301998 0.985870004 0.00640900014 -0.999992013 0.00256299996 0.00306200003 -0.999992013 0.00256299996 0.00306200003 -0.999992013 0.00256299996 0.00306200003 -0.00445300015 0.00782399997 -0.999958992 -0.00445300015 0.00782399997 -0.999958992 -0.00445300015 0.00782399997 -0.999958992 -0.999848008 0.00633599982 -0.0162289999 -0.999848008 0.00633599982 -0.0162289999 -0.999848008 0.00633599982 -0.0162289999 -0.0849329978 0.98882997 -0.122440003 -0.803461015 -0.433820993 -0.407665998 -0.252418995 0.964323997 -0.0794090033 -0.823695004 -0.52235502 0.220557004 -0.813776016 -0.419324011 0.402355999 -0.259620994 0.962432027 0.0794090033 -0.793511987 -0.608416975 0.0104369996 -0.823695004 -0.52235502 0.220557004 -0.167301998 0.985870004 0.00640900014 </float_array>
          <technique_common>
            <accessor count="648" offset="0" source="#milky_white-normals-array" stride="3">
              <param name="X" type="float" />
              <param name="Y" type="float" />
              <param name="Z" type="float" />
            </accessor>
          </technique_common>
        </source>
        <source id="milky_white-tex0" name="milky_white-tex0">
          <float_array id="milky_white-tex0-array" count="1296"> 0.300312012 0.144532979 0.287467003 0.112114012 0.305763006 0.100772977 0.300312012 0.144532979 0.32544899 0.137425005 0.326469004 0.177443027 0.303615987 0.174607992 0.326469004 0.177443027 0.312465012 0.215391994 0.291938007 0.207509995 0.312465012 0.215391994 0.279175997 0.244814992 0.26710999 0.235753 0.279175997 0.244814992 0.242707998 0.260406971 0.236511007 0.250963986 0.242707998 0.260406971 0.205979005 0.269336998 0.168589994 0.254723012 0.205250993 0.259701014 0.205979005 0.269336998 0.139981002 0.237609982 0.168589994 0.254723012 0.165180996 0.262257993 0.116238996 0.212934017 0.139981002 0.237609982 0.132572994 0.245401025 0.0968139991 0.176297009 0.116238996 0.212934017 0.102937996 0.220866978 0.0980189964 0.142221987 0.0968139991 0.176297009 0.0799520016 0.17987299 0.113293 0.112728 0.0980189964 0.142221987 0.0793690011 0.137223005 0.138622001 0.0863569975 0.113293 0.112728 0.0984160006 0.0990960002 0.170046002 0.0717650056 0.138622001 0.0863569975 0.129463002 0.0711320043 0.203489006 0.0670099854 0.170046002 0.0717650056 0.165548995 0.05449301 0.236872002 0.0726860166 0.203489006 0.0670099854 0.203967005 0.0499110222 0.265890986 0.0880439878 0.236872002 0.0726860166 0.242429003 0.0557479858 0.287467003 0.112114012 0.265890986 0.0880439878 0.27799499 0.0725269914 0.300312012 0.144532979 0.279522985 0.149342 0.270853996 0.121945024 0.300312012 0.144532979 0.303615987 0.174607992 0.280965 0.172312975 0.291938007 0.207509995 0.273171991 0.201116025 0.280965 0.172312975 0.26710999 0.235753 0.255957007 0.227005005 0.273171991 0.201116025 0.236511007 0.250963986 0.233537003 0.246616006 0.255957007 0.227005005 0.236511007 0.250963986 0.205250993 0.259701014 0.205127001 0.254031003 0.205250993 0.259701014 0.168589994 0.254723012 0.173105001 0.246955991 0.168589994 0.254723012 0.139981002 0.237609982 0.148404002 0.229336977 0.139981002 0.237609982 0.116238996 0.212934017 0.127730995 0.205395997 0.116238996 0.212934017 0.0968139991 0.176297009 0.111616001 0.173541009 0.0980189964 0.142221987 0.114069 0.145833015 0.111616001 0.173541009 0.113293 0.112728 0.126339003 0.124471009 0.114069 0.145833015 0.113293 0.112728 0.138622001 0.0863569975 0.148539007 0.103528976 0.138622001 0.0863569975 0.170046002 0.0717650056 0.175816 0.0920339823 0.170046002 0.0717650056 0.203489006 0.0670099854 0.202747002 0.0869529843 0.236872002 0.0726860166 0.231432006 0.0912539959 0.202747002 0.0869529843 0.265890986 0.0880439878 0.253585011 0.103690982 0.231432006 0.0912539959 0.265890986 0.0880439878 0.287467003 0.112114012 0.270853996 0.121945024 0.279522985 0.149342 0.245331004 0.155987024 0.243456006 0.137878001 0.245661005 0.169122994 0.245331004 0.155987024 0.279522985 0.149342 0.244712994 0.186935008 0.245661005 0.169122994 0.280965 0.172312975 0.241514996 0.210779011 0.244712994 0.186935008 0.273171991 0.201116025 0.229194999 0.232150972 0.241514996 0.210779011 0.255957007 0.227005005 0.205125004 0.250333011 0.229194999 0.232150972 0.233537003 0.246616006 0.173105001 0.246955991 0.174787998 0.239093006 0.205125004 0.250333011 0.148404002 0.229336977 0.151267007 0.218568981 0.174787998 0.239093006 0.127730995 0.205395997 0.136352003 0.199859023 0.151267007 0.218568981 0.128418997 0.171527982 0.136352003 0.199859023 0.127730995 0.205395997 0.114069 0.145833015 0.131063998 0.148922026 0.128418997 0.171527982 0.126339003 0.124471009 0.144409001 0.132670999 0.131063998 0.148922026 0.148539007 0.103528976 0.160639003 0.12191999 0.144409001 0.132670999 0.175816 0.0920339823 0.182116002 0.114280999 0.160639003 0.12191999 0.201998994 0.111240983 0.182116002 0.114280999 0.175816 0.0920339823 0.222644001 0.115487993 0.201998994 0.111240983 0.202747002 0.0869529843 0.236958995 0.123540998 0.222644001 0.115487993 0.231432006 0.0912539959 0.270853996 0.121945024 0.243456006 0.137878001 0.236958995 0.123540998 0.245331004 0.155987024 0.200224996 0.165473998 0.243456006 0.137878001 0.245661005 0.169122994 0.200224996 0.165473998 0.245331004 0.155987024 0.244712994 0.186935008 0.200224996 0.165473998 0.245661005 0.169122994 0.241514996 0.210779011 0.200224996 0.165473998 0.244712994 0.186935008 0.229194999 0.232150972 0.200224996 0.165473998 0.241514996 0.210779011 0.205125004 0.250333011 0.200224996 0.165473998 0.229194999 0.232150972 0.174787998 0.239093006 0.200224996 0.165473998 0.205125004 0.250333011 0.151267007 0.218568981 0.200224996 0.165473998 0.174787998 0.239093006 0.136352003 0.199859023 0.200224996 0.165473998 0.151267007 0.218568981 0.128418997 0.171527982 0.200224996 0.165473998 0.136352003 0.199859023 0.131063998 0.148922026 0.200224996 0.165473998 0.128418997 0.171527982 0.144409001 0.132670999 0.200224996 0.165473998 0.131063998 0.148922026 0.160639003 0.12191999 0.200224996 0.165473998 0.144409001 0.132670999 0.182116002 0.114280999 0.200224996 0.165473998 0.160639003 0.12191999 0.201998994 0.111240983 0.200224996 0.165473998 0.182116002 0.114280999 0.222644001 0.115487993 0.200224996 0.165473998 0.201998994 0.111240983 0.236958995 0.123540998 0.200224996 0.165473998 0.222644001 0.115487993 0.243456006 0.137878001 0.200224996 0.165473998 0.236958995 0.123540998 0.363177001 0.642289042 0.359302998 0.595723033 0.395817012 0.597557008 0.318866998 0.617938042 0.359302998 0.595723033 0.363177001 0.642289042 0.29560101 0.650725961 0.318866998 0.617938042 0.347232997 0.652333975 0.288706988 0.68938601 0.29560101 0.650725961 0.336470991 0.668504 0.338061005 0.706866026 0.299286991 0.729704976 0.288706988 0.68938601 0.350138992 0.722030044 0.323913991 0.758121014 0.299286991 0.729704976 0.366833001 0.730563998 0.361795992 0.774991989 0.323913991 0.758121014 0.384364009 0.731002986 0.402200997 0.771309972 0.361795992 0.774991989 0.379821002 0.685736001 0.363177001 0.642289042 0.381547987 0.645045996 0.379821002 0.685736001 0.347232997 0.652333975 0.363177001 0.642289042 0.379821002 0.685736001 0.336470991 0.668504 0.347232997 0.652333975 0.379821002 0.685736001 0.33317399 0.687842011 0.336470991 0.668504 0.379821002 0.685736001 0.338061005 0.706866026 0.33317399 0.687842011 0.379821002 0.685736001 0.350138992 0.722030044 0.338061005 0.706866026 0.379821002 0.685736001 0.366833001 0.730563998 0.350138992 0.722030044 0.379821002 0.685736001 0.384364009 0.731002986 0.366833001 0.730563998 0.122814 0.684695959 0.124876 0.729622006 0.107000001 0.728188992 0.122814 0.684695959 0.107000001 0.728188992 0.0908079967 0.718571007 0.122814 0.684695959 0.0908079967 0.718571007 0.0796450004 0.702561975 0.122814 0.684695959 0.0796450004 0.702561975 0.0759579986 0.683082998 0.122814 0.684695959 0.0759579986 0.683082998 0.0806649998 0.663802981 0.122814 0.684695959 0.0806649998 0.663802981 0.0926539972 0.648342967 0.122814 0.684695959 0.0926539972 0.648342967 0.109332003 0.639539957 0.122814 0.684695959 0.109332003 0.639539957 0.126901001 0.638902009 0.0987659991 0.773030996 0.107000001 0.728188992 0.124876 0.729622006 0.0621000007 0.753984988 0.0908079967 0.718571007 0.107000001 0.728188992 0.0379719995 0.721394002 0.0796450004 0.702561975 0.0908079967 0.718571007 0.0303290002 0.682471991 0.0759579986 0.683082998 0.0796450004 0.702561975 0.040341001 0.64309001 0.0806649998 0.663802981 0.0759579986 0.683082998 0.0664630011 0.61273396 0.0926539972 0.648342967 0.0806649998 0.663802981 0.109332003 0.639539957 0.0926539972 0.648342967 0.0664630011 0.61273396 0.126901001 0.638902009 0.109332003 0.639539957 0.104065001 0.595615983 0.462116987 0.619230986 0.484064996 0.647807956 0.492464989 0.682129025 0.407748997 0.681937993 0.379821002 0.685736001 0.381547987 0.645045996 0.140567005 0.772805989 0.150887996 0.685338974 0.207338005 0.750015974 0.150887996 0.685338974 0.140567005 0.772805989 0.124876 0.729622006 0.126901001 0.638902009 0.144630998 0.598124027 0.150887996 0.685338974 0.209096 0.623519003 0.230072007 0.652022958 0.236928999 0.68731904 0.236928999 0.68731904 0.228958994 0.721343994 0.207338005 0.750015974 0.144630998 0.598124027 0.178650007 0.60454601 0.209096 0.623519003 0.492464989 0.682129025 0.485601008 0.719130039 0.466527998 0.745936036 0.407748997 0.681937993 0.402200997 0.771309972 0.384364009 0.731002986 0.395817012 0.597557008 0.426427007 0.598966956 0.462116987 0.619230986 0.466527998 0.745936036 0.436237991 0.765398026 0.402200997 0.771309972 0.508170009 0.355938971 0.51197499 0.403328001 0.607035995 0.750196993 0.504639983 0.645501018 0.507750988 0.54757601 0.505766988 0.597002029 0.527226985 0.131030023 0.510591984 0.122262001 0.501478016 0.308921993 0.506121993 0.693063021 0.50780499 0.498534977 0.507750988 0.54757601 0.506121993 0.693063021 0.539947987 0.685431957 0.555724025 0.676033974 0.510591984 0.122262001 0.474460006 0.12154901 0.501478016 0.308921993 0.496508002 0.262061 0.482719004 0.172105014 0.488819003 0.214859009 0.482719004 0.172105014 0.496508002 0.262061 0.501478016 0.308921993 0.501478016 0.308921993 0.508170009 0.355938971 0.556816995 0.0944790244 0.50780499 0.498534977 0.555724025 0.676033974 0.588172019 0.707248986 0.510924995 0.45076102 0.588172019 0.707248986 0.607035995 0.750196993 0.32544899 0.137425005 0.300312012 0.144532979 0.305763006 0.100772977 0.303615987 0.174607992 0.300312012 0.144532979 0.326469004 0.177443027 0.291938007 0.207509995 0.303615987 0.174607992 0.312465012 0.215391994 0.26710999 0.235753 0.291938007 0.207509995 0.279175997 0.244814992 0.236511007 0.250963986 0.26710999 0.235753 0.242707998 0.260406971 0.205250993 0.259701014 0.236511007 0.250963986 0.205979005 0.269336998 0.165180996 0.262257993 0.168589994 0.254723012 0.205979005 0.269336998 0.132572994 0.245401025 0.139981002 0.237609982 0.165180996 0.262257993 0.102937996 0.220866978 0.116238996 0.212934017 0.132572994 0.245401025 0.0799520016 0.17987299 0.0968139991 0.176297009 0.102937996 0.220866978 0.0793690011 0.137223005 0.0980189964 0.142221987 0.0799520016 0.17987299 0.0984160006 0.0990960002 0.113293 0.112728 0.0793690011 0.137223005 0.129463002 0.0711320043 0.138622001 0.0863569975 0.0984160006 0.0990960002 0.165548995 0.05449301 0.170046002 0.0717650056 0.129463002 0.0711320043 0.203967005 0.0499110222 0.203489006 0.0670099854 0.165548995 0.05449301 0.242429003 0.0557479858 0.236872002 0.0726860166 0.203967005 0.0499110222 0.27799499 0.0725269914 0.265890986 0.0880439878 0.242429003 0.0557479858 0.305763006 0.100772977 0.287467003 0.112114012 0.27799499 0.0725269914 0.287467003 0.112114012 0.300312012 0.144532979 0.270853996 0.121945024 0.279522985 0.149342 0.300312012 0.144532979 0.280965 0.172312975 0.303615987 0.174607992 0.291938007 0.207509995 0.280965 0.172312975 0.291938007 0.207509995 0.26710999 0.235753 0.273171991 0.201116025 0.26710999 0.235753 0.236511007 0.250963986 0.255957007 0.227005005 0.233537003 0.246616006 0.236511007 0.250963986 0.205127001 0.254031003 0.205127001 0.254031003 0.205250993 0.259701014 0.173105001 0.246955991 0.173105001 0.246955991 0.168589994 0.254723012 0.148404002 0.229336977 0.148404002 0.229336977 0.139981002 0.237609982 0.127730995 0.205395997 0.127730995 0.205395997 0.116238996 0.212934017 0.111616001 0.173541009 0.0968139991 0.176297009 0.0980189964 0.142221987 0.111616001 0.173541009 0.0980189964 0.142221987 0.113293 0.112728 0.114069 0.145833015 0.126339003 0.124471009 0.113293 0.112728 0.148539007 0.103528976 0.148539007 0.103528976 0.138622001 0.0863569975 0.175816 0.0920339823 0.175816 0.0920339823 0.170046002 0.0717650056 0.202747002 0.0869529843 0.203489006 0.0670099854 0.236872002 0.0726860166 0.202747002 0.0869529843 0.236872002 0.0726860166 0.265890986 0.0880439878 0.231432006 0.0912539959 0.253585011 0.103690982 0.265890986 0.0880439878 0.270853996 0.121945024 0.270853996 0.121945024 0.279522985 0.149342 0.243456006 0.137878001 0.280965 0.172312975 0.245661005 0.169122994 0.279522985 0.149342 0.273171991 0.201116025 0.244712994 0.186935008 0.280965 0.172312975 0.255957007 0.227005005 0.241514996 0.210779011 0.273171991 0.201116025 0.233537003 0.246616006 0.229194999 0.232150972 0.255957007 0.227005005 0.205127001 0.254031003 0.205125004 0.250333011 0.233537003 0.246616006 0.205127001 0.254031003 0.173105001 0.246955991 0.205125004 0.250333011 0.173105001 0.246955991 0.148404002 0.229336977 0.174787998 0.239093006 0.148404002 0.229336977 0.127730995 0.205395997 0.151267007 0.218568981 0.111616001 0.173541009 0.128418997 0.171527982 0.127730995 0.205395997 0.111616001 0.173541009 0.114069 0.145833015 0.128418997 0.171527982 0.114069 0.145833015 0.126339003 0.124471009 0.131063998 0.148922026 0.126339003 0.124471009 0.148539007 0.103528976 0.144409001 0.132670999 0.148539007 0.103528976 0.175816 0.0920339823 0.160639003 0.12191999 0.202747002 0.0869529843 0.201998994 0.111240983 0.175816 0.0920339823 0.231432006 0.0912539959 0.222644001 0.115487993 0.202747002 0.0869529843 0.253585011 0.103690982 0.236958995 0.123540998 0.231432006 0.0912539959 0.253585011 0.103690982 0.270853996 0.121945024 0.236958995 0.123540998 0.381547987 0.645045996 0.363177001 0.642289042 0.395817012 0.597557008 0.347232997 0.652333975 0.318866998 0.617938042 0.363177001 0.642289042 0.336470991 0.668504 0.29560101 0.650725961 0.347232997 0.652333975 0.33317399 0.687842011 0.288706988 0.68938601 0.336470991 0.668504 0.33317399 0.687842011 0.338061005 0.706866026 0.288706988 0.68938601 0.338061005 0.706866026 0.350138992 0.722030044 0.299286991 0.729704976 0.350138992 0.722030044 0.366833001 0.730563998 0.323913991 0.758121014 0.366833001 0.730563998 0.384364009 0.731002986 0.361795992 0.774991989 0.140567005 0.772805989 0.0987659991 0.773030996 0.124876 0.729622006 0.0987659991 0.773030996 0.0621000007 0.753984988 0.107000001 0.728188992 0.0621000007 0.753984988 0.0379719995 0.721394002 0.0908079967 0.718571007 0.0379719995 0.721394002 0.0303290002 0.682471991 0.0796450004 0.702561975 0.0303290002 0.682471991 0.040341001 0.64309001 0.0759579986 0.683082998 0.040341001 0.64309001 0.0664630011 0.61273396 0.0806649998 0.663802981 0.104065001 0.595615983 0.109332003 0.639539957 0.0664630011 0.61273396 0.144630998 0.598124027 0.126901001 0.638902009 0.104065001 0.595615983 0.407748997 0.681937993 0.462116987 0.619230986 0.492464989 0.682129025 0.395817012 0.597557008 0.407748997 0.681937993 0.381547987 0.645045996 0.176007003 0.767659009 0.140567005 0.772805989 0.207338005 0.750015974 0.122814 0.684695959 0.150887996 0.685338974 0.124876 0.729622006 0.122814 0.684695959 0.126901001 0.638902009 0.150887996 0.685338974 0.150887996 0.685338974 0.209096 0.623519003 0.236928999 0.68731904 0.150887996 0.685338974 0.236928999 0.68731904 0.207338005 0.750015974 0.150887996 0.685338974 0.144630998 0.598124027 0.209096 0.623519003 0.407748997 0.681937993 0.492464989 0.682129025 0.466527998 0.745936036 0.379821002 0.685736001 0.407748997 0.681937993 0.384364009 0.731002986 0.407748997 0.681937993 0.395817012 0.597557008 0.462116987 0.619230986 0.407748997 0.681937993 0.466527998 0.745936036 0.402200997 0.771309972 0.556816995 0.0944790244 0.508170009 0.355938971 0.607035995 0.750196993 0.504639983 0.645501018 0.506121993 0.693063021 0.507750988 0.54757601 0.50780499 0.498534977 0.506121993 0.693063021 0.555724025 0.676033974 0.474460006 0.12154901 0.482719004 0.172105014 0.501478016 0.308921993 0.527226985 0.131030023 0.501478016 0.308921993 0.556816995 0.0944790244 0.510924995 0.45076102 0.50780499 0.498534977 0.588172019 0.707248986 0.51197499 0.403328001 0.510924995 0.45076102 0.607035995 0.750196993 </float_array>
          <technique_common>
            <accessor count="648" offset="0" source="#milky_white-tex0-array" stride="2">
              <param name="S" type="float" />
              <param name="T" type="float" />
            </accessor>
          </technique_common>
        </source>
        <vertices id="milky_white-vertices">
          <input semantic="POSITION" source="#milky_white-positions" />
        </vertices>
        <polylist count="216" material="defaultMaterial">
          <input offset="0" semantic="VERTEX" source="#milky_white-vertices" />
          <input offset="0" semantic="NORMAL" source="#milky_white-normals" />
          <input offset="0" semantic="TEXCOORD" source="#milky_white-tex0" set="0" />
          <vcount>3 3 3 3 3 3 3 3 3 3 3 3 3 3 3 3 3 3 3 3 3 3 3 3 3 3 3 3 3 3 3 3 3 3 3 3 3 3 3 3 3 3 3 3 3 3 3 3 3 3 3 3 3 3 3 3 3 3 3 3 3 3 3 3 3 3 3 3 3 3 3 3 3 3 3 3 3 3 3 3 3 3 3 3 3 3 3 3 3 3 3 3 3 3 3 3 3 3 3 3 3 3 3 3 3 3 3 3 3 3 3 3 3 3 3 3 3 3 3 3 3 3 3 3 3 3 3 3 3 3 3 3 3 3 3 3 3 3 3 3 3 3 3 3 3 3 3 3 3 3 3 3 3 3 3 3 3 3 3 3 3 3 3 3 3 3 3 3 3 3 3 3 3 3 3 3 3 3 3 3 3 3 3 3 3 3 3 3 3 3 3 3 3 3 3 3 3 3 3 3 3 3 3 3 3 3 3 3 3 3 3 3 3 3 3 3 </vcount>
          <p>0 1 2 3 4 5 6 7 8 9 10 11 12 13 14 15 16 17 18 19 20 21 22 23 24 25 26 27 28 29 30 31 32 33 34 35 36 37 38 39 40 41 42 43 44 45 46 47 48 49 50 51 52 53 54 55 56 57 58 59 60 61 62 63 64 65 66 67 68 69 70 71 72 73 74 75 76 77 78 79 80 81 82 83 84 85 86 87 88 89 90 91 92 93 94 95 96 97 98 99 100 101 102 103 104 105 106 107 108 109 110 111 112 113 114 115 116 117 118 119 120 121 122 123 124 125 126 127 128 129 130 131 132 133 134 135 136 137 138 139 140 141 142 143 144 145 146 147 148 149 150 151 152 153 154 155 156 157 158 159 160 161 162 163 164 165 166 167 168 169 170 171 172 173 174 175 176 177 178 179 180 181 182 183 184 185 186 187 188 189 190 191 192 193 194 195 196 197 198 199 200 201 202 203 204 205 206 207 208 209 210 211 212 213 214 215 216 217 218 219 220 221 222 223 224 225 226 227 228 229 230 231 232 233 234 235 236 237 238 239 240 241 242 243 244 245 246 247 248 249 250 251 252 253 254 255 256 257 258 259 260 261 262 263 264 265 266 267 268 269 270 271 272 273 274 275 276 277 278 279 280 281 282 283 284 285 286 287 288 289 290 291 292 293 294 295 296 297 298 299 300 301 302 303 304 305 306 307 308 309 310 311 312 313 314 315 316 317 318 319 320 321 322 323 324 325 326 327 328 329 330 331 332 333 334 335 336 337 338 339 340 341 342 343 344 345 346 347 348 349 350 351 352 353 354 355 356 357 358 359 360 361 362 363 364 365 366 367 368 369 370 371 372 373 374 375 376 377 378 379 380 381 382 383 384 385 386 387 388 389 390 391 392 393 394 395 396 397 398 399 400 401 402 403 404 405 406 407 408 409 410 411 412 413 414 415 416 417 418 419 420 421 422 423 424 425 426 427 428 429 430 431 432 433 434 435 436 437 438 439 440 441 442 443 444 445 446 447 448 449 450 451 452 453 454 455 456 457 458 459 460 461 462 463 464 465 466 467 468 469 470 471 472 473 474 475 476 477 478 479 480 481 482 483 484 485 486 487 488 489 490 491 492 493 494 495 496 497 498 499 500 501 502 503 504 505 506 507 508 509 510 511 512 513 514 515 516 517 518 519 520 521 522 523 524 525 526 527 528 529 530 531 532 533 534 535 536 537 538 539 540 541 542 543 544 545 546 547 548 549 550 551 552 553 554 555 556 557 558 559 560 561 562 563 564 565 566 567 568 569 570 571 572 573 574 575 576 577 578 579 580 581 582 583 584 585 586 587 588 589 590 591 592 593 594 595 596 597 598 599 600 601 602 603 604 605 606 607 608 609 610 611 612 613 614 615 616 617 618 619 620 621 622 623 624 625 626 627 628 629 630 631 632 633 634 635 636 637 638 639 640 641 642 643 644 645 646 647 </p>
        </polylist>
      </mesh>
    </geometry>
    <geometry id="shiny_white" name="shiny_white" >
      <mesh>
        <source id="shiny_white-positions" name="shiny_white-positions">
          <float_array id="shiny_white-positions-array" count="2304"> 0.0147129996 -0.0432760008 0.0174490009 0.0136470003 -0.0323139988 0.0315399989 0.000213000007 -0.0327080004 0.0305090006 0.0154999997 -0.0463699996 -7.9999998e-05 0.0147129996 -0.0432760008 0.0174490009 0.000241999995 -0.0422509983 0.016423 0.0149980001 -0.0432140008 -0.0162909999 0.0154999997 -0.0463699996 -7.9999998e-05 5.09999991e-05 -0.0462340005 -0.000157000002 0.0140030002 -0.0328509994 -0.0306809992 0.0149980001 -0.0432140008 -0.0162909999 0.000241999995 -0.0422420017 -0.0168229993 0.0167520009 -0.000845999981 0.0424150005 0.0175919998 0.0160119999 0.0384589992 0.00962200016 0.0173129998 0.0391560011 0.000381999998 0.0326590016 0.0310190003 0.00037200001 0.0177369993 0.0400849991 0.00962200016 0.0173129998 0.0391560011 0.0195259992 0.0264430009 0.030886 0.0130289998 0.0299789999 0.0309420004 0.00962200016 0.0173129998 0.0391560011 0.0167520009 -0.000845999981 0.0424150005 0.000337000005 0.000176999994 0.0434029996 0.000280999986 -0.0177740008 0.0400849991 0.000280999986 -0.0177740008 0.0400849991 0.000213000007 -0.0327080004 0.0305090006 0.0136470003 -0.0323139988 0.0315399989 0.0413930006 0.0222009998 0.0186819993 0.0435630009 0.0242400002 -0.00070199999 0.0348990001 0.0301840007 -0.000440000003 0.0303450003 0.0289030001 0.0166159999 0.0195259992 0.0264430009 0.030886 0.0338970013 0.0140150003 0.0348219983 0.0175919998 0.0160119999 0.0384589992 0.0338970013 0.0140150003 0.0348219983 0.0195259992 0.0264430009 0.030886 0.0175919998 0.0160119999 0.0384589992 0.0167520009 -0.000845999981 0.0424150005 0.023945 -0.000875000027 0.0419650003 0.023945 -0.000875000027 0.0419650003 0.0167520009 -0.000845999981 0.0424150005 0.0164500009 -0.0171249993 0.0396969989 0.000322999986 -0.0177529994 -0.0404939987 0.0166560002 -0.0178100001 -0.0397690013 0.0140030002 -0.0328509994 -0.0306809992 0.042165 0.0226690006 -0.0162930004 0.0305460002 0.0290389992 -0.0167149995 0.0348990001 0.0301840007 -0.000440000003 0.0305460002 0.0290389992 -0.0167149995 0.042165 0.0226690006 -0.0162930004 0.0350239985 0.0152120003 -0.0335909985 0.000493999978 0.0324519984 -0.0314740017 0.0133520002 0.0302830003 -0.0316120014 0.000536000007 0.0159339998 -0.0405110009 0.000536000007 0.0159339998 -0.0405110009 0.0179810002 0.0150769996 -0.0389599986 0.0172310006 -0.000279 -0.0425859988 0.0189720001 0.0261669997 -0.0317399986 0.0350239985 0.0152120003 -0.0335909985 0.0179810002 0.0150769996 -0.0389599986 0.0179810002 0.0150769996 -0.0389599986 0.0350239985 0.0152120003 -0.0335909985 0.0240260009 -0.000663999992 -0.0420849994 0.0172310006 -0.000279 -0.0425859988 0.0166560002 -0.0178100001 -0.0397690013 0.000322999986 -0.0177529994 -0.0404939987 0.0240260009 -0.000663999992 -0.0420849994 0.0166560002 -0.0178100001 -0.0397690013 0.0172310006 -0.000279 -0.0425859988 0.0495829992 0.020885 -0.000668999972 0.0501380004 0.0192789994 0.0121259997 0.0677509978 0.0177149996 0.0108909998 0.0501380004 0.0192789994 0.0121259997 0.0497590005 0.015447 0.0245559998 0.0674170032 0.0142820003 0.0229470003 0.0497590005 0.015447 0.0245559998 0.0482200012 0.00718499999 0.0357589982 0.0668570027 0.00669299997 0.0347150005 0.0482200012 0.00718499999 0.0357589982 0.0456920005 -0.00629899977 0.041398 0.0669709966 -0.0062950002 0.0413930006 0.0456920005 -0.00629899977 0.041398 0.0432230011 -0.0207880009 0.0402520001 0.0670749992 -0.0211539995 0.0415760018 0.0432230011 -0.0207880009 0.0402520001 0.0409610011 -0.0336339995 0.0343989991 0.0669300035 -0.0355570018 0.0371959992 0.0409610011 -0.0336339995 0.0343989991 0.0391740017 -0.0430440009 0.0244059991 0.0673250034 -0.0469119996 0.0271949992 0.0391740017 -0.0430440009 0.0244059991 0.0380050018 -0.0480390005 0.0121259997 0.0676579997 -0.0529659986 0.0136200003 0.0380050018 -0.0480390005 0.0121259997 0.037583001 -0.0497479998 -0.000707000028 0.0680989996 -0.0548439994 -0.000689000008 0.037583001 -0.0497479998 -0.000707000028 0.0379839987 -0.0479740016 -0.0134089999 0.0673440024 -0.0524309985 -0.0147839999 0.0390999988 -0.043331001 -0.0259939991 0.066771999 -0.0460040011 -0.027826 0.0673440024 -0.0524309985 -0.0147839999 0.0409430005 -0.0336330011 -0.0357769988 0.0665870011 -0.0349519998 -0.0375379995 0.066771999 -0.0460040011 -0.027826 0.0433069989 -0.0206409991 -0.0406600013 0.0664950013 -0.0210340004 -0.0422790013 0.0665870011 -0.0349519998 -0.0375379995 0.0457840003 -0.00656299992 -0.0416640006 0.0664620027 -0.00641199993 -0.0421729982 0.0664950013 -0.0210340004 -0.0422790013 0.0481900014 0.00669799978 -0.0364810005 0.0661680028 0.00632200018 -0.0355769992 0.0664620027 -0.00641199993 -0.0421729982 0.0496679991 0.0149739999 -0.0255309995 0.0667459965 0.0139300004 -0.0240720008 0.0661680028 0.00632200018 -0.0355769992 0.0496900007 0.0193760004 -0.0131320003 0.067410998 0.0175720006 -0.0121790003 0.0667459965 0.0139300004 -0.0240720008 0.0495829992 0.020885 -0.000668999972 0.0678749979 0.0192099996 -0.000691000023 0.067410998 0.0175720006 -0.0121790003 0.0678749979 0.0192099996 -0.000691000023 0.0677509978 0.0177149996 0.0108909998 0.0923810005 0.0207579993 0.0118530001 0.0677509978 0.0177149996 0.0108909998 0.0674170032 0.0142820003 0.0229470003 0.0919980034 0.0162850004 0.0244730003 0.0674170032 0.0142820003 0.0229470003 0.0668570027 0.00669299997 0.0347150005 0.0917939991 0.00732900016 0.0357379988 0.0669709966 -0.0062950002 0.0413930006 0.0918390006 -0.00615700008 0.0421020016 0.0917939991 0.00732900016 0.0357379988 0.0670749992 -0.0211539995 0.0415760018 0.091854997 -0.0213350002 0.0425899997 0.0918390006 -0.00615700008 0.0421020016 0.0670749992 -0.0211539995 0.0415760018 0.0669300035 -0.0355570018 0.0371959992 0.0917690024 -0.0360529982 0.0380190015 0.0673250034 -0.0469119996 0.0271949992 0.0919950008 -0.0479959995 0.0280840006 0.0917690024 -0.0360529982 0.0380190015 0.0676579997 -0.0529659986 0.0136200003 0.0926389992 -0.0547350012 0.0142719997 0.0919950008 -0.0479959995 0.0280840006 0.0680989996 -0.0548439994 -0.000689000008 0.093445003 -0.0568300001 -0.000665 0.0926389992 -0.0547350012 0.0142719997 0.0680989996 -0.0548439994 -0.000689000008 0.0673440024 -0.0524309985 -0.0147839999 0.0924730003 -0.0534930006 -0.0151129998 0.0673440024 -0.0524309985 -0.0147839999 0.066771999 -0.0460040011 -0.027826 0.0920440033 -0.0460320003 -0.0278220009 0.066771999 -0.0460040011 -0.027826 0.0665870011 -0.0349519998 -0.0375379995 0.0913560018 -0.0350439996 -0.0376610011 0.0664950013 -0.0210340004 -0.0422790013 0.0914840028 -0.0212629996 -0.0435729995 0.0913560018 -0.0350439996 -0.0376610011 0.0664620027 -0.00641199993 -0.0421729982 0.0917799994 -0.00609799987 -0.0438279994 0.0914840028 -0.0212629996 -0.0435729995 0.0664620027 -0.00641199993 -0.0421729982 0.0661680028 0.00632200018 -0.0355769992 0.0915910006 0.00712999981 -0.036789 0.0667459965 0.0139300004 -0.0240720008 0.0918650031 0.0157009996 -0.0253749993 0.0915910006 0.00712999981 -0.036789 0.067410998 0.0175720006 -0.0121790003 0.0924929976 0.020397 -0.0131099997 0.0918650031 0.0157009996 -0.0253749993 0.0678749979 0.0192099996 -0.000691000023 0.0928900018 0.0226559993 -0.000693999988 0.0924929976 0.020397 -0.0131099997 0.0928900018 0.0226559993 -0.000693999988 0.0923810005 0.0207579993 0.0118530001 0.117206 0.0237119999 0.0129230004 0.0919980034 0.0162850004 0.0244730003 0.117371999 0.0182179995 0.0260899998 0.117206 0.0237119999 0.0129230004 0.0917939991 0.00732900016 0.0357379988 0.117507003 0.00788800046 0.0367010012 0.117371999 0.0182179995 0.0260899998 0.0918390006 -0.00615700008 0.0421020016 0.117555998 -0.00610999996 0.0423640013 0.117507003 0.00788800046 0.0367010012 0.091854997 -0.0213350002 0.0425899997 0.117578 -0.0213370007 0.0426050015 0.117555998 -0.00610999996 0.0423640013 0.091854997 -0.0213350002 0.0425899997 0.0917690024 -0.0360529982 0.0380190015 0.117602997 -0.0358269997 0.0376259983 0.0919950008 -0.0479959995 0.0280840006 0.117587 -0.0475159995 0.0276580006 0.117602997 -0.0358269997 0.0376259983 0.0926389992 -0.0547350012 0.0142719997 0.117513001 -0.0543549992 0.0140979998 0.117587 -0.0475159995 0.0276580006 0.093445003 -0.0568300001 -0.000665 0.117490001 -0.0567120016 -0.000696000003 0.117513001 -0.0543549992 0.0140979998 0.093445003 -0.0568300001 -0.000665 0.0924730003 -0.0534930006 -0.0151129998 0.117400996 -0.0527000017 -0.014858 0.0924730003 -0.0534930006 -0.0151129998 0.0920440033 -0.0460320003 -0.0278220009 0.117402002 -0.0449780002 -0.0269089993 0.0920440033 -0.0460320003 -0.0278220009 0.0913560018 -0.0350439996 -0.0376610011 0.117443003 -0.0346500017 -0.0369989984 0.0914840028 -0.0212629996 -0.0435729995 0.117551997 -0.0213970002 -0.0442579985 0.117443003 -0.0346500017 -0.0369989984 0.0917799994 -0.00609799987 -0.0438279994 0.117558002 -0.00593800005 -0.0445760004 0.117551997 -0.0213970002 -0.0442579985 0.0917799994 -0.00609799987 -0.0438279994 0.0915910006 0.00712999981 -0.036789 0.117487997 0.00798000023 -0.0381780006 0.0915910006 0.00712999981 -0.036789 0.0918650031 0.0157009996 -0.0253749993 0.117299996 0.0176049992 -0.0269649997 0.0924929976 0.020397 -0.0131099997 0.117160998 0.0232379995 -0.0141399996 0.117299996 0.0176049992 -0.0269649997 0.0928900018 0.0226559993 -0.000693999988 0.117155999 0.0255520009 -0.000694999995 0.117160998 0.0232379995 -0.0141399996 0.117155999 0.0255520009 -0.000694999995 0.117206 0.0237119999 0.0129230004 0.147141993 0.0217729993 0.0123960003 0.117206 0.0237119999 0.0129230004 0.117371999 0.0182179995 0.0260899998 0.144203007 0.0165890008 0.0247859992 0.117371999 0.0182179995 0.0260899998 0.117507003 0.00788800046 0.0367010012 0.140435994 0.00690900022 0.0349869989 0.117507003 0.00788800046 0.0367010012 0.117555998 -0.00610999996 0.0423640013 0.136250004 -0.00637400011 0.0409069993 0.117555998 -0.00610999996 0.0423640013 0.117578 -0.0213370007 0.0426050015 0.133912995 -0.0210950002 0.0412219986 0.117578 -0.0213370007 0.0426050015 0.117602997 -0.0358269997 0.0376259983 0.133768007 -0.0350870006 0.0363329984 0.117587 -0.0475159995 0.0276580006 0.135447994 -0.0463160016 0.0266500004 0.133768007 -0.0350870006 0.0363329984 0.117513001 -0.0543549992 0.0140979998 0.137905002 -0.0529210009 0.0135770002 0.135447994 -0.0463160016 0.0266500004 0.117490001 -0.0567120016 -0.000696000003 0.139289007 -0.0553429984 -0.000696000003 0.137905002 -0.0529210009 0.0135770002 0.117490001 -0.0567120016 -0.000696000003 0.117400996 -0.0527000017 -0.014858 0.137245998 -0.0516149998 -0.0144889997 0.117400996 -0.0527000017 -0.014858 0.117402002 -0.0449780002 -0.0269089993 0.135004997 -0.0442529991 -0.0263240002 0.117402002 -0.0449780002 -0.0269089993 0.117443003 -0.0346500017 -0.0369989984 0.133314997 -0.0343240015 -0.0364190005 0.117551997 -0.0213970002 -0.0442579985 0.133965999 -0.021311 -0.0438099988 0.133314997 -0.0343240015 -0.0364190005 0.117558002 -0.00593800005 -0.0445760004 0.136572003 -0.00591399986 -0.0447929986 0.133965999 -0.021311 -0.0438099988 0.117487997 0.00798000023 -0.0381780006 0.140397996 0.00760200014 -0.0374649987 0.136572003 -0.00591399986 -0.0447929986 0.117299996 0.0176049992 -0.0269649997 0.144434005 0.0166270006 -0.0261569992 0.140397996 0.00760200014 -0.0374649987 0.117160998 0.0232379995 -0.0141399996 0.146910995 0.0216320008 -0.0135559998 0.144434005 0.0166270006 -0.0261569992 0.117155999 0.0255520009 -0.000694999995 0.148191005 0.0234970003 -0.00056700001 0.146910995 0.0216320008 -0.0135559998 0.140435994 0.00690900022 0.0349869989 0.136250004 -0.00637400011 0.0409069993 0.148879007 -0.00709600002 0.0383809991 0.136250004 -0.00637400011 0.0409069993 0.133912995 -0.0210950002 0.0412219986 0.150683999 -0.0204479992 0.0382269993 0.133768007 -0.0350870006 0.0363329984 0.153816998 -0.0329039991 0.0333190002 0.150683999 -0.0204479992 0.0382269993 0.135447994 -0.0463160016 0.0266500004 0.160288006 -0.0425460003 0.0232100002 0.153816998 -0.0329039991 0.0333190002 0.137905002 -0.0529210009 0.0135770002 0.166646004 -0.0481170006 0.0124819996 0.160288006 -0.0425460003 0.0232100002 0.139289007 -0.0553429984 -0.000696000003 0.168611005 -0.0509979986 0.000195000001 0.166646004 -0.0481170006 0.0124819996 0.139289007 -0.0553429984 -0.000696000003 0.137245998 -0.0516149998 -0.0144889997 0.167180002 -0.0478839986 -0.0135319997 0.137245998 -0.0516149998 -0.0144889997 0.135004997 -0.0442529991 -0.0263240002 0.164589003 -0.0418369994 -0.0242209993 0.135004997 -0.0442529991 -0.0263240002 0.133314997 -0.0343240015 -0.0364190005 0.160683006 -0.0335609987 -0.0336310007 0.156886995 -0.0202050004 -0.0417409986 0.160683006 -0.0335609987 -0.0336310007 0.133314997 -0.0343240015 -0.0364190005 0.136572003 -0.00591399986 -0.0447929986 0.154514 -0.00614299998 -0.0424889997 0.156886995 -0.0202050004 -0.0417409986 0.140397996 0.00760200014 -0.0374649987 0.152613997 0.00647399994 -0.0361349992 0.154514 -0.00614299998 -0.0424889997 0.144434005 0.0166270006 -0.0261569992 0.151115999 0.0156820007 -0.0256190002 0.152613997 0.00647399994 -0.0361349992 0.149788007 0.0212270003 0.0124049997 0.149981007 0.0231619999 -0.000508000026 0.148191005 0.0234970003 -0.00056700001 0.149570003 0.015532 0.0242560003 0.149788007 0.0212270003 0.0124049997 0.147141993 0.0217729993 0.0123960003 0.146910995 0.0216320008 -0.0135559998 0.149976999 0.0211190004 -0.0133950002 0.151115999 0.0156820007 -0.0256190002 0.148191005 0.0234970003 -0.00056700001 0.149981007 0.0231619999 -0.000508000026 0.149976999 0.0211190004 -0.0133950002 0.149673 0.00583699998 0.0332049988 0.149570003 0.015532 0.0242560003 0.144203007 0.0165890008 0.0247859992 0.0496679991 0.0149739999 -0.0255309995 0.0350239985 0.0152120003 -0.0335909985 0.042165 0.0226690006 -0.0162930004 0.0435630009 0.0242400002 -0.00070199999 0.0495829992 0.020885 -0.000668999972 0.0496900007 0.0193760004 -0.0131320003 0.0435630009 0.0242400002 -0.00070199999 0.0501380004 0.0192789994 0.0121259997 0.0495829992 0.020885 -0.000668999972 0.0501380004 0.0192789994 0.0121259997 0.0435630009 0.0242400002 -0.00070199999 0.0413930006 0.0222009998 0.0186819993 0.0338970013 0.0140150003 0.0348219983 0.0482200012 0.00718499999 0.0357589982 0.0497590005 0.015447 0.0245559998 0.0338970013 0.0140150003 0.0348219983 0.023945 -0.000875000027 0.0419650003 0.0456920005 -0.00629899977 0.041398 0.023945 -0.000875000027 0.0419650003 0.0164500009 -0.0171249993 0.0396969989 0.0432230011 -0.0207880009 0.0402520001 0.0154999997 -0.0463699996 -7.9999998e-05 0.037583001 -0.0497479998 -0.000707000028 0.0380050018 -0.0480390005 0.0121259997 0.0154999997 -0.0463699996 -7.9999998e-05 0.0149980001 -0.0432140008 -0.0162909999 0.0379839987 -0.0479740016 -0.0134089999 0.0390999988 -0.043331001 -0.0259939991 0.0149980001 -0.0432140008 -0.0162909999 0.0140030002 -0.0328509994 -0.0306809992 0.0409430005 -0.0336330011 -0.0357769988 0.0140030002 -0.0328509994 -0.0306809992 0.0166560002 -0.0178100001 -0.0397690013 0.0240260009 -0.000663999992 -0.0420849994 0.0457840003 -0.00656299992 -0.0416640006 0.0433069989 -0.0206409991 -0.0406600013 0.0149980001 -0.0432140008 -0.0162909999 0.0390999988 -0.043331001 -0.0259939991 0.0379839987 -0.0479740016 -0.0134089999 0.0350239985 0.0152120003 -0.0335909985 0.0481900014 0.00669799978 -0.0364810005 0.0457840003 -0.00656299992 -0.0416640006 0.0350239985 0.0152120003 -0.0335909985 0.0496679991 0.0149739999 -0.0255309995 0.0481900014 0.00669799978 -0.0364810005 0.0164500009 -0.0171249993 0.0396969989 0.0136470003 -0.0323139988 0.0315399989 0.0409610011 -0.0336339995 0.0343989991 0.0136470003 -0.0323139988 0.0315399989 0.0147129996 -0.0432760008 0.0174490009 0.0391740017 -0.0430440009 0.0244059991 0.0147129996 -0.0432760008 0.0174490009 0.0380050018 -0.0480390005 0.0121259997 0.0391740017 -0.0430440009 0.0244059991 0.00962200016 0.0173129998 0.0391560011 0.00037200001 0.0177369993 0.0400849991 0.000337000005 0.000176999994 0.0434029996 0.0133520002 0.0302830003 -0.0316120014 0.0189720001 0.0261669997 -0.0317399986 0.000536000007 0.0159339998 -0.0405110009 0.0189720001 0.0261669997 -0.0317399986 0.0179810002 0.0150769996 -0.0389599986 0.000536000007 0.0159339998 -0.0405110009 0.000241999995 -0.0422509983 0.016423 0.0147129996 -0.0432760008 0.0174490009 0.000213000007 -0.0327080004 0.0305090006 5.09999991e-05 -0.0462340005 -0.000157000002 0.0154999997 -0.0463699996 -7.9999998e-05 0.000241999995 -0.0422509983 0.016423 0.000241999995 -0.0422420017 -0.0168229993 0.0149980001 -0.0432140008 -0.0162909999 5.09999991e-05 -0.0462340005 -0.000157000002 7.59999966e-05 -0.0324500017 -0.0310169999 0.0140030002 -0.0328509994 -0.0306809992 0.000241999995 -0.0422420017 -0.0168229993 0.000337000005 0.000176999994 0.0434029996 0.0167520009 -0.000845999981 0.0424150005 0.00962200016 0.0173129998 0.0391560011 0.0130289998 0.0299789999 0.0309420004 0.000381999998 0.0326590016 0.0310190003 0.00962200016 0.0173129998 0.0391560011 0.0175919998 0.0160119999 0.0384589992 0.0195259992 0.0264430009 0.030886 0.00962200016 0.0173129998 0.0391560011 0.0164500009 -0.0171249993 0.0396969989 0.0167520009 -0.000845999981 0.0424150005 0.000280999986 -0.0177740008 0.0400849991 0.0164500009 -0.0171249993 0.0396969989 0.000280999986 -0.0177740008 0.0400849991 0.0136470003 -0.0323139988 0.0315399989 0.0303450003 0.0289030001 0.0166159999 0.0413930006 0.0222009998 0.0186819993 0.0348990001 0.0301840007 -0.000440000003 0.0413930006 0.0222009998 0.0186819993 0.0303450003 0.0289030001 0.0166159999 0.0338970013 0.0140150003 0.0348219983 0.0338970013 0.0140150003 0.0348219983 0.0175919998 0.0160119999 0.0384589992 0.023945 -0.000875000027 0.0419650003 7.59999966e-05 -0.0324500017 -0.0310169999 0.000322999986 -0.0177529994 -0.0404939987 0.0140030002 -0.0328509994 -0.0306809992 0.0435630009 0.0242400002 -0.00070199999 0.042165 0.0226690006 -0.0162930004 0.0348990001 0.0301840007 -0.000440000003 0.0189720001 0.0261669997 -0.0317399986 0.0305460002 0.0290389992 -0.0167149995 0.0350239985 0.0152120003 -0.0335909985 0.000490000006 1.40000002e-05 -0.0438489988 0.000536000007 0.0159339998 -0.0405110009 0.0172310006 -0.000279 -0.0425859988 0.0172310006 -0.000279 -0.0425859988 0.0179810002 0.0150769996 -0.0389599986 0.0240260009 -0.000663999992 -0.0420849994 0.000490000006 1.40000002e-05 -0.0438489988 0.0172310006 -0.000279 -0.0425859988 0.000322999986 -0.0177529994 -0.0404939987 0.0678749979 0.0192099996 -0.000691000023 0.0495829992 0.020885 -0.000668999972 0.0677509978 0.0177149996 0.0108909998 0.0677509978 0.0177149996 0.0108909998 0.0501380004 0.0192789994 0.0121259997 0.0674170032 0.0142820003 0.0229470003 0.0674170032 0.0142820003 0.0229470003 0.0497590005 0.015447 0.0245559998 0.0668570027 0.00669299997 0.0347150005 0.0668570027 0.00669299997 0.0347150005 0.0482200012 0.00718499999 0.0357589982 0.0669709966 -0.0062950002 0.0413930006 0.0669709966 -0.0062950002 0.0413930006 0.0456920005 -0.00629899977 0.041398 0.0670749992 -0.0211539995 0.0415760018 0.0670749992 -0.0211539995 0.0415760018 0.0432230011 -0.0207880009 0.0402520001 0.0669300035 -0.0355570018 0.0371959992 0.0669300035 -0.0355570018 0.0371959992 0.0409610011 -0.0336339995 0.0343989991 0.0673250034 -0.0469119996 0.0271949992 0.0673250034 -0.0469119996 0.0271949992 0.0391740017 -0.0430440009 0.0244059991 0.0676579997 -0.0529659986 0.0136200003 0.0676579997 -0.0529659986 0.0136200003 0.0380050018 -0.0480390005 0.0121259997 0.0680989996 -0.0548439994 -0.000689000008 0.0680989996 -0.0548439994 -0.000689000008 0.037583001 -0.0497479998 -0.000707000028 0.0673440024 -0.0524309985 -0.0147839999 0.0379839987 -0.0479740016 -0.0134089999 0.0390999988 -0.043331001 -0.0259939991 0.0673440024 -0.0524309985 -0.0147839999 0.0390999988 -0.043331001 -0.0259939991 0.0409430005 -0.0336330011 -0.0357769988 0.066771999 -0.0460040011 -0.027826 0.0409430005 -0.0336330011 -0.0357769988 0.0433069989 -0.0206409991 -0.0406600013 0.0665870011 -0.0349519998 -0.0375379995 0.0433069989 -0.0206409991 -0.0406600013 0.0457840003 -0.00656299992 -0.0416640006 0.0664950013 -0.0210340004 -0.0422790013 0.0457840003 -0.00656299992 -0.0416640006 0.0481900014 0.00669799978 -0.0364810005 0.0664620027 -0.00641199993 -0.0421729982 0.0481900014 0.00669799978 -0.0364810005 0.0496679991 0.0149739999 -0.0255309995 0.0661680028 0.00632200018 -0.0355769992 0.0496679991 0.0149739999 -0.0255309995 0.0496900007 0.0193760004 -0.0131320003 0.0667459965 0.0139300004 -0.0240720008 0.0496900007 0.0193760004 -0.0131320003 0.0495829992 0.020885 -0.000668999972 0.067410998 0.0175720006 -0.0121790003 0.0928900018 0.0226559993 -0.000693999988 0.0678749979 0.0192099996 -0.000691000023 0.0923810005 0.0207579993 0.0118530001 0.0923810005 0.0207579993 0.0118530001 0.0677509978 0.0177149996 0.0108909998 0.0919980034 0.0162850004 0.0244730003 0.0919980034 0.0162850004 0.0244730003 0.0674170032 0.0142820003 0.0229470003 0.0917939991 0.00732900016 0.0357379988 0.0668570027 0.00669299997 0.0347150005 0.0669709966 -0.0062950002 0.0413930006 0.0917939991 0.00732900016 0.0357379988 0.0669709966 -0.0062950002 0.0413930006 0.0670749992 -0.0211539995 0.0415760018 0.0918390006 -0.00615700008 0.0421020016 0.091854997 -0.0213350002 0.0425899997 0.0670749992 -0.0211539995 0.0415760018 0.0917690024 -0.0360529982 0.0380190015 0.0669300035 -0.0355570018 0.0371959992 0.0673250034 -0.0469119996 0.0271949992 0.0917690024 -0.0360529982 0.0380190015 0.0673250034 -0.0469119996 0.0271949992 0.0676579997 -0.0529659986 0.0136200003 0.0919950008 -0.0479959995 0.0280840006 0.0676579997 -0.0529659986 0.0136200003 0.0680989996 -0.0548439994 -0.000689000008 0.0926389992 -0.0547350012 0.0142719997 0.093445003 -0.0568300001 -0.000665 0.0680989996 -0.0548439994 -0.000689000008 0.0924730003 -0.0534930006 -0.0151129998 0.0924730003 -0.0534930006 -0.0151129998 0.0673440024 -0.0524309985 -0.0147839999 0.0920440033 -0.0460320003 -0.0278220009 0.0920440033 -0.0460320003 -0.0278220009 0.066771999 -0.0460040011 -0.027826 0.0913560018 -0.0350439996 -0.0376610011 0.0665870011 -0.0349519998 -0.0375379995 0.0664950013 -0.0210340004 -0.0422790013 0.0913560018 -0.0350439996 -0.0376610011 0.0664950013 -0.0210340004 -0.0422790013 0.0664620027 -0.00641199993 -0.0421729982 0.0914840028 -0.0212629996 -0.0435729995 0.0917799994 -0.00609799987 -0.0438279994 0.0664620027 -0.00641199993 -0.0421729982 0.0915910006 0.00712999981 -0.036789 0.0661680028 0.00632200018 -0.0355769992 0.0667459965 0.0139300004 -0.0240720008 0.0915910006 0.00712999981 -0.036789 0.0667459965 0.0139300004 -0.0240720008 0.067410998 0.0175720006 -0.0121790003 0.0918650031 0.0157009996 -0.0253749993 0.067410998 0.0175720006 -0.0121790003 0.0678749979 0.0192099996 -0.000691000023 0.0924929976 0.020397 -0.0131099997 0.117155999 0.0255520009 -0.000694999995 0.0928900018 0.0226559993 -0.000693999988 0.117206 0.0237119999 0.0129230004 0.0923810005 0.0207579993 0.0118530001 0.0919980034 0.0162850004 0.0244730003 0.117206 0.0237119999 0.0129230004 0.0919980034 0.0162850004 0.0244730003 0.0917939991 0.00732900016 0.0357379988 0.117371999 0.0182179995 0.0260899998 0.0917939991 0.00732900016 0.0357379988 0.0918390006 -0.00615700008 0.0421020016 0.117507003 0.00788800046 0.0367010012 0.0918390006 -0.00615700008 0.0421020016 0.091854997 -0.0213350002 0.0425899997 0.117555998 -0.00610999996 0.0423640013 0.117578 -0.0213370007 0.0426050015 0.091854997 -0.0213350002 0.0425899997 0.117602997 -0.0358269997 0.0376259983 0.0917690024 -0.0360529982 0.0380190015 0.0919950008 -0.0479959995 0.0280840006 0.117602997 -0.0358269997 0.0376259983 0.0919950008 -0.0479959995 0.0280840006 0.0926389992 -0.0547350012 0.0142719997 0.117587 -0.0475159995 0.0276580006 0.0926389992 -0.0547350012 0.0142719997 0.093445003 -0.0568300001 -0.000665 0.117513001 -0.0543549992 0.0140979998 0.117490001 -0.0567120016 -0.000696000003 0.093445003 -0.0568300001 -0.000665 0.117400996 -0.0527000017 -0.014858 0.117400996 -0.0527000017 -0.014858 0.0924730003 -0.0534930006 -0.0151129998 0.117402002 -0.0449780002 -0.0269089993 0.117402002 -0.0449780002 -0.0269089993 0.0920440033 -0.0460320003 -0.0278220009 0.117443003 -0.0346500017 -0.0369989984 0.0913560018 -0.0350439996 -0.0376610011 0.0914840028 -0.0212629996 -0.0435729995 0.117443003 -0.0346500017 -0.0369989984 0.0914840028 -0.0212629996 -0.0435729995 0.0917799994 -0.00609799987 -0.0438279994 0.117551997 -0.0213970002 -0.0442579985 0.117558002 -0.00593800005 -0.0445760004 0.0917799994 -0.00609799987 -0.0438279994 0.117487997 0.00798000023 -0.0381780006 0.117487997 0.00798000023 -0.0381780006 0.0915910006 0.00712999981 -0.036789 0.117299996 0.0176049992 -0.0269649997 0.0918650031 0.0157009996 -0.0253749993 0.0924929976 0.020397 -0.0131099997 0.117299996 0.0176049992 -0.0269649997 0.0924929976 0.020397 -0.0131099997 0.0928900018 0.0226559993 -0.000693999988 0.117160998 0.0232379995 -0.0141399996 0.148191005 0.0234970003 -0.00056700001 0.117155999 0.0255520009 -0.000694999995 0.147141993 0.0217729993 0.0123960003 0.147141993 0.0217729993 0.0123960003 0.117206 0.0237119999 0.0129230004 0.144203007 0.0165890008 0.0247859992 0.144203007 0.0165890008 0.0247859992 0.117371999 0.0182179995 0.0260899998 0.140435994 0.00690900022 0.0349869989 0.140435994 0.00690900022 0.0349869989 0.117507003 0.00788800046 0.0367010012 0.136250004 -0.00637400011 0.0409069993 0.136250004 -0.00637400011 0.0409069993 0.117555998 -0.00610999996 0.0423640013 0.133912995 -0.0210950002 0.0412219986 0.133912995 -0.0210950002 0.0412219986 0.117578 -0.0213370007 0.0426050015 0.133768007 -0.0350870006 0.0363329984 0.117602997 -0.0358269997 0.0376259983 0.117587 -0.0475159995 0.0276580006 0.133768007 -0.0350870006 0.0363329984 0.117587 -0.0475159995 0.0276580006 0.117513001 -0.0543549992 0.0140979998 0.135447994 -0.0463160016 0.0266500004 0.117513001 -0.0543549992 0.0140979998 0.117490001 -0.0567120016 -0.000696000003 0.137905002 -0.0529210009 0.0135770002 0.139289007 -0.0553429984 -0.000696000003 0.117490001 -0.0567120016 -0.000696000003 0.137245998 -0.0516149998 -0.0144889997 0.137245998 -0.0516149998 -0.0144889997 0.117400996 -0.0527000017 -0.014858 0.135004997 -0.0442529991 -0.0263240002 0.135004997 -0.0442529991 -0.0263240002 0.117402002 -0.0449780002 -0.0269089993 0.133314997 -0.0343240015 -0.0364190005 0.117443003 -0.0346500017 -0.0369989984 0.117551997 -0.0213970002 -0.0442579985 0.133314997 -0.0343240015 -0.0364190005 0.117551997 -0.0213970002 -0.0442579985 0.117558002 -0.00593800005 -0.0445760004 0.133965999 -0.021311 -0.0438099988 0.117558002 -0.00593800005 -0.0445760004 0.117487997 0.00798000023 -0.0381780006 0.136572003 -0.00591399986 -0.0447929986 0.117487997 0.00798000023 -0.0381780006 0.117299996 0.0176049992 -0.0269649997 0.140397996 0.00760200014 -0.0374649987 0.117299996 0.0176049992 -0.0269649997 0.117160998 0.0232379995 -0.0141399996 0.144434005 0.0166270006 -0.0261569992 0.117160998 0.0232379995 -0.0141399996 0.117155999 0.0255520009 -0.000694999995 0.146910995 0.0216320008 -0.0135559998 0.149673 0.00583699998 0.0332049988 0.140435994 0.00690900022 0.0349869989 0.148879007 -0.00709600002 0.0383809991 0.148879007 -0.00709600002 0.0383809991 0.136250004 -0.00637400011 0.0409069993 0.150683999 -0.0204479992 0.0382269993 0.133912995 -0.0210950002 0.0412219986 0.133768007 -0.0350870006 0.0363329984 0.150683999 -0.0204479992 0.0382269993 0.133768007 -0.0350870006 0.0363329984 0.135447994 -0.0463160016 0.0266500004 0.153816998 -0.0329039991 0.0333190002 0.135447994 -0.0463160016 0.0266500004 0.137905002 -0.0529210009 0.0135770002 0.160288006 -0.0425460003 0.0232100002 0.137905002 -0.0529210009 0.0135770002 0.139289007 -0.0553429984 -0.000696000003 0.166646004 -0.0481170006 0.0124819996 0.168611005 -0.0509979986 0.000195000001 0.139289007 -0.0553429984 -0.000696000003 0.167180002 -0.0478839986 -0.0135319997 0.167180002 -0.0478839986 -0.0135319997 0.137245998 -0.0516149998 -0.0144889997 0.164589003 -0.0418369994 -0.0242209993 0.164589003 -0.0418369994 -0.0242209993 0.135004997 -0.0442529991 -0.0263240002 0.160683006 -0.0335609987 -0.0336310007 0.133965999 -0.021311 -0.0438099988 0.156886995 -0.0202050004 -0.0417409986 0.133314997 -0.0343240015 -0.0364190005 0.133965999 -0.021311 -0.0438099988 0.136572003 -0.00591399986 -0.0447929986 0.156886995 -0.0202050004 -0.0417409986 0.136572003 -0.00591399986 -0.0447929986 0.140397996 0.00760200014 -0.0374649987 0.154514 -0.00614299998 -0.0424889997 0.140397996 0.00760200014 -0.0374649987 0.144434005 0.0166270006 -0.0261569992 0.152613997 0.00647399994 -0.0361349992 0.147141993 0.0217729993 0.0123960003 0.149788007 0.0212270003 0.0124049997 0.148191005 0.0234970003 -0.00056700001 0.144203007 0.0165890008 0.0247859992 0.149570003 0.015532 0.0242560003 0.147141993 0.0217729993 0.0123960003 0.144434005 0.0166270006 -0.0261569992 0.146910995 0.0216320008 -0.0135559998 0.151115999 0.0156820007 -0.0256190002 0.146910995 0.0216320008 -0.0135559998 0.148191005 0.0234970003 -0.00056700001 0.149976999 0.0211190004 -0.0133950002 0.140435994 0.00690900022 0.0349869989 0.149673 0.00583699998 0.0332049988 0.144203007 0.0165890008 0.0247859992 0.0496900007 0.0193760004 -0.0131320003 0.0496679991 0.0149739999 -0.0255309995 0.042165 0.0226690006 -0.0162930004 0.042165 0.0226690006 -0.0162930004 0.0435630009 0.0242400002 -0.00070199999 0.0496900007 0.0193760004 -0.0131320003 0.0497590005 0.015447 0.0245559998 0.0501380004 0.0192789994 0.0121259997 0.0413930006 0.0222009998 0.0186819993 0.0413930006 0.0222009998 0.0186819993 0.0338970013 0.0140150003 0.0348219983 0.0497590005 0.015447 0.0245559998 0.0482200012 0.00718499999 0.0357589982 0.0338970013 0.0140150003 0.0348219983 0.0456920005 -0.00629899977 0.041398 0.0456920005 -0.00629899977 0.041398 0.023945 -0.000875000027 0.0419650003 0.0432230011 -0.0207880009 0.0402520001 0.0147129996 -0.0432760008 0.0174490009 0.0154999997 -0.0463699996 -7.9999998e-05 0.0380050018 -0.0480390005 0.0121259997 0.037583001 -0.0497479998 -0.000707000028 0.0154999997 -0.0463699996 -7.9999998e-05 0.0379839987 -0.0479740016 -0.0134089999 0.0409430005 -0.0336330011 -0.0357769988 0.0390999988 -0.043331001 -0.0259939991 0.0140030002 -0.0328509994 -0.0306809992 0.0433069989 -0.0206409991 -0.0406600013 0.0409430005 -0.0336330011 -0.0357769988 0.0166560002 -0.0178100001 -0.0397690013 0.0166560002 -0.0178100001 -0.0397690013 0.0240260009 -0.000663999992 -0.0420849994 0.0433069989 -0.0206409991 -0.0406600013 0.0240260009 -0.000663999992 -0.0420849994 0.0350239985 0.0152120003 -0.0335909985 0.0457840003 -0.00656299992 -0.0416640006 0.0432230011 -0.0207880009 0.0402520001 0.0164500009 -0.0171249993 0.0396969989 0.0409610011 -0.0336339995 0.0343989991 0.0409610011 -0.0336339995 0.0343989991 0.0136470003 -0.0323139988 0.0315399989 0.0391740017 -0.0430440009 0.0244059991 </float_array>
          <technique_common>
            <accessor count="768" offset="0" source="#shiny_white-positions-array" stride="3">
              <param name="X" type="float" />
              <param name="Y" type="float" />
              <param name="Z" type="float" />
            </accessor>
          </technique_common>
        </source>
        <source id="shiny_white-normals" name="shiny_white-normals">
          <float_array id="shiny_white-normals-array" count="2304"> -0.116703004 -0.912442029 0.39219299 -0.0708639994 -0.642841995 0.762687981 -0.813776016 -0.419324011 0.402355999 -0.0980859995 -0.995148003 0.00134299998 -0.116703004 -0.912442029 0.39219299 -0.823695004 -0.52235502 0.220557004 -0.117556997 -0.915952027 -0.383617997 -0.0980859995 -0.995148003 0.00134299998 -0.793511987 -0.608416975 0.0104369996 -0.0934780017 -0.674337029 -0.732443988 -0.117556997 -0.915952027 -0.383617997 -0.811883986 -0.523483992 -0.258370012 0.0627460033 0.0201730002 0.997802973 0.181126997 0.399304003 0.898739994 0.128361002 0.374980986 0.918088019 -0.469466001 0.857997 -0.208318993 -0.626300991 0.280434996 0.72734803 0.128361002 0.374980986 0.918088019 -0.0500500016 0.995911002 0.0749230012 0.327859998 0.910184026 -0.253028989 0.128361002 0.374980986 0.918088019 0.0627460033 0.0201730002 0.997802973 -0.642078996 0.0135500003 0.766502976 -0.657307982 -0.260109007 0.707265973 -0.657307982 -0.260109007 0.707265973 -0.813776016 -0.419324011 0.402355999 -0.0708639994 -0.642841995 0.762687981 0.414808005 0.836268008 0.358530998 0.515366018 0.856929004 0.00183099997 -0.167301998 0.985870004 0.00640900014 -0.259620994 0.962432027 0.0794090033 -0.0500500016 0.995911002 0.0749230012 0.276466995 0.572588027 0.771782994 0.181126997 0.399304003 0.898739994 0.276466995 0.572588027 0.771782994 -0.0500500016 0.995911002 0.0749230012 0.181126997 0.399304003 0.898739994 0.0627460033 0.0201730002 0.997802973 0.0769980028 0.0998570025 0.992003977 0.0769980028 0.0998570025 0.992003977 0.0627460033 0.0201730002 0.997802973 -0.0133060003 -0.29975301 0.953917027 -0.646290004 -0.265296996 -0.715444982 -0.0241710003 -0.313730001 -0.949186981 -0.0934780017 -0.674337029 -0.732443988 0.445264995 0.840174973 -0.309549004 -0.252418995 0.964323997 -0.0794090033 -0.167301998 0.985870004 0.00640900014 -0.252418995 0.964323997 -0.0794090033 0.445264995 0.840174973 -0.309549004 0.294411987 0.606189013 -0.738792002 -0.480940998 0.853603005 0.199987993 0.413190007 0.889461994 0.195134997 -0.630177021 0.274116993 -0.726432025 -0.630177021 0.274116993 -0.726432025 0.172520995 0.388103992 -0.905300975 0.0749230012 0.029298 -0.996734023 -0.0849329978 0.98882997 -0.122440003 0.294411987 0.606189013 -0.738792002 0.172520995 0.388103992 -0.905300975 0.172520995 0.388103992 -0.905300975 0.294411987 0.606189013 -0.738792002 0.0903650001 0.109347999 -0.989867985 0.0749230012 0.029298 -0.996734023 -0.0241710003 -0.313730001 -0.949186981 -0.646290004 -0.265296996 -0.715444982 0.0903650001 0.109347999 -0.989867985 -0.0241710003 -0.313730001 -0.949186981 0.0749230012 0.029298 -0.996734023 0.306466997 0.95184201 -0.00460800016 0.273873001 0.941709995 0.195196003 -0.00955200009 0.978911996 0.203954995 0.273873001 0.941709995 0.195196003 0.219000995 0.854457021 0.471022993 0.0109869996 0.907773018 0.419294 0.219000995 0.854457021 0.471022993 0.123752996 0.578875005 0.805932999 0.0149539998 0.667439997 0.744499028 0.123752996 0.578875005 0.805932999 0.0197149999 0.145573005 0.989135027 -0.0087890001 0.230293006 0.973052025 0.0197149999 0.145573005 0.989135027 -0.0634780005 -0.240851998 0.968473971 -0.0380569994 -0.147342995 0.988341987 -0.0634780005 -0.240851998 0.968473971 -0.121432997 -0.562883019 0.817529976 -0.0731220022 -0.495041013 0.865779996 -0.121432997 -0.562883019 0.817529976 -0.143833995 -0.823388994 0.548874974 -0.102268003 -0.804224014 0.585437 -0.143833995 -0.823388994 0.548874974 -0.149601996 -0.95559603 0.253821999 -0.118229002 -0.955962002 0.268563002 -0.149601996 -0.95559603 0.253821999 -0.156560004 -0.987640023 -0.00549300015 -0.114292003 -0.993193984 -0.0219730008 -0.156560004 -0.987640023 -0.00549300015 -0.156528994 -0.956144989 -0.247536004 -0.0875269994 -0.948943019 -0.303048998 -0.152013004 -0.820887029 -0.550462008 -0.0549030006 -0.796441972 -0.60216099 -0.0875269994 -0.948943019 -0.303048998 -0.112796001 -0.532884002 -0.83861798 -0.0438250005 -0.502457023 -0.863460004 -0.0549030006 -0.796441972 -0.60216099 -0.0591749996 -0.211554006 -0.975555003 -0.0473949984 -0.172703996 -0.983825028 -0.0438250005 -0.502457023 -0.863460004 -0.000243999995 0.147922993 -0.988982975 -0.0311900005 0.228980005 -0.972899973 -0.0473949984 -0.172703996 -0.983825028 0.0874660015 0.56032002 -0.823634028 0.00668400014 0.664327025 -0.747398019 -0.0311900005 0.228980005 -0.972899973 0.211097002 0.850275993 -0.482100993 0.0140690003 0.901333988 -0.432844013 0.00668400014 0.664327025 -0.747398019 0.293770999 0.932096004 -0.211737007 -0.000487999991 0.975615978 -0.219366997 0.0140690003 0.901333988 -0.432844013 0.306466997 0.95184201 -0.00460800016 -0.0195930004 0.999755979 -0.00811799988 -0.000487999991 0.975615978 -0.219366997 -0.0195930004 0.999755979 -0.00811799988 -0.00955200009 0.978911996 0.203954995 -0.128024995 0.963438988 0.235328004 -0.00955200009 0.978911996 0.203954995 0.0109869996 0.907773018 0.419294 -0.110141002 0.870387971 0.479873002 0.0109869996 0.907773018 0.419294 0.0149539998 0.667439997 0.744499028 -0.0617690012 0.621998012 0.780541003 -0.0087890001 0.230293006 0.973052025 -0.0272530001 0.227789998 0.973295987 -0.0617690012 0.621998012 0.780541003 -0.0380569994 -0.147342995 0.988341987 -0.0195930004 -0.138005003 0.990203977 -0.0272530001 0.227789998 0.973295987 -0.0380569994 -0.147342995 0.988341987 -0.0731220022 -0.495041013 0.865779996 -0.0141909998 -0.479110003 0.877620995 -0.102268003 -0.804224014 0.585437 -0.0207829997 -0.789147973 0.613819003 -0.0141909998 -0.479110003 0.877620995 -0.118229002 -0.955962002 0.268563002 -0.0287180003 -0.956053019 0.291664988 -0.0207829997 -0.789147973 0.613819003 -0.114292003 -0.993193984 -0.0219730008 -0.0279239994 -0.998534977 -0.0461440012 -0.0287180003 -0.956053019 0.291664988 -0.114292003 -0.993193984 -0.0219730008 -0.0875269994 -0.948943019 -0.303048998 -0.00781300012 -0.929929018 -0.367626011 -0.0875269994 -0.948943019 -0.303048998 -0.0549030006 -0.796441972 -0.60216099 0.015381 -0.779748023 -0.625873983 -0.0549030006 -0.796441972 -0.60216099 -0.0438250005 -0.502457023 -0.863460004 0.00466899993 -0.531235993 -0.847194016 -0.0473949984 -0.172703996 -0.983825028 -0.03235 -0.214819998 -0.976104021 0.00466899993 -0.531235993 -0.847194016 -0.0311900005 0.228980005 -0.972899973 -0.0531020015 0.228186995 -0.972136974 -0.03235 -0.214819998 -0.976104021 -0.0311900005 0.228980005 -0.972899973 0.00668400014 0.664327025 -0.747398019 -0.072939001 0.647511005 -0.758538008 0.0140690003 0.901333988 -0.432844013 -0.0969270021 0.875240028 -0.473861009 -0.072939001 0.647511005 -0.758538008 -0.000487999991 0.975615978 -0.219366997 -0.117466003 0.957090974 -0.264840007 -0.0969270021 0.875240028 -0.473861009 -0.0195930004 0.999755979 -0.00811799988 -0.128727004 0.991545975 -0.0157779995 -0.117466003 0.957090974 -0.264840007 -0.128727004 0.991545975 -0.0157779995 -0.128024995 0.963438988 0.235328004 -0.0213929992 0.965453029 0.259682 -0.110141002 0.870387971 0.479873002 0.000335999997 0.837976992 0.545670986 -0.0213929992 0.965453029 0.259682 -0.0617690012 0.621998012 0.780541003 0.0255750008 0.561875999 0.826807022 0.000335999997 0.837976992 0.545670986 -0.0272530001 0.227789998 0.973295987 0.036621999 0.199224994 0.979246974 0.0255750008 0.561875999 0.826807022 -0.0195930004 -0.138005003 0.990203977 0.0430620015 -0.157475993 0.986572027 0.036621999 0.199224994 0.979246974 -0.0195930004 -0.138005003 0.990203977 -0.0141909998 -0.479110003 0.877620995 0.0527359992 -0.49168399 0.869136989 -0.0207829997 -0.789147973 0.613819003 0.0553300008 -0.785546005 0.616290987 0.0527359992 -0.49168399 0.869136989 -0.0287180003 -0.956053019 0.291664988 0.0452280007 -0.950652003 0.306894004 0.0553300008 -0.785546005 0.616290987 -0.0279239994 -0.998534977 -0.0461440012 0.0349740013 -0.997741997 -0.0570090003 0.0452280007 -0.950652003 0.306894004 -0.0279239994 -0.998534977 -0.0461440012 -0.00781300012 -0.929929018 -0.367626011 0.0399489999 -0.913021982 -0.405927002 -0.00781300012 -0.929929018 -0.367626011 0.015381 -0.779748023 -0.625873983 0.0485550016 -0.777520001 -0.626941979 0.015381 -0.779748023 -0.625873983 0.00466899993 -0.531235993 -0.847194016 0.0305189993 -0.58534497 -0.810204983 -0.03235 -0.214819998 -0.976104021 0.00216699997 -0.259193987 -0.965819001 0.0305189993 -0.58534497 -0.810204983 -0.0531020015 0.228186995 -0.972136974 -0.0153200002 0.198827997 -0.979888022 0.00216699997 -0.259193987 -0.965819001 -0.0531020015 0.228186995 -0.972136974 -0.072939001 0.647511005 -0.758538008 -0.014618 0.610033989 -0.79223001 -0.072939001 0.647511005 -0.758538008 -0.0969270021 0.875240028 -0.473861009 -0.0253299996 0.85155803 -0.523636997 -0.117466003 0.957090974 -0.264840007 -0.0339060016 0.957305014 -0.287027001 -0.0253299996 0.85155803 -0.523636997 -0.128727004 0.991545975 -0.0157779995 -0.0276190005 0.999481022 -0.0163880009 -0.0339060016 0.957305014 -0.287027001 -0.0276190005 0.999481022 -0.0163880009 -0.0213929992 0.965453029 0.259682 0.133671001 0.951170027 0.278084993 -0.0213929992 0.965453029 0.259682 0.000335999997 0.837976992 0.545670986 0.144078001 0.810755014 0.567339003 0.000335999997 0.837976992 0.545670986 0.0255750008 0.561875999 0.826807022 0.149174005 0.539659023 0.828547001 0.0255750008 0.561875999 0.826807022 0.036621999 0.199224994 0.979246974 0.135867998 0.190161005 0.972289026 0.036621999 0.199224994 0.979246974 0.0430620015 -0.157475993 0.986572027 0.128879994 -0.165013999 0.977813005 0.0430620015 -0.157475993 0.986572027 0.0527359992 -0.49168399 0.869136989 0.133274004 -0.490310013 0.861262977 0.0553300008 -0.785546005 0.616290987 0.137790993 -0.77095902 0.621753991 0.133274004 -0.490310013 0.861262977 0.0452280007 -0.950652003 0.306894004 0.126132995 -0.936093986 0.328256994 0.137790993 -0.77095902 0.621753991 0.0349740013 -0.997741997 -0.0570090003 0.109287001 -0.993041992 -0.0433060005 0.126132995 -0.936093986 0.328256994 0.0349740013 -0.997741997 -0.0570090003 0.0399489999 -0.913021982 -0.405927002 0.0888999999 -0.909054995 -0.407056004 0.0399489999 -0.913021982 -0.405927002 0.0485550016 -0.777520001 -0.626941979 0.0772119984 -0.777855992 -0.623646021 0.0485550016 -0.777520001 -0.626941979 0.0305189993 -0.58534497 -0.810204983 0.0677819997 -0.601642013 -0.795862019 0.00216699997 -0.259193987 -0.965819001 0.0560929999 -0.286446989 -0.956420004 0.0677819997 -0.601642013 -0.795862019 -0.0153200002 0.198827997 -0.979888022 0.0585040003 0.199224994 -0.978178978 0.0560929999 -0.286446989 -0.956420004 -0.014618 0.610033989 -0.79223001 0.0867640004 0.623004973 -0.777366996 0.0585040003 0.199224994 -0.978178978 -0.0253299996 0.85155803 -0.523636997 0.104800999 0.848384023 -0.518845022 0.0867640004 0.623004973 -0.777366996 -0.0339060016 0.957305014 -0.287027001 0.117068999 0.955199003 -0.271737009 0.104800999 0.848384023 -0.518845022 -0.0276190005 0.999481022 -0.0163880009 0.128147006 0.991729021 -0.00579900015 0.117068999 0.955199003 -0.271737009 0.149174005 0.539659023 0.828547001 0.135867998 0.190161005 0.972289026 0.306802988 0.181981996 0.934202015 0.135867998 0.190161005 0.972289026 0.128879994 -0.165013999 0.977813005 0.303842008 -0.136081994 0.942929983 0.133274004 -0.490310013 0.861262977 0.317820013 -0.437970996 0.840906978 0.303842008 -0.136081994 0.942929983 0.137790993 -0.77095902 0.621753991 0.335673004 -0.669179022 0.662922978 0.317820013 -0.437970996 0.840906978 0.126132995 -0.936093986 0.328256994 0.439130992 -0.792047024 0.42396301 0.335673004 -0.669179022 0.662922978 0.109287001 -0.993041992 -0.0433060005 0.351604015 -0.935452998 0.0358290002 0.439130992 -0.792047024 0.42396301 0.109287001 -0.993041992 -0.0433060005 0.0888999999 -0.909054995 -0.407056004 0.298317999 -0.871272981 -0.389690995 0.0888999999 -0.909054995 -0.407056004 0.0772119984 -0.777855992 -0.623646021 0.288338989 -0.732261002 -0.616931975 0.0772119984 -0.777855992 -0.623646021 0.0677819997 -0.601642013 -0.795862019 0.275063008 -0.561388016 -0.780480027 0.259925991 -0.242865995 -0.934567988 0.275063008 -0.561388016 -0.780480027 0.0677819997 -0.601642013 -0.795862019 0.0585040003 0.199224994 -0.978178978 0.268777013 0.229803994 -0.935361981 0.259925991 -0.242865995 -0.934567988 0.0867640004 0.623004973 -0.777366996 0.268135995 0.61046201 -0.745262027 0.268777013 0.229803994 -0.935361981 0.104800999 0.848384023 -0.518845022 0.261848986 0.824609995 -0.501419008 0.268135995 0.61046201 -0.745262027 0.284646004 0.913572013 0.290322989 0.275734991 0.961211026 0.000396999996 0.128147006 0.991729021 -0.00579900015 0.306100994 0.762291014 0.570237994 0.284646004 0.913572013 0.290322989 0.133671001 0.951170027 0.278084993 0.117068999 0.955199003 -0.271737009 0.262032002 0.928372979 -0.263496995 0.261848986 0.824609995 -0.501419008 0.128147006 0.991729021 -0.00579900015 0.275734991 0.961211026 0.000396999996 0.262032002 0.928372979 -0.263496995 0.324198008 0.498672009 0.803857982 0.306100994 0.762291014 0.570237994 0.144078001 0.810755014 0.567339003 0.211097002 0.850275993 -0.482100993 0.294411987 0.606189013 -0.738792002 0.445264995 0.840174973 -0.309549004 0.515366018 0.856929004 0.00183099997 0.306466997 0.95184201 -0.00460800016 0.293770999 0.932096004 -0.211737007 0.515366018 0.856929004 0.00183099997 0.273873001 0.941709995 0.195196003 0.306466997 0.95184201 -0.00460800016 0.273873001 0.941709995 0.195196003 0.515366018 0.856929004 0.00183099997 0.414808005 0.836268008 0.358530998 0.276466995 0.572588027 0.771782994 0.123752996 0.578875005 0.805932999 0.219000995 0.854457021 0.471022993 0.276466995 0.572588027 0.771782994 0.0769980028 0.0998570025 0.992003977 0.0197149999 0.145573005 0.989135027 0.0769980028 0.0998570025 0.992003977 -0.0133060003 -0.29975301 0.953917027 -0.0634780005 -0.240851998 0.968473971 -0.0980859995 -0.995148003 0.00134299998 -0.156560004 -0.987640023 -0.00549300015 -0.149601996 -0.95559603 0.253821999 -0.0980859995 -0.995148003 0.00134299998 -0.117556997 -0.915952027 -0.383617997 -0.156528994 -0.956144989 -0.247536004 -0.152013004 -0.820887029 -0.550462008 -0.117556997 -0.915952027 -0.383617997 -0.0934780017 -0.674337029 -0.732443988 -0.112796001 -0.532884002 -0.83861798 -0.0934780017 -0.674337029 -0.732443988 -0.0241710003 -0.313730001 -0.949186981 0.0903650001 0.109347999 -0.989867985 -0.000243999995 0.147922993 -0.988982975 -0.0591749996 -0.211554006 -0.975555003 -0.117556997 -0.915952027 -0.383617997 -0.152013004 -0.820887029 -0.550462008 -0.156528994 -0.956144989 -0.247536004 0.294411987 0.606189013 -0.738792002 0.0874660015 0.56032002 -0.823634028 -0.000243999995 0.147922993 -0.988982975 0.294411987 0.606189013 -0.738792002 0.211097002 0.850275993 -0.482100993 0.0874660015 0.56032002 -0.823634028 -0.0133060003 -0.29975301 0.953917027 -0.0708639994 -0.642841995 0.762687981 -0.121432997 -0.562883019 0.817529976 -0.0708639994 -0.642841995 0.762687981 -0.116703004 -0.912442029 0.39219299 -0.143833995 -0.823388994 0.548874974 -0.116703004 -0.912442029 0.39219299 -0.149601996 -0.95559603 0.253821999 -0.143833995 -0.823388994 0.548874974 0.128361002 0.374980986 0.918088019 -0.626300991 0.280434996 0.72734803 -0.642078996 0.0135500003 0.766502976 0.413190007 0.889461994 0.195134997 -0.0849329978 0.98882997 -0.122440003 -0.630177021 0.274116993 -0.726432025 -0.0849329978 0.98882997 -0.122440003 0.172520995 0.388103992 -0.905300975 -0.630177021 0.274116993 -0.726432025 -0.823695004 -0.52235502 0.220557004 -0.116703004 -0.912442029 0.39219299 -0.813776016 -0.419324011 0.402355999 -0.793511987 -0.608416975 0.0104369996 -0.0980859995 -0.995148003 0.00134299998 -0.823695004 -0.52235502 0.220557004 -0.811883986 -0.523483992 -0.258370012 -0.117556997 -0.915952027 -0.383617997 -0.793511987 -0.608416975 0.0104369996 -0.803461015 -0.433820993 -0.407665998 -0.0934780017 -0.674337029 -0.732443988 -0.811883986 -0.523483992 -0.258370012 -0.642078996 0.0135500003 0.766502976 0.0627460033 0.0201730002 0.997802973 0.128361002 0.374980986 0.918088019 0.327859998 0.910184026 -0.253028989 -0.469466001 0.857997 -0.208318993 0.128361002 0.374980986 0.918088019 0.181126997 0.399304003 0.898739994 -0.0500500016 0.995911002 0.0749230012 0.128361002 0.374980986 0.918088019 -0.0133060003 -0.29975301 0.953917027 0.0627460033 0.0201730002 0.997802973 -0.657307982 -0.260109007 0.707265973 -0.0133060003 -0.29975301 0.953917027 -0.657307982 -0.260109007 0.707265973 -0.0708639994 -0.642841995 0.762687981 -0.259620994 0.962432027 0.0794090033 0.414808005 0.836268008 0.358530998 -0.167301998 0.985870004 0.00640900014 0.414808005 0.836268008 0.358530998 -0.259620994 0.962432027 0.0794090033 0.276466995 0.572588027 0.771782994 0.276466995 0.572588027 0.771782994 0.181126997 0.399304003 0.898739994 0.0769980028 0.0998570025 0.992003977 -0.803461015 -0.433820993 -0.407665998 -0.646290004 -0.265296996 -0.715444982 -0.0934780017 -0.674337029 -0.732443988 0.515366018 0.856929004 0.00183099997 0.445264995 0.840174973 -0.309549004 -0.167301998 0.985870004 0.00640900014 -0.0849329978 0.98882997 -0.122440003 -0.252418995 0.964323997 -0.0794090033 0.294411987 0.606189013 -0.738792002 -0.631000996 0.0126649998 -0.775658011 -0.630177021 0.274116993 -0.726432025 0.0749230012 0.029298 -0.996734023 0.0749230012 0.029298 -0.996734023 0.172520995 0.388103992 -0.905300975 0.0903650001 0.109347999 -0.989867985 -0.631000996 0.0126649998 -0.775658011 0.0749230012 0.029298 -0.996734023 -0.646290004 -0.265296996 -0.715444982 -0.0195930004 0.999755979 -0.00811799988 0.306466997 0.95184201 -0.00460800016 -0.00955200009 0.978911996 0.203954995 -0.00955200009 0.978911996 0.203954995 0.273873001 0.941709995 0.195196003 0.0109869996 0.907773018 0.419294 0.0109869996 0.907773018 0.419294 0.219000995 0.854457021 0.471022993 0.0149539998 0.667439997 0.744499028 0.0149539998 0.667439997 0.744499028 0.123752996 0.578875005 0.805932999 -0.0087890001 0.230293006 0.973052025 -0.0087890001 0.230293006 0.973052025 0.0197149999 0.145573005 0.989135027 -0.0380569994 -0.147342995 0.988341987 -0.0380569994 -0.147342995 0.988341987 -0.0634780005 -0.240851998 0.968473971 -0.0731220022 -0.495041013 0.865779996 -0.0731220022 -0.495041013 0.865779996 -0.121432997 -0.562883019 0.817529976 -0.102268003 -0.804224014 0.585437 -0.102268003 -0.804224014 0.585437 -0.143833995 -0.823388994 0.548874974 -0.118229002 -0.955962002 0.268563002 -0.118229002 -0.955962002 0.268563002 -0.149601996 -0.95559603 0.253821999 -0.114292003 -0.993193984 -0.0219730008 -0.114292003 -0.993193984 -0.0219730008 -0.156560004 -0.987640023 -0.00549300015 -0.0875269994 -0.948943019 -0.303048998 -0.156528994 -0.956144989 -0.247536004 -0.152013004 -0.820887029 -0.550462008 -0.0875269994 -0.948943019 -0.303048998 -0.152013004 -0.820887029 -0.550462008 -0.112796001 -0.532884002 -0.83861798 -0.0549030006 -0.796441972 -0.60216099 -0.112796001 -0.532884002 -0.83861798 -0.0591749996 -0.211554006 -0.975555003 -0.0438250005 -0.502457023 -0.863460004 -0.0591749996 -0.211554006 -0.975555003 -0.000243999995 0.147922993 -0.988982975 -0.0473949984 -0.172703996 -0.983825028 -0.000243999995 0.147922993 -0.988982975 0.0874660015 0.56032002 -0.823634028 -0.0311900005 0.228980005 -0.972899973 0.0874660015 0.56032002 -0.823634028 0.211097002 0.850275993 -0.482100993 0.00668400014 0.664327025 -0.747398019 0.211097002 0.850275993 -0.482100993 0.293770999 0.932096004 -0.211737007 0.0140690003 0.901333988 -0.432844013 0.293770999 0.932096004 -0.211737007 0.306466997 0.95184201 -0.00460800016 -0.000487999991 0.975615978 -0.219366997 -0.128727004 0.991545975 -0.0157779995 -0.0195930004 0.999755979 -0.00811799988 -0.128024995 0.963438988 0.235328004 -0.128024995 0.963438988 0.235328004 -0.00955200009 0.978911996 0.203954995 -0.110141002 0.870387971 0.479873002 -0.110141002 0.870387971 0.479873002 0.0109869996 0.907773018 0.419294 -0.0617690012 0.621998012 0.780541003 0.0149539998 0.667439997 0.744499028 -0.0087890001 0.230293006 0.973052025 -0.0617690012 0.621998012 0.780541003 -0.0087890001 0.230293006 0.973052025 -0.0380569994 -0.147342995 0.988341987 -0.0272530001 0.227789998 0.973295987 -0.0195930004 -0.138005003 0.990203977 -0.0380569994 -0.147342995 0.988341987 -0.0141909998 -0.479110003 0.877620995 -0.0731220022 -0.495041013 0.865779996 -0.102268003 -0.804224014 0.585437 -0.0141909998 -0.479110003 0.877620995 -0.102268003 -0.804224014 0.585437 -0.118229002 -0.955962002 0.268563002 -0.0207829997 -0.789147973 0.613819003 -0.118229002 -0.955962002 0.268563002 -0.114292003 -0.993193984 -0.0219730008 -0.0287180003 -0.956053019 0.291664988 -0.0279239994 -0.998534977 -0.0461440012 -0.114292003 -0.993193984 -0.0219730008 -0.00781300012 -0.929929018 -0.367626011 -0.00781300012 -0.929929018 -0.367626011 -0.0875269994 -0.948943019 -0.303048998 0.015381 -0.779748023 -0.625873983 0.015381 -0.779748023 -0.625873983 -0.0549030006 -0.796441972 -0.60216099 0.00466899993 -0.531235993 -0.847194016 -0.0438250005 -0.502457023 -0.863460004 -0.0473949984 -0.172703996 -0.983825028 0.00466899993 -0.531235993 -0.847194016 -0.0473949984 -0.172703996 -0.983825028 -0.0311900005 0.228980005 -0.972899973 -0.03235 -0.214819998 -0.976104021 -0.0531020015 0.228186995 -0.972136974 -0.0311900005 0.228980005 -0.972899973 -0.072939001 0.647511005 -0.758538008 0.00668400014 0.664327025 -0.747398019 0.0140690003 0.901333988 -0.432844013 -0.072939001 0.647511005 -0.758538008 0.0140690003 0.901333988 -0.432844013 -0.000487999991 0.975615978 -0.219366997 -0.0969270021 0.875240028 -0.473861009 -0.000487999991 0.975615978 -0.219366997 -0.0195930004 0.999755979 -0.00811799988 -0.117466003 0.957090974 -0.264840007 -0.0276190005 0.999481022 -0.0163880009 -0.128727004 0.991545975 -0.0157779995 -0.0213929992 0.965453029 0.259682 -0.128024995 0.963438988 0.235328004 -0.110141002 0.870387971 0.479873002 -0.0213929992 0.965453029 0.259682 -0.110141002 0.870387971 0.479873002 -0.0617690012 0.621998012 0.780541003 0.000335999997 0.837976992 0.545670986 -0.0617690012 0.621998012 0.780541003 -0.0272530001 0.227789998 0.973295987 0.0255750008 0.561875999 0.826807022 -0.0272530001 0.227789998 0.973295987 -0.0195930004 -0.138005003 0.990203977 0.036621999 0.199224994 0.979246974 0.0430620015 -0.157475993 0.986572027 -0.0195930004 -0.138005003 0.990203977 0.0527359992 -0.49168399 0.869136989 -0.0141909998 -0.479110003 0.877620995 -0.0207829997 -0.789147973 0.613819003 0.0527359992 -0.49168399 0.869136989 -0.0207829997 -0.789147973 0.613819003 -0.0287180003 -0.956053019 0.291664988 0.0553300008 -0.785546005 0.616290987 -0.0287180003 -0.956053019 0.291664988 -0.0279239994 -0.998534977 -0.0461440012 0.0452280007 -0.950652003 0.306894004 0.0349740013 -0.997741997 -0.0570090003 -0.0279239994 -0.998534977 -0.0461440012 0.0399489999 -0.913021982 -0.405927002 0.0399489999 -0.913021982 -0.405927002 -0.00781300012 -0.929929018 -0.367626011 0.0485550016 -0.777520001 -0.626941979 0.0485550016 -0.777520001 -0.626941979 0.015381 -0.779748023 -0.625873983 0.0305189993 -0.58534497 -0.810204983 0.00466899993 -0.531235993 -0.847194016 -0.03235 -0.214819998 -0.976104021 0.0305189993 -0.58534497 -0.810204983 -0.03235 -0.214819998 -0.976104021 -0.0531020015 0.228186995 -0.972136974 0.00216699997 -0.259193987 -0.965819001 -0.0153200002 0.198827997 -0.979888022 -0.0531020015 0.228186995 -0.972136974 -0.014618 0.610033989 -0.79223001 -0.014618 0.610033989 -0.79223001 -0.072939001 0.647511005 -0.758538008 -0.0253299996 0.85155803 -0.523636997 -0.0969270021 0.875240028 -0.473861009 -0.117466003 0.957090974 -0.264840007 -0.0253299996 0.85155803 -0.523636997 -0.117466003 0.957090974 -0.264840007 -0.128727004 0.991545975 -0.0157779995 -0.0339060016 0.957305014 -0.287027001 0.128147006 0.991729021 -0.00579900015 -0.0276190005 0.999481022 -0.0163880009 0.133671001 0.951170027 0.278084993 0.133671001 0.951170027 0.278084993 -0.0213929992 0.965453029 0.259682 0.144078001 0.810755014 0.567339003 0.144078001 0.810755014 0.567339003 0.000335999997 0.837976992 0.545670986 0.149174005 0.539659023 0.828547001 0.149174005 0.539659023 0.828547001 0.0255750008 0.561875999 0.826807022 0.135867998 0.190161005 0.972289026 0.135867998 0.190161005 0.972289026 0.036621999 0.199224994 0.979246974 0.128879994 -0.165013999 0.977813005 0.128879994 -0.165013999 0.977813005 0.0430620015 -0.157475993 0.986572027 0.133274004 -0.490310013 0.861262977 0.0527359992 -0.49168399 0.869136989 0.0553300008 -0.785546005 0.616290987 0.133274004 -0.490310013 0.861262977 0.0553300008 -0.785546005 0.616290987 0.0452280007 -0.950652003 0.306894004 0.137790993 -0.77095902 0.621753991 0.0452280007 -0.950652003 0.306894004 0.0349740013 -0.997741997 -0.0570090003 0.126132995 -0.936093986 0.328256994 0.109287001 -0.993041992 -0.0433060005 0.0349740013 -0.997741997 -0.0570090003 0.0888999999 -0.909054995 -0.407056004 0.0888999999 -0.909054995 -0.407056004 0.0399489999 -0.913021982 -0.405927002 0.0772119984 -0.777855992 -0.623646021 0.0772119984 -0.777855992 -0.623646021 0.0485550016 -0.777520001 -0.626941979 0.0677819997 -0.601642013 -0.795862019 0.0305189993 -0.58534497 -0.810204983 0.00216699997 -0.259193987 -0.965819001 0.0677819997 -0.601642013 -0.795862019 0.00216699997 -0.259193987 -0.965819001 -0.0153200002 0.198827997 -0.979888022 0.0560929999 -0.286446989 -0.956420004 -0.0153200002 0.198827997 -0.979888022 -0.014618 0.610033989 -0.79223001 0.0585040003 0.199224994 -0.978178978 -0.014618 0.610033989 -0.79223001 -0.0253299996 0.85155803 -0.523636997 0.0867640004 0.623004973 -0.777366996 -0.0253299996 0.85155803 -0.523636997 -0.0339060016 0.957305014 -0.287027001 0.104800999 0.848384023 -0.518845022 -0.0339060016 0.957305014 -0.287027001 -0.0276190005 0.999481022 -0.0163880009 0.117068999 0.955199003 -0.271737009 0.324198008 0.498672009 0.803857982 0.149174005 0.539659023 0.828547001 0.306802988 0.181981996 0.934202015 0.306802988 0.181981996 0.934202015 0.135867998 0.190161005 0.972289026 0.303842008 -0.136081994 0.942929983 0.128879994 -0.165013999 0.977813005 0.133274004 -0.490310013 0.861262977 0.303842008 -0.136081994 0.942929983 0.133274004 -0.490310013 0.861262977 0.137790993 -0.77095902 0.621753991 0.317820013 -0.437970996 0.840906978 0.137790993 -0.77095902 0.621753991 0.126132995 -0.936093986 0.328256994 0.335673004 -0.669179022 0.662922978 0.126132995 -0.936093986 0.328256994 0.109287001 -0.993041992 -0.0433060005 0.439130992 -0.792047024 0.42396301 0.351604015 -0.935452998 0.0358290002 0.109287001 -0.993041992 -0.0433060005 0.298317999 -0.871272981 -0.389690995 0.298317999 -0.871272981 -0.389690995 0.0888999999 -0.909054995 -0.407056004 0.288338989 -0.732261002 -0.616931975 0.288338989 -0.732261002 -0.616931975 0.0772119984 -0.777855992 -0.623646021 0.275063008 -0.561388016 -0.780480027 0.0560929999 -0.286446989 -0.956420004 0.259925991 -0.242865995 -0.934567988 0.0677819997 -0.601642013 -0.795862019 0.0560929999 -0.286446989 -0.956420004 0.0585040003 0.199224994 -0.978178978 0.259925991 -0.242865995 -0.934567988 0.0585040003 0.199224994 -0.978178978 0.0867640004 0.623004973 -0.777366996 0.268777013 0.229803994 -0.935361981 0.0867640004 0.623004973 -0.777366996 0.104800999 0.848384023 -0.518845022 0.268135995 0.61046201 -0.745262027 0.133671001 0.951170027 0.278084993 0.284646004 0.913572013 0.290322989 0.128147006 0.991729021 -0.00579900015 0.144078001 0.810755014 0.567339003 0.306100994 0.762291014 0.570237994 0.133671001 0.951170027 0.278084993 0.104800999 0.848384023 -0.518845022 0.117068999 0.955199003 -0.271737009 0.261848986 0.824609995 -0.501419008 0.117068999 0.955199003 -0.271737009 0.128147006 0.991729021 -0.00579900015 0.262032002 0.928372979 -0.263496995 0.149174005 0.539659023 0.828547001 0.324198008 0.498672009 0.803857982 0.144078001 0.810755014 0.567339003 0.293770999 0.932096004 -0.211737007 0.211097002 0.850275993 -0.482100993 0.445264995 0.840174973 -0.309549004 0.445264995 0.840174973 -0.309549004 0.515366018 0.856929004 0.00183099997 0.293770999 0.932096004 -0.211737007 0.219000995 0.854457021 0.471022993 0.273873001 0.941709995 0.195196003 0.414808005 0.836268008 0.358530998 0.414808005 0.836268008 0.358530998 0.276466995 0.572588027 0.771782994 0.219000995 0.854457021 0.471022993 0.123752996 0.578875005 0.805932999 0.276466995 0.572588027 0.771782994 0.0197149999 0.145573005 0.989135027 0.0197149999 0.145573005 0.989135027 0.0769980028 0.0998570025 0.992003977 -0.0634780005 -0.240851998 0.968473971 -0.116703004 -0.912442029 0.39219299 -0.0980859995 -0.995148003 0.00134299998 -0.149601996 -0.95559603 0.253821999 -0.156560004 -0.987640023 -0.00549300015 -0.0980859995 -0.995148003 0.00134299998 -0.156528994 -0.956144989 -0.247536004 -0.112796001 -0.532884002 -0.83861798 -0.152013004 -0.820887029 -0.550462008 -0.0934780017 -0.674337029 -0.732443988 -0.0591749996 -0.211554006 -0.975555003 -0.112796001 -0.532884002 -0.83861798 -0.0241710003 -0.313730001 -0.949186981 -0.0241710003 -0.313730001 -0.949186981 0.0903650001 0.109347999 -0.989867985 -0.0591749996 -0.211554006 -0.975555003 0.0903650001 0.109347999 -0.989867985 0.294411987 0.606189013 -0.738792002 -0.000243999995 0.147922993 -0.988982975 -0.0634780005 -0.240851998 0.968473971 -0.0133060003 -0.29975301 0.953917027 -0.121432997 -0.562883019 0.817529976 -0.121432997 -0.562883019 0.817529976 -0.0708639994 -0.642841995 0.762687981 -0.143833995 -0.823388994 0.548874974 </float_array>
          <technique_common>
            <accessor count="768" offset="0" source="#shiny_white-normals-array" stride="3">
              <param name="X" type="float" />
              <param name="Y" type="float" />
              <param name="Z" type="float" />
            </accessor>
          </technique_common>
        </source>
        <source id="shiny_white-tex0" name="shiny_white-tex0">
          <float_array id="shiny_white-tex0-array" count="1536"> 0.549968004 0.452419996 0.54547298 0.502328992 0.50780499 0.498534977 0.551742017 0.401853979 0.549968004 0.452419996 0.510924995 0.45076102 0.547293007 0.354857981 0.551742017 0.401853979 0.51197499 0.403328001 0.539514005 0.305548012 0.547293007 0.354857981 0.508170009 0.355938971 0.551276982 0.595661998 0.551761985 0.642179012 0.530036986 0.644894004 0.506121993 0.693063021 0.504639983 0.645501018 0.530036986 0.644894004 0.555724025 0.676033974 0.539947987 0.685431957 0.530036986 0.644894004 0.551276982 0.595661998 0.505766988 0.597002029 0.507750988 0.54757601 0.507750988 0.54757601 0.50780499 0.498534977 0.54547298 0.502328992 0.620409012 0.692019999 0.633873999 0.743332028 0.607035995 0.750196993 0.588172019 0.707248986 0.555724025 0.676033974 0.597429991 0.643736005 0.551761985 0.642179012 0.597429991 0.643736005 0.555724025 0.676033974 0.551761985 0.642179012 0.551276982 0.595661998 0.571528971 0.597239971 0.571528971 0.597239971 0.551276982 0.595661998 0.55231303 0.550758958 0.496508002 0.262061 0.541068971 0.255890012 0.539514005 0.305548012 0.592562973 0.0991839767 0.556816995 0.0944790244 0.570869982 0.0516420007 0.556816995 0.0944790244 0.592562973 0.0991839767 0.57644397 0.151726007 0.474460006 0.12154901 0.510591984 0.122262001 0.482719004 0.172105014 0.482719004 0.172105014 0.529438972 0.165816009 0.534986019 0.207836986 0.527226985 0.131030023 0.57644397 0.151726007 0.529438972 0.165816009 0.529438972 0.165816009 0.57644397 0.151726007 0.553797007 0.205200016 0.534986019 0.207836986 0.541068971 0.255890012 0.496508002 0.262061 0.553797007 0.205200016 0.541068971 0.255890012 0.534986019 0.207836986 0.650017977 0.739570022 0.648119986 0.704285026 0.696237981 0.703812957 0.648119986 0.704285026 0.644452989 0.668294013 0.693754971 0.669049978 0.644452989 0.668294013 0.63884902 0.629137039 0.691027999 0.630033016 0.63884902 0.629137039 0.632354975 0.587772965 0.691115022 0.589561999 0.632354975 0.587772965 0.62639302 0.546896994 0.691868007 0.549259007 0.62639302 0.546896994 0.621105015 0.507570982 0.692404985 0.509379983 0.621105015 0.507570982 0.616757989 0.469690979 0.693907022 0.469694972 0.616757989 0.469690979 0.613162994 0.433296978 0.694314003 0.430857003 0.613162994 0.433296978 0.611151993 0.397740006 0.694350004 0.393266022 0.611151993 0.397740006 0.61045903 0.362560987 0.690261006 0.356284022 0.611204028 0.325966001 0.685786009 0.31862998 0.690261006 0.356284022 0.612325013 0.28828299 0.681526005 0.280156016 0.685786009 0.31862998 0.613967001 0.249662995 0.676975012 0.241149008 0.681526005 0.280156016 0.615592003 0.209652007 0.672266006 0.201623023 0.676975012 0.241149008 0.616982996 0.169055998 0.666934013 0.162331998 0.672266006 0.201623023 0.617452979 0.130227983 0.664892018 0.123977005 0.666934013 0.162331998 0.615563989 0.0935860276 0.66405201 0.0894960165 0.664892018 0.123977005 0.615134001 0.0590059757 0.662833989 0.0577309728 0.66405201 0.0894960165 0.697755992 0.735798001 0.696237981 0.703812957 0.763882995 0.703768969 0.696237981 0.703812957 0.693754971 0.669049978 0.761777997 0.667564034 0.693754971 0.669049978 0.691027999 0.630033016 0.760075986 0.628980994 0.691115022 0.589561999 0.759606004 0.589296997 0.760075986 0.628980994 0.691868007 0.549259007 0.759778976 0.549188018 0.759606004 0.589296997 0.691868007 0.549259007 0.692404985 0.509379983 0.759796023 0.508754969 0.693907022 0.469694972 0.760384977 0.468361974 0.759796023 0.508754969 0.694314003 0.430857003 0.761647999 0.428640008 0.760384977 0.468361974 0.694350004 0.393266022 0.762612998 0.389636993 0.761647999 0.428640008 0.694350004 0.393266022 0.690261006 0.356284022 0.757779002 0.351486981 0.690261006 0.356284022 0.685786009 0.31862998 0.753704011 0.313311994 0.685786009 0.31862998 0.681526005 0.280156016 0.748484015 0.274888992 0.676975012 0.241149008 0.745127022 0.235418975 0.748484015 0.274888992 0.672266006 0.201623023 0.74180299 0.195203006 0.745127022 0.235418975 0.672266006 0.201623023 0.666934013 0.162331998 0.737105012 0.155363977 0.664892018 0.123977005 0.734091997 0.117038012 0.737105012 0.155363977 0.66405201 0.0894960165 0.732460022 0.081453979 0.734091997 0.117038012 0.662833989 0.0577309728 0.729575992 0.047228992 0.732460022 0.081453979 0.765446007 0.738291025 0.763882995 0.703768969 0.832041025 0.703040957 0.761777997 0.667564034 0.831349015 0.665251017 0.832041025 0.703040957 0.760075986 0.628980994 0.830558002 0.626428008 0.831349015 0.665251017 0.759606004 0.589296997 0.830066979 0.586858034 0.830558002 0.626428008 0.759778976 0.549188018 0.829945028 0.546840012 0.830066979 0.586858034 0.759778976 0.549188018 0.759796023 0.508754969 0.829849005 0.506496012 0.760384977 0.468361974 0.829475999 0.466000974 0.829849005 0.506496012 0.761647999 0.428640008 0.828667998 0.425988019 0.829475999 0.466000974 0.762612998 0.389636993 0.827297986 0.386503994 0.828667998 0.425988019 0.762612998 0.389636993 0.757779002 0.351486981 0.825115025 0.347597003 0.757779002 0.351486981 0.753704011 0.313311994 0.822551012 0.309614003 0.753704011 0.313311994 0.748484015 0.274888992 0.819480002 0.271219015 0.745127022 0.235418975 0.816138029 0.231078029 0.819480002 0.271219015 0.74180299 0.195203006 0.81221801 0.190083027 0.816138029 0.231078029 0.74180299 0.195203006 0.737105012 0.155363977 0.808013022 0.149663985 0.737105012 0.155363977 0.734091997 0.117038012 0.803732991 0.110773981 0.732460022 0.081453979 0.799709976 0.0736650229 0.803732991 0.110773981 0.729575992 0.047228992 0.795808017 0.0370150208 0.799709976 0.0736650229 0.832753003 0.740082026 0.832041025 0.703040957 0.91367501 0.69888103 0.832041025 0.703040957 0.831349015 0.665251017 0.904586017 0.662544012 0.831349015 0.665251017 0.830558002 0.626428008 0.893324018 0.624639988 0.830558002 0.626428008 0.830066979 0.586858034 0.881272018 0.585412979 0.830066979 0.586858034 0.829945028 0.546840012 0.874675989 0.545435011 0.829945028 0.546840012 0.829849005 0.506496012 0.873878002 0.504963994 0.829475999 0.466000974 0.877883971 0.464250982 0.873878002 0.504963994 0.828667998 0.425988019 0.883979976 0.424005985 0.877883971 0.464250982 0.827297986 0.386503994 0.886308014 0.384218991 0.883979976 0.424005985 0.827297986 0.386503994 0.825115025 0.347597003 0.879037023 0.345189989 0.825115025 0.347597003 0.822551012 0.309614003 0.870571971 0.307250023 0.822551012 0.309614003 0.819480002 0.271219015 0.862815022 0.268884003 0.816138029 0.231078029 0.86077702 0.22814399 0.862815022 0.268884003 0.81221801 0.190083027 0.863857985 0.186034024 0.86077702 0.22814399 0.808013022 0.149663985 0.870284021 0.143845022 0.863857985 0.186034024 0.803732991 0.110773981 0.877490997 0.103820026 0.870284021 0.143845022 0.799709976 0.0736650229 0.880581975 0.06645298 0.877490997 0.103820026 0.795808017 0.0370150208 0.880877018 0.0305230021 0.880581975 0.06645298 0.893324018 0.624639988 0.881272018 0.585412979 0.916382015 0.584010005 0.881272018 0.585412979 0.874675989 0.545435011 0.921126008 0.54480803 0.873878002 0.504963994 0.929325998 0.504634976 0.921126008 0.54480803 0.877883971 0.464250982 0.946721971 0.462047994 0.929325998 0.504634976 0.883979976 0.424005985 0.963275015 0.423659027 0.946721971 0.462047994 0.886308014 0.384218991 0.966912985 0.383656979 0.963275015 0.423659027 0.886308014 0.384218991 0.879037023 0.345189989 0.961049974 0.340386987 0.879037023 0.345189989 0.870571971 0.307250023 0.951555014 0.302933991 0.870571971 0.307250023 0.862815022 0.268884003 0.937772989 0.266012013 0.92316401 0.221455991 0.937772989 0.266012013 0.862815022 0.268884003 0.863857985 0.186034024 0.912774026 0.181181014 0.92316401 0.221455991 0.870284021 0.143845022 0.903837025 0.141197979 0.912774026 0.181181014 0.877490997 0.103820026 0.895938993 0.102335989 0.903837025 0.141197979 0.921028018 0.698032975 0.923045993 0.733757973 0.918084025 0.734391987 0.919562995 0.661466002 0.921028018 0.698032975 0.91367501 0.69888103 0.880581975 0.06645298 0.889079988 0.0657330155 0.895938993 0.102335989 0.880877018 0.0305230021 0.885857999 0.0301560163 0.889079988 0.0657330155 0.919135988 0.62401998 0.919562995 0.661466002 0.904586017 0.662544012 0.617452979 0.130227983 0.57644397 0.151726007 0.592562973 0.0991839767 0.598344028 0.0567749739 0.615134001 0.0590059757 0.615563989 0.0935860276 0.633873999 0.743332028 0.648119986 0.704285026 0.650017977 0.739570022 0.648119986 0.704285026 0.633873999 0.743332028 0.620409012 0.692019999 0.597429991 0.643736005 0.63884902 0.629137039 0.644452989 0.668294013 0.597429991 0.643736005 0.571528971 0.597239971 0.632354975 0.587772965 0.571528971 0.597239971 0.55231303 0.550758958 0.62639302 0.546896994 0.551742017 0.401853979 0.611151993 0.397740006 0.613162994 0.433296978 0.551742017 0.401853979 0.547293007 0.354857981 0.61045903 0.362560987 0.611204028 0.325966001 0.547293007 0.354857981 0.539514005 0.305548012 0.612325013 0.28828299 0.539514005 0.305548012 0.541068971 0.255890012 0.553797007 0.205200016 0.615592003 0.209652007 0.613967001 0.249662995 0.547293007 0.354857981 0.611204028 0.325966001 0.61045903 0.362560987 0.57644397 0.151726007 0.616982996 0.169055998 0.615592003 0.209652007 0.57644397 0.151726007 0.617452979 0.130227983 0.616982996 0.169055998 0.55231303 0.550758958 0.54547298 0.502328992 0.621105015 0.507570982 0.54547298 0.502328992 0.549968004 0.452419996 0.616757989 0.469690979 0.549968004 0.452419996 0.613162994 0.433296978 0.616757989 0.469690979 0.530036986 0.644894004 0.504639983 0.645501018 0.505766988 0.597002029 0.510591984 0.122262001 0.527226985 0.131030023 0.482719004 0.172105014 0.527226985 0.131030023 0.529438972 0.165816009 0.482719004 0.172105014 0.510924995 0.45076102 0.549968004 0.452419996 0.50780499 0.498534977 0.51197499 0.403328001 0.551742017 0.401853979 0.510924995 0.45076102 0.508170009 0.355938971 0.547293007 0.354857981 0.51197499 0.403328001 0.501478016 0.308921993 0.539514005 0.305548012 0.508170009 0.355938971 0.505766988 0.597002029 0.551276982 0.595661998 0.530036986 0.644894004 0.539947987 0.685431957 0.506121993 0.693063021 0.530036986 0.644894004 0.551761985 0.642179012 0.555724025 0.676033974 0.530036986 0.644894004 0.55231303 0.550758958 0.551276982 0.595661998 0.507750988 0.54757601 0.55231303 0.550758958 0.507750988 0.54757601 0.54547298 0.502328992 0.588172019 0.707248986 0.620409012 0.692019999 0.607035995 0.750196993 0.620409012 0.692019999 0.588172019 0.707248986 0.597429991 0.643736005 0.597429991 0.643736005 0.551761985 0.642179012 0.571528971 0.597239971 0.501478016 0.308921993 0.496508002 0.262061 0.539514005 0.305548012 0.598344028 0.0567749739 0.592562973 0.0991839767 0.570869982 0.0516420007 0.527226985 0.131030023 0.556816995 0.0944790244 0.57644397 0.151726007 0.488819003 0.214859009 0.482719004 0.172105014 0.534986019 0.207836986 0.534986019 0.207836986 0.529438972 0.165816009 0.553797007 0.205200016 0.488819003 0.214859009 0.534986019 0.207836986 0.496508002 0.262061 0.697755992 0.735798001 0.650017977 0.739570022 0.696237981 0.703812957 0.696237981 0.703812957 0.648119986 0.704285026 0.693754971 0.669049978 0.693754971 0.669049978 0.644452989 0.668294013 0.691027999 0.630033016 0.691027999 0.630033016 0.63884902 0.629137039 0.691115022 0.589561999 0.691115022 0.589561999 0.632354975 0.587772965 0.691868007 0.549259007 0.691868007 0.549259007 0.62639302 0.546896994 0.692404985 0.509379983 0.692404985 0.509379983 0.621105015 0.507570982 0.693907022 0.469694972 0.693907022 0.469694972 0.616757989 0.469690979 0.694314003 0.430857003 0.694314003 0.430857003 0.613162994 0.433296978 0.694350004 0.393266022 0.694350004 0.393266022 0.611151993 0.397740006 0.690261006 0.356284022 0.61045903 0.362560987 0.611204028 0.325966001 0.690261006 0.356284022 0.611204028 0.325966001 0.612325013 0.28828299 0.685786009 0.31862998 0.612325013 0.28828299 0.613967001 0.249662995 0.681526005 0.280156016 0.613967001 0.249662995 0.615592003 0.209652007 0.676975012 0.241149008 0.615592003 0.209652007 0.616982996 0.169055998 0.672266006 0.201623023 0.616982996 0.169055998 0.617452979 0.130227983 0.666934013 0.162331998 0.617452979 0.130227983 0.615563989 0.0935860276 0.664892018 0.123977005 0.615563989 0.0935860276 0.615134001 0.0590059757 0.66405201 0.0894960165 0.765446007 0.738291025 0.697755992 0.735798001 0.763882995 0.703768969 0.763882995 0.703768969 0.696237981 0.703812957 0.761777997 0.667564034 0.761777997 0.667564034 0.693754971 0.669049978 0.760075986 0.628980994 0.691027999 0.630033016 0.691115022 0.589561999 0.760075986 0.628980994 0.691115022 0.589561999 0.691868007 0.549259007 0.759606004 0.589296997 0.759778976 0.549188018 0.691868007 0.549259007 0.759796023 0.508754969 0.692404985 0.509379983 0.693907022 0.469694972 0.759796023 0.508754969 0.693907022 0.469694972 0.694314003 0.430857003 0.760384977 0.468361974 0.694314003 0.430857003 0.694350004 0.393266022 0.761647999 0.428640008 0.762612998 0.389636993 0.694350004 0.393266022 0.757779002 0.351486981 0.757779002 0.351486981 0.690261006 0.356284022 0.753704011 0.313311994 0.753704011 0.313311994 0.685786009 0.31862998 0.748484015 0.274888992 0.681526005 0.280156016 0.676975012 0.241149008 0.748484015 0.274888992 0.676975012 0.241149008 0.672266006 0.201623023 0.745127022 0.235418975 0.74180299 0.195203006 0.672266006 0.201623023 0.737105012 0.155363977 0.666934013 0.162331998 0.664892018 0.123977005 0.737105012 0.155363977 0.664892018 0.123977005 0.66405201 0.0894960165 0.734091997 0.117038012 0.66405201 0.0894960165 0.662833989 0.0577309728 0.732460022 0.081453979 0.832753003 0.740082026 0.765446007 0.738291025 0.832041025 0.703040957 0.763882995 0.703768969 0.761777997 0.667564034 0.832041025 0.703040957 0.761777997 0.667564034 0.760075986 0.628980994 0.831349015 0.665251017 0.760075986 0.628980994 0.759606004 0.589296997 0.830558002 0.626428008 0.759606004 0.589296997 0.759778976 0.549188018 0.830066979 0.586858034 0.829945028 0.546840012 0.759778976 0.549188018 0.829849005 0.506496012 0.759796023 0.508754969 0.760384977 0.468361974 0.829849005 0.506496012 0.760384977 0.468361974 0.761647999 0.428640008 0.829475999 0.466000974 0.761647999 0.428640008 0.762612998 0.389636993 0.828667998 0.425988019 0.827297986 0.386503994 0.762612998 0.389636993 0.825115025 0.347597003 0.825115025 0.347597003 0.757779002 0.351486981 0.822551012 0.309614003 0.822551012 0.309614003 0.753704011 0.313311994 0.819480002 0.271219015 0.748484015 0.274888992 0.745127022 0.235418975 0.819480002 0.271219015 0.745127022 0.235418975 0.74180299 0.195203006 0.816138029 0.231078029 0.81221801 0.190083027 0.74180299 0.195203006 0.808013022 0.149663985 0.808013022 0.149663985 0.737105012 0.155363977 0.803732991 0.110773981 0.734091997 0.117038012 0.732460022 0.081453979 0.803732991 0.110773981 0.732460022 0.081453979 0.729575992 0.047228992 0.799709976 0.0736650229 0.918084025 0.734391987 0.832753003 0.740082026 0.91367501 0.69888103 0.91367501 0.69888103 0.832041025 0.703040957 0.904586017 0.662544012 0.904586017 0.662544012 0.831349015 0.665251017 0.893324018 0.624639988 0.893324018 0.624639988 0.830558002 0.626428008 0.881272018 0.585412979 0.881272018 0.585412979 0.830066979 0.586858034 0.874675989 0.545435011 0.874675989 0.545435011 0.829945028 0.546840012 0.873878002 0.504963994 0.829849005 0.506496012 0.829475999 0.466000974 0.873878002 0.504963994 0.829475999 0.466000974 0.828667998 0.425988019 0.877883971 0.464250982 0.828667998 0.425988019 0.827297986 0.386503994 0.883979976 0.424005985 0.886308014 0.384218991 0.827297986 0.386503994 0.879037023 0.345189989 0.879037023 0.345189989 0.825115025 0.347597003 0.870571971 0.307250023 0.870571971 0.307250023 0.822551012 0.309614003 0.862815022 0.268884003 0.819480002 0.271219015 0.816138029 0.231078029 0.862815022 0.268884003 0.816138029 0.231078029 0.81221801 0.190083027 0.86077702 0.22814399 0.81221801 0.190083027 0.808013022 0.149663985 0.863857985 0.186034024 0.808013022 0.149663985 0.803732991 0.110773981 0.870284021 0.143845022 0.803732991 0.110773981 0.799709976 0.0736650229 0.877490997 0.103820026 0.799709976 0.0736650229 0.795808017 0.0370150208 0.880581975 0.06645298 0.919135988 0.62401998 0.893324018 0.624639988 0.916382015 0.584010005 0.916382015 0.584010005 0.881272018 0.585412979 0.921126008 0.54480803 0.874675989 0.545435011 0.873878002 0.504963994 0.921126008 0.54480803 0.873878002 0.504963994 0.877883971 0.464250982 0.929325998 0.504634976 0.877883971 0.464250982 0.883979976 0.424005985 0.946721971 0.462047994 0.883979976 0.424005985 0.886308014 0.384218991 0.963275015 0.423659027 0.966912985 0.383656979 0.886308014 0.384218991 0.961049974 0.340386987 0.961049974 0.340386987 0.879037023 0.345189989 0.951555014 0.302933991 0.951555014 0.302933991 0.870571971 0.307250023 0.937772989 0.266012013 0.86077702 0.22814399 0.92316401 0.221455991 0.862815022 0.268884003 0.86077702 0.22814399 0.863857985 0.186034024 0.92316401 0.221455991 0.863857985 0.186034024 0.870284021 0.143845022 0.912774026 0.181181014 0.870284021 0.143845022 0.877490997 0.103820026 0.903837025 0.141197979 0.91367501 0.69888103 0.921028018 0.698032975 0.918084025 0.734391987 0.904586017 0.662544012 0.919562995 0.661466002 0.91367501 0.69888103 0.877490997 0.103820026 0.880581975 0.06645298 0.895938993 0.102335989 0.880581975 0.06645298 0.880877018 0.0305230021 0.889079988 0.0657330155 0.893324018 0.624639988 0.919135988 0.62401998 0.904586017 0.662544012 0.615563989 0.0935860276 0.617452979 0.130227983 0.592562973 0.0991839767 0.592562973 0.0991839767 0.598344028 0.0567749739 0.615563989 0.0935860276 0.644452989 0.668294013 0.648119986 0.704285026 0.620409012 0.692019999 0.620409012 0.692019999 0.597429991 0.643736005 0.644452989 0.668294013 0.63884902 0.629137039 0.597429991 0.643736005 0.632354975 0.587772965 0.632354975 0.587772965 0.571528971 0.597239971 0.62639302 0.546896994 0.549968004 0.452419996 0.551742017 0.401853979 0.613162994 0.433296978 0.611151993 0.397740006 0.551742017 0.401853979 0.61045903 0.362560987 0.612325013 0.28828299 0.611204028 0.325966001 0.539514005 0.305548012 0.613967001 0.249662995 0.612325013 0.28828299 0.541068971 0.255890012 0.541068971 0.255890012 0.553797007 0.205200016 0.613967001 0.249662995 0.553797007 0.205200016 0.57644397 0.151726007 0.615592003 0.209652007 0.62639302 0.546896994 0.55231303 0.550758958 0.621105015 0.507570982 0.621105015 0.507570982 0.54547298 0.502328992 0.616757989 0.469690979 </float_array>
          <technique_common>
            <accessor count="768" offset="0" source="#shiny_white-tex0-array" stride="2">
              <param name="S" type="float" />
              <param name="T" type="float" />
            </accessor>
          </technique_common>
        </source>
        <vertices id="shiny_white-vertices">
          <input semantic="POSITION" source="#shiny_white-positions" />
        </vertices>
        <polylist count="256" material="defaultMaterial">
          <input offset="0" semantic="VERTEX" source="#shiny_white-vertices" />
          <input offset="0" semantic="NORMAL" source="#shiny_white-normals" />
          <input offset="0" semantic="TEXCOORD" source="#shiny_white-tex0" set="0" />
          <vcount>3 3 3 3 3 3 3 3 3 3 3 3 3 3 3 3 3 3 3 3 3 3 3 3 3 3 3 3 3 3 3 3 3 3 3 3 3 3 3 3 3 3 3 3 3 3 3 3 3 3 3 3 3 3 3 3 3 3 3 3 3 3 3 3 3 3 3 3 3 3 3 3 3 3 3 3 3 3 3 3 3 3 3 3 3 3 3 3 3 3 3 3 3 3 3 3 3 3 3 3 3 3 3 3 3 3 3 3 3 3 3 3 3 3 3 3 3 3 3 3 3 3 3 3 3 3 3 3 3 3 3 3 3 3 3 3 3 3 3 3 3 3 3 3 3 3 3 3 3 3 3 3 3 3 3 3 3 3 3 3 3 3 3 3 3 3 3 3 3 3 3 3 3 3 3 3 3 3 3 3 3 3 3 3 3 3 3 3 3 3 3 3 3 3 3 3 3 3 3 3 3 3 3 3 3 3 3 3 3 3 3 3 3 3 3 3 3 3 3 3 3 3 3 3 3 3 3 3 3 3 3 3 3 3 3 3 3 3 3 3 3 3 3 3 3 3 3 3 3 3 3 3 3 3 3 3 </vcount>
          <p>0 1 2 3 4 5 6 7 8 9 10 11 12 13 14 15 16 17 18 19 20 21 22 23 24 25 26 27 28 29 30 31 32 33 34 35 36 37 38 39 40 41 42 43 44 45 46 47 48 49 50 51 52 53 54 55 56 57 58 59 60 61 62 63 64 65 66 67 68 69 70 71 72 73 74 75 76 77 78 79 80 81 82 83 84 85 86 87 88 89 90 91 92 93 94 95 96 97 98 99 100 101 102 103 104 105 106 107 108 109 110 111 112 113 114 115 116 117 118 119 120 121 122 123 124 125 126 127 128 129 130 131 132 133 134 135 136 137 138 139 140 141 142 143 144 145 146 147 148 149 150 151 152 153 154 155 156 157 158 159 160 161 162 163 164 165 166 167 168 169 170 171 172 173 174 175 176 177 178 179 180 181 182 183 184 185 186 187 188 189 190 191 192 193 194 195 196 197 198 199 200 201 202 203 204 205 206 207 208 209 210 211 212 213 214 215 216 217 218 219 220 221 222 223 224 225 226 227 228 229 230 231 232 233 234 235 236 237 238 239 240 241 242 243 244 245 246 247 248 249 250 251 252 253 254 255 256 257 258 259 260 261 262 263 264 265 266 267 268 269 270 271 272 273 274 275 276 277 278 279 280 281 282 283 284 285 286 287 288 289 290 291 292 293 294 295 296 297 298 299 300 301 302 303 304 305 306 307 308 309 310 311 312 313 314 315 316 317 318 319 320 321 322 323 324 325 326 327 328 329 330 331 332 333 334 335 336 337 338 339 340 341 342 343 344 345 346 347 348 349 350 351 352 353 354 355 356 357 358 359 360 361 362 363 364 365 366 367 368 369 370 371 372 373 374 375 376 377 378 379 380 381 382 383 384 385 386 387 388 389 390 391 392 393 394 395 396 397 398 399 400 401 402 403 404 405 406 407 408 409 410 411 412 413 414 415 416 417 418 419 420 421 422 423 424 425 426 427 428 429 430 431 432 433 434 435 436 437 438 439 440 441 442 443 444 445 446 447 448 449 450 451 452 453 454 455 456 457 458 459 460 461 462 463 464 465 466 467 468 469 470 471 472 473 474 475 476 477 478 479 480 481 482 483 484 485 486 487 488 489 490 491 492 493 494 495 496 497 498 499 500 501 502 503 504 505 506 507 508 509 510 511 512 513 514 515 516 517 518 519 520 521 522 523 524 525 526 527 528 529 530 531 532 533 534 535 536 537 538 539 540 541 542 543 544 545 546 547 548 549 550 551 552 553 554 555 556 557 558 559 560 561 562 563 564 565 566 567 568 569 570 571 572 573 574 575 576 577 578 579 580 581 582 583 584 585 586 587 588 589 590 591 592 593 594 595 596 597 598 599 600 601 602 603 604 605 606 607 608 609 610 611 612 613 614 615 616 617 618 619 620 621 622 623 624 625 626 627 628 629 630 631 632 633 634 635 636 637 638 639 640 641 642 643 644 645 646 647 648 649 650 651 652 653 654 655 656 657 658 659 660 661 662 663 664 665 666 667 668 669 670 671 672 673 674 675 676 677 678 679 680 681 682 683 684 685 686 687 688 689 690 691 692 693 694 695 696 697 698 699 700 701 702 703 704 705 706 707 708 709 710 711 712 713 714 715 716 717 718 719 720 721 722 723 724 725 726 727 728 729 730 731 732 733 734 735 736 737 738 739 740 741 742 743 744 745 746 747 748 749 750 751 752 753 754 755 756 757 758 759 760 761 762 763 764 765 766 767 </p>
        </polylist>
      </mesh>
    </geometry>
  </library_geometries>
  <library_controllers>
  </library_controllers>
  <library_visual_scenes>
    <visual_scene id="Scene" name="Scene">
      <node id="node" name="" type="NODE">
        <matrix sid="matrix">1 0 0 0 0 1 0 0 0 0 1 0 0 0 0 1</matrix>
        <instance_geometry url="#milky_white">
          <bind_material>
            <technique_common>
              <instance_material symbol="defaultMaterial" target="#DefaultMaterial">
                <bind_vertex_input semantic="CHANNEL0" input_semantic="TEXCOORD" input_set="0"/>
              </instance_material>
            </technique_common>
          </bind_material>
        </instance_geometry>
        <instance_geometry url="#shiny_white">
          <bind_material>
            <technique_common>
              <instance_material symbol="defaultMaterial" target="#DefaultMaterial">
                <bind_vertex_input semantic="CHANNEL0" input_semantic="TEXCOORD" input_set="0"/>
              </instance_material>
            </technique_common>
          </bind_material>
        </instance_geometry>
      </node>
    </visual_scene>
  </library_visual_scenes>
  <scene>
    <instance_visual_scene url="#Scene" />
  </scene>
</COLLADA>
