<?xml version="1.0" encoding="UTF-8" standalone="no" ?>
<COLLADA xmlns="http://www.collada.org/2005/11/COLLADASchema" version="1.4.1">
  <asset>
    <contributor>
      <author>Assimp</author>
      <authoring_tool>Assimp Exporter</authoring_tool>
    </contributor>
    <created>2026-09-22T11:59:50</created>
    <modified>2026-09-22T11:59:50</modified>
    <unit name="meter" meter="1" />
    <up_axis>Y_UP</up_axis>
  </asset>
  <library_images>
  </library_images>
  <library_effects>
    <effect id="DefaultMaterial-fx" name="DefaultMaterial">
      <profile_COMMON>
        <technique sid="standard">
          <phong>
            <diffuse>
              <color sid="diffuse">0.600000024   0.600000024   0.600000024   1</color>
            </diffuse>
          </phong>
        </technique>
      </profile_COMMON>
    </effect>
  </library_effects>
  <library_materials>
    <material id="DefaultMaterial" name="DefaultMaterial">
      <instance_effect url="#DefaultMaterial-fx"/>
    </material>
  </library_materials>
  <library_geometries>
    <geometry id="milky_white" name="milky_white" >
      <mesh>
        <source id="milky_white-positions" name="milky_white-positions">
          <float_array id="milky_white-positions-array" count="6840"> -0.052747 -0.113794997 0.0189759992 -0.0496799983 -0.111004002 0.00770699978 -0.0296790004 -0.112131998 0.00897799991 -0.052747 -0.113794997 0.0189759992 -0.0296790004 -0.112131998 0.00897799991 -0.031498 -0.115236998 0.0221769996 -0.00208200002 -0.113237001 0.0199449994 -0.00252200011 -0.114488997 0.0254720002 -0.0152230002 -0.115002997 0.0241240002 -0.00208200002 -0.113237001 0.0199449994 -0.0152230002 -0.115002997 0.0241240002 -0.0154360002 -0.112062998 0.0120620001 -0.0280719995 -0.0965119973 -0.0438969992 -0.0360619985 -0.103499003 -0.0221149996 -0.0493879989 -0.100017004 -0.0281489994 -0.0280719995 -0.0965119973 -0.0438969992 -0.0493879989 -0.100017004 -0.0281489994 -0.039673999 -0.0911799967 -0.053989999 -0.0112549998 -0.106926002 -0.0104280002 -0.00697899982 -0.102233 -0.0253599994 0.00233400008 -0.103509001 -0.0172959995 -0.0112549998 -0.106926002 -0.0104280002 0.00233400008 -0.103509001 -0.0172959995 6.60000005e-05 -0.106971003 -0.00488900021 -0.0496799983 -0.111004002 0.00770699978 -0.0360619985 -0.103499003 -0.0221149996 -0.0226540007 -0.105607003 -0.0156369992 -0.0496799983 -0.111004002 0.00770699978 -0.0226540007 -0.105607003 -0.0156369992 -0.0296790004 -0.112131998 0.00897799991 6.60000005e-05 -0.106971003 -0.00488900021 -0.00208200002 -0.113237001 0.0199449994 -0.0154360002 -0.112062998 0.0120620001 -0.0257120002 -0.0913830027 -0.0574779995 -0.0280719995 -0.0965119973 -0.0438969992 -0.039673999 -0.0911799967 -0.053989999 6.60000005e-05 -0.106971003 -0.00488900021 -0.0154360002 -0.112062998 0.0120620001 -0.0112549998 -0.106926002 -0.0104280002 -0.0257120002 -0.0913830027 -0.0574779995 -0.039673999 -0.0911799967 -0.053989999 -0.0381530002 -0.083653003 -0.0696059987 0.00728299981 -0.0969490036 -0.0364650004 0.00233400008 -0.103509001 -0.0172959995 -0.00697899982 -0.102233 -0.0253599994 0.00728299981 -0.0969490036 -0.0364650004 -0.00697899982 -0.102233 -0.0253599994 -0.00239400007 -0.0960230008 -0.0429209992 -0.0250879992 -0.0870049968 -0.0689819977 -0.0265870001 -0.0796170011 -0.0845939964 -0.0105339997 -0.0824609995 -0.0824699998 -0.0250879992 -0.0870049968 -0.0689819977 -0.0105339997 -0.0824609995 -0.0824699998 -0.0117100002 -0.0884390026 -0.0674090013 -0.00812599994 -0.0753270015 -0.099312 -0.0105339997 -0.0824609995 -0.0824699998 -0.0265870001 -0.0796170011 -0.0845939964 -0.00812599994 -0.0753270015 -0.099312 -0.0265870001 -0.0796170011 -0.0845939964 -0.0301360004 -0.0704960003 -0.0993300006 0.00845499989 -0.081592001 -0.0795589983 0.0264040008 -0.0770239979 -0.0747930035 0.0181019995 -0.0857499987 -0.0619140007 0.00845499989 -0.081592001 -0.0795589983 0.0181019995 -0.0857499987 -0.0619140007 0.00339700002 -0.0881830007 -0.0650940016 0.00845499989 -0.081592001 -0.0795589983 -0.0105339997 -0.0824609995 -0.0824699998 -0.00812599994 -0.0753270015 -0.099312 0.00845499989 -0.081592001 -0.0795589983 -0.00812599994 -0.0753270015 -0.099312 0.0163630005 -0.0732999966 -0.0941969976 0.0381329991 -0.0641990006 -0.0858390033 0.0163630005 -0.0732999966 -0.0941969976 0.0283300001 -0.0555539988 -0.123461001 0.0381329991 -0.0641990006 -0.0858390033 0.0283300001 -0.0555539988 -0.123461001 0.045545999 -0.0541049987 -0.0915440023 -0.0203809999 -0.0623349994 -0.120132998 -0.00319599989 -0.0653679967 -0.120658003 -0.00812599994 -0.0753270015 -0.099312 -0.0203809999 -0.0623349994 -0.120132998 -0.00812599994 -0.0753270015 -0.099312 -0.0301360004 -0.0704960003 -0.0993300006 0.0529179983 -0.0389560014 -0.0952439979 0.0433509983 -0.0426069982 -0.125081003 0.0524809994 -0.0270879995 -0.126374006 0.0529179983 -0.0389560014 -0.0952439979 0.0524809994 -0.0270879995 -0.126374006 0.0602889992 -0.0238060001 -0.0989430025 0.0572529994 0 -0.127553001 0.0635859966 0 -0.101246998 0.0619370006 -0.0121189998 -0.100094996 0.0572529994 0 -0.127553001 0.0619370006 -0.0121189998 -0.100094996 0.0551799983 -0.0134800002 -0.126346007 -0.0551000014 0 -0.119413003 -0.0532490015 -0.0202970002 -0.119893998 -0.0595780015 -0.0205649994 -0.0987690017 -0.0551000014 0 -0.119413003 -0.0595780015 -0.0205649994 -0.0987690017 -0.0606650002 0 -0.0996299982 -0.055319 -0.0402080007 -0.0970470011 -0.0595780015 -0.0205649994 -0.0987690017 -0.0532490015 -0.0202970002 -0.119893998 -0.055319 -0.0402080007 -0.0970470011 -0.0532490015 -0.0202970002 -0.119893998 -0.0468950011 -0.0384449996 -0.120012999 -0.0764190033 -0.128700003 0.0511929989 -0.0767849982 -0.122718997 0.0401059985 -0.0573530011 -0.12043 0.0333889984 -0.0764190033 -0.128700003 0.0511929989 -0.0573530011 -0.12043 0.0333889984 -0.0619839989 -0.127790004 0.0474460013 -4.19999997e-05 -0.121178001 0.0585209988 0.00251700007 -0.123092003 0.0826539993 -0.00547599979 -0.132400006 0.0825750008 -4.19999997e-05 -0.121178001 0.0585209988 -0.00547599979 -0.132400006 0.0825750008 -0.0108120004 -0.126297995 0.0566800013 -0.0573530011 -0.12043 0.0333889984 -0.052747 -0.113794997 0.0189759992 -0.031498 -0.115236998 0.0221769996 -0.0573530011 -0.12043 0.0333889984 -0.031498 -0.115236998 0.0221769996 -0.0354470015 -0.121763997 0.0369019993 -0.138519004 -0.01315 0.133537993 -0.136851996 -0.0140490001 0.147809997 -0.137105003 0 0.147762999 -0.138519004 -0.01315 0.133537993 -0.137105003 0 0.147762999 -0.139120996 0 0.133649006 0.0282589998 -0.0115790004 0.118107997 0.0285710003 0 0.117951997 0.0143689997 0 0.136663005 0.0282589998 -0.0115790004 0.118107997 0.0143689997 0 0.136663005 0.0145119997 -0.013603 0.136609003 -0.00547599979 -0.132400006 0.0825750008 0.00251700007 -0.123092003 0.0826539993 0.00152299996 -0.123666003 0.104649 -0.0136160003 -0.137015998 0.116467997 -0.00850600004 -0.125425994 0.120076001 -0.0190520007 -0.125769004 0.132147998 -0.00547599979 -0.132400006 0.0825750008 0.00152299996 -0.123666003 0.104649 -0.00582800014 -0.133650005 0.101221003 -0.0236029997 -0.137999997 0.127801999 -0.0136160003 -0.137015998 0.116467997 -0.0190520007 -0.125769004 0.132147998 -0.0236029997 -0.137999997 0.127801999 -0.0190520007 -0.125769004 0.132147998 -0.0296829995 -0.126466006 0.138896003 -0.0969960019 -0.137585998 0.124868996 -0.0817850009 -0.138616994 0.135260999 -0.0846420005 -0.125793993 0.141292006 -0.0236029997 -0.137999997 0.127801999 -0.0296829995 -0.126466006 0.138896003 -0.0325729996 -0.138777003 0.133711994 -0.0969960019 -0.137585998 0.124868996 -0.0846420005 -0.125793993 0.141292006 -0.101681001 -0.125727996 0.129048005 -0.0969960019 -0.137585998 0.124868996 -0.101681001 -0.125727996 0.129048005 -0.102688998 -0.136610001 0.116838999 -0.102688998 -0.136610001 0.116838999 -0.101681001 -0.125727996 0.129048005 -0.107694 -0.125297993 0.120142996 -0.108358003 -0.129047006 0.0666790009 -0.0941160023 -0.125703007 0.050032001 -0.0867260024 -0.131264001 0.0557279997 -0.108358003 -0.129047006 0.0666790009 -0.0867260024 -0.131264001 0.0557279997 -0.100863002 -0.135934994 0.0699229985 -0.038093999 -0.129558995 0.0514400005 -0.0354470015 -0.121763997 0.0369019993 -0.0134709999 -0.120049998 0.0407890007 -0.038093999 -0.129558995 0.0514400005 -0.0134709999 -0.120049998 0.0407890007 -0.0108120004 -0.126297995 0.0566800013 -0.112576999 -0.133214995 0.087687999 -0.110349998 -0.134437993 0.105163001 -0.116342999 -0.124589004 0.107928999 -0.112576999 -0.133214995 0.087687999 -0.116342999 -0.124589004 0.107928999 -0.119074002 -0.123691998 0.0879480019 -0.0674239993 -0.110629998 0.00862099975 -0.0496799983 -0.111004002 0.00770699978 -0.052747 -0.113794997 0.0189759992 -0.0674239993 -0.110629998 0.00862099975 -0.052747 -0.113794997 0.0189759992 -0.0738359988 -0.112507999 0.0165229999 -0.0360619985 -0.103499003 -0.0221149996 -0.0280719995 -0.0965119973 -0.0438969992 -0.0163550004 -0.100344002 -0.0332360007 -0.0360619985 -0.103499003 -0.0221149996 -0.0163550004 -0.100344002 -0.0332360007 -0.0226540007 -0.105607003 -0.0156369992 -0.0493879989 -0.100017004 -0.0281489994 -0.0360619985 -0.103499003 -0.0221149996 -0.0496799983 -0.111004002 0.00770699978 -0.0493879989 -0.100017004 -0.0281489994 -0.0496799983 -0.111004002 0.00770699978 -0.0606239997 -0.107217997 -0.00196200004 -0.0257120002 -0.0913830027 -0.0574779995 -0.0250879992 -0.0870049968 -0.0689819977 -0.0117100002 -0.0884390026 -0.0674090013 -0.0257120002 -0.0913830027 -0.0574779995 -0.0117100002 -0.0884390026 -0.0674090013 -0.01346 -0.0944719985 -0.0499580018 -0.0265870001 -0.0796170011 -0.0845939964 -0.0250879992 -0.0870049968 -0.0689819977 -0.0381530002 -0.083653003 -0.0696059987 -0.0265870001 -0.0796170011 -0.0845939964 -0.0381530002 -0.083653003 -0.0696059987 -0.0412390009 -0.0725189969 -0.0838679969 -0.0301360004 -0.0704960003 -0.0993300006 -0.0265870001 -0.0796170011 -0.0845939964 -0.0412390009 -0.0725189969 -0.0838679969 -0.0301360004 -0.0704960003 -0.0993300006 -0.0412390009 -0.0725189969 -0.0838679969 -0.0491929986 -0.056024 -0.093268998 -0.0346979983 -0.0535500012 -0.120104 -0.0203809999 -0.0623349994 -0.120132998 -0.0301360004 -0.0704960003 -0.0993300006 -0.0346979983 -0.0535500012 -0.120104 -0.0301360004 -0.0704960003 -0.0993300006 -0.0491929986 -0.056024 -0.093268998 -0.0496799983 -0.111004002 0.00770699978 -0.0674239993 -0.110629998 0.00862099975 -0.0606239997 -0.107217997 -0.00196200004 -0.0154360002 -0.112062998 0.0120620001 -0.0152230002 -0.115002997 0.0241240002 -0.031498 -0.115236998 0.0221769996 -0.0154360002 -0.112062998 0.0120620001 -0.031498 -0.115236998 0.0221769996 -0.0296790004 -0.112131998 0.00897799991 -0.00697899982 -0.102233 -0.0253599994 -0.0112549998 -0.106926002 -0.0104280002 -0.0226540007 -0.105607003 -0.0156369992 -0.00697899982 -0.102233 -0.0253599994 -0.0226540007 -0.105607003 -0.0156369992 -0.0163550004 -0.100344002 -0.0332360007 -0.0112549998 -0.106926002 -0.0104280002 -0.0154360002 -0.112062998 0.0120620001 -0.0296790004 -0.112131998 0.00897799991 -0.00239400007 -0.0960230008 -0.0429209992 -0.00697899982 -0.102233 -0.0253599994 -0.0163550004 -0.100344002 -0.0332360007 -0.0112549998 -0.106926002 -0.0104280002 -0.0296790004 -0.112131998 0.00897799991 -0.0226540007 -0.105607003 -0.0156369992 -0.0105339997 -0.0824609995 -0.0824699998 0.00845499989 -0.081592001 -0.0795589983 0.00339700002 -0.0881830007 -0.0650940016 -0.00239400007 -0.0960230008 -0.0429209992 -0.0163550004 -0.100344002 -0.0332360007 -0.01346 -0.0944719985 -0.0499580018 -0.0105339997 -0.0824609995 -0.0824699998 0.00339700002 -0.0881830007 -0.0650940016 -0.0117100002 -0.0884390026 -0.0674090013 0.0264040008 -0.0770239979 -0.0747930035 0.00845499989 -0.081592001 -0.0795589983 0.0163630005 -0.0732999966 -0.0941969976 -0.0941160023 -0.125703007 0.050032001 -0.108358003 -0.129047006 0.0666790009 -0.115356997 -0.121682003 0.0637649968 0.0264040008 -0.0770239979 -0.0747930035 0.0163630005 -0.0732999966 -0.0941969976 0.0381329991 -0.0641990006 -0.0858390033 -0.0941160023 -0.125703007 0.050032001 -0.115356997 -0.121682003 0.0637649968 -0.100257002 -0.119259998 0.0446139984 -0.108358003 -0.129047006 0.0666790009 -0.112576999 -0.133214995 0.087687999 -0.119074002 -0.123691998 0.0879480019 -0.108358003 -0.129047006 0.0666790009 -0.119074002 -0.123691998 0.0879480019 -0.115356997 -0.121682003 0.0637649968 -0.0134709999 -0.120049998 0.0407890007 -0.0152230002 -0.115002997 0.0241240002 -0.00252200011 -0.114488997 0.0254720002 -0.0134709999 -0.120049998 0.0407890007 -0.00252200011 -0.114488997 0.0254720002 -4.19999997e-05 -0.121178001 0.0585209988 0.0163630005 -0.0732999966 -0.0941969976 0.0135960001 -0.0626790002 -0.121913999 0.0283300001 -0.0555539988 -0.123461001 -0.0199740008 -0.135264993 0.0668310001 -0.038093999 -0.129558995 0.0514400005 -0.0108120004 -0.126297995 0.0566800013 -0.00319599989 -0.0653679967 -0.120658003 0.0135960001 -0.0626790002 -0.121913999 0.0163630005 -0.0732999966 -0.0941969976 -0.00319599989 -0.0653679967 -0.120658003 0.0163630005 -0.0732999966 -0.0941969976 -0.00812599994 -0.0753270015 -0.099312 0.00728299981 -0.0969490036 -0.0364650004 -0.00239400007 -0.0960230008 -0.0429209992 0.00339700002 -0.0881830007 -0.0650940016 0.00728299981 -0.0969490036 -0.0364650004 0.00339700002 -0.0881830007 -0.0650940016 0.0181019995 -0.0857499987 -0.0619140007 -0.0280719995 -0.0965119973 -0.0438969992 -0.0257120002 -0.0913830027 -0.0574779995 -0.01346 -0.0944719985 -0.0499580018 -0.0280719995 -0.0965119973 -0.0438969992 -0.01346 -0.0944719985 -0.0499580018 -0.0163550004 -0.100344002 -0.0332360007 0.00339700002 -0.0881830007 -0.0650940016 -0.00239400007 -0.0960230008 -0.0429209992 -0.01346 -0.0944719985 -0.0499580018 0.00339700002 -0.0881830007 -0.0650940016 -0.01346 -0.0944719985 -0.0499580018 -0.0117100002 -0.0884390026 -0.0674090013 -0.0381530002 -0.083653003 -0.0696059987 -0.0250879992 -0.0870049968 -0.0689819977 -0.0257120002 -0.0913830027 -0.0574779995 -0.0619839989 -0.127790004 0.0474460013 -0.0573530011 -0.12043 0.0333889984 -0.0354470015 -0.121763997 0.0369019993 -0.0619839989 -0.127790004 0.0474460013 -0.0354470015 -0.121763997 0.0369019993 -0.038093999 -0.129558995 0.0514400005 -0.0354470015 -0.121763997 0.0369019993 -0.031498 -0.115236998 0.0221769996 -0.0152230002 -0.115002997 0.0241240002 -4.19999997e-05 -0.121178001 0.0585209988 -0.0108120004 -0.126297995 0.0566800013 -0.0134709999 -0.120049998 0.0407890007 -0.0354470015 -0.121763997 0.0369019993 -0.0152230002 -0.115002997 0.0241240002 -0.0134709999 -0.120049998 0.0407890007 -0.0767849982 -0.122718997 0.0401059985 -0.0941160023 -0.125703007 0.050032001 -0.100257002 -0.119259998 0.0446139984 -0.0767849982 -0.122718997 0.0401059985 -0.100257002 -0.119259998 0.0446139984 -0.0738359988 -0.112507999 0.0165229999 -0.0941160023 -0.125703007 0.050032001 -0.0767849982 -0.122718997 0.0401059985 -0.0764190033 -0.128700003 0.0511929989 -0.0941160023 -0.125703007 0.050032001 -0.0764190033 -0.128700003 0.0511929989 -0.0867260024 -0.131264001 0.0557279997 -0.0573530011 -0.12043 0.0333889984 -0.0767849982 -0.122718997 0.0401059985 -0.0738359988 -0.112507999 0.0165229999 -0.0573530011 -0.12043 0.0333889984 -0.0738359988 -0.112507999 0.0165229999 -0.052747 -0.113794997 0.0189759992 0.0433509983 -0.0426069982 -0.125081003 0.0529179983 -0.0389560014 -0.0952439979 0.045545999 -0.0541049987 -0.0915440023 0.0433509983 -0.0426069982 -0.125081003 0.045545999 -0.0541049987 -0.0915440023 0.0283300001 -0.0555539988 -0.123461001 0.0551799983 -0.0134800002 -0.126346007 0.0619370006 -0.0121189998 -0.100094996 0.0602889992 -0.0238060001 -0.0989430025 0.0551799983 -0.0134800002 -0.126346007 0.0602889992 -0.0238060001 -0.0989430025 0.0524809994 -0.0270879995 -0.126374006 -0.0817850009 -0.138616994 0.135260999 -0.0603719987 -0.139762998 0.139927 -0.0612009987 -0.126227006 0.146928996 -0.0817850009 -0.138616994 0.135260999 -0.0612009987 -0.126227006 0.146928996 -0.0846420005 -0.125793993 0.141292006 -0.0491929986 -0.056024 -0.093268998 -0.055319 -0.0402080007 -0.0970470011 -0.0468950011 -0.0384449996 -0.120012999 -0.0491929986 -0.056024 -0.093268998 -0.0468950011 -0.0384449996 -0.120012999 -0.0346979983 -0.0535500012 -0.120104 -0.125453994 -0.0310689993 0.155162007 -0.0950839967 -0.0285810009 0.163995996 -0.0975319967 -0.0113000004 0.163555995 -0.125453994 -0.0310689993 0.155162007 -0.0975319967 -0.0113000004 0.163555995 -0.128180996 -0.0133579997 0.156588003 -0.000628000009 0 0.149253994 -0.000246999989 -0.0153219998 0.148874 0.0145119997 -0.013603 0.136609003 -0.000628000009 0 0.149253994 0.0145119997 -0.013603 0.136609003 0.0143689997 0 0.136663005 0.027617 -0.025037 0.118217997 0.0282589998 -0.0115790004 0.118107997 0.0145119997 -0.013603 0.136609003 0.027617 -0.025037 0.118217997 0.0145119997 -0.013603 0.136609003 0.0141200004 -0.0275069997 0.136282995 0.027617 -0.025037 0.118217997 0.0141200004 -0.0275069997 0.136282995 0.0267389994 -0.039469 0.117957003 0.0285710003 0 0.117951997 0.0282589998 -0.0115790004 0.118107997 0.0377090015 -0.0107580004 0.100028999 0.0267389994 -0.039469 0.117957003 0.0141200004 -0.0275069997 0.136282995 0.0124770002 -0.0418890007 0.136603996 0.0285710003 0 0.117951997 0.0377090015 -0.0107580004 0.100028999 0.0379370004 0 0.099555999 0.0282589998 -0.0115790004 0.118107997 0.027617 -0.025037 0.118217997 0.0370460004 -0.0231049992 0.100056 0.0282589998 -0.0115790004 0.118107997 0.0370460004 -0.0231049992 0.100056 0.0377090015 -0.0107580004 0.100028999 0.027617 -0.025037 0.118217997 0.0267389994 -0.039469 0.117957003 0.0366020016 -0.0284299999 0.0999779999 -0.0950839967 -0.0285810009 0.163995996 -0.0942249969 -0.0451809987 0.162983 -0.0607279986 -0.0453649983 0.167154998 0.027617 -0.025037 0.118217997 0.0366020016 -0.0284299999 0.0999779999 0.0370460004 -0.0231049992 0.100056 -0.000246999989 -0.0153219998 0.148874 -0.00174099999 -0.0295299999 0.149011001 0.0141200004 -0.0275069997 0.136282995 0.0124770002 -0.0418890007 0.136603996 0.0112610003 -0.0498390011 0.136461005 0.0267389994 -0.039469 0.117957003 -0.000246999989 -0.0153219998 0.148874 -0.000628000009 0 0.149253994 -0.00837500021 0 0.153832003 -0.000246999989 -0.0153219998 0.148874 0.0141200004 -0.0275069997 0.136282995 0.0145119997 -0.013603 0.136609003 -0.000246999989 -0.0153219998 0.148874 -0.00837500021 0 0.153832003 -0.0118540004 -0.0165340006 0.155462995 -0.00174099999 -0.0295299999 0.149011001 -0.00297200005 -0.0447040014 0.148565993 0.0124770002 -0.0418890007 0.136603996 -0.138051003 -0.00848199986 0.0921169966 -0.139505997 -0.0119019998 0.118326999 -0.139730006 0 0.117637001 -0.00174099999 -0.0295299999 0.149011001 0.0124770002 -0.0418890007 0.136603996 0.0141200004 -0.0275069997 0.136282995 -0.138051003 -0.00848199986 0.0921169966 -0.139730006 0 0.117637001 -0.137771994 0 0.091516003 -0.136221007 -0.03046 0.134365007 -0.138653994 -0.0260569993 0.119583003 -0.137413993 -0.0343879983 0.120127 -0.139505997 -0.0119019998 0.118326999 -0.138519004 -0.01315 0.133537993 -0.139120996 0 0.133649006 -0.136221007 -0.03046 0.134365007 -0.137413993 -0.0343879983 0.120127 -0.134018004 -0.0401629992 0.135002002 -0.139505997 -0.0119019998 0.118326999 -0.139120996 0 0.133649006 -0.139730006 0 0.117637001 -0.127825007 -0.0446420014 0.147815004 -0.124902003 -0.0450900011 0.151942998 -0.129552007 -0.0320460014 0.152596995 -0.127825007 -0.0446420014 0.147815004 -0.129552007 -0.0320460014 0.152596995 -0.132264003 -0.0324489996 0.148001 -0.133498996 -0.0139469998 0.154003993 -0.129552007 -0.0320460014 0.152596995 -0.125453994 -0.0310689993 0.155162007 -0.133498996 -0.0139469998 0.154003993 -0.125453994 -0.0310689993 0.155162007 -0.128180996 -0.0133579997 0.156588003 -0.136851996 -0.0140490001 0.147809997 -0.138519004 -0.01315 0.133537993 -0.136221007 -0.03046 0.134365007 -0.136851996 -0.0140490001 0.147809997 -0.136221007 -0.03046 0.134365007 -0.132264003 -0.0324489996 0.148001 -0.128180996 -0.0133579997 0.156588003 -0.0975319967 -0.0113000004 0.163555995 -0.0956860036 0 0.164413005 -0.128180996 -0.0133579997 0.156588003 -0.0956860036 0 0.164413005 -0.127382994 0 0.157005996 -0.138051003 -0.00848199986 0.0921169966 -0.137975007 -0.0160460006 0.0925640017 -0.139505997 -0.0119019998 0.118326999 -0.138519004 -0.01315 0.133537993 -0.139505997 -0.0119019998 0.118326999 -0.138653994 -0.0260569993 0.119583003 -0.138519004 -0.01315 0.133537993 -0.138653994 -0.0260569993 0.119583003 -0.136221007 -0.03046 0.134365007 -0.124902003 -0.0450900011 0.151942998 -0.121454 -0.0447169989 0.154107004 -0.125453994 -0.0310689993 0.155162007 -0.124902003 -0.0450900011 0.151942998 -0.125453994 -0.0310689993 0.155162007 -0.129552007 -0.0320460014 0.152596995 -0.121454 -0.0447169989 0.154107004 -0.0942249969 -0.0451809987 0.162983 -0.0950839967 -0.0285810009 0.163995996 -0.121454 -0.0447169989 0.154107004 -0.0950839967 -0.0285810009 0.163995996 -0.125453994 -0.0310689993 0.155162007 -0.134018004 -0.0401629992 0.135002002 -0.127825007 -0.0446420014 0.147815004 -0.132264003 -0.0324489996 0.148001 -0.134018004 -0.0401629992 0.135002002 -0.132264003 -0.0324489996 0.148001 -0.136221007 -0.03046 0.134365007 -0.124902003 -0.0450900011 0.151942998 -0.127825007 -0.0446420014 0.147815004 -0.119878002 -0.057542 0.147342995 -0.124902003 -0.0450900011 0.151942998 -0.119878002 -0.057542 0.147342995 -0.120295003 -0.0547409989 0.150361001 -0.00850600004 -0.125425994 0.120076001 -0.0136160003 -0.137015998 0.116467997 -0.00582800014 -0.133650005 0.101221003 -0.00850600004 -0.125425994 0.120076001 -0.00582800014 -0.133650005 0.101221003 0.00152299996 -0.123666003 0.104649 -0.110349998 -0.134437993 0.105163001 -0.102688998 -0.136610001 0.116838999 -0.107694 -0.125297993 0.120142996 -0.110349998 -0.134437993 0.105163001 -0.107694 -0.125297993 0.120142996 -0.116342999 -0.124589004 0.107928999 -0.0452359989 -0.0372910015 -0.122394003 -0.0330130011 -0.051256001 -0.122706003 -0.0346979983 -0.0535500012 -0.120104 -0.0452359989 -0.0372910015 -0.122394003 -0.0346979983 -0.0535500012 -0.120104 -0.0468950011 -0.0384449996 -0.120012999 -0.0394559987 -0.130316004 0.0541630015 -0.0618299991 -0.128658995 0.050423 -0.0619839989 -0.127790004 0.0474460013 -0.045256 -0.148677006 0.128858998 -0.0378759988 -0.148871005 0.125128001 -0.0364070013 -0.14937 0.127211004 -0.0394559987 -0.130316004 0.0541630015 -0.0619839989 -0.127790004 0.0474460013 -0.038093999 -0.129558995 0.0514400005 -0.045256 -0.148677006 0.128858998 -0.0364070013 -0.14937 0.127211004 -0.0442869999 -0.149164006 0.131193995 -0.0224849992 -0.135659993 0.0685779974 -0.0394559987 -0.130316004 0.0541630015 -0.038093999 -0.129558995 0.0514400005 -0.0224849992 -0.135659993 0.0685779974 -0.038093999 -0.129558995 0.0514400005 -0.0199740008 -0.135264993 0.0668310001 -0.0935970023 -0.146947995 0.111194998 -0.0892430022 -0.148059994 0.117981002 -0.0912529975 -0.148505002 0.119580001 -0.0935970023 -0.146947995 0.111194998 -0.0912529975 -0.148505002 0.119580001 -0.0959020033 -0.147317007 0.112333998 -0.0233219992 -0.133090004 0.069167003 -0.0173310004 -0.137397006 0.0833700001 -0.0595480017 -0.136461005 0.0943799987 -0.0231389999 -0.143727005 0.110767998 -0.0317669995 -0.145338997 0.119635001 -0.0595480017 -0.136461005 0.0943799987 -0.0173310004 -0.137397006 0.0833700001 -0.0165899992 -0.140073001 0.0976400003 -0.0595480017 -0.136461005 0.0943799987 -0.0317669995 -0.145338997 0.119635001 -0.0383820012 -0.145969003 0.124298997 -0.0595480017 -0.136461005 0.0943799987 -0.0399109982 -0.127857 0.0550779998 -0.0233219992 -0.133090004 0.069167003 -0.0595480017 -0.136461005 0.0943799987 -0.100737996 -0.138813004 0.0880419984 -0.0988920033 -0.142005995 0.100745998 -0.0998490006 -0.144832 0.101053998 -0.0165899992 -0.140073001 0.0976400003 -0.0231389999 -0.143727005 0.110767998 -0.0595480017 -0.136461005 0.0943799987 -0.100737996 -0.138813004 0.0880419984 -0.0998490006 -0.144832 0.101053998 -0.101747997 -0.141545996 0.0879869983 -0.052747 0.113796003 0.0189759992 -0.031498 0.115238003 0.0221769996 -0.0296790004 0.112131998 0.00897799991 -0.052747 0.113796003 0.0189759992 -0.0296790004 0.112131998 0.00897799991 -0.0496799983 0.111005001 0.00770699978 -0.00208200002 0.113237001 0.0199449994 -0.0154360002 0.112063996 0.0120620001 -0.0152230002 0.115004003 0.0241240002 -0.00208200002 0.113237001 0.0199449994 -0.0152230002 0.115004003 0.0241240002 -0.00252200011 0.114488997 0.0254720002 -0.0280719995 0.0965130031 -0.0438969992 -0.039673999 0.0911799967 -0.053989999 -0.0493879989 0.100017004 -0.0281489994 -0.0280719995 0.0965130031 -0.0438969992 -0.0493879989 0.100017004 -0.0281489994 -0.0360619985 0.103500001 -0.0221149996 -0.0112549998 0.106927 -0.0104280002 6.60000005e-05 0.106972001 -0.00488900021 0.00233400008 0.103509001 -0.0172959995 -0.0496799983 0.111005001 0.00770699978 -0.0296790004 0.112131998 0.00897799991 -0.0226540007 0.105608001 -0.0156369992 -0.0112549998 0.106927 -0.0104280002 0.00233400008 0.103509001 -0.0172959995 -0.00697899982 0.102233998 -0.0253599994 -0.0496799983 0.111005001 0.00770699978 -0.0226540007 0.105608001 -0.0156369992 -0.0360619985 0.103500001 -0.0221149996 6.60000005e-05 0.106972001 -0.00488900021 -0.0112549998 0.106927 -0.0104280002 -0.0154360002 0.112063996 0.0120620001 -0.0257120002 0.0913840011 -0.0574779995 -0.0381530002 0.083653003 -0.0696059987 -0.039673999 0.0911799967 -0.053989999 6.60000005e-05 0.106972001 -0.00488900021 -0.0154360002 0.112063996 0.0120620001 -0.00208200002 0.113237001 0.0199449994 -0.0257120002 0.0913840011 -0.0574779995 -0.039673999 0.0911799967 -0.053989999 -0.0280719995 0.0965130031 -0.0438969992 0.00728299981 0.096950002 -0.0364650004 -0.00239400007 0.0960239992 -0.0429209992 -0.00697899982 0.102233998 -0.0253599994 0.00728299981 0.096950002 -0.0364650004 -0.00697899982 0.102233998 -0.0253599994 0.00233400008 0.103509001 -0.0172959995 -0.0250879992 0.0870060027 -0.0689819977 -0.0117100002 0.0884390026 -0.0674090013 -0.0105339997 0.0824619979 -0.0824699998 -0.0250879992 0.0870060027 -0.0689819977 -0.0105339997 0.0824619979 -0.0824699998 -0.0265870001 0.0796179995 -0.0845939964 -0.00812599994 0.0753279999 -0.099312 -0.0301360004 0.0704969987 -0.0993300006 -0.0265870001 0.0796179995 -0.0845939964 -0.00812599994 0.0753279999 -0.099312 -0.0265870001 0.0796179995 -0.0845939964 -0.0105339997 0.0824619979 -0.0824699998 0.00845499989 0.081592001 -0.0795589983 0.00339700002 0.0881839991 -0.0650940016 0.0181019995 0.0857509971 -0.0619140007 0.00845499989 0.081592001 -0.0795589983 0.0163630005 0.0733010024 -0.0941969976 -0.00812599994 0.0753279999 -0.099312 0.00845499989 0.081592001 -0.0795589983 0.0181019995 0.0857509971 -0.0619140007 0.0264040008 0.0770239979 -0.0747930035 0.00845499989 0.081592001 -0.0795589983 -0.00812599994 0.0753279999 -0.099312 -0.0105339997 0.0824619979 -0.0824699998 0.0381329991 0.0641990006 -0.0858390033 0.045545999 0.0541060008 -0.0915440023 0.0283300001 0.0555550009 -0.123461001 -0.0203809999 0.0623349994 -0.120132998 -0.0301360004 0.0704969987 -0.0993300006 -0.00812599994 0.0753279999 -0.099312 0.0381329991 0.0641990006 -0.0858390033 0.0283300001 0.0555550009 -0.123461001 0.0163630005 0.0733010024 -0.0941969976 -0.0203809999 0.0623349994 -0.120132998 -0.00812599994 0.0753279999 -0.099312 -0.00319599989 0.0653679967 -0.120658003 0.0529179983 0.0389560014 -0.0952439979 0.0602889992 0.0238070004 -0.0989430025 0.0524809994 0.0270879995 -0.126374006 0.0529179983 0.0389560014 -0.0952439979 0.0524809994 0.0270879995 -0.126374006 0.0433509983 0.0426080003 -0.125081003 0.0572529994 0 -0.127553001 0.0551799983 0.0134810004 -0.126346007 0.0619370006 0.0121189998 -0.100094996 0.0572529994 0 -0.127553001 0.0619370006 0.0121189998 -0.100094996 0.0635859966 0 -0.101246998 -0.0551000014 0 -0.119413003 -0.0606650002 0 -0.0996299982 -0.0595780015 0.0205659997 -0.0987690017 -0.0551000014 0 -0.119413003 -0.0595780015 0.0205659997 -0.0987690017 -0.0532490015 0.0202970002 -0.119893998 -0.055319 0.0402089991 -0.0970470011 -0.0468950011 0.0384449996 -0.120012999 -0.0532490015 0.0202970002 -0.119893998 -0.055319 0.0402089991 -0.0970470011 -0.0532490015 0.0202970002 -0.119893998 -0.0595780015 0.0205659997 -0.0987690017 -0.0764190033 0.128701001 0.0511929989 -0.0619839989 0.127791002 0.0474460013 -0.0573530011 0.120430999 0.0333889984 -0.0764190033 0.128701001 0.0511929989 -0.0573530011 0.120430999 0.0333889984 -0.0767849982 0.122718997 0.0401059985 -4.19999997e-05 0.121178001 0.0585209988 -0.0108120004 0.126297995 0.0566800013 -0.00547599979 0.132401004 0.0825750008 -4.19999997e-05 0.121178001 0.0585209988 -0.00547599979 0.132401004 0.0825750008 0.00251700007 0.123093002 0.0826539993 -0.0573530011 0.120430999 0.0333889984 -0.0354470015 0.121763997 0.0369019993 -0.031498 0.115238003 0.0221769996 -0.138519004 0.01315 0.133537993 -0.139120996 0 0.133649006 -0.137105003 0 0.147762999 -0.0573530011 0.120430999 0.0333889984 -0.031498 0.115238003 0.0221769996 -0.052747 0.113796003 0.0189759992 -0.138519004 0.01315 0.133537993 -0.137105003 0 0.147762999 -0.136851996 0.0140500003 0.147809997 -0.136851996 0.0140500003 0.147809997 -0.133498996 0.013948 0.154003993 -0.129552007 0.0320460014 0.152596995 -0.136851996 0.0140500003 0.147809997 -0.129552007 0.0320460014 0.152596995 -0.132264003 0.0324489996 0.148001 0.0282589998 0.0115799997 0.118107997 0.0145119997 0.013603 0.136609003 0.0143689997 0 0.136663005 0.0282589998 0.0115799997 0.118107997 0.0143689997 0 0.136663005 0.0285710003 0 0.117951997 -0.00547599979 0.132401004 0.0825750008 -0.00582800014 0.133650005 0.101221003 0.00152299996 0.123667002 0.104649 -0.00547599979 0.132401004 0.0825750008 0.00152299996 0.123667002 0.104649 0.00251700007 0.123093002 0.0826539993 -0.0969960019 0.137585998 0.124868996 -0.101681001 0.125727996 0.129048005 -0.0846420005 0.125795007 0.141292006 -0.0969960019 0.137585998 0.124868996 -0.0846420005 0.125795007 0.141292006 -0.0817850009 0.138618007 0.135260999 -0.102688998 0.136611 0.116838999 -0.107694 0.125299007 0.120142996 -0.101681001 0.125727996 0.129048005 -0.102688998 0.136611 0.116838999 -0.101681001 0.125727996 0.129048005 -0.0969960019 0.137585998 0.124868996 -0.108358003 0.129048005 0.0666790009 -0.100863002 0.135936007 0.0699229985 -0.0867260024 0.131264001 0.0557279997 -0.108358003 0.129048005 0.0666790009 -0.0867260024 0.131264001 0.0557279997 -0.0941160023 0.125704005 0.050032001 0.0850429982 0.0505830012 0.0433439985 0.0672670007 0.0513320006 0.0356590003 0.0569639988 0.0509489998 0.0302700009 -0.112576999 0.133215994 0.087687999 -0.104606003 0.141551003 0.0875540003 -0.100863002 0.135936007 0.0699229985 -0.112576999 0.133215994 0.087687999 -0.100863002 0.135936007 0.0699229985 -0.108358003 0.129048005 0.0666790009 -0.038093999 0.129559994 0.0514400005 -0.0108120004 0.126297995 0.0566800013 -0.0134709999 0.120049998 0.0407890007 -0.038093999 0.129559994 0.0514400005 -0.0134709999 0.120049998 0.0407890007 -0.0354470015 0.121763997 0.0369019993 -0.112576999 0.133215994 0.087687999 -0.119074002 0.123692997 0.0879480019 -0.116342999 0.124590002 0.107928999 -0.112576999 0.133215994 0.087687999 -0.116342999 0.124590002 0.107928999 -0.110349998 0.134439006 0.105163001 -0.0674239993 0.110630997 0.00862099975 -0.0738359988 0.112508997 0.0165229999 -0.052747 0.113796003 0.0189759992 -0.0674239993 0.110630997 0.00862099975 -0.052747 0.113796003 0.0189759992 -0.0496799983 0.111005001 0.00770699978 -0.0360619985 0.103500001 -0.0221149996 -0.0226540007 0.105608001 -0.0156369992 -0.0163550004 0.100345001 -0.0332360007 -0.0360619985 0.103500001 -0.0221149996 -0.0163550004 0.100345001 -0.0332360007 -0.0280719995 0.0965130031 -0.0438969992 -0.0493879989 0.100017004 -0.0281489994 -0.0606239997 0.107219003 -0.00196200004 -0.0496799983 0.111005001 0.00770699978 -0.0257120002 0.0913840011 -0.0574779995 -0.01346 0.0944729969 -0.0499580018 -0.0117100002 0.0884390026 -0.0674090013 -0.0493879989 0.100017004 -0.0281489994 -0.0496799983 0.111005001 0.00770699978 -0.0360619985 0.103500001 -0.0221149996 -0.0265870001 0.0796179995 -0.0845939964 -0.0412390009 0.0725189969 -0.0838679969 -0.0381530002 0.083653003 -0.0696059987 -0.0257120002 0.0913840011 -0.0574779995 -0.0117100002 0.0884390026 -0.0674090013 -0.0250879992 0.0870060027 -0.0689819977 -0.0265870001 0.0796179995 -0.0845939964 -0.0381530002 0.083653003 -0.0696059987 -0.0250879992 0.0870060027 -0.0689819977 -0.0301360004 0.0704969987 -0.0993300006 -0.0491929986 0.0560249984 -0.093268998 -0.0412390009 0.0725189969 -0.0838679969 -0.0346979983 0.0535509996 -0.120104 -0.0491929986 0.0560249984 -0.093268998 -0.0301360004 0.0704969987 -0.0993300006 -0.0301360004 0.0704969987 -0.0993300006 -0.0412390009 0.0725189969 -0.0838679969 -0.0265870001 0.0796179995 -0.0845939964 -0.0346979983 0.0535509996 -0.120104 -0.0301360004 0.0704969987 -0.0993300006 -0.0203809999 0.0623349994 -0.120132998 -0.0496799983 0.111005001 0.00770699978 -0.0606239997 0.107219003 -0.00196200004 -0.0674239993 0.110630997 0.00862099975 -0.0154360002 0.112063996 0.0120620001 -0.0296790004 0.112131998 0.00897799991 -0.031498 0.115238003 0.0221769996 -0.00697899982 0.102233998 -0.0253599994 -0.0163550004 0.100345001 -0.0332360007 -0.0226540007 0.105608001 -0.0156369992 -0.0154360002 0.112063996 0.0120620001 -0.031498 0.115238003 0.0221769996 -0.0152230002 0.115004003 0.0241240002 -0.00697899982 0.102233998 -0.0253599994 -0.0226540007 0.105608001 -0.0156369992 -0.0112549998 0.106927 -0.0104280002 -0.0112549998 0.106927 -0.0104280002 -0.0226540007 0.105608001 -0.0156369992 -0.0296790004 0.112131998 0.00897799991 -0.0112549998 0.106927 -0.0104280002 -0.0296790004 0.112131998 0.00897799991 -0.0154360002 0.112063996 0.0120620001 -0.00239400007 0.0960239992 -0.0429209992 -0.01346 0.0944729969 -0.0499580018 -0.0163550004 0.100345001 -0.0332360007 -0.0105339997 0.0824619979 -0.0824699998 -0.0117100002 0.0884390026 -0.0674090013 0.00339700002 0.0881839991 -0.0650940016 -0.00239400007 0.0960239992 -0.0429209992 -0.0163550004 0.100345001 -0.0332360007 -0.00697899982 0.102233998 -0.0253599994 0.0264040008 0.0770239979 -0.0747930035 0.0381329991 0.0641990006 -0.0858390033 0.0163630005 0.0733010024 -0.0941969976 -0.0105339997 0.0824619979 -0.0824699998 0.00339700002 0.0881839991 -0.0650940016 0.00845499989 0.081592001 -0.0795589983 -0.0325729996 0.138778001 0.133711994 -0.0364070013 0.149370998 0.127211004 -0.0442869999 0.149164006 0.131193995 0.0264040008 0.0770239979 -0.0747930035 0.0163630005 0.0733010024 -0.0941969976 0.00845499989 0.081592001 -0.0795589983 -0.0817850009 0.138618007 0.135260999 -0.0787839964 0.149115995 0.128794998 -0.0912529975 0.148506001 0.119580001 -0.0325729996 0.138778001 0.133711994 -0.0442869999 0.149164006 0.131193995 -0.0423979983 0.138558 0.138150007 -0.0817850009 0.138618007 0.135260999 -0.0912529975 0.148506001 0.119580001 -0.0969960019 0.137585998 0.124868996 -0.102688998 0.136611 0.116838999 -0.0959020033 0.147318006 0.112333998 -0.102577999 0.145059004 0.101506002 -0.102688998 0.136611 0.116838999 -0.102577999 0.145059004 0.101506002 -0.110349998 0.134439006 0.105163001 -0.0941160023 0.125704005 0.050032001 -0.100257002 0.119259998 0.0446139984 -0.115356997 0.121683002 0.0637649968 -0.108358003 0.129048005 0.0666790009 -0.0941160023 0.125704005 0.050032001 -0.115356997 0.121683002 0.0637649968 -0.108358003 0.129048005 0.0666790009 -0.115356997 0.121683002 0.0637649968 -0.119074002 0.123692997 0.0879480019 -0.108358003 0.129048005 0.0666790009 -0.119074002 0.123692997 0.0879480019 -0.112576999 0.133215994 0.087687999 -0.0134709999 0.120049998 0.0407890007 -4.19999997e-05 0.121178001 0.0585209988 -0.00252200011 0.114488997 0.0254720002 -0.110349998 0.134439006 0.105163001 -0.102577999 0.145059004 0.101506002 -0.104606003 0.141551003 0.0875540003 -0.0134709999 0.120049998 0.0407890007 -0.00252200011 0.114488997 0.0254720002 -0.0152230002 0.115004003 0.0241240002 -0.110349998 0.134439006 0.105163001 -0.104606003 0.141551003 0.0875540003 -0.112576999 0.133215994 0.087687999 0.0163630005 0.0733010024 -0.0941969976 0.0283300001 0.0555550009 -0.123461001 0.0135960001 0.0626790002 -0.121913999 -0.0199740008 0.135266006 0.0668310001 -0.0108120004 0.126297995 0.0566800013 -0.038093999 0.129559994 0.0514400005 -0.00319599989 0.0653679967 -0.120658003 -0.00812599994 0.0753279999 -0.099312 0.0163630005 0.0733010024 -0.0941969976 -0.00319599989 0.0653679967 -0.120658003 0.0163630005 0.0733010024 -0.0941969976 0.0135960001 0.0626790002 -0.121913999 0.00728299981 0.096950002 -0.0364650004 0.0181019995 0.0857509971 -0.0619140007 0.00339700002 0.0881839991 -0.0650940016 -0.0280719995 0.0965130031 -0.0438969992 -0.0163550004 0.100345001 -0.0332360007 -0.01346 0.0944729969 -0.0499580018 0.00728299981 0.096950002 -0.0364650004 0.00339700002 0.0881839991 -0.0650940016 -0.00239400007 0.0960239992 -0.0429209992 -0.0280719995 0.0965130031 -0.0438969992 -0.01346 0.0944729969 -0.0499580018 -0.0257120002 0.0913840011 -0.0574779995 0.00339700002 0.0881839991 -0.0650940016 -0.0117100002 0.0884390026 -0.0674090013 -0.01346 0.0944729969 -0.0499580018 0.00339700002 0.0881839991 -0.0650940016 -0.01346 0.0944729969 -0.0499580018 -0.00239400007 0.0960239992 -0.0429209992 -0.0381530002 0.083653003 -0.0696059987 -0.0257120002 0.0913840011 -0.0574779995 -0.0250879992 0.0870060027 -0.0689819977 -0.0619839989 0.127791002 0.0474460013 -0.038093999 0.129559994 0.0514400005 -0.0354470015 0.121763997 0.0369019993 -0.0619839989 0.127791002 0.0474460013 -0.0354470015 0.121763997 0.0369019993 -0.0573530011 0.120430999 0.0333889984 -0.0354470015 0.121763997 0.0369019993 -0.0134709999 0.120049998 0.0407890007 -0.0152230002 0.115004003 0.0241240002 -0.0354470015 0.121763997 0.0369019993 -0.0152230002 0.115004003 0.0241240002 -0.031498 0.115238003 0.0221769996 -4.19999997e-05 0.121178001 0.0585209988 -0.0134709999 0.120049998 0.0407890007 -0.0108120004 0.126297995 0.0566800013 -0.0767849982 0.122718997 0.0401059985 -0.0738359988 0.112508997 0.0165229999 -0.100257002 0.119259998 0.0446139984 -0.0767849982 0.122718997 0.0401059985 -0.100257002 0.119259998 0.0446139984 -0.0941160023 0.125704005 0.050032001 -0.0941160023 0.125704005 0.050032001 -0.0867260024 0.131264001 0.0557279997 -0.0764190033 0.128701001 0.0511929989 -0.0941160023 0.125704005 0.050032001 -0.0764190033 0.128701001 0.0511929989 -0.0767849982 0.122718997 0.0401059985 -0.0573530011 0.120430999 0.0333889984 -0.052747 0.113796003 0.0189759992 -0.0738359988 0.112508997 0.0165229999 -0.0573530011 0.120430999 0.0333889984 -0.0738359988 0.112508997 0.0165229999 -0.0767849982 0.122718997 0.0401059985 0.0433509983 0.0426080003 -0.125081003 0.0283300001 0.0555550009 -0.123461001 0.045545999 0.0541060008 -0.0915440023 0.0433509983 0.0426080003 -0.125081003 0.045545999 0.0541060008 -0.0915440023 0.0529179983 0.0389560014 -0.0952439979 0.0551799983 0.0134810004 -0.126346007 0.0524809994 0.0270879995 -0.126374006 0.0602889992 0.0238070004 -0.0989430025 0.0551799983 0.0134810004 -0.126346007 0.0602889992 0.0238070004 -0.0989430025 0.0619370006 0.0121189998 -0.100094996 -0.0817850009 0.138618007 0.135260999 -0.0846420005 0.125795007 0.141292006 -0.0612009987 0.126228005 0.146928996 -0.0817850009 0.138618007 0.135260999 -0.0612009987 0.126228005 0.146928996 -0.0603719987 0.139763996 0.139927 -0.0491929986 0.0560249984 -0.093268998 -0.0346979983 0.0535509996 -0.120104 -0.0468950011 0.0384449996 -0.120012999 -0.0491929986 0.0560249984 -0.093268998 -0.0468950011 0.0384449996 -0.120012999 -0.055319 0.0402089991 -0.0970470011 -0.125453994 0.0310699996 0.155162007 -0.128180996 0.0133579997 0.156588003 -0.0975319967 0.0113009997 0.163555995 -0.125453994 0.0310699996 0.155162007 -0.0975319967 0.0113009997 0.163555995 -0.0950839967 0.0285819992 0.163995996 -0.000628000009 0 0.149253994 0.0143689997 0 0.136663005 0.0145119997 0.013603 0.136609003 -0.000628000009 0 0.149253994 0.0145119997 0.013603 0.136609003 -0.000246999989 0.0153219998 0.148874 0.027617 0.0250380002 0.118217997 0.0141200004 0.0275079999 0.136282995 0.0145119997 0.013603 0.136609003 0.027617 0.0250380002 0.118217997 0.0145119997 0.013603 0.136609003 0.0282589998 0.0115799997 0.118107997 0.0379370004 0 0.099555999 0.042808 0 0.0884319991 0.0427299999 0.00962899998 0.0890560001 0.0379370004 0 0.099555999 0.0427299999 0.00962899998 0.0890560001 0.0377090015 0.0107580004 0.100028999 0.0285710003 0 0.117951997 0.0379370004 0 0.099555999 0.0377090015 0.0107580004 0.100028999 0.0285710003 0 0.117951997 0.0377090015 0.0107580004 0.100028999 0.0282589998 0.0115799997 0.118107997 0.0282589998 0.0115799997 0.118107997 0.0377090015 0.0107580004 0.100028999 0.0370460004 0.0231059995 0.100056 0.0282589998 0.0115799997 0.118107997 0.0370460004 0.0231059995 0.100056 0.027617 0.0250380002 0.118217997 -0.0950839967 0.0285819992 0.163995996 -0.0607279986 0.0453649983 0.167154998 -0.0942249969 0.0451820008 0.162983 -0.000246999989 0.0153219998 0.148874 0.0145119997 0.013603 0.136609003 0.0141200004 0.0275079999 0.136282995 0.0141200004 0.0275079999 0.136282995 0.0124770002 0.0418899991 0.136603996 -0.00174099999 0.0295299999 0.149011001 0.0141200004 0.0275079999 0.136282995 -0.00174099999 0.0295299999 0.149011001 -0.000246999989 0.0153219998 0.148874 -0.138051003 0.00848199986 0.0921169966 -0.137771994 0 0.091516003 -0.139730006 0 0.117637001 -0.00174099999 0.0295299999 0.149011001 0.0124770002 0.0418899991 0.136603996 -0.00297200005 0.0447049998 0.148565993 -0.138051003 0.00848199986 0.0921169966 -0.139730006 0 0.117637001 -0.139505997 0.0119030001 0.118326999 -0.136221007 0.0304610003 0.134365007 -0.134018004 0.0401640013 0.135002002 -0.137413993 0.0343879983 0.120127 -0.136221007 0.0304610003 0.134365007 -0.137413993 0.0343879983 0.120127 -0.138653994 0.0260579996 0.119583003 -0.136577994 0.0162029993 0.0882909968 -0.137975007 0.0160470009 0.0925640017 -0.136790007 0.0232880004 0.0934009999 -0.139505997 0.0119030001 0.118326999 -0.139730006 0 0.117637001 -0.139120996 0 0.133649006 -0.139505997 0.0119030001 0.118326999 -0.139120996 0 0.133649006 -0.138519004 0.01315 0.133537993 -0.127825007 0.0446420014 0.147815004 -0.132264003 0.0324489996 0.148001 -0.129552007 0.0320460014 0.152596995 -0.127825007 0.0446420014 0.147815004 -0.129552007 0.0320460014 0.152596995 -0.124902003 0.0450909995 0.151942998 -0.136851996 0.0140500003 0.147809997 -0.132264003 0.0324489996 0.148001 -0.136221007 0.0304610003 0.134365007 -0.136851996 0.0140500003 0.147809997 -0.136221007 0.0304610003 0.134365007 -0.138519004 0.01315 0.133537993 -0.136851996 0.0140500003 0.147809997 -0.137105003 0 0.147762999 -0.134758994 0 0.153600007 -0.136851996 0.0140500003 0.147809997 -0.134758994 0 0.153600007 -0.133498996 0.013948 0.154003993 -0.0975319967 0.0113009997 0.163555995 -0.0956860036 0 0.164413005 -0.0733919963 0 0.168910995 -0.128180996 0.0133579997 0.156588003 -0.127382994 0 0.157005996 -0.0956860036 0 0.164413005 -0.0975319967 0.0113009997 0.163555995 -0.0733919963 0 0.168910995 -0.0713040009 0.0107359998 0.169018999 -0.138051003 0.00848199986 0.0921169966 -0.139505997 0.0119030001 0.118326999 -0.137975007 0.0160470009 0.0925640017 -0.128180996 0.0133579997 0.156588003 -0.0956860036 0 0.164413005 -0.0975319967 0.0113009997 0.163555995 -0.138051003 0.00848199986 0.0921169966 -0.137975007 0.0160470009 0.0925640017 -0.136577994 0.0162029993 0.0882909968 -0.138051003 0.00848199986 0.0921169966 -0.136577994 0.0162029993 0.0882909968 -0.136329994 0.00884300005 0.0860209987 -0.138519004 0.01315 0.133537993 -0.136221007 0.0304610003 0.134365007 -0.138653994 0.0260579996 0.119583003 -0.138519004 0.01315 0.133537993 -0.138653994 0.0260579996 0.119583003 -0.139505997 0.0119030001 0.118326999 -0.124902003 0.0450909995 0.151942998 -0.129552007 0.0320460014 0.152596995 -0.125453994 0.0310699996 0.155162007 -0.124902003 0.0450909995 0.151942998 -0.125453994 0.0310699996 0.155162007 -0.121454 0.044718001 0.154107004 -0.121454 0.044718001 0.154107004 -0.125453994 0.0310699996 0.155162007 -0.0950839967 0.0285819992 0.163995996 -0.134018004 0.0401640013 0.135002002 -0.136221007 0.0304610003 0.134365007 -0.132264003 0.0324489996 0.148001 -0.121454 0.044718001 0.154107004 -0.0950839967 0.0285819992 0.163995996 -0.0942249969 0.0451820008 0.162983 -0.134018004 0.0401640013 0.135002002 -0.132264003 0.0324489996 0.148001 -0.127825007 0.0446420014 0.147815004 -0.124902003 0.0450909995 0.151942998 -0.120295003 0.0547409989 0.150361001 -0.119878002 0.0575429983 0.147342995 -0.124902003 0.0450909995 0.151942998 -0.119878002 0.0575429983 0.147342995 -0.127825007 0.0446420014 0.147815004 -0.0325729996 0.138778001 0.133711994 -0.0236029997 0.138000995 0.127801999 -0.0291889999 0.148688003 0.12212 -0.0325729996 0.138778001 0.133711994 -0.0291889999 0.148688003 0.12212 -0.0364070013 0.149370998 0.127211004 -0.00850600004 0.125426993 0.120076001 0.00152299996 0.123667002 0.104649 -0.00582800014 0.133650005 0.101221003 -0.00850600004 0.125426993 0.120076001 -0.00582800014 0.133650005 0.101221003 -0.0136160003 0.137015998 0.116467997 -0.110349998 0.134439006 0.105163001 -0.116342999 0.124590002 0.107928999 -0.107694 0.125299007 0.120142996 -0.110349998 0.134439006 0.105163001 -0.107694 0.125299007 0.120142996 -0.102688998 0.136611 0.116838999 -0.0969960019 0.137585998 0.124868996 -0.0912529975 0.148506001 0.119580001 -0.0959020033 0.147318006 0.112333998 -0.138653994 0.0260579996 0.119583003 -0.136790007 0.0232880004 0.0934009999 -0.137975007 0.0160470009 0.0925640017 -0.0969960019 0.137585998 0.124868996 -0.0959020033 0.147318006 0.112333998 -0.102688998 0.136611 0.116838999 -0.138653994 0.0260579996 0.119583003 -0.137975007 0.0160470009 0.0925640017 -0.139505997 0.0119030001 0.118326999 0.0265100002 0.0538699999 -0.125682995 0.0283300001 0.0555550009 -0.123461001 0.0433509983 0.0426080003 -0.125081003 0.0265100002 0.0538699999 -0.125682995 0.0433509983 0.0426080003 -0.125081003 0.0410160013 0.0419659987 -0.127396002 0.0507030003 0.0266050007 -0.128712997 0.0524809994 0.0270879995 -0.126374006 0.0551799983 0.0134810004 -0.126346007 0.0507030003 0.0266050007 -0.128712997 0.0551799983 0.0134810004 -0.126346007 0.0541709997 0.013367 -0.129637003 0.0128549999 0.0606339984 -0.124070004 0.0135960001 0.0626790002 -0.121913999 0.0283300001 0.0555550009 -0.123461001 0.0128549999 0.0606339984 -0.124070004 0.0283300001 0.0555550009 -0.123461001 0.0265100002 0.0538699999 -0.125682995 0.0410160013 0.0419659987 -0.127396002 0.0433509983 0.0426080003 -0.125081003 0.0524809994 0.0270879995 -0.126374006 0.0410160013 0.0419659987 -0.127396002 0.0524809994 0.0270879995 -0.126374006 0.0507030003 0.0266050007 -0.128712997 -0.0214259997 0.0286320001 0.159388006 -0.0380439982 0.0340530016 0.164781004 -0.0384729989 0.0330380015 0.162513003 -0.0214259997 0.0286320001 0.159388006 -0.0384729989 0.0330380015 0.162513003 -0.0230490007 0.0280060004 0.157508001 -0.0141650001 0.0167779997 0.153864995 -0.0118540004 0.0165340006 0.155462995 -0.0214259997 0.0286320001 0.159388006 -0.0141650001 0.0167779997 0.153864995 -0.0214259997 0.0286320001 0.159388006 -0.0230490007 0.0280060004 0.157508001 -0.0233219992 0.133090004 0.069167003 -0.0595480017 0.136461005 0.0943799987 -0.0173310004 0.137398005 0.0833700001 -0.0591709986 0.146236002 0.129604995 -0.0595480017 0.136461005 0.0943799987 -0.0771500021 0.145714998 0.125716999 -0.0383820012 0.145970002 0.124298997 -0.0595480017 0.136461005 0.0943799987 -0.0455420017 0.145763993 0.127923995 -0.0771500021 0.145714998 0.125716999 -0.0595480017 0.136461005 0.0943799987 -0.0885059983 0.145172998 0.117320001 -0.0455420017 0.145763993 0.127923995 -0.0595480017 0.136461005 0.0943799987 -0.0591709986 0.146236002 0.129604995 -0.0973249972 0.133682996 0.0719610006 -0.0595480017 0.136461005 0.0943799987 -0.0844049975 0.129426003 0.0589849986 0.0686590001 -0.00126499997 0.0744289979 0.0521010011 -0.0116440002 0.065700002 0.0689740032 -0.0113810003 0.0738319978 0.071419999 0.0275400002 0.069190003 0.071419999 -0.0300709996 0.069190003 0.073458001 -0.0379280001 0.065324001 0.071419999 0.0275400002 0.069190003 0.073458001 -0.0379280001 0.065324001 0.073458001 0.0353970006 0.065324001 0.073458001 0.0353970006 0.065324001 0.073458001 -0.0379280001 0.065324001 0.0759409964 -0.0443760008 0.060614001 0.073458001 0.0353970006 0.065324001 0.0759409964 -0.0443760008 0.060614001 0.0759409964 0.0418450013 0.060614001 0.0882399976 -0.0521170013 0.0372800007 0.091312997 -0.0491669998 0.0314490013 0.091312997 0.0466360003 0.0314490013 0.0966290012 -0.0379280001 0.0213649999 0.0986659974 -0.0300709996 0.0174989998 0.0986659974 0.0275400002 0.0174989998 0.091312997 -0.0491669998 0.0314490013 0.0941459984 0.0418450013 0.0260749999 0.091312997 0.0466360003 0.0314490013 -0.120295003 -0.0547409989 0.150361001 -0.115806997 -0.0583139993 0.150794998 -0.121454 -0.0447169989 0.154107004 -0.120295003 -0.0547409989 0.150361001 -0.121454 -0.0447169989 0.154107004 -0.124902003 -0.0450900011 0.151942998 -0.136851996 -0.0140490001 0.147809997 -0.132264003 -0.0324489996 0.148001 -0.129552007 -0.0320460014 0.152596995 -0.136851996 -0.0140490001 0.147809997 -0.129552007 -0.0320460014 0.152596995 -0.133498996 -0.0139469998 0.154003993 -0.0607279986 -0.0453649983 0.167154998 -0.0575789995 -0.0293639991 0.168312997 -0.0670770034 -0.0199900009 0.169005007 -0.0607279986 -0.0453649983 0.167154998 -0.0670770034 -0.0199900009 0.169005007 -0.0950839967 -0.0285810009 0.163995996 -0.115806997 -0.0583139993 0.150794998 -0.0924500003 -0.0628639981 0.160567999 -0.0942249969 -0.0451809987 0.162983 -0.115806997 -0.0583139993 0.150794998 -0.0942249969 -0.0451809987 0.162983 -0.121454 -0.0447169989 0.154107004 -0.0380439982 -0.0340519994 0.164781004 -0.0575789995 -0.0293639991 0.168312997 -0.0607279986 -0.0453649983 0.167154998 -0.0380439982 -0.0340519994 0.164781004 -0.0607279986 -0.0453649983 0.167154998 -0.0371819995 -0.0491570011 0.163218006 -0.0371819995 -0.0491570011 0.163218006 -0.0355109982 -0.0630249977 0.161593005 -0.0189469997 -0.0602580011 0.156319007 -0.0371819995 -0.0491570011 0.163218006 -0.0189469997 -0.0602580011 0.156319007 -0.0197420008 -0.0473040007 0.157435998 -0.0118540004 -0.0165340006 0.155462995 -0.0214259997 -0.0286309998 0.159388006 -0.00174099999 -0.0295299999 0.149011001 -0.0118540004 -0.0165340006 0.155462995 -0.00174099999 -0.0295299999 0.149011001 -0.000246999989 -0.0153219998 0.148874 -0.0423979983 -0.138557002 0.138150007 -0.0409879982 -0.125905007 0.144447997 -0.0612009987 -0.126227006 0.146928996 -0.0423979983 -0.138557002 0.138150007 -0.0612009987 -0.126227006 0.146928996 -0.0603719987 -0.139762998 0.139927 -0.112576999 -0.133214995 0.087687999 -0.108358003 -0.129047006 0.0666790009 -0.100863002 -0.135934994 0.0699229985 -0.112576999 -0.133214995 0.087687999 -0.100863002 -0.135934994 0.0699229985 -0.104606003 -0.141550004 0.0875540003 -0.0108120004 -0.126297995 0.0566800013 -0.00547599979 -0.132400006 0.0825750008 -0.0134159997 -0.139971003 0.0823799968 -0.0134159997 -0.139971003 0.0823799968 -0.00547599979 -0.132400006 0.0825750008 -0.00582800014 -0.133650005 0.101221003 -0.0108120004 -0.126297995 0.0566800013 -0.0134159997 -0.139971003 0.0823799968 -0.0199740008 -0.135264993 0.0668310001 -0.0197860003 -0.146930993 0.112456001 -0.0136160003 -0.137015998 0.116467997 -0.0236029997 -0.137999997 0.127801999 -0.0134159997 -0.139971003 0.0823799968 -0.00582800014 -0.133650005 0.101221003 -0.012604 -0.14294 0.0980520025 -0.0325729996 -0.138777003 0.133711994 -0.0423979983 -0.138557002 0.138150007 -0.0442869999 -0.149164006 0.131193995 -0.0197860003 -0.146930993 0.112456001 -0.0236029997 -0.137999997 0.127801999 -0.0291889999 -0.148687005 0.12212 -0.0603719987 -0.139762998 0.139927 -0.0817850009 -0.138616994 0.135260999 -0.0787839964 -0.149115995 0.128794998 -0.0325729996 -0.138777003 0.133711994 -0.0442869999 -0.149164006 0.131193995 -0.0364070013 -0.14937 0.127211004 -0.0817850009 -0.138616994 0.135260999 -0.0969960019 -0.137585998 0.124868996 -0.0912529975 -0.148505002 0.119580001 -0.0603719987 -0.139762998 0.139927 -0.0787839964 -0.149115995 0.128794998 -0.0591909997 -0.149679005 0.133033007 -0.0817850009 -0.138616994 0.135260999 -0.0912529975 -0.148505002 0.119580001 -0.0787839964 -0.149115995 0.128794998 -0.102688998 -0.136610001 0.116838999 -0.110349998 -0.134437993 0.105163001 -0.102577999 -0.145058006 0.101506002 -0.102688998 -0.136610001 0.116838999 -0.102577999 -0.145058006 0.101506002 -0.0959020033 -0.147317007 0.112333998 -0.110349998 -0.134437993 0.105163001 -0.112576999 -0.133214995 0.087687999 -0.104606003 -0.141550004 0.0875540003 -0.110349998 -0.134437993 0.105163001 -0.104606003 -0.141550004 0.0875540003 -0.102577999 -0.145058006 0.101506002 -0.0603719987 -0.139762998 0.139927 -0.0591909997 -0.149679005 0.133033007 -0.0442869999 -0.149164006 0.131193995 -0.0603719987 -0.139762998 0.139927 -0.0442869999 -0.149164006 0.131193995 -0.0423979983 -0.138557002 0.138150007 0.0366020016 -0.0284299999 0.0999779999 0.040107999 -0.0215360001 0.0931690037 0.0370460004 -0.0231049992 0.100056 -0.0975319967 -0.0113000004 0.163555995 -0.0950839967 -0.0285810009 0.163995996 -0.0670770034 -0.0199900009 0.169005007 -0.0975319967 -0.0113000004 0.163555995 -0.0670770034 -0.0199900009 0.169005007 -0.0713040009 -0.0107349996 0.169018999 0.0379370004 0 0.099555999 0.0377090015 -0.0107580004 0.100028999 0.0427299999 -0.00962799974 0.0890560001 0.0379370004 0 0.099555999 0.0427299999 -0.00962799974 0.0890560001 0.042808 0 0.0884319991 0.0377090015 -0.0107580004 0.100028999 0.0370460004 -0.0231049992 0.100056 0.040107999 -0.0215360001 0.0931690037 0.0377090015 -0.0107580004 0.100028999 0.040107999 -0.0215360001 0.0931690037 0.0427299999 -0.00962799974 0.0890560001 -0.00174099999 -0.0295299999 0.149011001 -0.0214259997 -0.0286309998 0.159388006 -0.0197420008 -0.0473040007 0.157435998 -0.00174099999 -0.0295299999 0.149011001 -0.0197420008 -0.0473040007 0.157435998 -0.00297200005 -0.0447040014 0.148565993 -0.0355109982 -0.0630249977 0.161593005 -0.0371819995 -0.0491570011 0.163218006 -0.0607279986 -0.0453649983 0.167154998 -0.0355109982 -0.0630249977 0.161593005 -0.0607279986 -0.0453649983 0.167154998 -0.0611569993 -0.0648799986 0.163957 -0.0380439982 -0.0340519994 0.164781004 -0.0371819995 -0.0491570011 0.163218006 -0.0197420008 -0.0473040007 0.157435998 -0.0380439982 -0.0340519994 0.164781004 -0.0197420008 -0.0473040007 0.157435998 -0.0214259997 -0.0286309998 0.159388006 -0.00380100007 -0.0565339997 0.149213001 -0.00297200005 -0.0447040014 0.148565993 -0.0197420008 -0.0473040007 0.157435998 -0.00380100007 -0.0565339997 0.149213001 -0.0197420008 -0.0473040007 0.157435998 -0.0189469997 -0.0602580011 0.156319007 -0.00297200005 -0.0447040014 0.148565993 -0.00380100007 -0.0565339997 0.149213001 0.0112610003 -0.0498390011 0.136461005 -0.00297200005 -0.0447040014 0.148565993 0.0112610003 -0.0498390011 0.136461005 0.0124770002 -0.0418890007 0.136603996 -0.136329994 -0.00884300005 0.0860209987 -0.138051003 -0.00848199986 0.0921169966 -0.137771994 0 0.091516003 -0.136329994 -0.00884300005 0.0860209987 -0.137771994 0 0.091516003 -0.136388004 0 0.0854450017 -0.136577994 -0.0162020009 0.0882909968 -0.136790007 -0.0232880004 0.0934009999 -0.137975007 -0.0160460006 0.0925640017 -0.127825007 -0.0446420014 0.147815004 -0.134018004 -0.0401629992 0.135002002 -0.129002005 -0.0506800003 0.135214001 -0.127825007 -0.0446420014 0.147815004 -0.129002005 -0.0506800003 0.135214001 -0.119878002 -0.057542 0.147342995 -0.136851996 -0.0140490001 0.147809997 -0.133498996 -0.0139469998 0.154003993 -0.134758994 0 0.153600007 -0.136851996 -0.0140490001 0.147809997 -0.134758994 0 0.153600007 -0.137105003 0 0.147762999 -0.0975319967 -0.0113000004 0.163555995 -0.0713040009 -0.0107349996 0.169018999 -0.0733919963 0 0.168910995 -0.0975319967 -0.0113000004 0.163555995 -0.0733919963 0 0.168910995 -0.0956860036 0 0.164413005 -0.138051003 -0.00848199986 0.0921169966 -0.136329994 -0.00884300005 0.0860209987 -0.136577994 -0.0162020009 0.0882909968 -0.138051003 -0.00848199986 0.0921169966 -0.136577994 -0.0162020009 0.0882909968 -0.137975007 -0.0160460006 0.0925640017 -0.133498996 -0.0139469998 0.154003993 -0.128180996 -0.0133579997 0.156588003 -0.127382994 0 0.157005996 -0.133498996 -0.0139469998 0.154003993 -0.127382994 0 0.157005996 -0.134758994 0 0.153600007 -0.134018004 -0.0401629992 0.135002002 -0.137413993 -0.0343879983 0.120127 -0.134419993 -0.0424880013 0.120623 -0.134018004 -0.0401629992 0.135002002 -0.134419993 -0.0424880013 0.120623 -0.129002005 -0.0506800003 0.135214001 -0.136888996 -0.0336010009 0.106666997 -0.134419993 -0.0424880013 0.120623 -0.137413993 -0.0343879983 0.120127 -0.0607279986 -0.0453649983 0.167154998 -0.0942249969 -0.0451809987 0.162983 -0.0924500003 -0.0628639981 0.160567999 -0.0607279986 -0.0453649983 0.167154998 -0.0924500003 -0.0628639981 0.160567999 -0.0611569993 -0.0648799986 0.163957 -0.0423979983 -0.138557002 0.138150007 -0.0325729996 -0.138777003 0.133711994 -0.0296829995 -0.126466006 0.138896003 -0.0423979983 -0.138557002 0.138150007 -0.0296829995 -0.126466006 0.138896003 -0.0409879982 -0.125905007 0.144447997 -0.0325729996 -0.138777003 0.133711994 -0.0364070013 -0.14937 0.127211004 -0.0291889999 -0.148687005 0.12212 -0.0325729996 -0.138777003 0.133711994 -0.0291889999 -0.148687005 0.12212 -0.0236029997 -0.137999997 0.127801999 -0.0136160003 -0.137015998 0.116467997 -0.0197860003 -0.146930993 0.112456001 -0.012604 -0.14294 0.0980520025 -0.0136160003 -0.137015998 0.116467997 -0.012604 -0.14294 0.0980520025 -0.00582800014 -0.133650005 0.101221003 -0.0969960019 -0.137585998 0.124868996 -0.102688998 -0.136610001 0.116838999 -0.0959020033 -0.147317007 0.112333998 -0.0969960019 -0.137585998 0.124868996 -0.0959020033 -0.147317007 0.112333998 -0.0912529975 -0.148505002 0.119580001 -0.138653994 -0.0260569993 0.119583003 -0.136790007 -0.0232880004 0.0934009999 -0.136888996 -0.0336010009 0.106666997 -0.138653994 -0.0260569993 0.119583003 -0.136888996 -0.0336010009 0.106666997 -0.137413993 -0.0343879983 0.120127 -0.138653994 -0.0260569993 0.119583003 -0.139505997 -0.0119019998 0.118326999 -0.137975007 -0.0160460006 0.0925640017 -0.138653994 -0.0260569993 0.119583003 -0.137975007 -0.0160460006 0.0925640017 -0.136790007 -0.0232880004 0.0934009999 -0.115806997 -0.0583139993 0.150794998 -0.120295003 -0.0547409989 0.150361001 -0.119878002 -0.057542 0.147342995 -0.00321 -0.0628940016 -0.123223998 0.0128549999 -0.0606339984 -0.124070004 0.0135960001 -0.0626790002 -0.121913999 -0.0330130011 -0.051256001 -0.122706003 -0.0191339999 -0.0600109994 -0.122071996 -0.0203809999 -0.0623349994 -0.120132998 -0.00321 -0.0628940016 -0.123223998 0.0135960001 -0.0626790002 -0.121913999 -0.00319599989 -0.0653679967 -0.120658003 -0.0330130011 -0.051256001 -0.122706003 -0.0203809999 -0.0623349994 -0.120132998 -0.0346979983 -0.0535500012 -0.120104 0.0265100002 -0.0538690016 -0.125682995 0.0410160013 -0.0419659987 -0.127396002 0.0433509983 -0.0426069982 -0.125081003 0.0507030003 -0.0266040005 -0.128712997 0.0541709997 -0.013367 -0.129637003 0.0551799983 -0.0134800002 -0.126346007 0.0265100002 -0.0538690016 -0.125682995 0.0433509983 -0.0426069982 -0.125081003 0.0283300001 -0.0555539988 -0.123461001 -0.053061001 0 -0.122514002 -0.0513119996 -0.0201869998 -0.12246 -0.0532490015 -0.0202970002 -0.119893998 0.0507030003 -0.0266040005 -0.128712997 0.0551799983 -0.0134800002 -0.126346007 0.0524809994 -0.0270879995 -0.126374006 -0.053061001 0 -0.122514002 -0.0532490015 -0.0202970002 -0.119893998 -0.0551000014 0 -0.119413003 -0.0513119996 -0.0201869998 -0.12246 -0.0452359989 -0.0372910015 -0.122394003 -0.0468950011 -0.0384449996 -0.120012999 -0.0513119996 -0.0201869998 -0.12246 -0.0468950011 -0.0384449996 -0.120012999 -0.0532490015 -0.0202970002 -0.119893998 -0.0191339999 -0.0600109994 -0.122071996 -0.00321 -0.0628940016 -0.123223998 -0.00319599989 -0.0653679967 -0.120658003 -0.0191339999 -0.0600109994 -0.122071996 -0.00319599989 -0.0653679967 -0.120658003 -0.0203809999 -0.0623349994 -0.120132998 0.0128549999 -0.0606339984 -0.124070004 0.0265100002 -0.0538690016 -0.125682995 0.0283300001 -0.0555539988 -0.123461001 0.0410160013 -0.0419659987 -0.127396002 0.0507030003 -0.0266040005 -0.128712997 0.0524809994 -0.0270879995 -0.126374006 0.0128549999 -0.0606339984 -0.124070004 0.0283300001 -0.0555539988 -0.123461001 0.0135960001 -0.0626790002 -0.121913999 0.0541709997 -0.013367 -0.129637003 0.0553780012 0 -0.129839003 0.0572529994 0 -0.127553001 0.0410160013 -0.0419659987 -0.127396002 0.0524809994 -0.0270879995 -0.126374006 0.0433509983 -0.0426069982 -0.125081003 0.0541709997 -0.013367 -0.129637003 0.0572529994 0 -0.127553001 0.0551799983 -0.0134800002 -0.126346007 -0.0618299991 -0.128658995 0.050423 -0.0753490031 -0.129510999 0.053932 -0.0764190033 -0.128700003 0.0511929989 -0.0618299991 -0.128658995 0.050423 -0.0764190033 -0.128700003 0.0511929989 -0.0619839989 -0.127790004 0.0474460013 -0.0163429994 -0.140066996 0.0831400007 -0.0224849992 -0.135659993 0.0685779974 -0.0199740008 -0.135264993 0.0668310001 -0.0163429994 -0.140066996 0.0831400007 -0.0199740008 -0.135264993 0.0668310001 -0.0134159997 -0.139971003 0.0823799968 -0.0155819999 -0.142848 0.0978190005 -0.0163429994 -0.140066996 0.0831400007 -0.0134159997 -0.139971003 0.0823799968 -0.0311149992 -0.148231 0.120360002 -0.0223089997 -0.146586001 0.111308999 -0.0197860003 -0.146930993 0.112456001 -0.0155819999 -0.142848 0.0978190005 -0.0134159997 -0.139971003 0.0823799968 -0.012604 -0.14294 0.0980520025 -0.0775649995 -0.148632005 0.126610994 -0.0592139997 -0.149159998 0.130581006 -0.0591909997 -0.149679005 0.133033007 -0.0311149992 -0.148231 0.120360002 -0.0197860003 -0.146930993 0.112456001 -0.0291889999 -0.148687005 0.12212 -0.0775649995 -0.148632005 0.126610994 -0.0787839964 -0.149115995 0.128794998 -0.0912529975 -0.148505002 0.119580001 -0.0775649995 -0.148632005 0.126610994 -0.0591909997 -0.149679005 0.133033007 -0.0787839964 -0.149115995 0.128794998 -0.0775649995 -0.148632005 0.126610994 -0.0912529975 -0.148505002 0.119580001 -0.0892430022 -0.148059994 0.117981002 -0.101747997 -0.141545996 0.0879869983 -0.0998490006 -0.144832 0.101053998 -0.102577999 -0.145058006 0.101506002 -0.101747997 -0.141545996 0.0879869983 -0.102577999 -0.145058006 0.101506002 -0.104606003 -0.141550004 0.0875540003 -0.0850030035 -0.131911993 0.0581789985 -0.0982429981 -0.136288002 0.0714740008 -0.100863002 -0.135934994 0.0699229985 -0.0850030035 -0.131911993 0.0581789985 -0.100863002 -0.135934994 0.0699229985 -0.0867260024 -0.131264001 0.0557279997 -0.0982429981 -0.136288002 0.0714740008 -0.101747997 -0.141545996 0.0879869983 -0.104606003 -0.141550004 0.0875540003 -0.0982429981 -0.136288002 0.0714740008 -0.104606003 -0.141550004 0.0875540003 -0.100863002 -0.135934994 0.0699229985 -0.0998490006 -0.144832 0.101053998 -0.0935970023 -0.146947995 0.111194998 -0.0959020033 -0.147317007 0.112333998 -0.0998490006 -0.144832 0.101053998 -0.0959020033 -0.147317007 0.112333998 -0.102577999 -0.145058006 0.101506002 -0.0753490031 -0.129510999 0.053932 -0.0850030035 -0.131911993 0.0581789985 -0.0867260024 -0.131264001 0.0557279997 -0.0753490031 -0.129510999 0.053932 -0.0867260024 -0.131264001 0.0557279997 -0.0764190033 -0.128700003 0.0511929989 -0.0592139997 -0.149159998 0.130581006 -0.045256 -0.148677006 0.128858998 -0.0442869999 -0.149164006 0.131193995 -0.0592139997 -0.149159998 0.130581006 -0.0442869999 -0.149164006 0.131193995 -0.0591909997 -0.149679005 0.133033007 -0.0378759988 -0.148871005 0.125128001 -0.0311149992 -0.148231 0.120360002 -0.0291889999 -0.148687005 0.12212 -0.0378759988 -0.148871005 0.125128001 -0.0291889999 -0.148687005 0.12212 -0.0364070013 -0.14937 0.127211004 -0.0223089997 -0.146586001 0.111308999 -0.0155819999 -0.142848 0.0978190005 -0.012604 -0.14294 0.0980520025 -0.0749989972 -0.127074003 0.0548489988 -0.0617870018 -0.126242995 0.0514190011 -0.0595480017 -0.136461005 0.0943799987 -0.0223089997 -0.146586001 0.111308999 -0.012604 -0.14294 0.0980520025 -0.0197860003 -0.146930993 0.112456001 -0.0383820012 -0.145969003 0.124298997 -0.0455420017 -0.145762995 0.127923995 -0.0595480017 -0.136461005 0.0943799987 -0.0617870018 -0.126242995 0.0514190011 -0.0399109982 -0.127857 0.0550779998 -0.0595480017 -0.136461005 0.0943799987 -0.0771500021 -0.145714 0.125716999 -0.0885059983 -0.145172 0.117320001 -0.0595480017 -0.136461005 0.0943799987 -0.0771500021 -0.145714 0.125716999 -0.0595480017 -0.136461005 0.0943799987 -0.0591709986 -0.146236002 0.129604995 -0.0988920033 -0.142005995 0.100745998 -0.100737996 -0.138813004 0.0880419984 -0.0595480017 -0.136461005 0.0943799987 -0.0973249972 -0.133681998 0.0719610006 -0.0844049975 -0.129425004 0.0589849986 -0.0595480017 -0.136461005 0.0943799987 -0.0927520022 -0.144085005 0.110702999 -0.0988920033 -0.142005995 0.100745998 -0.0595480017 -0.136461005 0.0943799987 -0.100737996 -0.138813004 0.0880419984 -0.0973249972 -0.133681998 0.0719610006 -0.0595480017 -0.136461005 0.0943799987 -0.0455420017 -0.145762995 0.127923995 -0.0591709986 -0.146236002 0.129604995 -0.0595480017 -0.136461005 0.0943799987 -0.0844049975 -0.129425004 0.0589849986 -0.0749989972 -0.127074003 0.0548489988 -0.0595480017 -0.136461005 0.0943799987 -0.0885059983 -0.145172 0.117320001 -0.0927520022 -0.144085005 0.110702999 -0.0595480017 -0.136461005 0.0943799987 -0.0617870018 -0.126242995 0.0514190011 -0.0749989972 -0.127074003 0.0548489988 -0.0753490031 -0.129510999 0.053932 -0.0617870018 -0.126242995 0.0514190011 -0.0753490031 -0.129510999 0.053932 -0.0618299991 -0.128658995 0.050423 -0.0617870018 -0.126242995 0.0514190011 -0.0618299991 -0.128658995 0.050423 -0.0399109982 -0.127857 0.0550779998 -0.0233219992 -0.133090004 0.069167003 -0.0394559987 -0.130316004 0.0541630015 -0.0224849992 -0.135659993 0.0685779974 -0.0233219992 -0.133090004 0.069167003 -0.0224849992 -0.135659993 0.0685779974 -0.0173310004 -0.137397006 0.0833700001 -0.0165899992 -0.140073001 0.0976400003 -0.0173310004 -0.137397006 0.0833700001 -0.0163429994 -0.140066996 0.0831400007 -0.0173310004 -0.137397006 0.0833700001 -0.0224849992 -0.135659993 0.0685779974 -0.0163429994 -0.140066996 0.0831400007 -0.0165899992 -0.140073001 0.0976400003 -0.0163429994 -0.140066996 0.0831400007 -0.0155819999 -0.142848 0.0978190005 -0.0165899992 -0.140073001 0.0976400003 -0.0155819999 -0.142848 0.0978190005 -0.0231389999 -0.143727005 0.110767998 -0.0317669995 -0.145338997 0.119635001 -0.0231389999 -0.143727005 0.110767998 -0.0223089997 -0.146586001 0.111308999 -0.0231389999 -0.143727005 0.110767998 -0.0155819999 -0.142848 0.0978190005 -0.0223089997 -0.146586001 0.111308999 -0.0317669995 -0.145338997 0.119635001 -0.0223089997 -0.146586001 0.111308999 -0.0311149992 -0.148231 0.120360002 -0.0317669995 -0.145338997 0.119635001 -0.0311149992 -0.148231 0.120360002 -0.0383820012 -0.145969003 0.124298997 -0.0383820012 -0.145969003 0.124298997 -0.0311149992 -0.148231 0.120360002 -0.0378759988 -0.148871005 0.125128001 -0.0383820012 -0.145969003 0.124298997 -0.0378759988 -0.148871005 0.125128001 -0.0455420017 -0.145762995 0.127923995 -0.0455420017 -0.145762995 0.127923995 -0.0378759988 -0.148871005 0.125128001 -0.045256 -0.148677006 0.128858998 -0.0591709986 -0.146236002 0.129604995 -0.0455420017 -0.145762995 0.127923995 -0.045256 -0.148677006 0.128858998 -0.0591709986 -0.146236002 0.129604995 -0.045256 -0.148677006 0.128858998 -0.0592139997 -0.149159998 0.130581006 -0.0771500021 -0.145714 0.125716999 -0.0591709986 -0.146236002 0.129604995 -0.0592139997 -0.149159998 0.130581006 -0.0771500021 -0.145714 0.125716999 -0.0592139997 -0.149159998 0.130581006 -0.0775649995 -0.148632005 0.126610994 -0.0885059983 -0.145172 0.117320001 -0.0771500021 -0.145714 0.125716999 -0.0775649995 -0.148632005 0.126610994 -0.0885059983 -0.145172 0.117320001 -0.0775649995 -0.148632005 0.126610994 -0.0892430022 -0.148059994 0.117981002 -0.0927520022 -0.144085005 0.110702999 -0.0885059983 -0.145172 0.117320001 -0.0892430022 -0.148059994 0.117981002 -0.0927520022 -0.144085005 0.110702999 -0.0892430022 -0.148059994 0.117981002 -0.0935970023 -0.146947995 0.111194998 -0.0988920033 -0.142005995 0.100745998 -0.0927520022 -0.144085005 0.110702999 -0.0935970023 -0.146947995 0.111194998 -0.0988920033 -0.142005995 0.100745998 -0.0935970023 -0.146947995 0.111194998 -0.0998490006 -0.144832 0.101053998 -0.0973249972 -0.133681998 0.0719610006 -0.100737996 -0.138813004 0.0880419984 -0.101747997 -0.141545996 0.0879869983 -0.0973249972 -0.133681998 0.0719610006 -0.101747997 -0.141545996 0.0879869983 -0.0982429981 -0.136288002 0.0714740008 -0.0844049975 -0.129425004 0.0589849986 -0.0973249972 -0.133681998 0.0719610006 -0.0982429981 -0.136288002 0.0714740008 -0.0844049975 -0.129425004 0.0589849986 -0.0982429981 -0.136288002 0.0714740008 -0.0850030035 -0.131911993 0.0581789985 -0.0749989972 -0.127074003 0.0548489988 -0.0844049975 -0.129425004 0.0589849986 -0.0850030035 -0.131911993 0.0581789985 -0.0749989972 -0.127074003 0.0548489988 -0.0850030035 -0.131911993 0.0581789985 -0.0753490031 -0.129510999 0.053932 -0.120295003 0.0547409989 0.150361001 -0.124902003 0.0450909995 0.151942998 -0.121454 0.044718001 0.154107004 -0.120295003 0.0547409989 0.150361001 -0.121454 0.044718001 0.154107004 -0.115806997 0.0583150014 0.150794998 -0.0607279986 0.0453649983 0.167154998 -0.0950839967 0.0285819992 0.163995996 -0.0670770034 0.0199909993 0.169005007 -0.115806997 0.0583150014 0.150794998 -0.121454 0.044718001 0.154107004 -0.0942249969 0.0451820008 0.162983 -0.0607279986 0.0453649983 0.167154998 -0.0670770034 0.0199909993 0.169005007 -0.0575789995 0.0293639991 0.168312997 -0.115806997 0.0583150014 0.150794998 -0.0942249969 0.0451820008 0.162983 -0.0924500003 0.0628649965 0.160567999 -0.0380439982 0.0340530016 0.164781004 -0.0371819995 0.0491579995 0.163218006 -0.0607279986 0.0453649983 0.167154998 -0.0380439982 0.0340530016 0.164781004 -0.0607279986 0.0453649983 0.167154998 -0.0575789995 0.0293639991 0.168312997 -0.0371819995 0.0491579995 0.163218006 -0.0197420008 0.0473049991 0.157435998 -0.0189469997 0.0602589995 0.156319007 -0.0371819995 0.0491579995 0.163218006 -0.0189469997 0.0602589995 0.156319007 -0.0355109982 0.0630260035 0.161593005 -0.0118540004 0.0165340006 0.155462995 -0.000246999989 0.0153219998 0.148874 -0.00174099999 0.0295299999 0.149011001 -0.0118540004 0.0165340006 0.155462995 -0.00174099999 0.0295299999 0.149011001 -0.0214259997 0.0286320001 0.159388006 -0.0136160003 0.137015998 0.116467997 -0.0236029997 0.138000995 0.127801999 -0.0190520007 0.125770003 0.132147998 -0.0136160003 0.137015998 0.116467997 -0.0190520007 0.125770003 0.132147998 -0.00850600004 0.125426993 0.120076001 -0.0236029997 0.138000995 0.127801999 -0.0325729996 0.138778001 0.133711994 -0.0296829995 0.126466006 0.138896003 -0.0236029997 0.138000995 0.127801999 -0.0296829995 0.126466006 0.138896003 -0.0190520007 0.125770003 0.132147998 -0.0423979983 0.138558 0.138150007 -0.0603719987 0.139763996 0.139927 -0.0612009987 0.126228005 0.146928996 -0.0423979983 0.138558 0.138150007 -0.0612009987 0.126228005 0.146928996 -0.0409879982 0.125905007 0.144447997 -0.0108120004 0.126297995 0.0566800013 -0.0199740008 0.135266006 0.0668310001 -0.0134159997 0.139972001 0.0823799968 -0.0108120004 0.126297995 0.0566800013 -0.0134159997 0.139972001 0.0823799968 -0.00547599979 0.132401004 0.0825750008 -0.0134159997 0.139972001 0.0823799968 -0.012604 0.142940998 0.0980520025 -0.00582800014 0.133650005 0.101221003 -0.0134159997 0.139972001 0.0823799968 -0.00582800014 0.133650005 0.101221003 -0.00547599979 0.132401004 0.0825750008 -0.0197860003 0.146932006 0.112456001 -0.0291889999 0.148688003 0.12212 -0.0236029997 0.138000995 0.127801999 -0.0197860003 0.146932006 0.112456001 -0.0236029997 0.138000995 0.127801999 -0.0136160003 0.137015998 0.116467997 -0.0603719987 0.139763996 0.139927 -0.0591909997 0.149680004 0.133033007 -0.0787839964 0.149115995 0.128794998 -0.0603719987 0.139763996 0.139927 -0.0787839964 0.149115995 0.128794998 -0.0817850009 0.138618007 0.135260999 -0.0603719987 0.139763996 0.139927 -0.0423979983 0.138558 0.138150007 -0.0442869999 0.149164006 0.131193995 -0.0603719987 0.139763996 0.139927 -0.0442869999 0.149164006 0.131193995 -0.0591909997 0.149680004 0.133033007 -0.0975319967 0.0113009997 0.163555995 -0.0713040009 0.0107359998 0.169018999 -0.0670770034 0.0199909993 0.169005007 0.0366020016 0.0284310002 0.0999779999 0.0370460004 0.0231059995 0.100056 0.040107999 0.0215360001 0.0931690037 -0.0975319967 0.0113009997 0.163555995 -0.0670770034 0.0199909993 0.169005007 -0.0950839967 0.0285819992 0.163995996 0.0267389994 0.0394699983 0.117957003 0.0124770002 0.0418899991 0.136603996 0.0141200004 0.0275079999 0.136282995 0.0377090015 0.0107580004 0.100028999 0.0427299999 0.00962899998 0.0890560001 0.040107999 0.0215360001 0.0931690037 0.0267389994 0.0394699983 0.117957003 0.0141200004 0.0275079999 0.136282995 0.027617 0.0250380002 0.118217997 -0.00174099999 0.0295299999 0.149011001 -0.00297200005 0.0447049998 0.148565993 -0.0197420008 0.0473049991 0.157435998 0.0377090015 0.0107580004 0.100028999 0.040107999 0.0215360001 0.0931690037 0.0370460004 0.0231059995 0.100056 -0.00174099999 0.0295299999 0.149011001 -0.0197420008 0.0473049991 0.157435998 -0.0214259997 0.0286320001 0.159388006 0.027617 0.0250380002 0.118217997 0.0370460004 0.0231059995 0.100056 0.0366020016 0.0284310002 0.0999779999 -0.0355109982 0.0630260035 0.161593005 -0.0611569993 0.0648799986 0.163957 -0.0607279986 0.0453649983 0.167154998 0.027617 0.0250380002 0.118217997 0.0366020016 0.0284310002 0.0999779999 0.0267389994 0.0394699983 0.117957003 -0.0355109982 0.0630260035 0.161593005 -0.0607279986 0.0453649983 0.167154998 -0.0371819995 0.0491579995 0.163218006 -0.0380439982 0.0340530016 0.164781004 -0.0214259997 0.0286320001 0.159388006 -0.0197420008 0.0473049991 0.157435998 -0.0380439982 0.0340530016 0.164781004 -0.0197420008 0.0473049991 0.157435998 -0.0371819995 0.0491579995 0.163218006 -0.00380100007 0.0565339997 0.149213001 -0.0189469997 0.0602589995 0.156319007 -0.0197420008 0.0473049991 0.157435998 -0.00380100007 0.0565339997 0.149213001 -0.0197420008 0.0473049991 0.157435998 -0.00297200005 0.0447049998 0.148565993 0.0124770002 0.0418899991 0.136603996 0.0267389994 0.0394699983 0.117957003 0.0112610003 0.0498399995 0.136461005 -0.000246999989 0.0153219998 0.148874 -0.0118540004 0.0165340006 0.155462995 -0.00837500021 0 0.153832003 -0.000246999989 0.0153219998 0.148874 -0.00837500021 0 0.153832003 -0.000628000009 0 0.149253994 -0.00297200005 0.0447049998 0.148565993 0.0124770002 0.0418899991 0.136603996 0.0112610003 0.0498399995 0.136461005 -0.00297200005 0.0447049998 0.148565993 0.0112610003 0.0498399995 0.136461005 -0.00380100007 0.0565339997 0.149213001 -0.136329994 0.00884300005 0.0860209987 -0.136388004 0 0.0854450017 -0.137771994 0 0.091516003 -0.136329994 0.00884300005 0.0860209987 -0.137771994 0 0.091516003 -0.138051003 0.00848199986 0.0921169966 -0.127825007 0.0446420014 0.147815004 -0.119878002 0.0575429983 0.147342995 -0.129002005 0.0506800003 0.135214001 -0.127825007 0.0446420014 0.147815004 -0.129002005 0.0506800003 0.135214001 -0.134018004 0.0401640013 0.135002002 -0.0936459973 0.0649460033 0.163449004 -0.0924500003 0.0628649965 0.160567999 -0.0611569993 0.0648799986 0.163957 -0.0936459973 0.0649460033 0.163449004 -0.0611569993 0.0648799986 0.163957 -0.0618170016 0.0676409975 0.168247998 -0.116834 0.0607150011 0.150950998 -0.0924500003 0.0628649965 0.160567999 -0.0936459973 0.0649460033 0.163449004 -0.133498996 0.013948 0.154003993 -0.128180996 0.0133579997 0.156588003 -0.125453994 0.0310699996 0.155162007 -0.133498996 0.013948 0.154003993 -0.125453994 0.0310699996 0.155162007 -0.129552007 0.0320460014 0.152596995 -0.133498996 0.013948 0.154003993 -0.134758994 0 0.153600007 -0.127382994 0 0.157005996 -0.134018004 0.0401640013 0.135002002 -0.129002005 0.0506800003 0.135214001 -0.134419993 0.0424889997 0.120623 -0.133498996 0.013948 0.154003993 -0.127382994 0 0.157005996 -0.128180996 0.0133579997 0.156588003 -0.134419993 0.0424889997 0.120623 -0.136888996 0.0336019993 0.106666997 -0.137413993 0.0343879983 0.120127 -0.134419993 0.0424889997 0.120623 -0.137413993 0.0343879983 0.120127 -0.134018004 0.0401640013 0.135002002 -0.0607279986 0.0453649983 0.167154998 -0.0611569993 0.0648799986 0.163957 -0.0924500003 0.0628649965 0.160567999 -0.0607279986 0.0453649983 0.167154998 -0.0924500003 0.0628649965 0.160567999 -0.0942249969 0.0451820008 0.162983 -0.0423979983 0.138558 0.138150007 -0.0409879982 0.125905007 0.144447997 -0.0296829995 0.126466006 0.138896003 -0.0423979983 0.138558 0.138150007 -0.0296829995 0.126466006 0.138896003 -0.0325729996 0.138778001 0.133711994 -0.0136160003 0.137015998 0.116467997 -0.00582800014 0.133650005 0.101221003 -0.012604 0.142940998 0.0980520025 -0.0136160003 0.137015998 0.116467997 -0.012604 0.142940998 0.0980520025 -0.0197860003 0.146932006 0.112456001 -0.138653994 0.0260579996 0.119583003 -0.137413993 0.0343879983 0.120127 -0.136888996 0.0336019993 0.106666997 -0.138653994 0.0260579996 0.119583003 -0.136888996 0.0336019993 0.106666997 -0.136790007 0.0232880004 0.0934009999 -0.115806997 0.0583150014 0.150794998 -0.119878002 0.0575429983 0.147342995 -0.120295003 0.0547409989 0.150361001 -0.00321 0.0628940016 -0.123223998 -0.00319599989 0.0653679967 -0.120658003 0.0135960001 0.0626790002 -0.121913999 -0.0330130011 0.051256001 -0.122706003 -0.0346979983 0.0535509996 -0.120104 -0.0203809999 0.0623349994 -0.120132998 -0.00321 0.0628940016 -0.123223998 0.0135960001 0.0626790002 -0.121913999 0.0128549999 0.0606339984 -0.124070004 -0.053061001 0 -0.122514002 -0.0551000014 0 -0.119413003 -0.0532490015 0.0202970002 -0.119893998 -0.0330130011 0.051256001 -0.122706003 -0.0203809999 0.0623349994 -0.120132998 -0.0191339999 0.0600109994 -0.122071996 -0.053061001 0 -0.122514002 -0.0532490015 0.0202970002 -0.119893998 -0.0513119996 0.0201880001 -0.12246 -0.0513119996 0.0201880001 -0.12246 -0.0532490015 0.0202970002 -0.119893998 -0.0468950011 0.0384449996 -0.120012999 -0.0513119996 0.0201880001 -0.12246 -0.0468950011 0.0384449996 -0.120012999 -0.0452359989 0.0372910015 -0.122394003 -0.0191339999 0.0600109994 -0.122071996 -0.0203809999 0.0623349994 -0.120132998 -0.00319599989 0.0653679967 -0.120658003 -0.0191339999 0.0600109994 -0.122071996 -0.00319599989 0.0653679967 -0.120658003 -0.00321 0.0628940016 -0.123223998 0.0541709997 0.013367 -0.129637003 0.0551799983 0.0134810004 -0.126346007 0.0572529994 0 -0.127553001 0.0541709997 0.013367 -0.129637003 0.0572529994 0 -0.127553001 0.0553780012 0 -0.129839003 -0.0452359989 0.0372910015 -0.122394003 -0.0468950011 0.0384449996 -0.120012999 -0.0346979983 0.0535509996 -0.120104 -0.0452359989 0.0372910015 -0.122394003 -0.0346979983 0.0535509996 -0.120104 -0.0330130011 0.051256001 -0.122706003 -0.0618299991 0.128659993 0.050423 -0.0619839989 0.127791002 0.0474460013 -0.0764190033 0.128701001 0.0511929989 -0.0618299991 0.128659993 0.050423 -0.0764190033 0.128701001 0.0511929989 -0.0753490031 0.129511997 0.053932 -0.0163429994 0.140067995 0.0831400007 -0.0134159997 0.139972001 0.0823799968 -0.0199740008 0.135266006 0.0668310001 -0.0163429994 0.140067995 0.0831400007 -0.0199740008 0.135266006 0.0668310001 -0.0224849992 0.135659993 0.0685779974 -0.0394559987 0.130316004 0.0541630015 -0.038093999 0.129559994 0.0514400005 -0.0619839989 0.127791002 0.0474460013 -0.0394559987 0.130316004 0.0541630015 -0.0619839989 0.127791002 0.0474460013 -0.0618299991 0.128659993 0.050423 -0.0155819999 0.142848998 0.0978190005 -0.012604 0.142940998 0.0980520025 -0.0134159997 0.139972001 0.0823799968 -0.0155819999 0.142848998 0.0978190005 -0.0134159997 0.139972001 0.0823799968 -0.0163429994 0.140067995 0.0831400007 -0.0311149992 0.148231998 0.120360002 -0.0291889999 0.148688003 0.12212 -0.0197860003 0.146932006 0.112456001 -0.0311149992 0.148231998 0.120360002 -0.0197860003 0.146932006 0.112456001 -0.0223089997 0.146586999 0.111308999 -0.045256 0.148678005 0.128858998 -0.0442869999 0.149164006 0.131193995 -0.0364070013 0.149370998 0.127211004 -0.045256 0.148678005 0.128858998 -0.0364070013 0.149370998 0.127211004 -0.0378759988 0.148871005 0.125128001 -0.0775649995 0.148633003 0.126610994 -0.0787839964 0.149115995 0.128794998 -0.0591909997 0.149680004 0.133033007 -0.0775649995 0.148633003 0.126610994 -0.0591909997 0.149680004 0.133033007 -0.0592139997 0.149159998 0.130581006 -0.0912529975 0.148506001 0.119580001 -0.0787839964 0.149115995 0.128794998 -0.0775649995 0.148633003 0.126610994 -0.0912529975 0.148506001 0.119580001 -0.0775649995 0.148633003 0.126610994 -0.0892430022 0.148061007 0.117981002 -0.101747997 0.141546994 0.0879869983 -0.104606003 0.141551003 0.0875540003 -0.102577999 0.145059004 0.101506002 -0.101747997 0.141546994 0.0879869983 -0.102577999 0.145059004 0.101506002 -0.0998490006 0.144832999 0.101053998 -0.0850030035 0.131913006 0.0581789985 -0.0867260024 0.131264001 0.0557279997 -0.100863002 0.135936007 0.0699229985 -0.0982429981 0.136288002 0.0714740008 -0.100863002 0.135936007 0.0699229985 -0.104606003 0.141551003 0.0875540003 -0.0850030035 0.131913006 0.0581789985 -0.100863002 0.135936007 0.0699229985 -0.0982429981 0.136288002 0.0714740008 -0.0982429981 0.136288002 0.0714740008 -0.104606003 0.141551003 0.0875540003 -0.101747997 0.141546994 0.0879869983 -0.0998490006 0.144832999 0.101053998 -0.102577999 0.145059004 0.101506002 -0.0959020033 0.147318006 0.112333998 -0.0998490006 0.144832999 0.101053998 -0.0959020033 0.147318006 0.112333998 -0.0935970023 0.146947995 0.111194998 -0.0224849992 0.135659993 0.0685779974 -0.0199740008 0.135266006 0.0668310001 -0.038093999 0.129559994 0.0514400005 -0.0224849992 0.135659993 0.0685779974 -0.038093999 0.129559994 0.0514400005 -0.0394559987 0.130316004 0.0541630015 -0.0753490031 0.129511997 0.053932 -0.0764190033 0.128701001 0.0511929989 -0.0867260024 0.131264001 0.0557279997 -0.0753490031 0.129511997 0.053932 -0.0867260024 0.131264001 0.0557279997 -0.0850030035 0.131913006 0.0581789985 -0.0592139997 0.149159998 0.130581006 -0.0591909997 0.149680004 0.133033007 -0.0442869999 0.149164006 0.131193995 -0.0592139997 0.149159998 0.130581006 -0.0442869999 0.149164006 0.131193995 -0.045256 0.148678005 0.128858998 -0.0364070013 0.149370998 0.127211004 -0.0291889999 0.148688003 0.12212 -0.0311149992 0.148231998 0.120360002 -0.0364070013 0.149370998 0.127211004 -0.0311149992 0.148231998 0.120360002 -0.0378759988 0.148871005 0.125128001 -0.0223089997 0.146586999 0.111308999 -0.0197860003 0.146932006 0.112456001 -0.012604 0.142940998 0.0980520025 -0.0223089997 0.146586999 0.111308999 -0.012604 0.142940998 0.0980520025 -0.0155819999 0.142848998 0.0978190005 -0.0935970023 0.146947995 0.111194998 -0.0959020033 0.147318006 0.112333998 -0.0912529975 0.148506001 0.119580001 -0.0935970023 0.146947995 0.111194998 -0.0912529975 0.148506001 0.119580001 -0.0892430022 0.148061007 0.117981002 -0.0749989972 0.127075002 0.0548489988 -0.0595480017 0.136461005 0.0943799987 -0.0617870018 0.126242995 0.0514190011 -0.0617870018 0.126242995 0.0514190011 -0.0595480017 0.136461005 0.0943799987 -0.0399109982 0.127857998 0.0550779998 -0.0173310004 0.137398005 0.0833700001 -0.0595480017 0.136461005 0.0943799987 -0.0165899992 0.140074 0.0976400003 -0.0231389999 0.143728003 0.110767998 -0.0595480017 0.136461005 0.0943799987 -0.0317669995 0.145339996 0.119635001 -0.0988920033 0.142006993 0.100745998 -0.0595480017 0.136461005 0.0943799987 -0.100737996 0.138814002 0.0880419984 -0.100737996 0.138814002 0.0880419984 -0.0595480017 0.136461005 0.0943799987 -0.0973249972 0.133682996 0.0719610006 -0.0927520022 0.144086003 0.110702999 -0.0595480017 0.136461005 0.0943799987 -0.0988920033 0.142006993 0.100745998 -0.0399109982 0.127857998 0.0550779998 -0.0595480017 0.136461005 0.0943799987 -0.0233219992 0.133090004 0.069167003 -0.0844049975 0.129426003 0.0589849986 -0.0595480017 0.136461005 0.0943799987 -0.0749989972 0.127075002 0.0548489988 -0.0317669995 0.145339996 0.119635001 -0.0595480017 0.136461005 0.0943799987 -0.0383820012 0.145970002 0.124298997 -0.0165899992 0.140074 0.0976400003 -0.0595480017 0.136461005 0.0943799987 -0.0231389999 0.143728003 0.110767998 -0.0885059983 0.145172998 0.117320001 -0.0595480017 0.136461005 0.0943799987 -0.0927520022 0.144086003 0.110702999 -0.0617870018 0.126242995 0.0514190011 -0.0618299991 0.128659993 0.050423 -0.0753490031 0.129511997 0.053932 -0.0617870018 0.126242995 0.0514190011 -0.0753490031 0.129511997 0.053932 -0.0749989972 0.127075002 0.0548489988 -0.0399109982 0.127857998 0.0550779998 -0.0394559987 0.130316004 0.0541630015 -0.0618299991 0.128659993 0.050423 -0.0399109982 0.127857998 0.0550779998 -0.0618299991 0.128659993 0.050423 -0.0617870018 0.126242995 0.0514190011 -0.0233219992 0.133090004 0.069167003 -0.0224849992 0.135659993 0.0685779974 -0.0394559987 0.130316004 0.0541630015 -0.0233219992 0.133090004 0.069167003 -0.0394559987 0.130316004 0.0541630015 -0.0399109982 0.127857998 0.0550779998 -0.0173310004 0.137398005 0.0833700001 -0.0163429994 0.140067995 0.0831400007 -0.0224849992 0.135659993 0.0685779974 -0.0165899992 0.140074 0.0976400003 -0.0155819999 0.142848998 0.0978190005 -0.0163429994 0.140067995 0.0831400007 -0.0173310004 0.137398005 0.0833700001 -0.0224849992 0.135659993 0.0685779974 -0.0233219992 0.133090004 0.069167003 -0.0231389999 0.143728003 0.110767998 -0.0223089997 0.146586999 0.111308999 -0.0155819999 0.142848998 0.0978190005 -0.0165899992 0.140074 0.0976400003 -0.0163429994 0.140067995 0.0831400007 -0.0173310004 0.137398005 0.0833700001 -0.0317669995 0.145339996 0.119635001 -0.0311149992 0.148231998 0.120360002 -0.0223089997 0.146586999 0.111308999 -0.0231389999 0.143728003 0.110767998 -0.0155819999 0.142848998 0.0978190005 -0.0165899992 0.140074 0.0976400003 -0.0383820012 0.145970002 0.124298997 -0.0378759988 0.148871005 0.125128001 -0.0311149992 0.148231998 0.120360002 -0.0317669995 0.145339996 0.119635001 -0.0223089997 0.146586999 0.111308999 -0.0231389999 0.143728003 0.110767998 -0.0455420017 0.145763993 0.127923995 -0.045256 0.148678005 0.128858998 -0.0378759988 0.148871005 0.125128001 -0.0383820012 0.145970002 0.124298997 -0.0311149992 0.148231998 0.120360002 -0.0317669995 0.145339996 0.119635001 -0.0591709986 0.146236002 0.129604995 -0.0592139997 0.149159998 0.130581006 -0.045256 0.148678005 0.128858998 -0.0455420017 0.145763993 0.127923995 -0.0378759988 0.148871005 0.125128001 -0.0383820012 0.145970002 0.124298997 -0.0771500021 0.145714998 0.125716999 -0.0775649995 0.148633003 0.126610994 -0.0592139997 0.149159998 0.130581006 -0.0591709986 0.146236002 0.129604995 -0.045256 0.148678005 0.128858998 -0.0455420017 0.145763993 0.127923995 -0.0885059983 0.145172998 0.117320001 -0.0892430022 0.148061007 0.117981002 -0.0775649995 0.148633003 0.126610994 -0.0771500021 0.145714998 0.125716999 -0.0592139997 0.149159998 0.130581006 -0.0591709986 0.146236002 0.129604995 -0.0885059983 0.145172998 0.117320001 -0.0775649995 0.148633003 0.126610994 -0.0771500021 0.145714998 0.125716999 -0.0927520022 0.144086003 0.110702999 -0.0935970023 0.146947995 0.111194998 -0.0892430022 0.148061007 0.117981002 -0.0927520022 0.144086003 0.110702999 -0.0892430022 0.148061007 0.117981002 -0.0885059983 0.145172998 0.117320001 -0.0988920033 0.142006993 0.100745998 -0.0998490006 0.144832999 0.101053998 -0.0935970023 0.146947995 0.111194998 -0.0988920033 0.142006993 0.100745998 -0.0935970023 0.146947995 0.111194998 -0.0927520022 0.144086003 0.110702999 -0.100737996 0.138814002 0.0880419984 -0.101747997 0.141546994 0.0879869983 -0.0998490006 0.144832999 0.101053998 -0.100737996 0.138814002 0.0880419984 -0.0998490006 0.144832999 0.101053998 -0.0988920033 0.142006993 0.100745998 -0.0973249972 0.133682996 0.0719610006 -0.0982429981 0.136288002 0.0714740008 -0.101747997 0.141546994 0.0879869983 -0.0973249972 0.133682996 0.0719610006 -0.101747997 0.141546994 0.0879869983 -0.100737996 0.138814002 0.0880419984 -0.0844049975 0.129426003 0.0589849986 -0.0850030035 0.131913006 0.0581789985 -0.0982429981 0.136288002 0.0714740008 -0.0844049975 0.129426003 0.0589849986 -0.0982429981 0.136288002 0.0714740008 -0.0973249972 0.133682996 0.0719610006 -0.0749989972 0.127075002 0.0548489988 -0.0753490031 0.129511997 0.053932 -0.0850030035 0.131913006 0.0581789985 -0.0749989972 0.127075002 0.0548489988 -0.0850030035 0.131913006 0.0581789985 -0.0844049975 0.129426003 0.0589849986 0.0320100002 -0.114451997 0.122428998 0.0457860008 -0.121569 0.127575994 0.0437350012 -0.119809002 0.131070003 0.0597350001 0.0463720001 0.0155659998 0.0618100017 0.0409919992 0.0113890003 0.0638850033 0.0356119983 0.00721300021 </float_array>
          <technique_common>
            <accessor count="2280" offset="0" source="#milky_white-positions-array" stride="3">
              <param name="X" type="float" />
              <param name="Y" type="float" />
              <param name="Z" type="float" />
            </accessor>
          </technique_common>
        </source>
        <source id="milky_white-normals" name="milky_white-normals">
          <float_array id="milky_white-normals-array" count="6840"> -0.0201420002 -0.944121003 -0.328958988 -0.0473340005 -0.961363971 -0.271126002 0.00274699996 -0.970854998 -0.239601001 -0.0201420002 -0.944121003 -0.328958988 0.00274699996 -0.970854998 -0.239601001 0.0218509994 -0.947691023 -0.318369001 0.30893901 -0.931210995 -0.193364993 0.342662007 -0.918455005 -0.197393999 0.0868249983 -0.960264981 -0.265145004 0.30893901 -0.931210995 -0.193364993 0.0868249983 -0.960264981 -0.265145004 0.0555129983 -0.972227991 -0.22721 -0.0565810017 -0.938108027 -0.341623992 -0.0604269989 -0.952116013 -0.299661011 -0.354838997 -0.842127979 -0.406078994 -0.0565810017 -0.938108027 -0.341623992 -0.354838997 -0.842127979 -0.406078994 -0.329263985 -0.849238992 -0.412701994 0.061342001 -0.966001987 -0.251076013 0.0820640028 -0.953917027 -0.288522005 0.318949014 -0.922879994 -0.215644002 0.061342001 -0.966001987 -0.251076013 0.318949014 -0.922879994 -0.215644002 0.309518993 -0.929838002 -0.198859006 -0.0473340005 -0.961363971 -0.271126002 -0.0604269989 -0.952116013 -0.299661011 -0.00427300017 -0.961241007 -0.275581986 -0.0473340005 -0.961363971 -0.271126002 -0.00427300017 -0.961241007 -0.275581986 0.00274699996 -0.970854998 -0.239601001 0.309518993 -0.929838002 -0.198859006 0.30893901 -0.931210995 -0.193364993 0.0555129983 -0.972227991 -0.22721 -0.0859400034 -0.925565004 -0.368633002 -0.0565810017 -0.938108027 -0.341623992 -0.329263985 -0.849238992 -0.412701994 0.309518993 -0.929838002 -0.198859006 0.0555129983 -0.972227991 -0.22721 0.061342001 -0.966001987 -0.251076013 -0.0859400034 -0.925565004 -0.368633002 -0.329263985 -0.849238992 -0.412701994 -0.396954 -0.807245016 -0.436749995 0.331889004 -0.911801994 -0.241736993 0.318949014 -0.922879994 -0.215644002 0.0820640028 -0.953917027 -0.288522005 0.331889004 -0.911801994 -0.241736993 0.0820640028 -0.953917027 -0.288522005 0.0914940014 -0.945798993 -0.311562985 -0.159367993 -0.906521976 -0.390881002 -0.262580991 -0.850520015 -0.455641001 -0.00460800016 -0.913174987 -0.407514006 -0.159367993 -0.906521976 -0.390881002 -0.00460800016 -0.913174987 -0.407514006 0.00357099995 -0.934567988 -0.355693012 -0.0192569997 -0.906095028 -0.422589988 -0.00460800016 -0.913174987 -0.407514006 -0.262580991 -0.850520015 -0.455641001 -0.0192569997 -0.906095028 -0.422589988 -0.262580991 -0.850520015 -0.455641001 -0.406902999 -0.786553979 -0.464430988 0.203832999 -0.904690981 -0.374096006 0.480697006 -0.826929986 -0.291696012 0.409954995 -0.873012006 -0.264046013 0.203832999 -0.904690981 -0.374096006 0.409954995 -0.873012006 -0.264046013 0.154819995 -0.926419973 -0.34314999 0.203832999 -0.904690981 -0.374096006 -0.00460800016 -0.913174987 -0.407514006 -0.0192569997 -0.906095028 -0.422589988 0.203832999 -0.904690981 -0.374096006 -0.0192569997 -0.906095028 -0.422589988 0.324137002 -0.870235026 -0.370891005 0.626576006 -0.732626975 -0.265693992 0.324137002 -0.870235026 -0.370891005 0.469924003 -0.704764009 -0.53144902 0.626576006 -0.732626975 -0.265693992 0.469924003 -0.704764009 -0.53144902 0.728842974 -0.638417006 -0.247321993 -0.298837006 -0.718039989 -0.628558993 -0.0253609996 -0.831934988 -0.554277003 -0.0192569997 -0.906095028 -0.422589988 -0.298837006 -0.718039989 -0.628558993 -0.0192569997 -0.906095028 -0.422589988 -0.406902999 -0.786553979 -0.464430988 0.831690013 -0.511916995 -0.214910999 0.785179973 -0.572221994 -0.236671001 0.838038027 -0.338694006 -0.427717 0.831690013 -0.511916995 -0.214910999 0.838038027 -0.338694006 -0.427717 0.926388979 -0.322641999 -0.194067001 0.906368971 -0.000762999989 -0.422407001 0.981657982 0.0118720001 -0.190191001 0.967803001 -0.161137998 -0.193274006 0.906368971 -0.000762999989 -0.422407001 0.967803001 -0.161137998 -0.193274006 0.941434979 -0.190679997 -0.278053999 -0.910184026 0 -0.414135993 -0.876704991 -0.170385003 -0.449811995 -0.949126005 -0.152927995 -0.275184989 -0.910184026 0 -0.414135993 -0.949126005 -0.152927995 -0.275184989 -0.965422988 0 -0.260628015 -0.894742012 -0.324014992 -0.307260007 -0.949126005 -0.152927995 -0.275184989 -0.876704991 -0.170385003 -0.449811995 -0.894742012 -0.324014992 -0.307260007 -0.876704991 -0.170385003 -0.449811995 -0.766014993 -0.397626013 -0.505051017 -0.0289619993 -0.909817994 -0.413953006 -0.118075997 -0.873470008 -0.472335011 -0.0103460001 -0.901333988 -0.432965994 -0.0289619993 -0.909817994 -0.413953006 -0.0103460001 -0.901333988 -0.432965994 -0.0256050006 -0.920103014 -0.390758991 0.513382018 -0.831080019 -0.213721007 0.643451989 -0.762749016 -0.0642720014 0.693135977 -0.707540989 -0.137425005 0.513382018 -0.831080019 -0.213721007 0.693135977 -0.707540989 -0.137425005 0.399120986 -0.830560982 -0.388379008 -0.0103460001 -0.901333988 -0.432965994 -0.0201420002 -0.944121003 -0.328958988 0.0218509994 -0.947691023 -0.318369001 -0.0103460001 -0.901333988 -0.432965994 0.0218509994 -0.947691023 -0.318369001 0.0701619983 -0.908841014 -0.411175996 -0.989654005 -0.0864280015 0.114444003 -0.942228019 -0.122257002 0.31180799 -0.967803001 -6.09999988e-05 0.251655996 -0.989654005 -0.0864280015 0.114444003 -0.967803001 -6.09999988e-05 0.251655996 -0.995635986 0.00375399995 0.0930809975 0.84701103 -0.0247200001 0.530960977 0.846767008 -0.00253299996 0.531907022 0.724967003 0.000792999985 0.688772023 0.84701103 -0.0247200001 0.530960977 0.724967003 0.000792999985 0.688772023 0.727621973 -0.0185860004 0.685689986 0.693135977 -0.707540989 -0.137425005 0.643451989 -0.762749016 -0.0642720014 0.713706017 -0.68453002 0.148380995 0.709829986 -0.558641016 0.428968012 0.619036973 -0.68828398 0.378154993 0.623066008 -0.461317986 0.63161099 0.693135977 -0.707540989 -0.137425005 0.713706017 -0.68453002 0.148380995 0.787254989 -0.604143977 0.123141997 0.574998975 -0.522934973 0.629170001 0.709829986 -0.558641016 0.428968012 0.623066008 -0.461317986 0.63161099 0.574998975 -0.522934973 0.629170001 0.623066008 -0.461317986 0.63161099 0.475050986 -0.44709599 0.757897019 -0.599566996 -0.528061986 0.601337016 -0.367321014 -0.512374997 0.776207983 -0.319406986 -0.691609979 0.647786021 0.574998975 -0.522934973 0.629170001 0.475050986 -0.44709599 0.757897019 0.432233989 -0.508713007 0.744530022 -0.599566996 -0.528061986 0.601337016 -0.319406986 -0.691609979 0.647786021 -0.529160023 -0.688710988 0.495620996 -0.599566996 -0.528061986 0.601337016 -0.529160023 -0.688710988 0.495620996 -0.703787029 -0.55378902 0.444929004 -0.703787029 -0.55378902 0.444929004 -0.529160023 -0.688710988 0.495620996 -0.616504014 -0.691671014 0.376080006 -0.554582 -0.735405028 -0.389324993 -0.28925401 -0.817103028 -0.498611003 -0.0915860012 -0.896480978 -0.433454007 -0.554582 -0.735405028 -0.389324993 -0.0915860012 -0.896480978 -0.433454007 -0.281533003 -0.884732008 -0.371410012 0.0483109988 -0.919064999 -0.391095012 0.0701619983 -0.908841014 -0.411175996 0.179266006 -0.930508971 -0.319314986 0.0483109988 -0.919064999 -0.391095012 0.179266006 -0.930508971 -0.319314986 0.399120986 -0.830560982 -0.388379008 -0.769921005 -0.626881003 -0.119083002 -0.778313994 -0.585588992 0.226356 -0.674305975 -0.706595004 0.214393005 -0.769921005 -0.626881003 -0.119083002 -0.674305975 -0.706595004 0.214393005 -0.657001972 -0.751091003 -0.064485997 -0.137302995 -0.925442994 -0.353038013 -0.0473340005 -0.961363971 -0.271126002 -0.0201420002 -0.944121003 -0.328958988 -0.137302995 -0.925442994 -0.353038013 -0.0201420002 -0.944121003 -0.328958988 -0.151433006 -0.906185985 -0.394787014 -0.0604269989 -0.952116013 -0.299661011 -0.0565810017 -0.938108027 -0.341623992 0.0247200001 -0.951384008 -0.306986004 -0.0604269989 -0.952116013 -0.299661011 0.0247200001 -0.951384008 -0.306986004 -0.00427300017 -0.961241007 -0.275581986 -0.354838997 -0.842127979 -0.406078994 -0.0604269989 -0.952116013 -0.299661011 -0.0473340005 -0.961363971 -0.271126002 -0.354838997 -0.842127979 -0.406078994 -0.0473340005 -0.961363971 -0.271126002 -0.165441006 -0.919340014 -0.356914014 -0.0859400034 -0.925565004 -0.368633002 -0.159367993 -0.906521976 -0.390881002 0.00357099995 -0.934567988 -0.355693012 -0.0859400034 -0.925565004 -0.368633002 0.00357099995 -0.934567988 -0.355693012 0.0235300008 -0.943297029 -0.331064999 -0.262580991 -0.850520015 -0.455641001 -0.159367993 -0.906521976 -0.390881002 -0.396954 -0.807245016 -0.436749995 -0.262580991 -0.850520015 -0.455641001 -0.396954 -0.807245016 -0.436749995 -0.606249988 -0.654775023 -0.451337993 -0.406902999 -0.786553979 -0.464430988 -0.262580991 -0.850520015 -0.455641001 -0.606249988 -0.654775023 -0.451337993 -0.406902999 -0.786553979 -0.464430988 -0.606249988 -0.654775023 -0.451337993 -0.757652998 -0.526811004 -0.385174006 -0.54817301 -0.595111012 -0.587634027 -0.298837006 -0.718039989 -0.628558993 -0.406902999 -0.786553979 -0.464430988 -0.54817301 -0.595111012 -0.587634027 -0.406902999 -0.786553979 -0.464430988 -0.757652998 -0.526811004 -0.385174006 -0.0473340005 -0.961363971 -0.271126002 -0.137302995 -0.925442994 -0.353038013 -0.165441006 -0.919340014 -0.356914014 0.0555129983 -0.972227991 -0.22721 0.0868249983 -0.960264981 -0.265145004 0.0218509994 -0.947691023 -0.318369001 0.0555129983 -0.972227991 -0.22721 0.0218509994 -0.947691023 -0.318369001 0.00274699996 -0.970854998 -0.239601001 0.0820640028 -0.953917027 -0.288522005 0.061342001 -0.966001987 -0.251076013 -0.00427300017 -0.961241007 -0.275581986 0.0820640028 -0.953917027 -0.288522005 -0.00427300017 -0.961241007 -0.275581986 0.0247200001 -0.951384008 -0.306986004 0.061342001 -0.966001987 -0.251076013 0.0555129983 -0.972227991 -0.22721 0.00274699996 -0.970854998 -0.239601001 0.0914940014 -0.945798993 -0.311562985 0.0820640028 -0.953917027 -0.288522005 0.0247200001 -0.951384008 -0.306986004 0.061342001 -0.966001987 -0.251076013 0.00274699996 -0.970854998 -0.239601001 -0.00427300017 -0.961241007 -0.275581986 -0.00460800016 -0.913174987 -0.407514006 0.203832999 -0.904690981 -0.374096006 0.154819995 -0.926419973 -0.34314999 0.0914940014 -0.945798993 -0.311562985 0.0247200001 -0.951384008 -0.306986004 0.0235300008 -0.943297029 -0.331064999 -0.00460800016 -0.913174987 -0.407514006 0.154819995 -0.926419973 -0.34314999 0.00357099995 -0.934567988 -0.355693012 0.480697006 -0.826929986 -0.291696012 0.203832999 -0.904690981 -0.374096006 0.324137002 -0.870235026 -0.370891005 -0.28925401 -0.817103028 -0.498611003 -0.554582 -0.735405028 -0.389324993 -0.550737023 -0.764702022 -0.334452003 0.480697006 -0.826929986 -0.291696012 0.324137002 -0.870235026 -0.370891005 0.626576006 -0.732626975 -0.265693992 -0.28925401 -0.817103028 -0.498611003 -0.550737023 -0.764702022 -0.334452003 -0.344309986 -0.825982988 -0.446271986 -0.554582 -0.735405028 -0.389324993 -0.769921005 -0.626881003 -0.119083002 -0.657001972 -0.751091003 -0.064485997 -0.554582 -0.735405028 -0.389324993 -0.657001972 -0.751091003 -0.064485997 -0.550737023 -0.764702022 -0.334452003 0.179266006 -0.930508971 -0.319314986 0.0868249983 -0.960264981 -0.265145004 0.342662007 -0.918455005 -0.197393999 0.179266006 -0.930508971 -0.319314986 0.342662007 -0.918455005 -0.197393999 0.513382018 -0.831080019 -0.213721007 0.324137002 -0.870235026 -0.370891005 0.216956005 -0.811761975 -0.542131007 0.469924003 -0.704764009 -0.53144902 0.153447002 -0.905942023 -0.394573987 0.0483109988 -0.919064999 -0.391095012 0.399120986 -0.830560982 -0.388379008 -0.0253609996 -0.831934988 -0.554277003 0.216956005 -0.811761975 -0.542131007 0.324137002 -0.870235026 -0.370891005 -0.0253609996 -0.831934988 -0.554277003 0.324137002 -0.870235026 -0.370891005 -0.0192569997 -0.906095028 -0.422589988 0.331889004 -0.911801994 -0.241736993 0.0914940014 -0.945798993 -0.311562985 0.154819995 -0.926419973 -0.34314999 0.331889004 -0.911801994 -0.241736993 0.154819995 -0.926419973 -0.34314999 0.409954995 -0.873012006 -0.264046013 -0.0565810017 -0.938108027 -0.341623992 -0.0859400034 -0.925565004 -0.368633002 0.0235300008 -0.943297029 -0.331064999 -0.0565810017 -0.938108027 -0.341623992 0.0235300008 -0.943297029 -0.331064999 0.0247200001 -0.951384008 -0.306986004 0.154819995 -0.926419973 -0.34314999 0.0914940014 -0.945798993 -0.311562985 0.0235300008 -0.943297029 -0.331064999 0.154819995 -0.926419973 -0.34314999 0.0235300008 -0.943297029 -0.331064999 0.00357099995 -0.934567988 -0.355693012 -0.396954 -0.807245016 -0.436749995 -0.159367993 -0.906521976 -0.390881002 -0.0859400034 -0.925565004 -0.368633002 -0.0256050006 -0.920103014 -0.390758991 -0.0103460001 -0.901333988 -0.432965994 0.0701619983 -0.908841014 -0.411175996 -0.0256050006 -0.920103014 -0.390758991 0.0701619983 -0.908841014 -0.411175996 0.0483109988 -0.919064999 -0.391095012 0.0701619983 -0.908841014 -0.411175996 0.0218509994 -0.947691023 -0.318369001 0.0868249983 -0.960264981 -0.265145004 0.513382018 -0.831080019 -0.213721007 0.399120986 -0.830560982 -0.388379008 0.179266006 -0.930508971 -0.319314986 0.0701619983 -0.908841014 -0.411175996 0.0868249983 -0.960264981 -0.265145004 0.179266006 -0.930508971 -0.319314986 -0.118075997 -0.873470008 -0.472335011 -0.28925401 -0.817103028 -0.498611003 -0.344309986 -0.825982988 -0.446271986 -0.118075997 -0.873470008 -0.472335011 -0.344309986 -0.825982988 -0.446271986 -0.151433006 -0.906185985 -0.394787014 -0.28925401 -0.817103028 -0.498611003 -0.118075997 -0.873470008 -0.472335011 -0.0289619993 -0.909817994 -0.413953006 -0.28925401 -0.817103028 -0.498611003 -0.0289619993 -0.909817994 -0.413953006 -0.0915860012 -0.896480978 -0.433454007 -0.0103460001 -0.901333988 -0.432965994 -0.118075997 -0.873470008 -0.472335011 -0.151433006 -0.906185985 -0.394787014 -0.0103460001 -0.901333988 -0.432965994 -0.151433006 -0.906185985 -0.394787014 -0.0201420002 -0.944121003 -0.328958988 0.785179973 -0.572221994 -0.236671001 0.831690013 -0.511916995 -0.214910999 0.728842974 -0.638417006 -0.247321993 0.785179973 -0.572221994 -0.236671001 0.728842974 -0.638417006 -0.247321993 0.469924003 -0.704764009 -0.53144902 0.941434979 -0.190679997 -0.278053999 0.967803001 -0.161137998 -0.193274006 0.926388979 -0.322641999 -0.194067001 0.941434979 -0.190679997 -0.278053999 0.926388979 -0.322641999 -0.194067001 0.838038027 -0.338694006 -0.427717 -0.367321014 -0.512374997 0.776207983 -0.0452889986 -0.516220987 0.85522002 -0.042665001 -0.686361015 0.725974023 -0.367321014 -0.512374997 0.776207983 -0.042665001 -0.686361015 0.725974023 -0.319406986 -0.691609979 0.647786021 -0.757652998 -0.526811004 -0.385174006 -0.894742012 -0.324014992 -0.307260007 -0.766014993 -0.397626013 -0.505051017 -0.757652998 -0.526811004 -0.385174006 -0.766014993 -0.397626013 -0.505051017 -0.54817301 -0.595111012 -0.587634027 -0.375957996 -0.137210995 0.916410029 -0.206396997 -0.0729700029 0.975737989 -0.215186 -0.0397350006 0.975737989 -0.375957996 -0.137210995 0.916410029 -0.215186 -0.0397350006 0.975737989 -0.345988005 -0.0627460033 0.93612498 0.573320985 0.00149499997 0.819299996 0.568437994 -0.0323799998 0.822076976 0.727621973 -0.0185860004 0.685689986 0.573320985 0.00149499997 0.819299996 0.727621973 -0.0185860004 0.685689986 0.724967003 0.000792999985 0.688772023 0.849207997 -0.0480669998 0.52580303 0.84701103 -0.0247200001 0.530960977 0.727621973 -0.0185860004 0.685689986 0.849207997 -0.0480669998 0.52580303 0.727621973 -0.0185860004 0.685689986 0.724967003 -0.0546279997 0.686574996 0.849207997 -0.0480669998 0.52580303 0.724967003 -0.0546279997 0.686574996 0.834590018 -0.0674759969 0.546709001 0.846767008 -0.00253299996 0.531907022 0.84701103 -0.0247200001 0.530960977 0.900906026 -0.0252390001 0.433209985 0.834590018 -0.0674759969 0.546709001 0.724967003 -0.0546279997 0.686574996 0.718894005 -0.0824000016 0.69017601 0.846767008 -0.00253299996 0.531907022 0.900906026 -0.0252390001 0.433209985 0.902370989 0.000214 0.430920988 0.84701103 -0.0247200001 0.530960977 0.849207997 -0.0480669998 0.52580303 0.902127028 -0.0655540004 0.426434994 0.84701103 -0.0247200001 0.530960977 0.902127028 -0.0655540004 0.426434994 0.900906026 -0.0252390001 0.433209985 0.849207997 -0.0480669998 0.52580303 0.834590018 -0.0674759969 0.546709001 0.897396982 -0.0769070014 0.434462011 -0.206396997 -0.0729700029 0.975737989 -0.226417005 -0.145482004 0.963073015 0.00225799996 -0.119938001 0.992766976 0.849207997 -0.0480669998 0.52580303 0.897396982 -0.0769070014 0.434462011 0.902127028 -0.0655540004 0.426434994 0.568437994 -0.0323799998 0.822076976 0.550370991 -0.061861001 0.832606018 0.724967003 -0.0546279997 0.686574996 0.718894005 -0.0824000016 0.69017601 0.698140979 -0.0771199986 0.711782992 0.834590018 -0.0674759969 0.546709001 0.568437994 -0.0323799998 0.822076976 0.573320985 0.00149499997 0.819299996 0.501601994 0.000823999988 0.865077972 0.568437994 -0.0323799998 0.822076976 0.724967003 -0.0546279997 0.686574996 0.727621973 -0.0185860004 0.685689986 0.568437994 -0.0323799998 0.822076976 0.501601994 0.000823999988 0.865077972 0.482832998 -0.0487990007 0.874324977 0.550370991 -0.061861001 0.832606018 0.548844993 -0.0490429997 0.834468007 0.718894005 -0.0824000016 0.69017601 -0.986175001 -0.0105590001 -0.165197 -0.998260021 -0.0583509989 0.00399800017 -0.999877989 0 -0.0135810003 0.550370991 -0.061861001 0.832606018 0.718894005 -0.0824000016 0.69017601 0.724967003 -0.0546279997 0.686574996 -0.986175001 -0.0105590001 -0.165197 -0.999877989 0 -0.0135810003 -0.986175001 0 -0.165684998 -0.967405975 -0.186773002 0.170965001 -0.993804991 -0.109104 0.0199289992 -0.969633996 -0.243171006 0.0254519992 -0.998260021 -0.0583509989 0.00399800017 -0.989654005 -0.0864280015 0.114444003 -0.995635986 0.00375399995 0.0930809975 -0.967405975 -0.186773002 0.170965001 -0.969633996 -0.243171006 0.0254519992 -0.924772024 -0.326029003 0.196112007 -0.998260021 -0.0583509989 0.00399800017 -0.995635986 0.00375399995 0.0930809975 -0.999877989 0 -0.0135810003 -0.835138977 -0.387982011 0.389813006 -0.646076977 -0.35157299 0.677450001 -0.67711401 -0.231056005 0.698629975 -0.835138977 -0.387982011 0.389813006 -0.67711401 -0.231056005 0.698629975 -0.893796027 -0.248542994 0.373241007 -0.441359013 -0.079806 0.893764973 -0.67711401 -0.231056005 0.698629975 -0.375957996 -0.137210995 0.916410029 -0.441359013 -0.079806 0.893764973 -0.375957996 -0.137210995 0.916410029 -0.345988005 -0.0627460033 0.93612498 -0.942228019 -0.122257002 0.31180799 -0.989654005 -0.0864280015 0.114444003 -0.967405975 -0.186773002 0.170965001 -0.942228019 -0.122257002 0.31180799 -0.967405975 -0.186773002 0.170965001 -0.893796027 -0.248542994 0.373241007 -0.345988005 -0.0627460033 0.93612498 -0.215186 -0.0397350006 0.975737989 -0.208868995 0.00131199998 0.977935016 -0.345988005 -0.0627460033 0.93612498 -0.208868995 0.00131199998 0.977935016 -0.323008001 -0.00213599997 0.946379006 -0.986175001 -0.0105590001 -0.165197 -0.979034007 -0.0850860029 -0.184942007 -0.998260021 -0.0583509989 0.00399800017 -0.989654005 -0.0864280015 0.114444003 -0.998260021 -0.0583509989 0.00399800017 -0.993804991 -0.109104 0.0199289992 -0.989654005 -0.0864280015 0.114444003 -0.993804991 -0.109104 0.0199289992 -0.967405975 -0.186773002 0.170965001 -0.646076977 -0.35157299 0.677450001 -0.388011992 -0.232336998 0.891873002 -0.375957996 -0.137210995 0.916410029 -0.646076977 -0.35157299 0.677450001 -0.375957996 -0.137210995 0.916410029 -0.67711401 -0.231056005 0.698629975 -0.388011992 -0.232336998 0.891873002 -0.226417005 -0.145482004 0.963073015 -0.206396997 -0.0729700029 0.975737989 -0.388011992 -0.232336998 0.891873002 -0.206396997 -0.0729700029 0.975737989 -0.375957996 -0.137210995 0.916410029 -0.924772024 -0.326029003 0.196112007 -0.835138977 -0.387982011 0.389813006 -0.893796027 -0.248542994 0.373241007 -0.924772024 -0.326029003 0.196112007 -0.893796027 -0.248542994 0.373241007 -0.967405975 -0.186773002 0.170965001 -0.646076977 -0.35157299 0.677450001 -0.835138977 -0.387982011 0.389813006 -0.702871978 -0.560258985 0.438246012 -0.646076977 -0.35157299 0.677450001 -0.702871978 -0.560258985 0.438246012 -0.606067002 -0.471358001 0.640675008 0.619036973 -0.68828398 0.378154993 0.709829986 -0.558641016 0.428968012 0.787254989 -0.604143977 0.123141997 0.619036973 -0.68828398 0.378154993 0.787254989 -0.604143977 0.123141997 0.713706017 -0.68453002 0.148380995 -0.778313994 -0.585588992 0.226356 -0.703787029 -0.55378902 0.444929004 -0.616504014 -0.691671014 0.376080006 -0.778313994 -0.585588992 0.226356 -0.616504014 -0.691671014 0.376080006 -0.674305975 -0.706595004 0.214393005 -0.664997995 -0.367350996 -0.65022701 -0.441053987 -0.505936027 -0.741263986 -0.54817301 -0.595111012 -0.587634027 -0.664997995 -0.367350996 -0.65022701 -0.54817301 -0.595111012 -0.587634027 -0.766014993 -0.397626013 -0.505051017 -0.0386970006 -0.957610011 -0.285409003 -0.0182809997 -0.960021019 -0.279244006 -0.0256050006 -0.920103014 -0.390758991 -0.0461749993 -0.981567025 -0.185430005 -0.078982003 -0.98052901 -0.179662004 -0.0765099972 -0.980407 -0.181371003 -0.0386970006 -0.957610011 -0.285409003 -0.0256050006 -0.920103014 -0.390758991 0.0483109988 -0.919064999 -0.391095012 -0.0461749993 -0.981567025 -0.185430005 -0.0765099972 -0.980407 -0.181371003 -0.0532240011 -0.981750011 -0.182561994 -0.046236001 -0.958006978 -0.282907009 -0.0386970006 -0.957610011 -0.285409003 0.0483109988 -0.919064999 -0.391095012 -0.046236001 -0.958006978 -0.282907009 0.0483109988 -0.919064999 -0.391095012 0.153447002 -0.905942023 -0.394573987 0.0512100011 -0.975706995 -0.212957993 0.069734998 -0.980224013 -0.185156003 0.0688799992 -0.980071008 -0.186193004 0.0512100011 -0.975706995 -0.212957993 0.0688799992 -0.980071008 -0.186193004 0.0504169986 -0.975401998 -0.214484006 -0.0876799971 -0.96301198 -0.254768997 -0.0785550028 -0.972654998 -0.218542993 0.00534099992 -0.968290985 -0.249702007 -0.0672629997 -0.958860993 -0.275673985 -0.0808129981 -0.964782 -0.250252008 0.00534099992 -0.968290985 -0.249702007 -0.0785550028 -0.972654998 -0.218542993 -0.0638749972 -0.970305979 -0.233253002 0.00534099992 -0.968290985 -0.249702007 -0.0808129981 -0.964782 -0.250252008 -0.107974 -0.966947973 -0.230903 0.00534099992 -0.968290985 -0.249702007 -0.0604880005 -0.968321979 -0.242194995 -0.0876799971 -0.96301198 -0.254768997 0.00534099992 -0.968290985 -0.249702007 0.937529027 -0.345225006 -0.0423600003 0.867457986 -0.334086001 -0.368602991 0.850153983 -0.332560003 -0.408124 -0.0638749972 -0.970305979 -0.233253002 -0.0672629997 -0.958860993 -0.275673985 0.00534099992 -0.968290985 -0.249702007 0.937529027 -0.345225006 -0.0423600003 0.850153983 -0.332560003 -0.408124 0.934720993 -0.343333006 -0.0913719982 -0.0212099999 0.943358004 -0.331003994 0.0220040008 0.947782993 -0.318064004 0.000792999985 0.97042799 -0.241339996 -0.0212099999 0.943358004 -0.331003994 0.000792999985 0.97042799 -0.241339996 -0.0454120003 0.961454988 -0.271156996 0.307321012 0.93304199 -0.186865002 0.0499590002 0.971342981 -0.232245997 0.068667002 0.958280981 -0.277413011 0.307321012 0.93304199 -0.186865002 0.068667002 0.958280981 -0.277413011 0.331919014 0.922604978 -0.196417004 -0.0587790012 0.936827004 -0.344767988 -0.330790013 0.847742975 -0.414563 -0.354961008 0.843684018 -0.402660996 -0.0587790012 0.936827004 -0.344767988 -0.354961008 0.843684018 -0.402660996 -0.0625929981 0.953245997 -0.295572013 0.0643640012 0.966582 -0.248115003 0.31092301 0.929991007 -0.196051002 0.318765998 0.922879994 -0.216010004 -0.0454120003 0.961454988 -0.271156996 0.000792999985 0.97042799 -0.241339996 0.00280799996 0.963407993 -0.26789099 0.0643640012 0.966582 -0.248115003 0.318765998 0.922879994 -0.216010004 0.0809350014 0.953428984 -0.290506005 -0.0454120003 0.961454988 -0.271156996 0.00280799996 0.963407993 -0.26789099 -0.0625929981 0.953245997 -0.295572013 0.31092301 0.929991007 -0.196051002 0.0643640012 0.966582 -0.248115003 0.0499590002 0.971342981 -0.232245997 -0.0860320032 0.925504029 -0.368755013 -0.391705006 0.811365008 -0.433851004 -0.330790013 0.847742975 -0.414563 0.31092301 0.929991007 -0.196051002 0.0499590002 0.971342981 -0.232245997 0.307321012 0.93304199 -0.186865002 -0.0860320032 0.925504029 -0.368755013 -0.330790013 0.847742975 -0.414563 -0.0587790012 0.936827004 -0.344767988 0.328898013 0.913755 -0.238410994 0.0918300003 0.945860028 -0.311228007 0.0809350014 0.953428984 -0.290506005 0.328898013 0.913755 -0.238410994 0.0809350014 0.953428984 -0.290506005 0.318765998 0.922879994 -0.216010004 -0.139500007 0.914578974 -0.379527986 0.00268599996 0.934202015 -0.356669992 -0.0132149998 0.915952027 -0.401044011 -0.139500007 0.914578974 -0.379527986 -0.0132149998 0.915952027 -0.401044011 -0.238838002 0.865993023 -0.439283013 -0.0167549998 0.905393004 -0.424207002 -0.406690001 0.790063024 -0.458631992 -0.238838002 0.865993023 -0.439283013 -0.0167549998 0.905393004 -0.424207002 -0.238838002 0.865993023 -0.439283013 -0.0132149998 0.915952027 -0.401044011 0.203832999 0.904630005 -0.374247998 0.142337993 0.930508971 -0.337413013 0.409345001 0.873347998 -0.263954997 0.203832999 0.904630005 -0.374247998 0.312052011 0.874415994 -0.371470988 -0.0167549998 0.905393004 -0.424207002 0.203832999 0.904630005 -0.374247998 0.409345001 0.873347998 -0.263954997 0.488204986 0.821406007 -0.294748008 0.203832999 0.904630005 -0.374247998 -0.0167549998 0.905393004 -0.424207002 -0.0132149998 0.915952027 -0.401044011 0.636555016 0.723685026 -0.266487986 0.756218016 0.605609 -0.247596994 0.474532008 0.713126004 -0.515945971 -0.269234002 0.72182399 -0.637531996 -0.406690001 0.790063024 -0.458631992 -0.0167549998 0.905393004 -0.424207002 0.636555016 0.723685026 -0.266487986 0.474532008 0.713126004 -0.515945971 0.312052011 0.874415994 -0.371470988 -0.269234002 0.72182399 -0.637531996 -0.0167549998 0.905393004 -0.424207002 -0.0233769994 0.831598997 -0.554826021 0.832544982 0.510146976 -0.215735003 0.927151978 0.319712013 -0.195226997 0.851252973 0.346964985 -0.393597007 0.832544982 0.510146976 -0.215735003 0.851252973 0.346964985 -0.393597007 0.691030979 0.557237029 -0.460341007 0.906368971 -0.000762999989 -0.422407001 0.934660017 0.180883005 -0.306039989 0.967162013 0.167180002 -0.191259995 0.906368971 -0.000762999989 -0.422407001 0.967162013 0.167180002 -0.191259995 0.981657982 0.0118720001 -0.190191001 -0.910184026 0 -0.414135993 -0.965422988 0 -0.260628015 -0.949126005 0.152927995 -0.275184989 -0.910184026 0 -0.414135993 -0.949126005 0.152927995 -0.275184989 -0.873806 0.170323998 -0.455428004 -0.894742012 0.324014992 -0.307260007 -0.768975019 0.397626013 -0.500533998 -0.873806 0.170323998 -0.455428004 -0.894742012 0.324014992 -0.307260007 -0.873806 0.170323998 -0.455428004 -0.949126005 0.152927995 -0.275184989 -0.029298 0.910977006 -0.411359012 -0.0274359994 0.919369996 -0.392376006 -0.0105900001 0.901151001 -0.433331996 -0.029298 0.910977006 -0.411359012 -0.0105900001 0.901151001 -0.433331996 -0.118320003 0.879634976 -0.460615993 0.495467991 0.839075983 -0.224555001 0.364849001 0.842921019 -0.395366997 0.726828992 0.671864986 -0.142398998 0.495467991 0.839075983 -0.224555001 0.726828992 0.671864986 -0.142398998 0.685934007 0.725425005 -0.0565509982 -0.0105900001 0.901151001 -0.433331996 0.0661950037 0.906156003 -0.417676002 0.0220040008 0.947782993 -0.318064004 -0.992401004 0.0736109987 0.0985440016 -0.995635986 0.00375399995 0.0930809975 -0.967803001 -6.09999988e-05 0.251655996 -0.0105900001 0.901151001 -0.433331996 0.0220040008 0.947782993 -0.318064004 -0.0212099999 0.943358004 -0.331003994 -0.992401004 0.0736109987 0.0985440016 -0.967803001 -6.09999988e-05 0.251655996 -0.945647001 0.117618002 0.303079009 -0.945647001 0.117618002 0.303079009 -0.868923008 0.146519005 0.472732008 -0.681356013 0.233161002 0.693808019 -0.945647001 0.117618002 0.303079009 -0.681356013 0.233161002 0.693808019 -0.883693993 0.257393003 0.390881002 0.847223997 0.0238959994 0.53065598 0.726737022 0.018677 0.686635971 0.724967003 0.000792999985 0.688772023 0.847223997 0.0238959994 0.53065598 0.724967003 0.000792999985 0.688772023 0.846767008 -0.00253299996 0.531907022 0.726828992 0.671864986 -0.142398998 0.774833977 0.618030012 0.132817 0.702840984 0.693898976 0.156406999 0.726828992 0.671864986 -0.142398998 0.702840984 0.693898976 0.156406999 0.685934007 0.725425005 -0.0565509982 -0.624957979 0.528519988 0.574510992 -0.528397977 0.688986003 0.496048003 -0.311075002 0.689444005 0.654102981 -0.624957979 0.528519988 0.574510992 -0.311075002 0.689444005 0.654102981 -0.365031987 0.515397012 0.775291979 -0.73277998 0.541459024 0.412061006 -0.627246976 0.679556012 0.380383015 -0.528397977 0.688986003 0.496048003 -0.73277998 0.541459024 0.412061006 -0.528397977 0.688986003 0.496048003 -0.624957979 0.528519988 0.574510992 -0.560045004 0.738059998 -0.376262993 -0.281533003 0.884732008 -0.371410012 -0.086153999 0.879146993 -0.468672991 -0.560045004 0.738059998 -0.376262993 -0.086153999 0.879146993 -0.468672991 -0.297037005 0.818232 -0.492172003 -0.301553011 -0.717826009 0.627490997 -0.301553011 -0.717826009 0.627490997 -0.301553011 -0.717826009 0.627490997 -0.769065976 0.62807101 -0.118412003 -0.737205029 0.658222973 -0.152469993 -0.281533003 0.884732008 -0.371410012 -0.769065976 0.62807101 -0.118412003 -0.281533003 0.884732008 -0.371410012 -0.560045004 0.738059998 -0.376262993 0.0470600016 0.91821003 -0.393261999 0.364849001 0.842921019 -0.395366997 0.184148997 0.931181014 -0.314554006 0.0470600016 0.91821003 -0.393261999 0.184148997 0.931181014 -0.314554006 0.0661950037 0.906156003 -0.417676002 -0.769065976 0.62807101 -0.118412003 -0.676077008 0.731833994 -0.0855130032 -0.645711005 0.730795979 0.221258998 -0.769065976 0.62807101 -0.118412003 -0.645711005 0.730795979 0.221258998 -0.780632973 0.583148003 0.224799007 -0.136784002 0.925809979 -0.352306008 -0.154180005 0.903989017 -0.398755014 -0.0212099999 0.943358004 -0.331003994 -0.136784002 0.925809979 -0.352306008 -0.0212099999 0.943358004 -0.331003994 -0.0454120003 0.961454988 -0.271156996 -0.0625929981 0.953245997 -0.295572013 0.00280799996 0.963407993 -0.26789099 0.0242619999 0.951139987 -0.307687998 -0.0625929981 0.953245997 -0.295572013 0.0242619999 0.951139987 -0.307687998 -0.0587790012 0.936827004 -0.344767988 -0.354961008 0.843684018 -0.402660996 -0.157932997 0.920530021 -0.357250005 -0.0454120003 0.961454988 -0.271156996 -0.0860320032 0.925504029 -0.368755013 0.0252689999 0.943998992 -0.328898013 0.00268599996 0.934202015 -0.356669992 -0.354961008 0.843684018 -0.402660996 -0.0454120003 0.961454988 -0.271156996 -0.0625929981 0.953245997 -0.295572013 -0.238838002 0.865993023 -0.439283013 -0.616564989 0.641193986 -0.456800997 -0.391705006 0.811365008 -0.433851004 -0.0860320032 0.925504029 -0.368755013 0.00268599996 0.934202015 -0.356669992 -0.139500007 0.914578974 -0.379527986 -0.238838002 0.865993023 -0.439283013 -0.391705006 0.811365008 -0.433851004 -0.139500007 0.914578974 -0.379527986 -0.406690001 0.790063024 -0.458631992 -0.774316013 0.50453198 -0.381877989 -0.616564989 0.641193986 -0.456800997 -0.538407981 0.599017024 -0.592639029 -0.774316013 0.50453198 -0.381877989 -0.406690001 0.790063024 -0.458631992 -0.406690001 0.790063024 -0.458631992 -0.616564989 0.641193986 -0.456800997 -0.238838002 0.865993023 -0.439283013 -0.538407981 0.599017024 -0.592639029 -0.406690001 0.790063024 -0.458631992 -0.269234002 0.72182399 -0.637531996 -0.0454120003 0.961454988 -0.271156996 -0.157932997 0.920530021 -0.357250005 -0.136784002 0.925809979 -0.352306008 0.0499590002 0.971342981 -0.232245997 0.000792999985 0.97042799 -0.241339996 0.0220040008 0.947782993 -0.318064004 0.0809350014 0.953428984 -0.290506005 0.0242619999 0.951139987 -0.307687998 0.00280799996 0.963407993 -0.26789099 0.0499590002 0.971342981 -0.232245997 0.0220040008 0.947782993 -0.318064004 0.068667002 0.958280981 -0.277413011 0.0809350014 0.953428984 -0.290506005 0.00280799996 0.963407993 -0.26789099 0.0643640012 0.966582 -0.248115003 0.0282569993 0.971857011 -0.233871996 0.0282569993 0.971857011 -0.233871996 0.0282569993 0.971857011 -0.233871996 0.0282569993 0.971857011 -0.233871996 0.0282569993 0.971857011 -0.233871996 0.0282569993 0.971857011 -0.233871996 0.0918300003 0.945860028 -0.311228007 0.0252689999 0.943998992 -0.328898013 0.0242619999 0.951139987 -0.307687998 -0.0132149998 0.915952027 -0.401044011 0.00268599996 0.934202015 -0.356669992 0.142337993 0.930508971 -0.337413013 0.0918300003 0.945860028 -0.311228007 0.0242619999 0.951139987 -0.307687998 0.0809350014 0.953428984 -0.290506005 0.488204986 0.821406007 -0.294748008 0.636555016 0.723685026 -0.266487986 0.312052011 0.874415994 -0.371470988 -0.0132149998 0.915952027 -0.401044011 0.142337993 0.930508971 -0.337413013 0.203832999 0.904630005 -0.374247998 0.430830002 0.512435973 0.742789984 0.432020009 0.580096006 0.690512002 0.234779 0.568162978 0.788689971 0.488204986 0.821406007 -0.294748008 0.312052011 0.874415994 -0.371470988 0.203832999 0.904630005 -0.374247998 -0.365031987 0.515397012 0.775291979 -0.357524008 0.566972971 0.742057979 -0.619709015 0.576463997 0.53254801 0.430830002 0.512435973 0.742789984 0.234779 0.568162978 0.788689971 0.238075003 0.502487004 0.831140995 -0.365031987 0.515397012 0.775291979 -0.619709015 0.576463997 0.53254801 -0.624957979 0.528519988 0.574510992 -0.73277998 0.541459024 0.412061006 -0.721487999 0.591234982 0.360332012 -0.773522019 0.611285985 0.167150006 -0.73277998 0.541459024 0.412061006 -0.773522019 0.611285985 0.167150006 -0.780632973 0.583148003 0.224799007 -0.297037005 0.818232 -0.492172003 -0.344309986 0.825982988 -0.446271986 -0.535081029 0.774957001 -0.336282998 -0.560045004 0.738059998 -0.376262993 -0.297037005 0.818232 -0.492172003 -0.535081029 0.774957001 -0.336282998 -0.560045004 0.738059998 -0.376262993 -0.535081029 0.774957001 -0.336282998 -0.676077008 0.731833994 -0.0855130032 -0.560045004 0.738059998 -0.376262993 -0.676077008 0.731833994 -0.0855130032 -0.769065976 0.62807101 -0.118412003 0.184148997 0.931181014 -0.314554006 0.495467991 0.839075983 -0.224555001 0.331919014 0.922604978 -0.196417004 -0.780632973 0.583148003 0.224799007 -0.773522019 0.611285985 0.167150006 -0.737205029 0.658222973 -0.152469993 0.184148997 0.931181014 -0.314554006 0.331919014 0.922604978 -0.196417004 0.068667002 0.958280981 -0.277413011 -0.780632973 0.583148003 0.224799007 -0.737205029 0.658222973 -0.152469993 -0.769065976 0.62807101 -0.118412003 0.312052011 0.874415994 -0.371470988 0.474532008 0.713126004 -0.515945971 0.212347999 0.815057993 -0.539048016 0.153447002 0.905942023 -0.394573987 0.364849001 0.842921019 -0.395366997 0.0470600016 0.91821003 -0.393261999 -0.0233769994 0.831598997 -0.554826021 -0.0167549998 0.905393004 -0.424207002 0.312052011 0.874415994 -0.371470988 -0.0233769994 0.831598997 -0.554826021 0.312052011 0.874415994 -0.371470988 0.212347999 0.815057993 -0.539048016 0.328898013 0.913755 -0.238410994 0.409345001 0.873347998 -0.263954997 0.142337993 0.930508971 -0.337413013 -0.0587790012 0.936827004 -0.344767988 0.0242619999 0.951139987 -0.307687998 0.0252689999 0.943998992 -0.328898013 0.328898013 0.913755 -0.238410994 0.142337993 0.930508971 -0.337413013 0.0918300003 0.945860028 -0.311228007 -0.0587790012 0.936827004 -0.344767988 0.0252689999 0.943998992 -0.328898013 -0.0860320032 0.925504029 -0.368755013 0.142337993 0.930508971 -0.337413013 0.00268599996 0.934202015 -0.356669992 0.0252689999 0.943998992 -0.328898013 0.142337993 0.930508971 -0.337413013 0.0252689999 0.943998992 -0.328898013 0.0918300003 0.945860028 -0.311228007 -0.391705006 0.811365008 -0.433851004 -0.0860320032 0.925504029 -0.368755013 -0.139500007 0.914578974 -0.379527986 -0.0274359994 0.919369996 -0.392376006 0.0470600016 0.91821003 -0.393261999 0.0661950037 0.906156003 -0.417676002 -0.0274359994 0.919369996 -0.392376006 0.0661950037 0.906156003 -0.417676002 -0.0105900001 0.901151001 -0.433331996 0.0661950037 0.906156003 -0.417676002 0.184148997 0.931181014 -0.314554006 0.068667002 0.958280981 -0.277413011 0.0661950037 0.906156003 -0.417676002 0.068667002 0.958280981 -0.277413011 0.0220040008 0.947782993 -0.318064004 0.495467991 0.839075983 -0.224555001 0.184148997 0.931181014 -0.314554006 0.364849001 0.842921019 -0.395366997 -0.118320003 0.879634976 -0.460615993 -0.154180005 0.903989017 -0.398755014 -0.344309986 0.825982988 -0.446271986 -0.118320003 0.879634976 -0.460615993 -0.344309986 0.825982988 -0.446271986 -0.297037005 0.818232 -0.492172003 -0.297037005 0.818232 -0.492172003 -0.086153999 0.879146993 -0.468672991 -0.029298 0.910977006 -0.411359012 -0.297037005 0.818232 -0.492172003 -0.029298 0.910977006 -0.411359012 -0.118320003 0.879634976 -0.460615993 -0.0105900001 0.901151001 -0.433331996 -0.0212099999 0.943358004 -0.331003994 -0.154180005 0.903989017 -0.398755014 -0.0105900001 0.901151001 -0.433331996 -0.154180005 0.903989017 -0.398755014 -0.118320003 0.879634976 -0.460615993 0.691030979 0.557237029 -0.460341007 0.474532008 0.713126004 -0.515945971 0.756218016 0.605609 -0.247596994 0.691030979 0.557237029 -0.460341007 0.756218016 0.605609 -0.247596994 0.832544982 0.510146976 -0.215735003 0.934660017 0.180883005 -0.306039989 0.851252973 0.346964985 -0.393597007 0.927151978 0.319712013 -0.195226997 0.934660017 0.180883005 -0.306039989 0.927151978 0.319712013 -0.195226997 0.967162013 0.167180002 -0.191259995 -0.365031987 0.515397012 0.775291979 -0.311075002 0.689444005 0.654102981 -0.0455030017 0.69304502 0.719412982 -0.365031987 0.515397012 0.775291979 -0.0455030017 0.69304502 0.719412982 -0.0465099998 0.514786005 0.856043994 -0.774316013 0.50453198 -0.381877989 -0.538407981 0.599017024 -0.592639029 -0.768975019 0.397626013 -0.500533998 -0.774316013 0.50453198 -0.381877989 -0.768975019 0.397626013 -0.500533998 -0.894742012 0.324014992 -0.307260007 -0.376201987 0.149906993 0.914304018 -0.340465009 0.0556659997 0.938597023 -0.213110998 0.0404370017 0.976164997 -0.376201987 0.149906993 0.914304018 -0.213110998 0.0404370017 0.976164997 -0.209905997 0.0632039979 0.975646019 0.573320985 0.00149499997 0.819299996 0.724967003 0.000792999985 0.688772023 0.726737022 0.018677 0.686635971 0.573320985 0.00149499997 0.819299996 0.726737022 0.018677 0.686635971 0.572831988 0.0271610003 0.819177985 0.848932981 0.0504469983 0.52601701 0.724906027 0.0531940013 0.686757982 0.726737022 0.018677 0.686635971 0.848932981 0.0504469983 0.52601701 0.726737022 0.018677 0.686635971 0.847223997 0.0238959994 0.53065598 0.902370989 0.000214 0.430920988 0.914273977 -0.00512700016 0.404980987 0.912320018 0.0168159995 0.409069985 0.902370989 0.000214 0.430920988 0.912320018 0.0168159995 0.409069985 0.900295973 0.0264599994 0.434430987 0.846767008 -0.00253299996 0.531907022 0.902370989 0.000214 0.430920988 0.900295973 0.0264599994 0.434430987 0.846767008 -0.00253299996 0.531907022 0.900295973 0.0264599994 0.434430987 0.847223997 0.0238959994 0.53065598 0.847223997 0.0238959994 0.53065598 0.900295973 0.0264599994 0.434430987 0.903133988 0.0639059991 0.424542993 0.847223997 0.0238959994 0.53065598 0.903133988 0.0639059991 0.424542993 0.848932981 0.0504469983 0.52601701 -0.209905997 0.0632039979 0.975646019 0.00564600015 0.119694002 0.992766976 -0.235541999 0.130711004 0.96301198 0.572831988 0.0271610003 0.819177985 0.726737022 0.018677 0.686635971 0.724906027 0.0531940013 0.686757982 0.724906027 0.0531940013 0.686757982 0.718894005 0.0827969983 0.690146029 0.551560998 0.0609150007 0.831874013 0.724906027 0.0531940013 0.686757982 0.551560998 0.0609150007 0.831874013 0.572831988 0.0271610003 0.819177985 -0.98605299 0.0101319999 -0.165959999 -0.986175001 0 -0.165684998 -0.999877989 0 -0.0135810003 0.551560998 0.0609150007 0.831874013 0.718894005 0.0827969983 0.690146029 0.553727984 0.044160001 0.831507027 -0.98605299 0.0101319999 -0.165959999 -0.999877989 0 -0.0135810003 -0.998718023 0.0496539995 0.00720199989 -0.970915973 0.173283994 0.165166005 -0.921872973 0.336131006 0.192662999 -0.971862018 0.233282998 0.0317390002 -0.970915973 0.173283994 0.165166005 -0.971862018 0.233282998 0.0317390002 -0.994171023 0.105411001 0.0213019997 -0.952085972 0.093264997 -0.291177005 -0.978331983 0.0979029983 -0.182286993 -0.978667974 0.163243994 -0.124577001 -0.998718023 0.0496539995 0.00720199989 -0.999877989 0 -0.0135810003 -0.995635986 0.00375399995 0.0930809975 -0.998718023 0.0496539995 0.00720199989 -0.995635986 0.00375399995 0.0930809975 -0.992401004 0.0736109987 0.0985440016 -0.827723026 0.397289991 0.396221995 -0.883693993 0.257393003 0.390881002 -0.681356013 0.233161002 0.693808019 -0.827723026 0.397289991 0.396221995 -0.681356013 0.233161002 0.693808019 -0.65486598 0.349651009 0.669942021 -0.945647001 0.117618002 0.303079009 -0.883693993 0.257393003 0.390881002 -0.970915973 0.173283994 0.165166005 -0.945647001 0.117618002 0.303079009 -0.970915973 0.173283994 0.165166005 -0.992401004 0.0736109987 0.0985440016 -0.945647001 0.117618002 0.303079009 -0.967803001 -6.09999988e-05 0.251655996 -0.914883971 0 0.403699011 -0.945647001 0.117618002 0.303079009 -0.914883971 0 0.403699011 -0.868923008 0.146519005 0.472732008 -0.213110998 0.0404370017 0.976164997 -0.208868995 0.00131199998 0.977935016 -0.201940998 0 0.979368985 -0.340465009 0.0556659997 0.938597023 -0.323008001 -0.00213599997 0.946379006 -0.208868995 0.00131199998 0.977935016 -0.213110998 0.0404370017 0.976164997 -0.201940998 0 0.979368985 -0.202062994 0.066866003 0.977081001 -0.98605299 0.0101319999 -0.165959999 -0.998718023 0.0496539995 0.00720199989 -0.978331983 0.0979029983 -0.182286993 -0.340465009 0.0556659997 0.938597023 -0.208868995 0.00131199998 0.977935016 -0.213110998 0.0404370017 0.976164997 -0.98605299 0.0101319999 -0.165959999 -0.978331983 0.0979029983 -0.182286993 -0.952085972 0.093264997 -0.291177005 -0.98605299 0.0101319999 -0.165959999 -0.952085972 0.093264997 -0.291177005 -0.964019001 0.0211800002 -0.264930993 -0.992401004 0.0736109987 0.0985440016 -0.970915973 0.173283994 0.165166005 -0.994171023 0.105411001 0.0213019997 -0.992401004 0.0736109987 0.0985440016 -0.994171023 0.105411001 0.0213019997 -0.998718023 0.0496539995 0.00720199989 -0.65486598 0.349651009 0.669942021 -0.681356013 0.233161002 0.693808019 -0.376201987 0.149906993 0.914304018 -0.65486598 0.349651009 0.669942021 -0.376201987 0.149906993 0.914304018 -0.385601014 0.255744994 0.886502028 -0.385601014 0.255744994 0.886502028 -0.376201987 0.149906993 0.914304018 -0.209905997 0.0632039979 0.975646019 -0.921872973 0.336131006 0.192662999 -0.970915973 0.173283994 0.165166005 -0.883693993 0.257393003 0.390881002 -0.385601014 0.255744994 0.886502028 -0.209905997 0.0632039979 0.975646019 -0.235541999 0.130711004 0.96301198 -0.921872973 0.336131006 0.192662999 -0.883693993 0.257393003 0.390881002 -0.827723026 0.397289991 0.396221995 -0.65486598 0.349651009 0.669942021 -0.593950987 0.474043995 0.649953008 -0.714011014 0.54914999 0.434217006 -0.65486598 0.349651009 0.669942021 -0.714011014 0.54914999 0.434217006 -0.827723026 0.397289991 0.396221995 0.430830002 0.512435973 0.742789984 0.57969898 0.525285006 0.622883022 0.558519006 0.591784 0.581194997 0.430830002 0.512435973 0.742789984 0.558519006 0.591784 0.581194997 0.432020009 0.580096006 0.690512002 0.60670799 0.700644016 0.375468999 0.702840984 0.693898976 0.156406999 0.774833977 0.618030012 0.132817 0.60670799 0.700644016 0.375468999 0.774833977 0.618030012 0.132817 0.734703004 0.538834989 0.412061006 -0.780632973 0.583148003 0.224799007 -0.645711005 0.730795979 0.221258998 -0.627246976 0.679556012 0.380383015 -0.780632973 0.583148003 0.224799007 -0.627246976 0.679556012 0.380383015 -0.73277998 0.541459024 0.412061006 -0.624957979 0.528519988 0.574510992 -0.619709015 0.576463997 0.53254801 -0.721487999 0.591234982 0.360332012 -0.994171023 0.105411001 0.0213019997 -0.978667974 0.163243994 -0.124577001 -0.978331983 0.0979029983 -0.182286993 -0.624957979 0.528519988 0.574510992 -0.721487999 0.591234982 0.360332012 -0.73277998 0.541459024 0.412061006 -0.994171023 0.105411001 0.0213019997 -0.978331983 0.0979029983 -0.182286993 -0.998718023 0.0496539995 0.00720199989 0.327921003 0.632282019 -0.701865017 0.474532008 0.713126004 -0.515945971 0.691030979 0.557237029 -0.460341007 0.327921003 0.632282019 -0.701865017 0.691030979 0.557237029 -0.460341007 0.508895993 0.529069006 -0.67900598 0.75515002 0.332102001 -0.565141976 0.851252973 0.346964985 -0.393597007 0.934660017 0.180883005 -0.306039989 0.75515002 0.332102001 -0.565141976 0.934660017 0.180883005 -0.306039989 0.898464978 0.187077999 -0.397136986 0.156255007 0.690451026 -0.706259012 0.212347999 0.815057993 -0.539048016 0.474532008 0.713126004 -0.515945971 0.156255007 0.690451026 -0.706259012 0.474532008 0.713126004 -0.515945971 0.327921003 0.632282019 -0.701865017 0.508895993 0.529069006 -0.67900598 0.691030979 0.557237029 -0.460341007 0.851252973 0.346964985 -0.393597007 0.508895993 0.529069006 -0.67900598 0.851252973 0.346964985 -0.393597007 0.75515002 0.332102001 -0.565141976 -0.354106009 -0.751914978 0.556016982 0.0748310015 -0.915341973 0.395610988 0.0329909995 -0.975036025 0.219549999 -0.354106009 -0.751914978 0.556016982 0.0329909995 -0.975036025 0.219549999 -0.328074008 -0.875118017 0.355632007 -0.53154099 -0.484236985 0.694936991 -0.544144988 -0.427778006 0.72173202 -0.354106009 -0.751914978 0.556016982 -0.53154099 -0.484236985 0.694936991 -0.354106009 -0.751914978 0.556016982 -0.328074008 -0.875118017 0.355632007 -0.0876799971 0.96301198 -0.254768997 0.00518799992 0.968261003 -0.249794006 -0.0785550028 0.972654998 -0.218542993 0.014618 0.963438988 -0.267495006 0.00518799992 0.968261003 -0.249794006 0.0758080035 0.967040002 -0.242957994 -0.107974 0.966947973 -0.230903 0.00518799992 0.968261003 -0.249794006 -0.0721459985 0.96844399 -0.238441005 0.0758080035 0.967040002 -0.242957994 0.00518799992 0.968261003 -0.249794006 0.112917997 0.967803001 -0.224921003 -0.0721459985 0.96844399 -0.238441005 0.00518799992 0.968261003 -0.249794006 0.014618 0.963438988 -0.267495006 0.0853909999 0.960996985 -0.263009012 0.00518799992 0.968261003 -0.249794006 0.0965609998 0.961058021 -0.258827001 -0.434156001 0.000579999993 0.90081501 -0.428479999 -0.134587005 0.893459976 -0.428541005 -0.133792996 0.893550992 0.884609997 0 0.466262013 0.884609997 0 0.466262013 0.884609997 0 0.466262013 0.884609997 0 0.466262013 0.884609997 0 0.466262013 0.884609997 0 0.466262013 0.884609997 0 0.466262013 0.884609997 0 0.466262013 0.884609997 0 0.466262013 0.884609997 0 0.466262013 0.884609997 0 0.466262013 0.884609997 0 0.466262013 0.884609997 0 0.466262013 0.884609997 0 0.466262013 0.884609997 0 0.466262013 0.884609997 0 0.466262013 0.884609997 0 0.466262013 0.884609997 0 0.466262013 0.884609997 0 0.466262013 0.884609997 0 0.466262013 0.884609997 0 0.466262013 -0.606067002 -0.471358001 0.640675008 -0.426283002 -0.368725002 0.825982988 -0.388011992 -0.232336998 0.891873002 -0.606067002 -0.471358001 0.640675008 -0.388011992 -0.232336998 0.891873002 -0.646076977 -0.35157299 0.677450001 -0.942228019 -0.122257002 0.31180799 -0.893796027 -0.248542994 0.373241007 -0.67711401 -0.231056005 0.698629975 -0.942228019 -0.122257002 0.31180799 -0.67711401 -0.231056005 0.698629975 -0.864253998 -0.142064005 0.482528001 0.00225799996 -0.119938001 0.992766976 -0.00549300015 -0.100313999 0.994934022 -0.144382998 -0.0720240027 0.986877024 0.00225799996 -0.119938001 0.992766976 -0.144382998 -0.0720240027 0.986877024 -0.206396997 -0.0729700029 0.975737989 -0.426283002 -0.368725002 0.825982988 -0.226875007 -0.195776001 0.954038978 -0.226417005 -0.145482004 0.963073015 -0.426283002 -0.368725002 0.825982988 -0.226417005 -0.145482004 0.963073015 -0.388011992 -0.232336998 0.891873002 0.237037003 -0.0860010013 0.967680991 -0.00549300015 -0.100313999 0.994934022 0.00225799996 -0.119938001 0.992766976 0.237037003 -0.0860010013 0.967680991 0.00225799996 -0.119938001 0.992766976 0.226417005 -0.0966219977 0.969206989 0.226417005 -0.0966219977 0.969206989 0.221441999 -0.102573 0.969756007 0.380322009 -0.0443129987 0.923765004 0.226417005 -0.0966219977 0.969206989 0.380322009 -0.0443129987 0.923765004 0.391948998 -0.0535599999 0.918393016 0.482832998 -0.0487990007 0.874324977 0.417676002 -0.0650350004 0.90624702 0.550370991 -0.061861001 0.832606018 0.482832998 -0.0487990007 0.874324977 0.550370991 -0.061861001 0.832606018 0.568437994 -0.0323799998 0.822076976 0.237800002 -0.502182007 0.831385016 0.189673007 -0.703391016 0.685018003 -0.042665001 -0.686361015 0.725974023 0.237800002 -0.502182007 0.831385016 -0.042665001 -0.686361015 0.725974023 -0.0452889986 -0.516220987 0.85522002 -0.769921005 -0.626881003 -0.119083002 -0.554582 -0.735405028 -0.389324993 -0.281533003 -0.884732008 -0.371410012 -0.769921005 -0.626881003 -0.119083002 -0.281533003 -0.884732008 -0.371410012 -0.737205029 -0.658222973 -0.152469993 0.399120986 -0.830560982 -0.388379008 0.693135977 -0.707540989 -0.137425005 0.374949992 -0.896450996 -0.236183003 0.374949992 -0.896450996 -0.236183003 0.693135977 -0.707540989 -0.137425005 0.787254989 -0.604143977 0.123141997 0.399120986 -0.830560982 -0.388379008 0.374949992 -0.896450996 -0.236183003 0.153447002 -0.905942023 -0.394573987 0.705313027 -0.595111012 0.385174006 0.709829986 -0.558641016 0.428968012 0.574998975 -0.522934973 0.629170001 0.374949992 -0.896450996 -0.236183003 0.787254989 -0.604143977 0.123141997 0.805505991 -0.590471983 0.0493180007 0.432233989 -0.508713007 0.744530022 0.237800002 -0.502182007 0.831385016 0.234779 -0.568162978 0.788689971 0.705313027 -0.595111012 0.385174006 0.574998975 -0.522934973 0.629170001 0.558274984 -0.591968 0.581255972 -0.0452889986 -0.516220987 0.85522002 -0.367321014 -0.512374997 0.776207983 -0.358806014 -0.565232992 0.742789984 0.432233989 -0.508713007 0.744530022 0.234779 -0.568162978 0.788689971 0.432020009 -0.580096006 0.690512002 -0.367321014 -0.512374997 0.776207983 -0.599566996 -0.528061986 0.601337016 -0.619709015 -0.576463997 0.53254801 -0.0452889986 -0.516220987 0.85522002 -0.358806014 -0.565232992 0.742789984 -0.0285039991 -0.573472977 0.818690002 -0.367321014 -0.512374997 0.776207983 -0.619709015 -0.576463997 0.53254801 -0.358806014 -0.565232992 0.742789984 -0.703787029 -0.55378902 0.444929004 -0.778313994 -0.585588992 0.226356 -0.773522019 -0.611285985 0.167150006 -0.703787029 -0.55378902 0.444929004 -0.773522019 -0.611285985 0.167150006 -0.721487999 -0.591234982 0.360332012 -0.778313994 -0.585588992 0.226356 -0.769921005 -0.626881003 -0.119083002 -0.737205029 -0.658222973 -0.152469993 -0.778313994 -0.585588992 0.226356 -0.737205029 -0.658222973 -0.152469993 -0.773522019 -0.611285985 0.167150006 -0.0452889986 -0.516220987 0.85522002 -0.0285039991 -0.573472977 0.818690002 0.234779 -0.568162978 0.788689971 -0.0452889986 -0.516220987 0.85522002 0.234779 -0.568162978 0.788689971 0.237800002 -0.502182007 0.831385016 0.897396982 -0.0769070014 0.434462011 0.913755 -0.0599690005 0.401775986 0.902127028 -0.0655540004 0.426434994 -0.215186 -0.0397350006 0.975737989 -0.206396997 -0.0729700029 0.975737989 -0.144382998 -0.0720240027 0.986877024 -0.215186 -0.0397350006 0.975737989 -0.144382998 -0.0720240027 0.986877024 -0.192267001 -0.0302130003 0.980865002 0.902370989 0.000214 0.430920988 0.900906026 -0.0252390001 0.433209985 0.913021982 -0.0160530005 0.407514006 0.902370989 0.000214 0.430920988 0.913021982 -0.0160530005 0.407514006 0.914273977 -0.00512700016 0.404980987 0.900906026 -0.0252390001 0.433209985 0.902127028 -0.0655540004 0.426434994 0.913755 -0.0599690005 0.401775986 0.900906026 -0.0252390001 0.433209985 0.913755 -0.0599690005 0.401775986 0.913021982 -0.0160530005 0.407514006 0.550370991 -0.061861001 0.832606018 0.417676002 -0.0650350004 0.90624702 0.391948998 -0.0535599999 0.918393016 0.550370991 -0.061861001 0.832606018 0.391948998 -0.0535599999 0.918393016 0.548844993 -0.0490429997 0.834468007 0.221441999 -0.102573 0.969756007 0.226417005 -0.0966219977 0.969206989 0.00225799996 -0.119938001 0.992766976 0.221441999 -0.102573 0.969756007 0.00225799996 -0.119938001 0.992766976 0 -0.149083003 0.988799989 0.237037003 -0.0860010013 0.967680991 0.226417005 -0.0966219977 0.969206989 0.391948998 -0.0535599999 0.918393016 0.237037003 -0.0860010013 0.967680991 0.391948998 -0.0535599999 0.918393016 0.417676002 -0.0650350004 0.90624702 0.524796009 -0.0286570005 0.850733995 0.548844993 -0.0490429997 0.834468007 0.391948998 -0.0535599999 0.918393016 0.524796009 -0.0286570005 0.850733995 0.391948998 -0.0535599999 0.918393016 0.380322009 -0.0443129987 0.923765004 0.548844993 -0.0490429997 0.834468007 0.524796009 -0.0286570005 0.850733995 0.698140979 -0.0771199986 0.711782992 0.548844993 -0.0490429997 0.834468007 0.698140979 -0.0771199986 0.711782992 0.718894005 -0.0824000016 0.69017601 -0.966063023 -0.0254829992 -0.257027 -0.986175001 -0.0105590001 -0.165197 -0.986175001 0 -0.165684998 -0.966063023 -0.0254829992 -0.257027 -0.986175001 0 -0.165684998 -0.968963027 0 -0.247139007 -0.951048017 -0.0910060033 -0.295327991 -0.986815989 -0.119846001 -0.108736999 -0.979034007 -0.0850860029 -0.184942007 -0.835138977 -0.387982011 0.389813006 -0.924772024 -0.326029003 0.196112007 -0.868098974 -0.437238991 0.234900996 -0.835138977 -0.387982011 0.389813006 -0.868098974 -0.437238991 0.234900996 -0.702871978 -0.560258985 0.438246012 -0.942228019 -0.122257002 0.31180799 -0.864253998 -0.142064005 0.482528001 -0.914883971 0 0.403699011 -0.942228019 -0.122257002 0.31180799 -0.914883971 0 0.403699011 -0.967803001 -6.09999988e-05 0.251655996 -0.215186 -0.0397350006 0.975737989 -0.192267001 -0.0302130003 0.980865002 -0.201940998 0 0.979368985 -0.215186 -0.0397350006 0.975737989 -0.201940998 0 0.979368985 -0.208868995 0.00131199998 0.977935016 -0.986175001 -0.0105590001 -0.165197 -0.966063023 -0.0254829992 -0.257027 -0.951048017 -0.0910060033 -0.295327991 -0.986175001 -0.0105590001 -0.165197 -0.951048017 -0.0910060033 -0.295327991 -0.979034007 -0.0850860029 -0.184942007 -0.441359013 -0.079806 0.893764973 -0.345988005 -0.0627460033 0.93612498 -0.323008001 -0.00213599997 0.946379006 -0.441359013 -0.079806 0.893764973 -0.323008001 -0.00213599997 0.946379006 -0.42286399 0.00192299997 0.906185985 -0.924772024 -0.326029003 0.196112007 -0.969633996 -0.243171006 0.0254519992 -0.924099982 -0.379345 0.0455950014 -0.924772024 -0.326029003 0.196112007 -0.924099982 -0.379345 0.0455950014 -0.868098974 -0.437238991 0.234900996 -0.985625982 -0.154606998 -0.0678120032 -0.924099982 -0.379345 0.0455950014 -0.969633996 -0.243171006 0.0254519992 0.00225799996 -0.119938001 0.992766976 -0.226417005 -0.145482004 0.963073015 -0.226875007 -0.195776001 0.954038978 0.00225799996 -0.119938001 0.992766976 -0.226875007 -0.195776001 0.954038978 0 -0.149083003 0.988799989 0.237800002 -0.502182007 0.831385016 0.432233989 -0.508713007 0.744530022 0.475050986 -0.44709599 0.757897019 0.237800002 -0.502182007 0.831385016 0.475050986 -0.44709599 0.757897019 0.189673007 -0.703391016 0.685018003 0.432233989 -0.508713007 0.744530022 0.432020009 -0.580096006 0.690512002 0.558274984 -0.591968 0.581255972 0.432233989 -0.508713007 0.744530022 0.558274984 -0.591968 0.581255972 0.574998975 -0.522934973 0.629170001 0.709829986 -0.558641016 0.428968012 0.705313027 -0.595111012 0.385174006 0.805505991 -0.590471983 0.0493180007 0.709829986 -0.558641016 0.428968012 0.805505991 -0.590471983 0.0493180007 0.787254989 -0.604143977 0.123141997 -0.599566996 -0.528061986 0.601337016 -0.703787029 -0.55378902 0.444929004 -0.721487999 -0.591234982 0.360332012 -0.599566996 -0.528061986 0.601337016 -0.721487999 -0.591234982 0.360332012 -0.619709015 -0.576463997 0.53254801 -0.993804991 -0.109104 0.0199289992 -0.986815989 -0.119846001 -0.108736999 -0.985625982 -0.154606998 -0.0678120032 -0.993804991 -0.109104 0.0199289992 -0.985625982 -0.154606998 -0.0678120032 -0.969633996 -0.243171006 0.0254519992 -0.993804991 -0.109104 0.0199289992 -0.998260021 -0.0583509989 0.00399800017 -0.979034007 -0.0850860029 -0.184942007 -0.993804991 -0.109104 0.0199289992 -0.979034007 -0.0850860029 -0.184942007 -0.986815989 -0.119846001 -0.108736999 -0.426283002 -0.368725002 0.825982988 -0.606067002 -0.471358001 0.640675008 -0.702871978 -0.560258985 0.438246012 -0.0556959994 -0.718618989 -0.693135977 0.156011 -0.689595997 -0.707175016 0.216956005 -0.811761975 -0.542131007 -0.441053987 -0.505936027 -0.741263986 -0.208075002 -0.567185998 -0.796837986 -0.298837006 -0.718039989 -0.628558993 -0.0556959994 -0.718618989 -0.693135977 0.216956005 -0.811761975 -0.542131007 -0.0253609996 -0.831934988 -0.554277003 -0.441053987 -0.505936027 -0.741263986 -0.298837006 -0.718039989 -0.628558993 -0.54817301 -0.595111012 -0.587634027 0.318430007 -0.617756009 -0.71895498 0.514572978 -0.546097994 -0.661031008 0.530472994 -0.500136971 -0.684408009 0.737083018 -0.324380994 -0.592822015 0.924528003 -0.210334003 -0.317728013 0.941434979 -0.190679997 -0.278053999 0.318430007 -0.617756009 -0.71895498 0.530472994 -0.500136971 -0.684408009 0.469924003 -0.704764009 -0.53144902 -0.831843019 0 -0.554979026 -0.780694008 -0.173223004 -0.600390971 -0.876704991 -0.170385003 -0.449811995 0.737083018 -0.324380994 -0.592822015 0.941434979 -0.190679997 -0.278053999 0.838038027 -0.338694006 -0.427717 -0.831843019 0 -0.554979026 -0.876704991 -0.170385003 -0.449811995 -0.910184026 0 -0.414135993 -0.780694008 -0.173223004 -0.600390971 -0.664997995 -0.367350996 -0.65022701 -0.766014993 -0.397626013 -0.505051017 -0.780694008 -0.173223004 -0.600390971 -0.766014993 -0.397626013 -0.505051017 -0.876704991 -0.170385003 -0.449811995 -0.208075002 -0.567185998 -0.796837986 -0.0556959994 -0.718618989 -0.693135977 -0.0253609996 -0.831934988 -0.554277003 -0.208075002 -0.567185998 -0.796837986 -0.0253609996 -0.831934988 -0.554277003 -0.298837006 -0.718039989 -0.628558993 0.156011 -0.689595997 -0.707175016 0.318430007 -0.617756009 -0.71895498 0.469924003 -0.704764009 -0.53144902 0.514572978 -0.546097994 -0.661031008 0.737083018 -0.324380994 -0.592822015 0.838038027 -0.338694006 -0.427717 0.156011 -0.689595997 -0.707175016 0.469924003 -0.704764009 -0.53144902 0.216956005 -0.811761975 -0.542131007 0.924528003 -0.210334003 -0.317728013 0.773370028 0 -0.633899987 0.906368971 -0.000762999989 -0.422407001 0.514572978 -0.546097994 -0.661031008 0.838038027 -0.338694006 -0.427717 0.530472994 -0.500136971 -0.684408009 0.924528003 -0.210334003 -0.317728013 0.906368971 -0.000762999989 -0.422407001 0.941434979 -0.190679997 -0.278053999 -0.0182809997 -0.960021019 -0.279244006 0.0417190008 -0.953428984 -0.29865399 -0.0289619993 -0.909817994 -0.413953006 -0.0182809997 -0.960021019 -0.279244006 -0.0289619993 -0.909817994 -0.413953006 -0.0256050006 -0.920103014 -0.390758991 -0.0275279991 -0.973021984 -0.229010999 -0.046236001 -0.958006978 -0.282907009 0.153447002 -0.905942023 -0.394573987 -0.0275279991 -0.973021984 -0.229010999 0.153447002 -0.905942023 -0.394573987 0.374949992 -0.896450996 -0.236183003 -0.0119629996 -0.972838998 -0.231056005 -0.0275279991 -0.973021984 -0.229010999 0.374949992 -0.896450996 -0.236183003 -0.0431229994 -0.977508008 -0.206396997 -0.0239269994 -0.970610976 -0.239418 -0.0209660009 -0.969146013 -0.245520994 -0.0119629996 -0.972838998 -0.231056005 0.374949992 -0.896450996 -0.236183003 -0.0125129996 -0.974363983 -0.224585995 0.0469070002 -0.980437994 -0.191046 0.012604 -0.978178978 -0.207342997 0.012329 -0.978178978 -0.207342997 -0.0431229994 -0.977508008 -0.206396997 -0.0209660009 -0.969146013 -0.245520994 -0.0422989987 -0.977355003 -0.207250997 0.0469070002 -0.980437994 -0.191046 0.0500200018 -0.98062098 -0.189337 0.0688799992 -0.980071008 -0.186193004 0.0469070002 -0.980437994 -0.191046 0.012329 -0.978178978 -0.207342997 0.0500200018 -0.98062098 -0.189337 0.0469070002 -0.980437994 -0.191046 0.0688799992 -0.980071008 -0.186193004 0.069734998 -0.980224013 -0.185156003 0.0422069989 -0.961852014 -0.270211011 0.0410169996 -0.97033602 -0.238196999 0.0406199992 -0.969816983 -0.240272 0.0422069989 -0.961852014 -0.270211011 0.0406199992 -0.969816983 -0.240272 0.0427259989 -0.960874975 -0.27353701 0.0653100014 -0.952360988 -0.29786101 0.0412920006 -0.956999004 -0.287117988 -0.281533003 -0.884732008 -0.371410012 0.0653100014 -0.952360988 -0.29786101 -0.281533003 -0.884732008 -0.371410012 -0.0915860012 -0.896480978 -0.433454007 0.0412920006 -0.956999004 -0.287117988 0.0422069989 -0.961852014 -0.270211011 0.0427259989 -0.960874975 -0.27353701 0.0412920006 -0.956999004 -0.287117988 0.0427259989 -0.960874975 -0.27353701 -0.281533003 -0.884732008 -0.371410012 0.0410169996 -0.97033602 -0.238196999 0.0512100011 -0.975706995 -0.212957993 0.0504169986 -0.975401998 -0.214484006 0.0410169996 -0.97033602 -0.238196999 0.0504169986 -0.975401998 -0.214484006 0.0406199992 -0.969816983 -0.240272 0.0417190008 -0.953428984 -0.29865399 0.0653100014 -0.952360988 -0.29786101 -0.0915860012 -0.896480978 -0.433454007 0.0417190008 -0.953428984 -0.29865399 -0.0915860012 -0.896480978 -0.433454007 -0.0289619993 -0.909817994 -0.413953006 0.012604 -0.978178978 -0.207342997 -0.0461749993 -0.981567025 -0.185430005 -0.0532240011 -0.981750011 -0.182561994 0.012604 -0.978178978 -0.207342997 -0.0532240011 -0.981750011 -0.182561994 0.012329 -0.978178978 -0.207342997 -0.078982003 -0.98052901 -0.179662004 -0.0431229994 -0.977508008 -0.206396997 -0.0422989987 -0.977355003 -0.207250997 -0.078982003 -0.98052901 -0.179662004 -0.0422989987 -0.977355003 -0.207250997 -0.0765099972 -0.980407 -0.181371003 -0.0239269994 -0.970610976 -0.239418 -0.0119629996 -0.972838998 -0.231056005 -0.0125129996 -0.974363983 -0.224585995 0.0602440014 -0.965605974 -0.252846003 -0.0159920007 -0.972899973 -0.230566993 0.00534099992 -0.968290985 -0.249702007 -0.0239269994 -0.970610976 -0.239418 -0.0125129996 -0.974363983 -0.224585995 -0.0209660009 -0.969146013 -0.245520994 -0.107974 -0.966947973 -0.230903 -0.0721459985 -0.96844399 -0.238441005 0.00534099992 -0.968290985 -0.249702007 -0.0159920007 -0.972899973 -0.230566993 -0.0604880005 -0.968321979 -0.242194995 0.00534099992 -0.968290985 -0.249702007 0.0683609992 -0.966582 -0.246986002 0.0898159966 -0.967162013 -0.237709001 0.00534099992 -0.968290985 -0.249702007 0.0683609992 -0.966582 -0.246986002 0.00534099992 -0.968290985 -0.249702007 0.0331429988 -0.965636015 -0.257728994 0.0939970016 -0.961852014 -0.256844014 0.0963160023 -0.957853973 -0.270577013 0.00534099992 -0.968290985 -0.249702007 0.0853909999 -0.960996985 -0.263009012 0.0965609998 -0.961058021 -0.258827001 0.00534099992 -0.968290985 -0.249702007 0.101230003 -0.964323997 -0.244484007 0.0939970016 -0.961852014 -0.256844014 0.00534099992 -0.968290985 -0.249702007 0.0963160023 -0.957853973 -0.270577013 0.0853909999 -0.960996985 -0.263009012 0.00534099992 -0.968290985 -0.249702007 -0.0721459985 -0.96844399 -0.238441005 0.0331429988 -0.965636015 -0.257728994 0.00534099992 -0.968290985 -0.249702007 0.0965609998 -0.961058021 -0.258827001 0.0602440014 -0.965605974 -0.252846003 0.00534099992 -0.968290985 -0.249702007 0.0898159966 -0.967162013 -0.237709001 0.101230003 -0.964323997 -0.244484007 0.00534099992 -0.968290985 -0.249702007 0.00518799992 -0.381359011 0.924374998 0.345164001 -0.373791009 0.86086601 0.348948985 -0.375530005 0.858577013 0.00518799992 -0.381359011 0.924374998 0.348948985 -0.375530005 0.858577013 -0.0301220007 -0.382701993 0.923367977 0.00518799992 -0.381359011 0.924374998 -0.0301220007 -0.382701993 0.923367977 -0.422681004 -0.385022014 0.820398986 -0.770470023 -0.371807009 0.517777026 -0.456739992 -0.384685993 0.802118003 -0.790216029 -0.369396001 0.488907009 -0.770470023 -0.371807009 0.517777026 -0.790216029 -0.369396001 0.488907009 -0.920651972 -0.356272995 0.15952 -0.904690981 -0.344889998 -0.250068992 -0.920651972 -0.356272995 0.15952 -0.930661976 -0.354442 0.090640001 -0.920651972 -0.356272995 0.15952 -0.790216029 -0.369396001 0.488907009 -0.930661976 -0.354442 0.090640001 -0.904690981 -0.344889998 -0.250068992 -0.930661976 -0.354442 0.090640001 -0.895259976 -0.343546987 -0.28360799 -0.904690981 -0.344889998 -0.250068992 -0.895259976 -0.343546987 -0.28360799 -0.749413013 -0.32841 -0.574908018 -0.606647015 -0.319254011 -0.728018999 -0.749413013 -0.32841 -0.574908018 -0.721518993 -0.325693995 -0.610980988 -0.749413013 -0.32841 -0.574908018 -0.895259976 -0.343546987 -0.28360799 -0.721518993 -0.325693995 -0.610980988 -0.606647015 -0.319254011 -0.728018999 -0.721518993 -0.325693995 -0.610980988 -0.589160025 -0.319346011 -0.742209971 -0.606647015 -0.319254011 -0.728018999 -0.589160025 -0.319346011 -0.742209971 -0.496353 -0.318002999 -0.807763994 -0.496353 -0.318002999 -0.807763994 -0.589160025 -0.319346011 -0.742209971 -0.476729989 -0.317025989 -0.819849014 -0.496353 -0.318002999 -0.807763994 -0.476729989 -0.317025989 -0.819849014 -0.280404001 -0.318978995 -0.905300975 -0.280404001 -0.318978995 -0.905300975 -0.476729989 -0.317025989 -0.819849014 -0.273811996 -0.318154991 -0.907620013 0.0435190015 -0.316567987 -0.947538972 -0.280404001 -0.318978995 -0.905300975 -0.273811996 -0.318154991 -0.907620013 0.0435190015 -0.316567987 -0.947538972 -0.273811996 -0.318154991 -0.907620013 0.0440380014 -0.316567987 -0.947538972 0.383801013 -0.320841014 -0.865871012 0.0435190015 -0.316567987 -0.947538972 0.0440380014 -0.316567987 -0.947538972 0.383801013 -0.320841014 -0.865871012 0.0440380014 -0.316567987 -0.947538972 0.376994997 -0.320780009 -0.868861973 0.676137984 -0.323130012 -0.662099004 0.383801013 -0.320841014 -0.865871012 0.376994997 -0.320780009 -0.868861973 0.676137984 -0.323130012 -0.662099004 0.376994997 -0.320780009 -0.868861973 0.665304005 -0.322854996 -0.673116028 0.773247004 -0.321940005 -0.546250999 0.676137984 -0.323130012 -0.662099004 0.665304005 -0.322854996 -0.673116028 0.773247004 -0.321940005 -0.546250999 0.665304005 -0.322854996 -0.673116028 0.773033977 -0.321969986 -0.546555996 0.867457986 -0.334086001 -0.368602991 0.773247004 -0.321940005 -0.546250999 0.773033977 -0.321969986 -0.546555996 0.867457986 -0.334086001 -0.368602991 0.773033977 -0.321969986 -0.546555996 0.850153983 -0.332560003 -0.408124 0.933987975 -0.346262991 0.0878319964 0.937529027 -0.345225006 -0.0423600003 0.934720993 -0.343333006 -0.0913719982 0.933987975 -0.346262991 0.0878319964 0.934720993 -0.343333006 -0.0913719982 0.933987975 -0.346262991 0.0878319964 0.573534012 -0.373486012 0.729057014 0.717001975 -0.364237994 0.594317019 0.717001975 -0.364237994 0.594317019 0.573534012 -0.373486012 0.729057014 0.717001975 -0.364237994 0.594317019 0.612293005 -0.372509003 0.697347999 0.345164001 -0.373791009 0.86086601 0.573534012 -0.373486012 0.729057014 0.612293005 -0.372509003 0.697347999 0.345164001 -0.373791009 0.86086601 0.612293005 -0.372509003 0.697347999 0.348948985 -0.375530005 0.858577013 -0.593950987 0.474043995 0.649953008 -0.65486598 0.349651009 0.669942021 -0.385601014 0.255744994 0.886502028 -0.593950987 0.474043995 0.649953008 -0.385601014 0.255744994 0.886502028 -0.444074988 0.0728780031 0.893001974 0.00564600015 0.119694002 0.992766976 -0.209905997 0.0632039979 0.975646019 -0.140781999 0.0812399983 0.986693978 -0.444074988 0.0728780031 0.893001974 -0.385601014 0.255744994 0.886502028 -0.235541999 0.130711004 0.96301198 0.00564600015 0.119694002 0.992766976 -0.140781999 0.0812399983 0.986693978 0.0642720014 0.084596999 0.994324028 -0.444074988 0.0728780031 0.893001974 -0.235541999 0.130711004 0.96301198 -0.252997994 0.147983998 0.956053019 0.236641005 0.0857879966 0.967772007 0.233131006 0.085359998 0.968688011 0.00564600015 0.119694002 0.992766976 0.236641005 0.0857879966 0.967772007 0.00564600015 0.119694002 0.992766976 0.0642720014 0.084596999 0.994324028 0.233131006 0.085359998 0.968688011 0.39161399 0.0540789999 0.91851598 0.372844994 0.059328001 0.925961971 0.233131006 0.085359998 0.968688011 0.372844994 0.059328001 0.925961971 0.223334 0.100130998 0.969573021 0.484389991 0.0478230007 0.873530984 0.572831988 0.0271610003 0.819177985 0.551560998 0.0609150007 0.831874013 0.484389991 0.0478230007 0.873530984 0.551560998 0.0609150007 0.831874013 0.413587004 0.0645769984 0.90813899 0.734703004 0.538834989 0.412061006 0.57969898 0.525285006 0.622883022 0.603015006 0.457076013 0.653768003 0.734703004 0.538834989 0.412061006 0.603015006 0.457076013 0.653768003 0.60670799 0.700644016 0.375468999 0.57969898 0.525285006 0.622883022 0.430830002 0.512435973 0.742789984 0.441816002 0.442090988 0.780571997 0.57969898 0.525285006 0.622883022 0.441816002 0.442090988 0.780571997 0.603015006 0.457076013 0.653768003 0.238075003 0.502487004 0.831140995 -0.0465099998 0.514786005 0.856043994 -0.0455030017 0.69304502 0.719412982 0.238075003 0.502487004 0.831140995 -0.0455030017 0.69304502 0.719412982 0.241889998 0.449965 0.859645009 0.364849001 0.842921019 -0.395366997 0.153447002 0.905942023 -0.394573987 0.380717993 0.892727017 -0.241005003 0.364849001 0.842921019 -0.395366997 0.380717993 0.892727017 -0.241005003 0.726828992 0.671864986 -0.142398998 0.380717993 0.892727017 -0.241005003 0.771386027 0.631641984 0.0768759996 0.774833977 0.618030012 0.132817 0.380717993 0.892727017 -0.241005003 0.774833977 0.618030012 0.132817 0.726828992 0.671864986 -0.142398998 0.695761025 0.604694009 0.387555003 0.558519006 0.591784 0.581194997 0.57969898 0.525285006 0.622883022 0.695761025 0.604694009 0.387555003 0.57969898 0.525285006 0.622883022 0.734703004 0.538834989 0.412061006 -0.0465099998 0.514786005 0.856043994 -0.032807 0.568589985 0.821955025 -0.357524008 0.566972971 0.742057979 -0.0465099998 0.514786005 0.856043994 -0.357524008 0.566972971 0.742057979 -0.365031987 0.515397012 0.775291979 -0.0465099998 0.514786005 0.856043994 0.238075003 0.502487004 0.831140995 0.234779 0.568162978 0.788689971 -0.0465099998 0.514786005 0.856043994 0.234779 0.568162978 0.788689971 -0.032807 0.568589985 0.821955025 -0.213110998 0.0404370017 0.976164997 -0.202062994 0.066866003 0.977081001 -0.140781999 0.0812399983 0.986693978 0.897396982 0.0769070014 0.434462011 0.903133988 0.0639059991 0.424542993 0.91454798 0.0587479994 0.400128007 -0.213110998 0.0404370017 0.976164997 -0.140781999 0.0812399983 0.986693978 -0.209905997 0.0632039979 0.975646019 0.834590018 0.0715349987 0.546159029 0.718894005 0.0827969983 0.690146029 0.724906027 0.0531940013 0.686757982 0.900295973 0.0264599994 0.434430987 0.912320018 0.0168159995 0.409069985 0.91454798 0.0587479994 0.400128007 0.834590018 0.0715349987 0.546159029 0.724906027 0.0531940013 0.686757982 0.848932981 0.0504469983 0.52601701 0.551560998 0.0609150007 0.831874013 0.553727984 0.044160001 0.831507027 0.39161399 0.0540789999 0.91851598 0.900295973 0.0264599994 0.434430987 0.91454798 0.0587479994 0.400128007 0.903133988 0.0639059991 0.424542993 0.551560998 0.0609150007 0.831874013 0.39161399 0.0540789999 0.91851598 0.413587004 0.0645769984 0.90813899 0.848932981 0.0504469983 0.52601701 0.903133988 0.0639059991 0.424542993 0.897396982 0.0769070014 0.434462011 0.223334 0.100130998 0.969573021 -0.0107119996 0.158604994 0.987273991 0.00564600015 0.119694002 0.992766976 0.848932981 0.0504469983 0.52601701 0.897396982 0.0769070014 0.434462011 0.834590018 0.0715349987 0.546159029 0.223334 0.100130998 0.969573021 0.00564600015 0.119694002 0.992766976 0.233131006 0.085359998 0.968688011 0.236641005 0.0857879966 0.967772007 0.413587004 0.0645769984 0.90813899 0.39161399 0.0540789999 0.91851598 0.236641005 0.0857879966 0.967772007 0.39161399 0.0540789999 0.91851598 0.233131006 0.085359998 0.968688011 0.527207017 0.0232859999 0.849390984 0.372844994 0.059328001 0.925961971 0.39161399 0.0540789999 0.91851598 0.527207017 0.0232859999 0.849390984 0.39161399 0.0540789999 0.91851598 0.553727984 0.044160001 0.831507027 0.718894005 0.0827969983 0.690146029 0.834590018 0.0715349987 0.546159029 0.698140979 0.0771199986 0.711782992 0.572831988 0.0271610003 0.819177985 0.484389991 0.0478230007 0.873530984 0.501601994 0.000823999988 0.865077972 0.572831988 0.0271610003 0.819177985 0.501601994 0.000823999988 0.865077972 0.573320985 0.00149499997 0.819299996 0.553727984 0.044160001 0.831507027 0.718894005 0.0827969983 0.690146029 0.698140979 0.0771199986 0.711782992 0.553727984 0.044160001 0.831507027 0.698140979 0.0771199986 0.711782992 0.527207017 0.0232859999 0.849390984 -0.964019001 0.0211800002 -0.264930993 -0.968963027 0 -0.247139007 -0.986175001 0 -0.165684998 -0.964019001 0.0211800002 -0.264930993 -0.986175001 0 -0.165684998 -0.98605299 0.0101319999 -0.165959999 -0.827723026 0.397289991 0.396221995 -0.714011014 0.54914999 0.434217006 -0.857418001 0.455457985 0.239479005 -0.827723026 0.397289991 0.396221995 -0.857418001 0.455457985 0.239479005 -0.921872973 0.336131006 0.192662999 -0.0751670003 -0.824580014 0.560685992 -0.0723590031 -0.822565019 0.564013004 -0.0106509998 -0.840785027 0.541215003 -0.0751670003 -0.824580014 0.560685992 -0.0106509998 -0.840785027 0.541215003 -0.00796500035 -0.837122977 0.546953022 -0.140140995 -0.829370975 0.540787995 -0.0723590031 -0.822565019 0.564013004 -0.0751670003 -0.824580014 0.560685992 -0.433057994 0.0733660012 0.898373008 -0.340465009 0.0556659997 0.938597023 -0.376201987 0.149906993 0.914304018 -0.433057994 0.0733660012 0.898373008 -0.376201987 0.149906993 0.914304018 -0.681356013 0.233161002 0.693808019 -0.433057994 0.0733660012 0.898373008 -0.42286399 0.00192299997 0.906185985 -0.323008001 -0.00213599997 0.946379006 -0.921872973 0.336131006 0.192662999 -0.857418001 0.455457985 0.239479005 -0.930418015 0.364971012 0.0332040004 -0.433057994 0.0733660012 0.898373008 -0.323008001 -0.00213599997 0.946379006 -0.340465009 0.0556659997 0.938597023 -0.930418015 0.364971012 0.0332040004 -0.986510992 0.154088005 -0.0551769994 -0.971862018 0.233282998 0.0317390002 -0.930418015 0.364971012 0.0332040004 -0.971862018 0.233282998 0.0317390002 -0.921872973 0.336131006 0.192662999 0.00564600015 0.119694002 0.992766976 -0.0107119996 0.158604994 0.987273991 -0.252997994 0.147983998 0.956053019 0.00564600015 0.119694002 0.992766976 -0.252997994 0.147983998 0.956053019 -0.235541999 0.130711004 0.96301198 0.238075003 0.502487004 0.831140995 0.241889998 0.449965 0.859645009 0.441816002 0.442090988 0.780571997 0.238075003 0.502487004 0.831140995 0.441816002 0.442090988 0.780571997 0.430830002 0.512435973 0.742789984 0.734703004 0.538834989 0.412061006 0.774833977 0.618030012 0.132817 0.771386027 0.631641984 0.0768759996 0.734703004 0.538834989 0.412061006 0.771386027 0.631641984 0.0768759996 0.695761025 0.604694009 0.387555003 -0.994171023 0.105411001 0.0213019997 -0.971862018 0.233282998 0.0317390002 -0.986510992 0.154088005 -0.0551769994 -0.994171023 0.105411001 0.0213019997 -0.986510992 0.154088005 -0.0551769994 -0.978667974 0.163243994 -0.124577001 -0.444074988 0.0728780031 0.893001974 -0.714011014 0.54914999 0.434217006 -0.593950987 0.474043995 0.649953008 -0.0556959994 0.718649983 -0.693105996 -0.0233769994 0.831598997 -0.554826021 0.212347999 0.815057993 -0.539048016 -0.441053987 0.505936027 -0.741263986 -0.538407981 0.599017024 -0.592639029 -0.269234002 0.72182399 -0.637531996 -0.0556959994 0.718649983 -0.693105996 0.212347999 0.815057993 -0.539048016 0.156255007 0.690451026 -0.706259012 -0.831843019 0 -0.554979026 -0.910184026 0 -0.414135993 -0.873806 0.170323998 -0.455428004 -0.441053987 0.505936027 -0.741263986 -0.269234002 0.72182399 -0.637531996 -0.208075002 0.567185998 -0.796837986 -0.831843019 0 -0.554979026 -0.873806 0.170323998 -0.455428004 -0.773460984 0.172703996 -0.609821022 -0.773460984 0.172703996 -0.609821022 -0.873806 0.170323998 -0.455428004 -0.768975019 0.397626013 -0.500533998 -0.773460984 0.172703996 -0.609821022 -0.768975019 0.397626013 -0.500533998 -0.675557971 0.368449986 -0.638599992 -0.208075002 0.567185998 -0.796837986 -0.269234002 0.72182399 -0.637531996 -0.0233769994 0.831598997 -0.554826021 -0.208075002 0.567185998 -0.796837986 -0.0233769994 0.831598997 -0.554826021 -0.0556959994 0.718649983 -0.693105996 0.898464978 0.187077999 -0.397136986 0.934660017 0.180883005 -0.306039989 0.906368971 -0.000762999989 -0.422407001 0.898464978 0.187077999 -0.397136986 0.906368971 -0.000762999989 -0.422407001 0.773370028 0 -0.633899987 -0.675557971 0.368449986 -0.638599992 -0.768975019 0.397626013 -0.500533998 -0.538407981 0.599017024 -0.592639029 -0.675557971 0.368449986 -0.638599992 -0.538407981 0.599017024 -0.592639029 -0.441053987 0.505936027 -0.741263986 -0.0182809997 0.960021019 -0.279275 -0.0274359994 0.919369996 -0.392376006 -0.029298 0.910977006 -0.411359012 -0.0182809997 0.960021019 -0.279275 -0.029298 0.910977006 -0.411359012 0.0417190008 0.953428984 -0.29865399 -0.0275279991 0.973021984 -0.229010999 0.380717993 0.892727017 -0.241005003 0.153447002 0.905942023 -0.394573987 -0.0275279991 0.973021984 -0.229010999 0.153447002 0.905942023 -0.394573987 -0.046236001 0.958006978 -0.282907009 -0.0386970006 0.957610011 -0.285409003 0.0470600016 0.91821003 -0.393261999 -0.0274359994 0.919369996 -0.392376006 -0.0386970006 0.957610011 -0.285409003 -0.0274359994 0.919369996 -0.392376006 -0.0182809997 0.960021019 -0.279275 -0.0119629996 0.972838998 -0.231056005 -0.0125129996 0.974363983 -0.224585995 0.380717993 0.892727017 -0.241005003 -0.0119629996 0.972838998 -0.231056005 0.380717993 0.892727017 -0.241005003 -0.0275279991 0.973021984 -0.229010999 -0.0431229994 0.977508008 -0.206396997 -0.0423289984 0.977355003 -0.207250997 -0.0209970009 0.969146013 -0.245520994 -0.0431229994 0.977508008 -0.206396997 -0.0209970009 0.969146013 -0.245520994 -0.0239569992 0.970579982 -0.239447996 -0.0461749993 0.981567025 -0.185430005 -0.0532240011 0.981750011 -0.182530999 -0.0765400007 0.980407 -0.181341007 -0.0461749993 0.981567025 -0.185430005 -0.0765400007 0.980407 -0.181341007 -0.078982003 0.98052901 -0.179662004 0.0469070002 0.980437994 -0.191046 0.0500200018 0.98062098 -0.189337 0.012329 0.978178978 -0.207342997 0.0469070002 0.980437994 -0.191046 0.012329 0.978178978 -0.207342997 0.012604 0.978178978 -0.207342997 0.0688799992 0.980071008 -0.186193004 0.0500200018 0.98062098 -0.189337 0.0469070002 0.980437994 -0.191046 0.0688799992 0.980071008 -0.186193004 0.0469070002 0.980437994 -0.191046 0.069734998 0.980224013 -0.185156003 0.0422069989 0.961852014 -0.270211011 0.0426950008 0.960874975 -0.27353701 0.0406199992 0.969816983 -0.240272 0.0422069989 0.961852014 -0.270211011 0.0406199992 0.969816983 -0.240272 0.0410169996 0.97033602 -0.238196999 0.0653100014 0.952360988 -0.29786101 -0.086153999 0.879146993 -0.468672991 -0.281533003 0.884732008 -0.371410012 0.0412920006 0.956969023 -0.287117988 -0.281533003 0.884732008 -0.371410012 0.0426950008 0.960874975 -0.27353701 0.0653100014 0.952360988 -0.29786101 -0.281533003 0.884732008 -0.371410012 0.0412920006 0.956969023 -0.287117988 0.0412920006 0.956969023 -0.287117988 0.0426950008 0.960874975 -0.27353701 0.0422069989 0.961852014 -0.270211011 0.0410169996 0.97033602 -0.238196999 0.0406199992 0.969816983 -0.240272 0.0504169986 0.975401998 -0.214515001 0.0410169996 0.97033602 -0.238196999 0.0504169986 0.975401998 -0.214515001 0.0512409993 0.975706995 -0.212957993 -0.046236001 0.958006978 -0.282907009 0.153447002 0.905942023 -0.394573987 0.0470600016 0.91821003 -0.393261999 -0.046236001 0.958006978 -0.282907009 0.0470600016 0.91821003 -0.393261999 -0.0386970006 0.957610011 -0.285409003 0.0417190008 0.953428984 -0.29865399 -0.029298 0.910977006 -0.411359012 -0.086153999 0.879146993 -0.468672991 0.0417190008 0.953428984 -0.29865399 -0.086153999 0.879146993 -0.468672991 0.0653100014 0.952360988 -0.29786101 0.012604 0.978178978 -0.207342997 0.012329 0.978178978 -0.207342997 -0.0532240011 0.981750011 -0.182530999 0.012604 0.978178978 -0.207342997 -0.0532240011 0.981750011 -0.182530999 -0.0461749993 0.981567025 -0.185430005 -0.0765400007 0.980407 -0.181341007 -0.0423289984 0.977355003 -0.207250997 -0.0431229994 0.977508008 -0.206396997 -0.0765400007 0.980407 -0.181341007 -0.0431229994 0.977508008 -0.206396997 -0.078982003 0.98052901 -0.179662004 -0.0239569992 0.970579982 -0.239447996 -0.0209970009 0.969146013 -0.245520994 -0.0125129996 0.974363983 -0.224585995 -0.0239569992 0.970579982 -0.239447996 -0.0125129996 0.974363983 -0.224585995 -0.0119629996 0.972838998 -0.231056005 0.0512409993 0.975706995 -0.212957993 0.0504169986 0.975401998 -0.214515001 0.0688799992 0.980071008 -0.186193004 0.0512409993 0.975706995 -0.212957993 0.0688799992 0.980071008 -0.186193004 0.069734998 0.980224013 -0.185156003 0.0602440014 0.965605974 -0.252846003 0.00518799992 0.968261003 -0.249794006 -0.0160220005 0.972899973 -0.230566993 -0.0160220005 0.972899973 -0.230566993 0.00518799992 0.968261003 -0.249794006 -0.0604880005 0.968321979 -0.242194995 -0.0785550028 0.972654998 -0.218542993 0.00518799992 0.968261003 -0.249794006 -0.0638749972 0.970305979 -0.233253002 -0.0672629997 0.958860993 -0.275673985 0.00518799992 0.968261003 -0.249794006 -0.0808129981 0.964782 -0.250252008 0.0939970016 0.961852014 -0.256844014 0.00518799992 0.968261003 -0.249794006 0.0963160023 0.957853973 -0.270577013 0.0963160023 0.957853973 -0.270577013 0.00518799992 0.968261003 -0.249794006 0.0853909999 0.960996985 -0.263009012 0.101230003 0.964323997 -0.244484007 0.00518799992 0.968261003 -0.249794006 0.0939970016 0.961852014 -0.256844014 -0.0604880005 0.968321979 -0.242194995 0.00518799992 0.968261003 -0.249794006 -0.0876799971 0.96301198 -0.254768997 0.0965609998 0.961058021 -0.258827001 0.00518799992 0.968261003 -0.249794006 0.0602440014 0.965605974 -0.252846003 -0.0808129981 0.964782 -0.250252008 0.00518799992 0.968261003 -0.249794006 -0.107974 0.966947973 -0.230903 -0.0638749972 0.970305979 -0.233253002 0.00518799992 0.968261003 -0.249794006 -0.0672629997 0.958860993 -0.275673985 0.112917997 0.967803001 -0.224921003 0.00518799992 0.968261003 -0.249794006 0.101230003 0.964323997 -0.244484007 0.0393990017 0.381511986 0.923489988 0.0376899987 0.381511986 0.923582017 0.363018006 0.373394012 0.853663981 0.0393990017 0.381511986 0.923489988 0.363018006 0.373394012 0.853663981 0.34513399 0.373638004 0.86095798 -0.179754004 0.372204006 0.910549998 -0.179754004 0.372204006 0.910549998 0.0376899987 0.381511986 0.923582017 -0.179754004 0.372204006 0.910549998 0.0376899987 0.381511986 0.923582017 0.0393990017 0.381511986 0.923489988 -0.783074021 0.369549006 0.500198007 -0.819391012 0.367626011 0.439801991 -0.66682899 0.365153998 0.649555981 -0.783074021 0.369549006 0.500198007 -0.66682899 0.365153998 0.649555981 -0.666859984 0.365092993 0.649586022 -0.923520982 0.35422799 0.146825001 -0.929472029 0.352824003 0.107395001 -0.819391012 0.367626011 0.439801991 -0.908901989 0.345317006 -0.233649999 -0.892117023 0.343059003 -0.293954015 -0.929472029 0.352824003 0.107395001 -0.923520982 0.35422799 0.146825001 -0.819391012 0.367626011 0.439801991 -0.783074021 0.369549006 0.500198007 -0.741446972 0.326182008 -0.586382985 -0.724844992 0.325480014 -0.607165992 -0.892117023 0.343059003 -0.293954015 -0.908901989 0.345317006 -0.233649999 -0.929472029 0.352824003 0.107395001 -0.923520982 0.35422799 0.146825001 -0.593158007 0.31900999 -0.739157975 -0.586108029 0.31891799 -0.744804025 -0.724844992 0.325480014 -0.607165992 -0.741446972 0.326182008 -0.586382985 -0.892117023 0.343059003 -0.293954015 -0.908901989 0.345317006 -0.233649999 -0.482284009 0.31736201 -0.81646198 -0.480879992 0.317057014 -0.817408025 -0.586108029 0.31891799 -0.744804025 -0.593158007 0.31900999 -0.739157975 -0.724844992 0.325480014 -0.607165992 -0.741446972 0.326182008 -0.586382985 -0.274758011 0.318461001 -0.907224 -0.273811996 0.318093985 -0.907620013 -0.480879992 0.317057014 -0.817408025 -0.482284009 0.31736201 -0.81646198 -0.586108029 0.31891799 -0.744804025 -0.593158007 0.31900999 -0.739157975 0.0434579998 0.316843003 -0.947447002 0.0439769998 0.316812992 -0.947447002 -0.273811996 0.318093985 -0.907620013 -0.274758011 0.318461001 -0.907224 -0.480879992 0.317057014 -0.817408025 -0.482284009 0.31736201 -0.81646198 0.384135991 0.32001701 -0.866024017 0.377270013 0.32010901 -0.869014978 0.0439769998 0.316812992 -0.947447002 0.0434579998 0.316843003 -0.947447002 -0.273811996 0.318093985 -0.907620013 -0.274758011 0.318461001 -0.907224 0.675893009 0.323679 -0.662069023 0.665028989 0.323556989 -0.673054993 0.377270013 0.32010901 -0.869014978 0.384135991 0.32001701 -0.866024017 0.0439769998 0.316812992 -0.947447002 0.0434579998 0.316843003 -0.947447002 0.675893009 0.323679 -0.662069023 0.377270013 0.32010901 -0.869014978 0.384135991 0.32001701 -0.866024017 0.773247004 0.321969986 -0.546250999 0.773064017 0.32190901 -0.546525002 0.665028989 0.323556989 -0.673054993 0.773247004 0.321969986 -0.546250999 0.665028989 0.323556989 -0.673054993 0.675893009 0.323679 -0.662069023 0.867428005 0.334116995 -0.368633002 0.850184977 0.332529992 -0.408124 0.773064017 0.32190901 -0.546525002 0.867428005 0.334116995 -0.368633002 0.773064017 0.32190901 -0.546525002 0.773247004 0.321969986 -0.546250999 0.937559009 0.345194995 -0.0423289984 0.934750974 0.343272001 -0.0913420022 0.850184977 0.332529992 -0.408124 0.937559009 0.345194995 -0.0423289984 0.850184977 0.332529992 -0.408124 0.867428005 0.334116995 -0.368633002 0.933987975 0.346262991 0.0878319964 0.933987975 0.346262991 0.0878319964 0.934750974 0.343272001 -0.0913420022 0.933987975 0.346262991 0.0878319964 0.934750974 0.343272001 -0.0913420022 0.937559009 0.345194995 -0.0423289984 0.573594987 0.373881996 0.728781998 0.612322986 0.37293601 0.697103977 0.717001975 0.363781005 0.594561994 0.573594987 0.373881996 0.728781998 0.717001975 0.363781005 0.594561994 0.717001975 0.363658994 0.59465301 0.34513399 0.373638004 0.86095798 0.363018006 0.373394012 0.853663981 0.612322986 0.37293601 0.697103977 0.34513399 0.373638004 0.86095798 0.612322986 0.37293601 0.697103977 0.573594987 0.373881996 0.728781998 -0.493972987 -0.85897398 0.134555995 -0.495009989 -0.857662022 0.139134005 -0.495375991 -0.857142985 0.140843004 0.773675025 0.600603998 0.201605007 -0.874141991 -0.388500988 0.291359991 0.869228005 0.484542012 0.0981170014 </float_array>
          <technique_common>
            <accessor count="2280" offset="0" source="#milky_white-normals-array" stride="3">
              <param name="X" type="float" />
              <param name="Y" type="float" />
              <param name="Z" type="float" />
            </accessor>
          </technique_common>
        </source>
        <source id="milky_white-tex0" name="milky_white-tex0">
          <float_array id="milky_white-tex0-array" count="4560"> 0 0 0 0 0 0 0 0 0 0 0 0 0 0 0 0 0 0 0 0 0 0 0 0 0 0 0 0 0 0 0 0 0 0 0 0 0 0 0 0 0 0 0 0 0 0 0 0 0 0 0 0 0 0 0 0 0 0 0 0 0 0 0 0 0 0 0 0 0 0 0 0 0 0 0 0 0 0 0 0 0 0 0 0 0 0 0 0 0 0 0 0 0 0 0 0 0 0 0 0 0 0 0 0 0 0 0 0 0 0 0 0 0 0 0 0 0 0 0 0 0 0 0 0 0 0 0 0 0 0 0 0 0 0 0 0 0 0 0 0 0 0 0 0 0 0 0 0 0 0 0 0 0 0 0 0 0 0 0 0 0 0 0 0 0 0 0 0 0 0 0 0 0 0 0 0 0 0 0 0 0 0 0 0 0 0 0 0 0 0 0 0 0 0 0 0 0 0 0 0 0 0 0 0 0 0 0 0 0 0 0 0 0 0 0 0 0 0 0 0 0 0 0 0 0 0 0 0 0 0 0 0 0 0 0 0 0 0 0 0 0 0 0 0 0 0 0 0 0 0 0 0 0 0 0 0 0 0 0 0 0 0 0 0 0 0 0 0 0 0 0 0 0 0 0 0 0 0 0 0 0 0 0 0 0 0 0 0 0 0 0 0 0 0 0 0 0 0 0 0 0 0 0 0 0 0 0 0 0 0 0 0 0 0 0 0 0 0 0 0 0 0 0 0 0 0 0 0 0 0 0 0 0 0 0 0 0 0 0 0 0 0 0 0 0 0 0 0 0 0 0 0 0 0 0 0 0 0 0 0 0 0 0 0 0 0 0 0 0 0 0 0 0 0 0 0 0 0 0 0 0 0 0 0 0 0 0 0 0 0 0 0 0 0 0 0 0 0 0 0 0 0 0 0 0 0 0 0 0 0 0 0 0 0 0 0 0 0 0 0 0 0 0 0 0 0 0 0 0 0 0 0 0 0 0 0 0 0 0 0 0 0 0 0 0 0 0 0 0 0 0 0 0 0 0 0 0 0 0 0 0 0 0 0 0 0 0 0 0 0 0 0 0 0 0 0 0 0 0 0 0 0 0 0 0 0 0 0 0 0 0 0 0 0 0 0 0 0 0 0 0 0 0 0 0 0 0 0 0 0 0 0 0 0 0 0 0 0 0 0 0 0 0 0 0 0 0 0 0 0 0 0 0 0 0 0 0 0 0 0 0 0 0 0 0 0 0 0 0 0 0 0 0 0 0 0 0 0 0 0 0 0 0 0 0 0 0 0 0 0 0 0 0 0 0 0 0 0 0 0 0 0 0 0 0 0 0 0 0 0 0 0 0 0 0 0 0 0 0 0 0 0 0 0 0 0 0 0 0 0 0 0 0 0 0 0 0 0 0 0 0 0 0 0 0 0 0 0 0 0 0 0 0 0 0 0 0 0 0 0 0 0 0 0 0 0 0 0 0 0 0 0 0 0 0 0 0 0 0 0 0 0 0 0 0 0 0 0 0 0 0 0 0 0 0 0 0 0 0 0 0 0 0 0 0 0 0 0 0 0 0 0 0 0 0 0 0 0 0 0 0 0 0 0 0 0 0 0 0 0 0 0 0 0 0 0 0 0 0 0 0 0 0 0 0 0 0 0 0 0 0 0 0 0 0 0 0 0 0 0 0 0 0 0 0 0 0 0 0 0 0 0 0 0 0 0 0 0 0 0 0 0 0 0 0 0 0 0 0 0 0 0 0 0 0 0 0 0 0 0 0 0 0 0 0 0 0 0 0 0 0 0 0 0 0 0 0 0 0 0 0 0 0 0 0 0 0 0 0 0 0 0 0 0 0 0 0 0 0 0 0 0 0 0 0 0 0 0 0 0 0 0 0 0 0 0 0 0 0 0 0 0 0 0 0 0 0 0 0 0 0 0 0 0 0 0 0 0 0 0 0 0 0 0 0 0 0 0 0 0 0 0 0 0 0 0 0 0 0 0 0 0 0 0 0 0 0 0 0 0 0 0 0 0 0 0 0 0 0 0 0 0 0 0 0 0 0 0 0 0 0 0 0 0 0 0 0 0 0 0 0 0 0 0 0 0 0 0 0 0 0 0 0 0 0 0 0 0 0 0 0 0 0 0 0 0 0 0 0 0 0 0 0 0 0 0 0 0 0 0 0 0 0 0 0 0 0 0 0 0 0 0 0 0 0 0 0 0 0 0 0 0 0 0 0 0 0 0 0 0 0 0 0 0 0 0 0 0 0 0 0 0 0 0 0 0 0 0 0 0 0 0 0 0 0 0 0 0 0 0 0 0 0 0 0 0 0 0 0 0 0 0 0 0 0 0 0 0 0 0 0 0 0 0 0 0 0 0 0 0 0 0 0 0 0 0 0 0 0 0 0 0 0 0 0 0 0 0 0 0 0 0 0 0 0 0 0 0 0 0 0 0 0 0 0 0 0 0 0 0 0 0 0 0 0 0 0 0 0 0 0 0 0 0 0 0 0 0 0 0 0 0 0 0 0 0 0 0 0 0 0 0 0 0 0 0 0 0 0 0 0 0 0 0 0 0 0 0 0 0 0 0 0 0 0 0 0 0 0 0 0 0 0 0 0 0 0 0 0 0 0 0 0 0 0 0 0 0 0 0 0 0 0 0 0 0 0 0 0 0 0 0 0 0 0 0 0 0 0 0 0 0 0 0 0 0 0 0 0 0 0 0 0 0 0 0 0 0 0 0 0 0 0 0 0 0 0 0 0 0 0 0 0 0 0 0 0 0 0 0 0 0 0 0 0 0 0 0 0 0 0 0 0 0 0 0 0 0 0 0 0 0 0 0 0 0 0 0 0 0 0 0 0 0 0 0 0 0 0 0 0 0 0 0 0 0 0 0 0 0 0 0 0 0 0 0 0 0 0 0 0 0 0 0 0 0 0 0 0 0 0 0 0 0 0 0 0 0 0 0 0 0 0 0 0 0 0 0 0 0 0 0 0 0 0 0 0 0 0 0 0 0 0 0 0 0 0 0 0 0 0 0 0 0 0 0 0 0 0 0 0 0 0 0 0 0 0 0 0 0 0 0 0 0 0 0 0 0 0 0 0 0 0 0 0 0 0 0 0 0 0 0 0 0 0 0 0 0 0 0 0 0 0 0 0 0 0 0 0 0 0 0 0 0 0 0 0 0 0 0 0 0 0 0 0 0 0 0 0 0 0 0 0 0 0 0 0 0 0 0 0 0 0 0 0 0 0 0 0 0 0 0 0 0 0 0 0 0 0 0 0 0 0 0 0 0 0 0 0 0 0 0 0 0 0 0 0 0 0 0 0 0 0 0 0 0 0 0 0 0 0 0 0 0 0 0 0 0 0 0 0 0 0 0 0 0 0 0 0 0 0 0 0 0 0 0 0 0 0 0 0 0 0 0 0 0 0 0 0 0 0 0 0 0 0 0 0 0 0 0 0 0 0 0 0 0 0 0 0 0 0 0 0 0 0 0 0 0 0 0 0 0 0 0 0 0 0 0 0 0 0 0 0 0 0 0 0 0 0 0 0 0 0 0 0 0 0 0 0 0 0 0 0 0 0 0 0 0 0 0 0 0 0 0 0 0 0 0 0 0 0 0 0 0 0 0 0 0 0 0 0 0 0 0 0 0 0 0 0 0 0 0 0 0 0 0 0 0 0 0 0 0 0 0 0 0 0 0 0 0 0 0 0 0 0 0 0 0 0 0 0 0 0 0 0 0 0 0 0 0 0 0 0 0 0 0 0 0 0 0 0 0 0 0 0 0 0 0 0 0 0 0 0 0 0 0 0 0 0 0 0 0 0 0 0 0 0 0 0 0 0 0 0 0 0 0 0 0 0 0 0 0 0 0 0 0 0 0 0 0 0 0 0 0 0 0 0 0 0 0 0 0 0 0 0 0 0 0 0 0 0 0 0 0 0 0 0 0 0 0 0 0 0 0 0 0 0 0 0 0 0 0 0 0 0 0 0 0 0 0 0 0 0 0 0 0 0 0 0 0 0 0 0 0 0 0 0 0 0 0 0 0 0 0 0 0 0 0 0 0 0 0 0 0 0 0 0 0 0 0 0 0 0 0 0 0 0 0 0 0 0 0 0 0 0 0 0 0 0 0 0 0 0 0 0 0 0 0 0 0 0 0 0 0 0 0 0 0 0 0 0 0 0 0 0 0 0 0 0 0 0 0 0 0 0 0 0 0 0 0 0 0 0 0 0 0 0 0 0 0 0 0 0 0 0 0 0 0 0 0 0 0 0 0 0 0 0 0 0 0 0 0 0 0 0 0 0 0 0 0 0 0 0 0 0 0 0 0 0 0 0 0 0 0 0 0 0 0 0 0 0 0 0 0 0 0 0 0 0 0 0 0 0 0 0 0 0 0 0 0 0 0 0 0 0 0 0 0 0 0 0 0 0 0 0 0 0 0 0 0 0 0 0 0 0 0 0 0 0 0 0 0 0 0 0 0 0 0 0 0 0 0 0 0 0 0 0 0 0 0 0 0 0 0 0 0 0 0 0 0 0 0 0 0 0 0 0 0 0 0 0 0 0 0 0 0 0 0 0 0 0 0 0 0 0 0 0 0 0 0 0 0 0 0 0 0 0 0 0 0 0 0 0 0 0 0 0 0 0 0 0 0 0 0 0 0 0 0 0 0 0 0 0 0 0 0 0 0 0 0 0 0 0 0 0 0 0 0 0 0 0 0 0 0 0 0 0 0 0 0 0 0 0 0 0 0 0 0 0 0 0 0 0 0 0 0 0 0 0 0 0 0 0 0 0 0 0 0 0 0 0 0 0 0 0 0 0 0 0 0 0 0 0 0 0 0 0 0 0 0 0 0 0 0 0 0 0 0 0 0 0 0 0 0 0 0 0 0 0 0 0 0 0 0 0 0 0 0 0 0 0 0 0 0 0 0 0 0 0 0 0 0 0 0 0 0 0 0 0 0 0 0 0 0 0 0 0 0 0 0 0 0 0 0 0 0 0 0 0 0 0 0 0 0 0 0 0 0 0 0 0 0 0 0 0 0 0 0 0 0 0 0 0 0 0 0 0 0 0 0 0 0 0 0 0 0 0 0 0 0 0 0 0 0 0 0 0 0 0 0 0 0 0 0 0 0 0 0 0 0 0 0 0 0 0 0 0 0 0 0 0 0 0 0 0 0 0 0 0 0 0 0 0 0 0 0 0 0 0 0 0 0 0 0 0 0 0 0 0 0 0 0 0 0 0 0 0 0 0 0 0 0 0 0 0 0 0 0 0 0 0 0 0 0 0 0 0 0 0 0 0 0 0 0 0 0 0 0 0 0 0 0 0 0 0 0 0 0 0 0 0 0 0 0 0 0 0 0 0 0 0 0 0 0 0 0 0 0 0 0 0 0 0 0 0 0 0 0 0 0 0 0 0 0 0 0 0 0 0 0 0 0 0 0 0 0 0 0 0 0 0 0 0 0 0 0 0 0 0 0 0 0 0 0 0 0 0 0 0 0 0 0 0 0 0 0 0 0 0 0 0 0 0 0 0 0 0 0 0 0 0 0 0 0 0 0 0 0 0 0 0 0 0 0 0 0 0 0 0 0 0 0 0 0 0 0 0 0 0 0 0 0 0 0 0 0 0 0 0 0 0 0 0 0 0 0 0 0 0 0 0 0 0 0 0 0 0 0 0 0 0 0 0 0 0 0 0 0 0 0 0 0 0 0 0 0 0 0 0 0 0 0 0 0 0 0 0 0 0 0 0 0 0 0 0 0 0 0 0 0 0 0 0 0 0 0 0 0 0 0 0 0 0 0 0 0 0 0 0 0 0 0 0 0 0 0 0 0 0 0 0 0 0 0 0 0 0 0 0 0 0 0 0 0 0 0 0 0 0 0 0 0 0 0 0 0 0 0 0 0 0 0 0 0 0 0 0 0 0 0 0 0 0 0 0 0 0 0 0 0 0 0 0 0 0 0 0 0 0 0 0 0 0 0 0 0 0 0 0 0 0 0 0 0 0 0 0 0 0 0 0 0 0 0 0 0 0 0 0 0 0 0 0 0 0 0 0 0 0 0 0 0 0 0 0 0 0 0 0 0 0 0 0 0 0 0 0 0 0 0 0 0 0 0 0 0 0 0 0 0 0 0 0 0 0 0 0 0 0 0 0 0 0 0 0 0 0 0 0 0 0 0 0 0 0 0 0 0 0 0 0 0 0 0 0 0 0 0 0 0 0 0 0 0 0 0 0 0 0 0 0 0 0 0 0 0 0 0 0 0 0 0 0 0 0 0 0 0 0 0 0 0 0 0 0 0 0 0 0 0 0 0 0 0 0 0 0 0 0 0 0 0 0 0 0 0 0 0 0 0 0 0 0 0 0 0 0 0 0 0 0 0 0 0 0 0 0 0 0 0 0 0 0 0 0 0 0 0 0 0 0 0 0 0 0 0 0 0 0 0 0 0 0 0 0 0 0 0 0 0 0 0 0 0 0 0 0 0 0 0 0 0 0 0 0 0 0 0 0 0 0 0 0 0 0 0 0 0 0 0 0 0 0 0 0 0 0 0 0 0 0 0 0 0 0 0 0 0 0 0 0 0 0 0 0 0 0 0 0 0 0 0 0 0 0 0 0 0 0 0 0 0 0 0 0 0 0 0 0 0 0 0 0 0 0 0 0 0 0 0 0 0 0 0 0 0 0 0 0 0 0 0 0 0 0 0 0 0 0 0 0 0 0 0 0 0 0 0 0 0 0 0 0 0 0 0 0 0 0 0 0 0 0 0 0 0 0 0 0 0 0 0 0 0 0 0 0 0 0 0 0 0 0 0 0 0 0 0 0 0 0 0 0 0 0 0 0 0 0 0 0 0 0 0 0 0 0 0 0 0 0 0 0 0 0 0 0 0 0 0 0 0 0 0 0 0 0 0 0 0 0 0 0 0 0 0 0 0 0 0 0 0 0 0 0 0 0 0 0 0 0 0 0 0 0 0 0 0 0 0 0 0 0 0 0 0 0 0 0 0 0 0 0 0 0 0 0 0 0 0 0 0 0 0 0 0 0 0 0 0 0 0 0 0 0 0 0 0 0 0 0 0 0 0 0 0 0 0 0 0 0 0 0 0 0 0 0 0 0 0 0 0 0 0 0 0 0 0 0 0 0 0 0 0 0 0 0 0 0 0 0 0 0 0 0 0 0 0 0 0 0 0 0 0 0 0 0 0 0 0 0 0 0 0 0 0 0 0 0 0 0 0 0 0 0 0 0 0 0 0 0 0 0 0 0 0 0 0 0 0 0 0 0 0 0 0 0 0 0 0 0 0 0 0 0 0 0 0 0 0 0 0 0 0 0 0 0 0 0 0 0 0 0 0 0 0 0 0 0 0 0 0 0 0 0 0 0 0 0 0 0 0 0 0 0 0 0 0 0 0 0 0 0 0 0 0 0 0 0 0 0 0 0 0 0 0 0 0 0 0 0 0 0 0 0 0 0 0 0 0 0 0 0 0 0 0 0 0 0 0 0 0 0 0 0 0 0 0 0 0 0 0 0 0 0 0 0 0 0 0 0 0 0 0 0 0 0 0 0 0 0 0 0 0 0 0 0 0 0 0 0 0 0 0 0 0 0 0 0 0 0 0 0 0 0 0 0 0 0 0 0 0 0 0 0 0 0 0 0 0 0 0 0 0 0 0 0 0 0 0 0 0 0 0 0 0 0 0 0 0 0 0 0 0 0 0 0 0 0 0 0 0 0 0 0 0 0 0 0 0 0 0 0 0 0 0 0 0 0 0 0 0 0 0 0 0 0 0 0 0 0 0 0 0 0 0 0 0 0 0 0 0 0 0 0 0 0 0 0 0 0 0 0 0 0 0 0 0 0 0 0 0 0 0 0 0 0 0 0 0 0 0 0 0 0 0 0 0 0 0 0 0 0 0 0 0 0 0 0 0 0 0 0 0 0 0 0 0 0 0 0 0 0 0 0 0 0 0 0 0 0 0 0 0 0 0 0 0 0 0 0 0 0 0 0 0 0 0 0 0 0 0 0 0 0 0 0 0 0 0 0 0 0 0 0 0 0 0 0 0 0 0 0 0 0 0 0 0 0 0 0 0 0 0 0 0 0 0 0 0 0 0 0 0 0 0 0 0 0 0 0 0 0 0 0 0 0 0 0 0 0 0 0 0 0 0 0 0 0 0 0 0 0 0 0 0 0 0 0 0 0 0 0 0 0 0 0 0 0 0 0 0 0 0 0 0 0 0 0 0 0 0 0 0 0 0 0 0 0 0 0 0 0 0 0 0 0 0 0 0 0 0 0 0 0 0 0 0 0 0 0 0 0 0 0 0 0 0 0 0 0 0 0 0 0 0 0 0 0 0 0 0 0 0 0 0 0 0 0 0 0 0 0 0 0 0 0 0 0 0 0 0 0 0 0 0 0 0 0 0 0 0 0 0 0 0 0 0 0 0 0 0 0 0 0 0 0 0 0 0 0 0 0 0 0 0 0 0 0 0 0 0 0 0 0 0 0 0 0 0 0 0 0 0 0 0 0 0 0 0 0 0 0 0 0 0 0 0 0 0 0 0 0 0 0 0 0 0 0 0 0 0 0 0 0 0 0 0 0 0 0 0 0 0 0 0 0 0 0 0 0 0 0 0 0 0 0 0 0 0 0 0 0 0 0 0 0 0 0 0 0 0 0 0 0 0 0 0 0 0 0 0 0 0 0 0 0 0 0 0 0 0 0 0 0 0 0 0 0 0 0 0 0 0 0 0 0 0 0 0 0 0 0 0 0 0 0 0 0 0 0 0 0 0 0 0 0 0 0 0 0 0 0 0 0 0 0 0 0 0 0 0 0 0 0 0 0 0 0 0 0 0 0 0 0 0 0 0 0 0 0 0 0 0 0 0 0 0 0 0 0 0 0 0 0 0 0 0 0 0 0 0 0 0 0 0 0 0 0 0 0 0 0 0 0 0 0 0 0 0 0 0 0 0 0 0 0 0 0 0 0 0 0 0 0 0 0 0 0 0 0 0 0 0 0 0 0 0 0 0 0 0 0 0 0 0 0 0 0 0 0 0 0 0 0 0 0 0 0 0 0 0 0 0 0 0 0 0 0 0 0 0 0 0 0 0 0 0 0 0 0 0 0 0 0 0 0 0 0 0 0 0 0 0 0 0 0 0 0 0 0 0 0 0 0 0 0 0 0 0 0 0 0 0 0 0 0 0 0 0 0 0 0 0 0 0 0 0 0 0 0 0 0 0 0 0 0 0 0 0 0 0 0 0 0 0 0 0 0 0 0 0 0 0 0 0 0 0 0 0 0 0 0 0 0 0 0 0 0 0 0 0 0 0 0 0 0 0 0 0 0 0 0 0 0 0 0 0 0 0 0 0 0 0 0 0 0 0 0 0 0 0 0 0 0 0 0 0 0 0 0 0 0 0 0 0 0 0 0 0 0 0 0 0 0 0 0 0 0 0 0 0 0 0 0 0 0 0 0 0 0 0 0 0 0 0 0 0 0 0 0 0 0 0 0 0 0 0 0 0 0 0 0 0 0 0 0 0 0 0 0 0 0 0 0 0 0 0 0 0 0 0 0 0 0 0 0 0 0 0 0 0 0 0 0 0 0 0 0 0 0 0 0 0 0 0 0 0 0 0 0 0 0 0 0 0 0 0 0 0 0 0 0 0 0 0 0 0 0 0 0 0 0 0 0 0 0 0 0 0 0 0 0 0 0 0 0 0 0 0 0 0 0 0 0 0 0 0 0 0 0 0 0 0 0 0 0 0 0 0 0 0 0 0 0 0 0 0 0 0 0 0 0 0 0 0 0 0 0 0 0 0 0 0 0 0 0 0 0 0 0 0 0 0 0 0 0 0 0 0 0 0 0 0 0 0 0 0 0 0 0 0 0 0 0 0 0 0 0 0 0 0 0 0 0 0 0 0 0 0 0 0 0 0 0 0 0 0 0 0 0 0 0 0 0 0 0 0 0 0 0 0 0 0 0 0 0 0 0 0 0 0 0 0 0 0 0 0 0 0 0 0 0 0 0 0 0 0 0 0 0 0 0 0 0 0 0 0 0 0 0 0 0 0 0 0 0 0 0 0 0 0 0 0 0 0 0 0 0 0 0 0 0 0 0 0 0 0 0 0 0 0 0 0 0 0 0 0 0 0 0 0 0 0 0 0 0 0 0 0 0 0 0 0 0 0 0 0 0 0 0 0 0 0 0 0 0 0 0 0 0 0 0 0 0 0 0 0 0 0 0 0 0 0 0 0 0 0 0 0 </float_array>
          <technique_common>
            <accessor count="2280" offset="0" source="#milky_white-tex0-array" stride="2">
              <param name="S" type="float" />
              <param name="T" type="float" />
            </accessor>
          </technique_common>
        </source>
        <vertices id="milky_white-vertices">
          <input semantic="POSITION" source="#milky_white-positions" />
        </vertices>
        <polylist count="760" material="defaultMaterial">
          <input offset="0" semantic="VERTEX" source="#milky_white-vertices" />
          <input offset="0" semantic="NORMAL" source="#milky_white-normals" />
          <input offset="0" semantic="TEXCOORD" source="#milky_white-tex0" set="0" />
          <vcount>3 3 3 3 3 3 3 3 3 3 3 3 3 3 3 3 3 3 3 3 3 3 3 3 3 3 3 3 3 3 3 3 3 3 3 3 3 3 3 3 3 3 3 3 3 3 3 3 3 3 3 3 3 3 3 3 3 3 3 3 3 3 3 3 3 3 3 3 3 3 3 3 3 3 3 3 3 3 3 3 3 3 3 3 3 3 3 3 3 3 3 3 3 3 3 3 3 3 3 3 3 3 3 3 3 3 3 3 3 3 3 3 3 3 3 3 3 3 3 3 3 3 3 3 3 3 3 3 3 3 3 3 3 3 3 3 3 3 3 3 3 3 3 3 3 3 3 3 3 3 3 3 3 3 3 3 3 3 3 3 3 3 3 3 3 3 3 3 3 3 3 3 3 3 3 3 3 3 3 3 3 3 3 3 3 3 3 3 3 3 3 3 3 3 3 3 3 3 3 3 3 3 3 3 3 3 3 3 3 3 3 3 3 3 3 3 3 3 3 3 3 3 3 3 3 3 3 3 3 3 3 3 3 3 3 3 3 3 3 3 3 3 3 3 3 3 3 3 3 3 3 3 3 3 3 3 3 3 3 3 3 3 3 3 3 3 3 3 3 3 3 3 3 3 3 3 3 3 3 3 3 3 3 3 3 3 3 3 3 3 3 3 3 3 3 3 3 3 3 3 3 3 3 3 3 3 3 3 3 3 3 3 3 3 3 3 3 3 3 3 3 3 3 3 3 3 3 3 3 3 3 3 3 3 3 3 3 3 3 3 3 3 3 3 3 3 3 3 3 3 3 3 3 3 3 3 3 3 3 3 3 3 3 3 3 3 3 3 3 3 3 3 3 3 3 3 3 3 3 3 3 3 3 3 3 3 3 3 3 3 3 3 3 3 3 3 3 3 3 3 3 3 3 3 3 3 3 3 3 3 3 3 3 3 3 3 3 3 3 3 3 3 3 3 3 3 3 3 3 3 3 3 3 3 3 3 3 3 3 3 3 3 3 3 3 3 3 3 3 3 3 3 3 3 3 3 3 3 3 3 3 3 3 3 3 3 3 3 3 3 3 3 3 3 3 3 3 3 3 3 3 3 3 3 3 3 3 3 3 3 3 3 3 3 3 3 3 3 3 3 3 3 3 3 3 3 3 3 3 3 3 3 3 3 3 3 3 3 3 3 3 3 3 3 3 3 3 3 3 3 3 3 3 3 3 3 3 3 3 3 3 3 3 3 3 3 3 3 3 3 3 3 3 3 3 3 3 3 3 3 3 3 3 3 3 3 3 3 3 3 3 3 3 3 3 3 3 3 3 3 3 3 3 3 3 3 3 3 3 3 3 3 3 3 3 3 3 3 3 3 3 3 3 3 3 3 3 3 3 3 3 3 3 3 3 3 3 3 3 3 3 3 3 3 3 3 3 3 3 3 3 3 3 3 3 3 3 3 3 3 3 3 3 3 3 3 3 3 3 3 3 3 3 3 3 3 3 3 3 3 3 3 3 3 3 3 3 3 3 3 3 3 3 3 3 3 3 3 3 3 3 3 3 3 3 3 3 3 3 3 3 3 3 3 3 3 3 3 3 3 3 3 3 3 3 3 3 3 3 3 3 3 3 3 3 3 3 3 3 3 3 3 3 3 3 3 3 3 3 3 3 3 3 3 3 3 3 3 3 3 3 3 3 3 3 3 3 3 3 3 3 3 3 3 3 3 3 3 3 3 </vcount>
          <p>0 1 2 3 4 5 6 7 8 9 10 11 12 13 14 15 16 17 18 19 20 21 22 23 24 25 26 27 28 29 30 31 32 33 34 35 36 37 38 39 40 41 42 43 44 45 46 47 48 49 50 51 52 53 54 55 56 57 58 59 60 61 62 63 64 65 66 67 68 69 70 71 72 73 74 75 76 77 78 79 80 81 82 83 84 85 86 87 88 89 90 91 92 93 94 95 96 97 98 99 100 101 102 103 104 105 106 107 108 109 110 111 112 113 114 115 116 117 118 119 120 121 122 123 124 125 126 127 128 129 130 131 132 133 134 135 136 137 138 139 140 141 142 143 144 145 146 147 148 149 150 151 152 153 154 155 156 157 158 159 160 161 162 163 164 165 166 167 168 169 170 171 172 173 174 175 176 177 178 179 180 181 182 183 184 185 186 187 188 189 190 191 192 193 194 195 196 197 198 199 200 201 202 203 204 205 206 207 208 209 210 211 212 213 214 215 216 217 218 219 220 221 222 223 224 225 226 227 228 229 230 231 232 233 234 235 236 237 238 239 240 241 242 243 244 245 246 247 248 249 250 251 252 253 254 255 256 257 258 259 260 261 262 263 264 265 266 267 268 269 270 271 272 273 274 275 276 277 278 279 280 281 282 283 284 285 286 287 288 289 290 291 292 293 294 295 296 297 298 299 300 301 302 303 304 305 306 307 308 309 310 311 312 313 314 315 316 317 318 319 320 321 322 323 324 325 326 327 328 329 330 331 332 333 334 335 336 337 338 339 340 341 342 343 344 345 346 347 348 349 350 351 352 353 354 355 356 357 358 359 360 361 362 363 364 365 366 367 368 369 370 371 372 373 374 375 376 377 378 379 380 381 382 383 384 385 386 387 388 389 390 391 392 393 394 395 396 397 398 399 400 401 402 403 404 405 406 407 408 409 410 411 412 413 414 415 416 417 418 419 420 421 422 423 424 425 426 427 428 429 430 431 432 433 434 435 436 437 438 439 440 441 442 443 444 445 446 447 448 449 450 451 452 453 454 455 456 457 458 459 460 461 462 463 464 465 466 467 468 469 470 471 472 473 474 475 476 477 478 479 480 481 482 483 484 485 486 487 488 489 490 491 492 493 494 495 496 497 498 499 500 501 502 503 504 505 506 507 508 509 510 511 512 513 514 515 516 517 518 519 520 521 522 523 524 525 526 527 528 529 530 531 532 533 534 535 536 537 538 539 540 541 542 543 544 545 546 547 548 549 550 551 552 553 554 555 556 557 558 559 560 561 562 563 564 565 566 567 568 569 570 571 572 573 574 575 576 577 578 579 580 581 582 583 584 585 586 587 588 589 590 591 592 593 594 595 596 597 598 599 600 601 602 603 604 605 606 607 608 609 610 611 612 613 614 615 616 617 618 619 620 621 622 623 624 625 626 627 628 629 630 631 632 633 634 635 636 637 638 639 640 641 642 643 644 645 646 647 648 649 650 651 652 653 654 655 656 657 658 659 660 661 662 663 664 665 666 667 668 669 670 671 672 673 674 675 676 677 678 679 680 681 682 683 684 685 686 687 688 689 690 691 692 693 694 695 696 697 698 699 700 701 702 703 704 705 706 707 708 709 710 711 712 713 714 715 716 717 718 719 720 721 722 723 724 725 726 727 728 729 730 731 732 733 734 735 736 737 738 739 740 741 742 743 744 745 746 747 748 749 750 751 752 753 754 755 756 757 758 759 760 761 762 763 764 765 766 767 768 769 770 771 772 773 774 775 776 777 778 779 780 781 782 783 784 785 786 787 788 789 790 791 792 793 794 795 796 797 798 799 800 801 802 803 804 805 806 807 808 809 810 811 812 813 814 815 816 817 818 819 820 821 822 823 824 825 826 827 828 829 830 831 832 833 834 835 836 837 838 839 840 841 842 843 844 845 846 847 848 849 850 851 852 853 854 855 856 857 858 859 860 861 862 863 864 865 866 867 868 869 870 871 872 873 874 875 876 877 878 879 880 881 882 883 884 885 886 887 888 889 890 891 892 893 894 895 896 897 898 899 900 901 902 903 904 905 906 907 908 909 910 911 912 913 914 915 916 917 918 919 920 921 922 923 924 925 926 927 928 929 930 931 932 933 934 935 936 937 938 939 940 941 942 943 944 945 946 947 948 949 950 951 952 953 954 955 956 957 958 959 960 961 962 963 964 965 966 967 968 969 970 971 972 973 974 975 976 977 978 979 980 981 982 983 984 985 986 987 988 989 990 991 992 993 994 995 996 997 998 999 1000 1001 1002 1003 1004 1005 1006 1007 1008 1009 1010 1011 1012 1013 1014 1015 1016 1017 1018 1019 1020 1021 1022 1023 1024 1025 1026 1027 1028 1029 1030 1031 1032 1033 1034 1035 1036 1037 1038 1039 1040 1041 1042 1043 1044 1045 1046 1047 1048 1049 1050 1051 1052 1053 1054 1055 1056 1057 1058 1059 1060 1061 1062 1063 1064 1065 1066 1067 1068 1069 1070 1071 1072 1073 1074 1075 1076 1077 1078 1079 1080 1081 1082 1083 1084 1085 1086 1087 1088 1089 1090 1091 1092 1093 1094 1095 1096 1097 1098 1099 1100 1101 1102 1103 1104 1105 1106 1107 1108 1109 1110 1111 1112 1113 1114 1115 1116 1117 1118 1119 1120 1121 1122 1123 1124 1125 1126 1127 1128 1129 1130 1131 1132 1133 1134 1135 1136 1137 1138 1139 1140 1141 1142 1143 1144 1145 1146 1147 1148 1149 1150 1151 1152 1153 1154 1155 1156 1157 1158 1159 1160 1161 1162 1163 1164 1165 1166 1167 1168 1169 1170 1171 1172 1173 1174 1175 1176 1177 1178 1179 1180 1181 1182 1183 1184 1185 1186 1187 1188 1189 1190 1191 1192 1193 1194 1195 1196 1197 1198 1199 1200 1201 1202 1203 1204 1205 1206 1207 1208 1209 1210 1211 1212 1213 1214 1215 1216 1217 1218 1219 1220 1221 1222 1223 1224 1225 1226 1227 1228 1229 1230 1231 1232 1233 1234 1235 1236 1237 1238 1239 1240 1241 1242 1243 1244 1245 1246 1247 1248 1249 1250 1251 1252 1253 1254 1255 1256 1257 1258 1259 1260 1261 1262 1263 1264 1265 1266 1267 1268 1269 1270 1271 1272 1273 1274 1275 1276 1277 1278 1279 1280 1281 1282 1283 1284 1285 1286 1287 1288 1289 1290 1291 1292 1293 1294 1295 1296 1297 1298 1299 1300 1301 1302 1303 1304 1305 1306 1307 1308 1309 1310 1311 1312 1313 1314 1315 1316 1317 1318 1319 1320 1321 1322 1323 1324 1325 1326 1327 1328 1329 1330 1331 1332 1333 1334 1335 1336 1337 1338 1339 1340 1341 1342 1343 1344 1345 1346 1347 1348 1349 1350 1351 1352 1353 1354 1355 1356 1357 1358 1359 1360 1361 1362 1363 1364 1365 1366 1367 1368 1369 1370 1371 1372 1373 1374 1375 1376 1377 1378 1379 1380 1381 1382 1383 1384 1385 1386 1387 1388 1389 1390 1391 1392 1393 1394 1395 1396 1397 1398 1399 1400 1401 1402 1403 1404 1405 1406 1407 1408 1409 1410 1411 1412 1413 1414 1415 1416 1417 1418 1419 1420 1421 1422 1423 1424 1425 1426 1427 1428 1429 1430 1431 1432 1433 1434 1435 1436 1437 1438 1439 1440 1441 1442 1443 1444 1445 1446 1447 1448 1449 1450 1451 1452 1453 1454 1455 1456 1457 1458 1459 1460 1461 1462 1463 1464 1465 1466 1467 1468 1469 1470 1471 1472 1473 1474 1475 1476 1477 1478 1479 1480 1481 1482 1483 1484 1485 1486 1487 1488 1489 1490 1491 1492 1493 1494 1495 1496 1497 1498 1499 1500 1501 1502 1503 1504 1505 1506 1507 1508 1509 1510 1511 1512 1513 1514 1515 1516 1517 1518 1519 1520 1521 1522 1523 1524 1525 1526 1527 1528 1529 1530 1531 1532 1533 1534 1535 1536 1537 1538 1539 1540 1541 1542 1543 1544 1545 1546 1547 1548 1549 1550 1551 1552 1553 1554 1555 1556 1557 1558 1559 1560 1561 1562 1563 1564 1565 1566 1567 1568 1569 1570 1571 1572 1573 1574 1575 1576 1577 1578 1579 1580 1581 1582 1583 1584 1585 1586 1587 1588 1589 1590 1591 1592 1593 1594 1595 1596 1597 1598 1599 1600 1601 1602 1603 1604 1605 1606 1607 1608 1609 1610 1611 1612 1613 1614 1615 1616 1617 1618 1619 1620 1621 1622 1623 1624 1625 1626 1627 1628 1629 1630 1631 1632 1633 1634 1635 1636 1637 1638 1639 1640 1641 1642 1643 1644 1645 1646 1647 1648 1649 1650 1651 1652 1653 1654 1655 1656 1657 1658 1659 1660 1661 1662 1663 1664 1665 1666 1667 1668 1669 1670 1671 1672 1673 1674 1675 1676 1677 1678 1679 1680 1681 1682 1683 1684 1685 1686 1687 1688 1689 1690 1691 1692 1693 1694 1695 1696 1697 1698 1699 1700 1701 1702 1703 1704 1705 1706 1707 1708 1709 1710 1711 1712 1713 1714 1715 1716 1717 1718 1719 1720 1721 1722 1723 1724 1725 1726 1727 1728 1729 1730 1731 1732 1733 1734 1735 1736 1737 1738 1739 1740 1741 1742 1743 1744 1745 1746 1747 1748 1749 1750 1751 1752 1753 1754 1755 1756 1757 1758 1759 1760 1761 1762 1763 1764 1765 1766 1767 1768 1769 1770 1771 1772 1773 1774 1775 1776 1777 1778 1779 1780 1781 1782 1783 1784 1785 1786 1787 1788 1789 1790 1791 1792 1793 1794 1795 1796 1797 1798 1799 1800 1801 1802 1803 1804 1805 1806 1807 1808 1809 1810 1811 1812 1813 1814 1815 1816 1817 1818 1819 1820 1821 1822 1823 1824 1825 1826 1827 1828 1829 1830 1831 1832 1833 1834 1835 1836 1837 1838 1839 1840 1841 1842 1843 1844 1845 1846 1847 1848 1849 1850 1851 1852 1853 1854 1855 1856 1857 1858 1859 1860 1861 1862 1863 1864 1865 1866 1867 1868 1869 1870 1871 1872 1873 1874 1875 1876 1877 1878 1879 1880 1881 1882 1883 1884 1885 1886 1887 1888 1889 1890 1891 1892 1893 1894 1895 1896 1897 1898 1899 1900 1901 1902 1903 1904 1905 1906 1907 1908 1909 1910 1911 1912 1913 1914 1915 1916 1917 1918 1919 1920 1921 1922 1923 1924 1925 1926 1927 1928 1929 1930 1931 1932 1933 1934 1935 1936 1937 1938 1939 1940 1941 1942 1943 1944 1945 1946 1947 1948 1949 1950 1951 1952 1953 1954 1955 1956 1957 1958 1959 1960 1961 1962 1963 1964 1965 1966 1967 1968 1969 1970 1971 1972 1973 1974 1975 1976 1977 1978 1979 1980 1981 1982 1983 1984 1985 1986 1987 1988 1989 1990 1991 1992 1993 1994 1995 1996 1997 1998 1999 2000 2001 2002 2003 2004 2005 2006 2007 2008 2009 2010 2011 2012 2013 2014 2015 2016 2017 2018 2019 2020 2021 2022 2023 2024 2025 2026 2027 2028 2029 2030 2031 2032 2033 2034 2035 2036 2037 2038 2039 2040 2041 2042 2043 2044 2045 2046 2047 2048 2049 2050 2051 2052 2053 2054 2055 2056 2057 2058 2059 2060 2061 2062 2063 2064 2065 2066 2067 2068 2069 2070 2071 2072 2073 2074 2075 2076 2077 2078 2079 2080 2081 2082 2083 2084 2085 2086 2087 2088 2089 2090 2091 2092 2093 2094 2095 2096 2097 2098 2099 2100 2101 2102 2103 2104 2105 2106 2107 2108 2109 2110 2111 2112 2113 2114 2115 2116 2117 2118 2119 2120 2121 2122 2123 2124 2125 2126 2127 2128 2129 2130 2131 2132 2133 2134 2135 2136 2137 2138 2139 2140 2141 2142 2143 2144 2145 2146 2147 2148 2149 2150 2151 2152 2153 2154 2155 2156 2157 2158 2159 2160 2161 2162 2163 2164 2165 2166 2167 2168 2169 2170 2171 2172 2173 2174 2175 2176 2177 2178 2179 2180 2181 2182 2183 2184 2185 2186 2187 2188 2189 2190 2191 2192 2193 2194 2195 2196 2197 2198 2199 2200 2201 2202 2203 2204 2205 2206 2207 2208 2209 2210 2211 2212 2213 2214 2215 2216 2217 2218 2219 2220 2221 2222 2223 2224 2225 2226 2227 2228 2229 2230 2231 2232 2233 2234 2235 2236 2237 2238 2239 2240 2241 2242 2243 2244 2245 2246 2247 2248 2249 2250 2251 2252 2253 2254 2255 2256 2257 2258 2259 2260 2261 2262 2263 2264 2265 2266 2267 2268 2269 2270 2271 2272 2273 2274 2275 2276 2277 2278 2279 </p>
        </polylist>
      </mesh>
    </geometry>
    <geometry id="shiny_white" name="shiny_white" >
      <mesh>
        <source id="shiny_white-positions" name="shiny_white-positions">
          <float_array id="shiny_white-positions-array" count="10710"> 0.0714510009 -0.116387002 0.0546699986 0.0711060017 0.116664998 0.0547289997 0.111441001 -0.000157999995 -0.0143250003 0.0714510009 -0.116387002 0.0546699986 0.0294259991 8.70000003e-05 0.124558002 0.0711060017 0.116664998 0.0547289997 0.0353869982 0.120908998 0.122947998 0.0342199989 0.118435003 0.126065001 0.0362260006 0.119460002 0.129561007 0.0353869982 0.120908998 0.122947998 0.0362260006 0.119460002 0.129561007 0.0378119983 0.121469997 0.126506999 0.0342589989 0.114220999 0.132643998 0.0405149981 0.114243999 0.136290997 0.0424829982 0.119469002 0.133205995 0.0342589989 0.114220999 0.132643998 0.0424829982 0.119469002 0.133205995 0.0362260006 0.119460002 0.129561007 0.0336330011 0.109102003 0.133424997 0.0398919992 0.109139003 0.137068003 0.0405149981 0.114243999 0.136290997 0.0336330011 0.109102003 0.133424997 0.0405149981 0.114243999 0.136290997 0.0342589989 0.114220999 0.132643998 0.110082 -0.11637 -0.0111779999 0.109210998 -0.114045002 -0.0111689996 0.110698998 -0.111971997 -0.0127309998 0.110082 -0.11637 -0.0111779999 0.110698998 -0.111971997 -0.0127309998 0.110982999 -0.112736002 -0.0132179996 0.108831003 0.117101997 -0.0101669999 0.108809002 0.115872003 -0.0101260003 0.108070999 0.116508 -0.00877700001 0.108831003 0.117101997 -0.0101669999 0.108070999 0.116508 -0.00877700001 0.108232997 0.117741004 -0.00905700028 0.0294259991 8.70000003e-05 0.124558002 0.0303750001 0.108957998 0.125519007 0.0310510006 0.108721003 0.124516003 0.075263001 -0.120654002 0.0553280003 0.111515999 -0.119329996 -0.00767999981 0.116003998 -0.120663002 -0.00794299971 0.075263001 -0.120654002 0.0553280003 0.116003998 -0.120663002 -0.00794299971 0.0790750012 -0.122446001 0.0559829995 0.0294259991 8.70000003e-05 0.124558002 0.0302540008 -0.107607 0.125386998 0.0303240009 -0.102407999 0.125407994 0.114648998 0.122831002 -0.00579700014 0.0775230005 0.122985996 0.0579850003 0.0837820023 0.122994997 0.0616279989 0.114648998 0.122831002 -0.00579700014 0.0837820023 0.122994997 0.0616279989 0.120908 0.122841001 -0.0021540001 0.0775230005 0.122985996 0.0579850003 0.040155001 0.123168997 0.122180998 0.0463979989 0.123179004 0.125851005 0.0775230005 0.122985996 0.0579850003 0.0463979989 0.123179004 0.125851005 0.0837820023 0.122994997 0.0616279989 0.0747940019 0.121827997 0.0560909994 0.0383769982 0.121949002 0.118634999 0.040155001 0.123168997 0.122180998 0.0747940019 0.121827997 0.0560909994 0.040155001 0.123168997 0.122180998 0.0775230005 0.122985996 0.0579850003 0.0383769982 0.121949002 0.118634999 0.0353869982 0.120908998 0.122947998 0.0378119983 0.121469997 0.126506999 0.0383769982 0.121949002 0.118634999 0.0378119983 0.121469997 0.126506999 0.040155001 0.123168997 0.122180998 0.0330080017 0.116273001 0.120442003 0.0314190015 0.114263996 0.123501003 0.0342199989 0.118435003 0.126065001 0.0330080017 0.116273001 0.120442003 0.0342199989 0.118435003 0.126065001 0.0353869982 0.120908998 0.122947998 0.112608999 0.120485 -0.0107659996 0.111920998 0.121673003 -0.0076919999 0.114648998 0.122831002 -0.00579700014 0.040155001 0.123168997 0.122180998 0.0378119983 0.121469997 0.126506999 0.0440619998 0.121478997 0.130163997 0.112608999 0.120485 -0.0107659996 0.114648998 0.122831002 -0.00579700014 0.116818003 0.122065999 -0.00952200033 0.040155001 0.123168997 0.122180998 0.0440619998 0.121478997 0.130163997 0.0463979989 0.123179004 0.125851005 0.116818003 0.122065999 -0.00952200033 0.123075999 0.122075997 -0.00587899983 0.125030994 0.119718 -0.00923699979 0.116818003 0.122065999 -0.00952200033 0.114648998 0.122831002 -0.00579700014 0.120908 0.122841001 -0.0021540001 0.116818003 0.122065999 -0.00952200033 0.125030994 0.119718 -0.00923699979 0.114774004 0.118643001 -0.014033 0.116818003 0.122065999 -0.00952200033 0.120908 0.122841001 -0.0021540001 0.123075999 0.122075997 -0.00587899983 0.075263001 -0.120654002 0.0553280003 0.0790750012 -0.122446001 0.0559829995 0.0401620008 -0.122547999 0.123649999 0.075263001 -0.120654002 0.0553280003 0.0401620008 -0.122547999 0.123649999 0.0373860002 -0.120902002 0.120401002 0.0315539986 0.111803003 0.130586997 0.0313839987 0.109021001 0.130967006 0.0336330011 0.109102003 0.133424997 0.115461998 -0.110606 -0.0156020001 0.114955999 -0.116131 -0.0134760002 0.110982999 -0.112736002 -0.0132179996 0.115461998 -0.110606 -0.0156020001 0.110982999 -0.112736002 -0.0132179996 0.111905001 -0.108823001 -0.0148179997 0.0313839987 0.109021001 0.130967006 0.0315539986 0.111803003 0.130586997 0.0303750001 0.108957998 0.125519007 0.111441001 -0.000157999995 -0.0143250003 0.0711060017 0.116664998 0.0547289997 0.108070999 0.116508 -0.00877700001 0.111441001 -0.000157999995 -0.0143250003 0.108070999 0.116508 -0.00877700001 0.108809002 0.115872003 -0.0101260003 0.111441001 -0.000157999995 -0.0143250003 0.108809002 0.115872003 -0.0101260003 0.110347003 0.113517001 -0.0127680004 0.111441001 -0.000157999995 -0.0143250003 0.110347003 0.113517001 -0.0127680004 0.111031003 0.108561002 -0.0138130002 0.0747940019 0.121827997 0.0560909994 0.0775230005 0.122985996 0.0579850003 0.114648998 0.122831002 -0.00579700014 0.0747940019 0.121827997 0.0560909994 0.114648998 0.122831002 -0.00579700014 0.111920998 0.121673003 -0.0076919999 0.111441001 -0.000157999995 -0.0143250003 0.111031003 0.108561002 -0.0138130002 0.111437 0.101594999 -0.0145969996 0.0378119983 0.121469997 0.126506999 0.0362260006 0.119460002 0.129561007 0.0424829982 0.119469002 0.133205995 0.0378119983 0.121469997 0.126506999 0.0424829982 0.119469002 0.133205995 0.0440619998 0.121478997 0.130163997 0.0325689986 0.115976997 0.128877997 0.030793 0.113604002 0.124799997 0.0303750001 0.108957998 0.125519007 0.0325689986 0.115976997 0.128877997 0.0303750001 0.108957998 0.125519007 0.0315539986 0.111803003 0.130586997 0.0342199989 0.118435003 0.126065001 0.0314190015 0.114263996 0.123501003 0.030793 0.113604002 0.124799997 0.0342199989 0.118435003 0.126065001 0.030793 0.113604002 0.124799997 0.0325689986 0.115976997 0.128877997 0.0406400003 -0.113940001 0.136395007 0.0399009995 -0.109539002 0.137654006 0.0344460011 -0.108746 0.133424997 0.0406400003 -0.113940001 0.136395007 0.0344460011 -0.108746 0.133424997 0.0352189988 -0.110729001 0.132097006 0.0352189988 -0.110729001 0.132097006 0.0344460011 -0.108746 0.133424997 0.0318790004 -0.105425 0.130165994 0.0352189988 -0.110729001 0.132097006 0.0318790004 -0.105425 0.130165994 0.0325089991 -0.109122999 0.129539996 0.0298849996 -0.102058999 0.126160994 0.0297979992 -0.107516997 0.126167998 0.0325089991 -0.109122999 0.129539996 0.0298849996 -0.102058999 0.126160994 0.0325089991 -0.109122999 0.129539996 0.0318790004 -0.105425 0.130165994 0.0303240009 -0.102407999 0.125407994 0.0302540008 -0.107607 0.125386998 0.0297979992 -0.107516997 0.126167998 0.0303240009 -0.102407999 0.125407994 0.0297979992 -0.107516997 0.126167998 0.0298849996 -0.102058999 0.126160994 0.0337609984 -0.114010997 0.126600996 0.0325089991 -0.109122999 0.129539996 0.0297979992 -0.107516997 0.126167998 0.0337609984 -0.114010997 0.126600996 0.0297979992 -0.107516997 0.126167998 0.0310779996 -0.112698004 0.123998001 0.0337609984 -0.114010997 0.126600996 0.0310779996 -0.112698004 0.123998001 0.0346719995 -0.118739001 0.125062004 0.0434519984 -0.121036999 0.131589994 0.0375990011 -0.118376002 0.128052995 0.0457150005 -0.122798003 0.127701998 0.0346719995 -0.118739001 0.125062004 0.0310779996 -0.112698004 0.123998001 0.0317460001 -0.115716003 0.122885004 0.0346719995 -0.118739001 0.125062004 0.0401620008 -0.122547999 0.123649999 0.0457150005 -0.122798003 0.127701998 0.0346719995 -0.118739001 0.125062004 0.0457150005 -0.122798003 0.127701998 0.0375990011 -0.118376002 0.128052995 0.0317460001 -0.115716003 0.122885004 0.0373860002 -0.120902002 0.120401002 0.0401620008 -0.122547999 0.123649999 0.0317460001 -0.115716003 0.122885004 0.0401620008 -0.122547999 0.123649999 0.0346719995 -0.118739001 0.125062004 0.0317460001 -0.115716003 0.122885004 0.0346099995 -0.118012004 0.117967002 0.0373860002 -0.120902002 0.120401002 0.0714510009 -0.116387002 0.0546699986 0.0346990004 -0.116713002 0.117811002 0.0320100002 -0.114451997 0.122428998 0.0315660015 -0.111543998 0.123158 0.0302540008 -0.107607 0.125386998 0.0294259991 8.70000003e-05 0.124558002 0.0714510009 -0.116387002 0.0546699986 0.0320100002 -0.114451997 0.122428998 0.0315660015 -0.111543998 0.123158 0.0315660015 -0.111543998 0.123158 0.0294259991 8.70000003e-05 0.124558002 0.0714510009 -0.116387002 0.0546699986 0.108349003 -0.116150998 -0.009234 0.108511999 -0.114921004 -0.00951899961 0.109210998 -0.114045002 -0.0111689996 0.112608999 0.120485 -0.0107659996 0.116818003 0.122065999 -0.00952200033 0.114774004 0.118643001 -0.014033 0.108349003 -0.116150998 -0.009234 0.109210998 -0.114045002 -0.0111689996 0.110082 -0.11637 -0.0111779999 0.110785998 0.114744 -0.0135260001 0.108831003 0.117101997 -0.0101669999 0.112608999 0.120485 -0.0107659996 0.110785998 0.114744 -0.0135260001 0.112608999 0.120485 -0.0107659996 0.114774004 0.118643001 -0.014033 0.119346 0.111267 -0.0161649995 0.127055004 0.113444999 -0.0128899999 0.127672002 0.103767999 -0.0137360003 0.119346 0.111267 -0.0161649995 0.127672002 0.103767999 -0.0137360003 0.119773999 0.102576002 -0.0161179993 0.0294259991 8.70000003e-05 0.124558002 0.0303240009 -0.102407999 0.125407994 0.0298849996 -0.102058999 0.126160994 0.0294259991 8.70000003e-05 0.124558002 0.0298849996 -0.102058999 0.126160994 0.0303750001 0.108957998 0.125519007 0.0310779996 -0.112698004 0.123998001 0.0297979992 -0.107516997 0.126167998 0.0302540008 -0.107607 0.125386998 0.0310779996 -0.112698004 0.123998001 0.0302540008 -0.107607 0.125386998 0.0315660015 -0.111543998 0.123158 0.0320100002 -0.114451997 0.122428998 0.0317460001 -0.115716003 0.122885004 0.0310779996 -0.112698004 0.123998001 0.0320100002 -0.114451997 0.122428998 0.0310779996 -0.112698004 0.123998001 0.0315660015 -0.111543998 0.123158 0.0346990004 -0.116713002 0.117811002 0.0346099995 -0.118012004 0.117967002 0.0317460001 -0.115716003 0.122885004 0.0346990004 -0.116713002 0.117811002 0.0317460001 -0.115716003 0.122885004 0.0320100002 -0.114451997 0.122428998 0.0346099995 -0.118012004 0.117967002 0.0346990004 -0.116713002 0.117811002 0.0714510009 -0.116387002 0.0546699986 0.0346099995 -0.118012004 0.117967002 0.0714510009 -0.116387002 0.0546699986 0.0714510009 -0.117617004 0.0546730012 0.108349003 -0.116150998 -0.009234 0.0714510009 -0.117617004 0.0546730012 0.0714510009 -0.116387002 0.0546699986 0.108349003 -0.116150998 -0.009234 0.0714510009 -0.116387002 0.0546699986 0.108511999 -0.114921004 -0.00951899961 0.111515999 -0.119329996 -0.00767999981 0.112044998 -0.118914001 -0.00858900044 0.116003998 -0.120663002 -0.00794299971 0.0714510009 -0.116387002 0.0546699986 0.111441001 -0.000157999995 -0.0143250003 0.108511999 -0.114921004 -0.00951899961 0.111441001 -0.000157999995 -0.0143250003 0.110698998 -0.111971997 -0.0127309998 0.109210998 -0.114045002 -0.0111689996 0.111441001 -0.000157999995 -0.0143250003 0.109210998 -0.114045002 -0.0111689996 0.108511999 -0.114921004 -0.00951899961 0.110698998 -0.111971997 -0.0127309998 0.111446001 -0.108888 -0.014029 0.111905001 -0.108823001 -0.0148179997 0.111441001 -0.000157999995 -0.0143250003 0.111446001 -0.108888 -0.014029 0.110698998 -0.111971997 -0.0127309998 0.115267999 0.101979002 -0.0161700007 0.115461998 -0.110606 -0.0156020001 0.111905001 -0.108823001 -0.0148179997 0.110698998 -0.111971997 -0.0127309998 0.111905001 -0.108823001 -0.0148179997 0.110982999 -0.112736002 -0.0132179996 0.115267999 0.101979002 -0.0161700007 0.111905001 -0.108823001 -0.0148179997 0.111877002 0.101383001 -0.0153670004 0.111905001 -0.108823001 -0.0148179997 0.111446001 -0.108888 -0.014029 0.111441001 -0.000157999995 -0.0143250003 0.111979 0.108958997 -0.0153240003 0.111877002 0.101383001 -0.0153670004 0.111437 0.101594999 -0.0145969996 0.111979 0.108958997 -0.0153240003 0.111437 0.101594999 -0.0145969996 0.111031003 0.108561002 -0.0138130002 0.111979 0.108958997 -0.0153240003 0.111031003 0.108561002 -0.0138130002 0.110347003 0.113517001 -0.0127680004 0.111979 0.108958997 -0.0153240003 0.110347003 0.113517001 -0.0127680004 0.110785998 0.114744 -0.0135260001 0.108809002 0.115872003 -0.0101260003 0.108831003 0.117101997 -0.0101669999 0.110785998 0.114744 -0.0135260001 0.108809002 0.115872003 -0.0101260003 0.110785998 0.114744 -0.0135260001 0.110347003 0.113517001 -0.0127680004 0.108070999 0.116508 -0.00877700001 0.0711060017 0.116664998 0.0547289997 0.0711060017 0.117895 0.0547249988 0.108070999 0.116508 -0.00877700001 0.0711060017 0.117895 0.0547249988 0.108232997 0.117741004 -0.00905700028 0.0353560001 0.117973 0.116108999 0.0711060017 0.117895 0.0547249988 0.0711060017 0.116664998 0.0547289997 0.0353560001 0.117973 0.116108999 0.0711060017 0.116664998 0.0547289997 0.0354130007 0.116733998 0.116013996 0.0354130007 0.116733998 0.116013996 0.033135999 0.114951 0.120240003 0.0330080017 0.116273001 0.120442003 0.0354130007 0.116733998 0.116013996 0.0330080017 0.116273001 0.120442003 0.0353560001 0.117973 0.116108999 0.0314190015 0.114263996 0.123501003 0.0330080017 0.116273001 0.120442003 0.033135999 0.114951 0.120240003 0.0314190015 0.114263996 0.123501003 0.033135999 0.114951 0.120240003 0.0320070013 0.113305002 0.122493997 0.114955999 -0.116131 -0.0134760002 0.113986999 -0.117811002 -0.0108120004 0.110082 -0.11637 -0.0111779999 0.114955999 -0.116131 -0.0134760002 0.110082 -0.11637 -0.0111779999 0.110982999 -0.112736002 -0.0132179996 0.0711060017 0.117895 0.0547249988 0.0353560001 0.117973 0.116108999 0.0383769982 0.121949002 0.118634999 0.0711060017 0.117895 0.0547249988 0.0383769982 0.121949002 0.118634999 0.0747940019 0.121827997 0.0560909994 0.0353560001 0.117973 0.116108999 0.0330080017 0.116273001 0.120442003 0.0353869982 0.120908998 0.122947998 0.0353560001 0.117973 0.116108999 0.0353869982 0.120908998 0.122947998 0.0383769982 0.121949002 0.118634999 0.108831003 0.117101997 -0.0101669999 0.108232997 0.117741004 -0.00905700028 0.111920998 0.121673003 -0.0076919999 0.108831003 0.117101997 -0.0101669999 0.111920998 0.121673003 -0.0076919999 0.112608999 0.120485 -0.0107659996 0.108232997 0.117741004 -0.00905700028 0.0711060017 0.117895 0.0547249988 0.0747940019 0.121827997 0.0560909994 0.108232997 0.117741004 -0.00905700028 0.0747940019 0.121827997 0.0560909994 0.111920998 0.121673003 -0.0076919999 0.0342589989 0.114220999 0.132643998 0.0325689986 0.115976997 0.128877997 0.0315539986 0.111803003 0.130586997 0.0342589989 0.114220999 0.132643998 0.0315539986 0.111803003 0.130586997 0.0336330011 0.109102003 0.133424997 0.0362260006 0.119460002 0.129561007 0.0342199989 0.118435003 0.126065001 0.0325689986 0.115976997 0.128877997 0.0362260006 0.119460002 0.129561007 0.0325689986 0.115976997 0.128877997 0.0342589989 0.114220999 0.132643998 0.0352189988 -0.110729001 0.132097006 0.0364440009 -0.115323998 0.130018994 0.0418110006 -0.117950998 0.134409994 0.0352189988 -0.110729001 0.132097006 0.0418110006 -0.117950998 0.134409994 0.0406400003 -0.113940001 0.136395007 0.0325089991 -0.109122999 0.129539996 0.0337609984 -0.114010997 0.126600996 0.0364440009 -0.115323998 0.130018994 0.0325089991 -0.109122999 0.129539996 0.0364440009 -0.115323998 0.130018994 0.0352189988 -0.110729001 0.132097006 0.0364440009 -0.115323998 0.130018994 0.0375990011 -0.118376002 0.128052995 0.0434519984 -0.121036999 0.131589994 0.0364440009 -0.115323998 0.130018994 0.0434519984 -0.121036999 0.131589994 0.0418110006 -0.117950998 0.134409994 0.0337609984 -0.114010997 0.126600996 0.0346719995 -0.118739001 0.125062004 0.0375990011 -0.118376002 0.128052995 0.0337609984 -0.114010997 0.126600996 0.0375990011 -0.118376002 0.128052995 0.0364440009 -0.115323998 0.130018994 0.0336330011 0.109102003 0.133424997 0.0343549997 0.000149 0.131257996 0.0398919992 0.109139003 0.137068003 0.0313839987 0.109021001 0.130967006 0.0319669992 0.000109000001 0.129653007 0.0343549997 0.000149 0.131257996 0.0313839987 0.109021001 0.130967006 0.0343549997 0.000149 0.131257996 0.0336330011 0.109102003 0.133424997 0.0298849996 -0.102058999 0.126160994 0.0319669992 0.000109000001 0.129653007 0.0313839987 0.109021001 0.130967006 0.0318790004 -0.105425 0.130165994 0.0319669992 0.000109000001 0.129653007 0.0298849996 -0.102058999 0.126160994 0.0298849996 -0.102058999 0.126160994 0.0313839987 0.109021001 0.130967006 0.0303750001 0.108957998 0.125519007 0.0343549997 0.000149 0.131257996 0.0319669992 0.000109000001 0.129653007 0.0318790004 -0.105425 0.130165994 0.0343549997 0.000149 0.131257996 0.0318790004 -0.105425 0.130165994 0.0344460011 -0.108746 0.133424997 0.0344460011 -0.108746 0.133424997 0.0399009995 -0.109539002 0.137654006 0.0398919992 0.109139003 0.137068003 0.0344460011 -0.108746 0.133424997 0.0398919992 0.109139003 0.137068003 0.0343549997 0.000149 0.131257996 0.0320070013 0.113305002 0.122493997 0.033135999 0.114951 0.120240003 0.0711060017 0.116664998 0.0547289997 0.0320070013 0.113305002 0.122493997 0.0711060017 0.116664998 0.0547289997 0.0294259991 8.70000003e-05 0.124558002 0.0711060017 0.116664998 0.0547289997 0.033135999 0.114951 0.120240003 0.0354130007 0.116733998 0.116013996 0.111877002 0.101383001 -0.0153670004 0.111979 0.108958997 -0.0153240003 0.115396999 0.110113002 -0.0164420009 0.119773999 0.102576002 -0.0161179993 0.127672002 0.00683100009 -0.0134530002 0.127671003 -0.109127998 -0.0131310001 0.111877002 0.101383001 -0.0153670004 0.115396999 0.110113002 -0.0164420009 0.115267999 0.101979002 -0.0161700007 0.119773999 0.102576002 -0.0161179993 0.127672002 0.103767999 -0.0137360003 0.127672002 0.00683100009 -0.0134530002 0.119773999 0.102576002 -0.0161179993 0.127671003 -0.109127998 -0.0131310001 0.120136 -0.111144997 -0.0157169998 0.0714510009 -0.117617004 0.0546730012 0.108349003 -0.116150998 -0.009234 0.111515999 -0.119329996 -0.00767999981 0.0714510009 -0.117617004 0.0546730012 0.111515999 -0.119329996 -0.00767999981 0.075263001 -0.120654002 0.0553280003 0.108349003 -0.116150998 -0.009234 0.112044998 -0.118914001 -0.00858900044 0.111515999 -0.119329996 -0.00767999981 0.108349003 -0.116150998 -0.009234 0.110082 -0.11637 -0.0111779999 0.113986999 -0.117811002 -0.0108120004 0.120136 -0.111144997 -0.0157169998 0.115461998 -0.110606 -0.0156020001 0.115267999 0.101979002 -0.0161700007 0.108349003 -0.116150998 -0.009234 0.113986999 -0.117811002 -0.0108120004 0.112044998 -0.118914001 -0.00858900044 0.120136 -0.111144997 -0.0157169998 0.115267999 0.101979002 -0.0161700007 0.119773999 0.102576002 -0.0161179993 0.111437 0.101594999 -0.0145969996 0.111877002 0.101383001 -0.0153670004 0.111905001 -0.108823001 -0.0148179997 0.115396999 0.110113002 -0.0164420009 0.111979 0.108958997 -0.0153240003 0.110785998 0.114744 -0.0135260001 0.111437 0.101594999 -0.0145969996 0.111905001 -0.108823001 -0.0148179997 0.111441001 -0.000157999995 -0.0143250003 0.127055004 0.113444999 -0.0128899999 0.119346 0.111267 -0.0161649995 0.114774004 0.118643001 -0.014033 0.127055004 0.113444999 -0.0128899999 0.114774004 0.118643001 -0.014033 0.125030994 0.119718 -0.00923699979 0.119773999 0.102576002 -0.0161179993 0.115267999 0.101979002 -0.0161700007 0.115396999 0.110113002 -0.0164420009 0.126875997 -0.114616998 -0.0117499996 0.120136 -0.111144997 -0.0157169998 0.127671003 -0.109127998 -0.0131310001 0.119773999 0.102576002 -0.0161179993 0.115396999 0.110113002 -0.0164420009 0.119346 0.111267 -0.0161649995 0.120136 -0.111144997 -0.0157169998 0.126875997 -0.114616998 -0.0117499996 0.119001999 -0.116255999 -0.0136050005 0.119001999 -0.116255999 -0.0136050005 0.126875997 -0.114616998 -0.0117499996 0.125703007 -0.118299 -0.00971399993 0.119001999 -0.116255999 -0.0136050005 0.125703007 -0.118299 -0.00971399993 0.117891997 -0.118988 -0.0104459999 0.123921998 -0.121119998 -0.00665199989 0.116003998 -0.120663002 -0.00794299971 0.117891997 -0.118988 -0.0104459999 0.123921998 -0.121119998 -0.00665199989 0.117891997 -0.118988 -0.0104459999 0.125703007 -0.118299 -0.00971399993 0.116003998 -0.120663002 -0.00794299971 0.123921998 -0.121119998 -0.00665199989 0.121803999 -0.122781999 -0.00301699992 0.0790750012 -0.122446001 0.0559829995 0.0866980031 -0.122989997 0.0572939999 0.0457150005 -0.122798003 0.127701998 0.115461998 -0.110606 -0.0156020001 0.120136 -0.111144997 -0.0157169998 0.119001999 -0.116255999 -0.0136050005 0.0790750012 -0.122446001 0.0559829995 0.0457150005 -0.122798003 0.127701998 0.0401620008 -0.122547999 0.123649999 0.119001999 -0.116255999 -0.0136050005 0.117891997 -0.118988 -0.0104459999 0.114955999 -0.116131 -0.0134760002 0.119001999 -0.116255999 -0.0136050005 0.114955999 -0.116131 -0.0134760002 0.115461998 -0.110606 -0.0156020001 0.113986999 -0.117811002 -0.0108120004 0.114955999 -0.116131 -0.0134760002 0.117891997 -0.118988 -0.0104459999 0.113986999 -0.117811002 -0.0108120004 0.117891997 -0.118988 -0.0104459999 0.116003998 -0.120663002 -0.00794299971 0.116003998 -0.120663002 -0.00794299971 0.121803999 -0.122781999 -0.00301699992 0.0866980031 -0.122989997 0.0572939999 0.113986999 -0.117811002 -0.0108120004 0.116003998 -0.120663002 -0.00794299971 0.112044998 -0.118914001 -0.00858900044 0.116003998 -0.120663002 -0.00794299971 0.0866980031 -0.122989997 0.0572939999 0.0790750012 -0.122446001 0.0559829995 0.0373860002 -0.120902002 0.120401002 0.0346099995 -0.118012004 0.117967002 0.0714510009 -0.117617004 0.0546730012 0.0373860002 -0.120902002 0.120401002 0.0714510009 -0.117617004 0.0546730012 0.075263001 -0.120654002 0.0553280003 0.0672670007 0.0513320006 0.0356590003 0.0850429982 0.0505830012 0.0433439985 0.0882399976 0.0495860018 0.0372800007 0.0672670007 0.0513320006 0.0356590003 0.0882399976 0.0495860018 0.0372800007 0.0706019998 0.049323 0.0288679991 -0.121455997 -0.101502001 0.128960997 -0.112868004 -0.102008998 0.139850006 -0.117383003 -0.0818049982 0.144345999 -0.137384996 -0.0250209998 0.0913280025 -0.130079001 -0.047022 0.0560379997 -0.136132002 -0.0578979999 0.085653998 -0.121455997 -0.101502001 0.128960997 -0.117383003 -0.0818049982 0.144345999 -0.126899004 -0.0765300021 0.132754996 -0.0615970008 -0.107560001 0.159302995 -0.0615869984 -0.0968919992 0.162472993 -0.0752039999 -0.0968919992 0.159558997 -0.0615970008 -0.107560001 0.159302995 -0.0752039999 -0.0968919992 0.159558997 -0.0893720016 -0.105627 0.153934002 -0.0615830012 -0.0932779983 0.163546994 -0.0615790002 -0.0884919986 0.164968997 -0.0693409964 -0.0932779983 0.161888003 -0.0893720016 -0.105627 0.153934002 -0.0752039999 -0.0968919992 0.159558997 -0.0904610008 -0.0968919992 0.156656995 -0.0693409964 -0.0932779983 0.161888003 -0.0615790002 -0.0884919986 0.164968997 -0.0917999968 -0.0861570016 0.160004005 -0.0693409964 -0.0932779983 0.161888003 -0.0917999968 -0.0861570016 0.160004005 -0.0909119993 -0.0932779983 0.157784 -0.0233580004 -0.105633996 0.151855007 -0.0217589997 -0.0968919992 0.153669998 -0.0297580007 -0.0968919992 0.156799003 -0.0210980009 -0.0932779983 0.154421002 -0.0198059995 -0.0862120017 0.155888006 -0.0360630006 -0.0882809982 0.161668003 -0.0210980009 -0.0932779983 0.154421002 -0.0360630006 -0.0882809982 0.161668003 -0.0324040018 -0.0932779983 0.158842996 -0.0297580007 -0.0968919992 0.156799003 -0.0372489989 -0.0968919992 0.159491003 -0.0385640003 -0.106445 0.157075003 -0.0297580007 -0.0968919992 0.156799003 -0.0385640003 -0.106445 0.157075003 -0.0233580004 -0.105633996 0.151855007 -0.0324040018 -0.0932779983 0.158842996 -0.0360630006 -0.0882809982 0.161668003 -0.0367509983 -0.0932779983 0.160404995 0.0263359994 -0.0735389963 0.115927003 0.0178859998 -0.0986099988 0.112198003 0.0233839992 -0.0996610001 0.0879689977 0.0263359994 -0.0735389963 0.115927003 0.0233839992 -0.0996610001 0.0879689977 0.0357430018 -0.0714889988 0.0919689983 0.0420549996 -0.0706119984 0.0639889985 0.0252810009 -0.0993549973 0.0607029982 0.044160001 -0.0697370023 0.0484040007 0.0264449995 -0.0961420015 0.0319890007 0.0462640002 -0.0688619986 0.0328200012 0.044160001 -0.0697370023 0.0484040007 0.0264449995 -0.0961420015 0.0319890007 0.044160001 -0.0697370023 0.0484040007 0.0252810009 -0.0993549973 0.0607029982 0.0497919992 0 0.0840070024 0.0496760011 -0.00839900039 0.0839240029 0.0517860018 -0.001529 0.0662970021 0.0284400005 -0.0923950002 0.0119829997 0.0476280004 -0.0683460012 0.00703400001 0.0462640002 -0.0688619986 0.0328200012 0.0284400005 -0.0923950002 0.0119829997 0.0462640002 -0.0688619986 0.0328200012 0.0264449995 -0.0961420015 0.0319890007 0.0672219992 -0.0183220003 -0.0230509993 0.0618590005 -0.0385389999 -0.0210999995 0.0620770007 -0.036646001 -0.0433069989 0.0672219992 -0.0183220003 -0.0230509993 0.0620770007 -0.036646001 -0.0433069989 0.0672039986 -0.0172499996 -0.0442610011 0.0663790032 -0.0148090003 -0.0721250027 0.0618619993 -0.0319829993 -0.0710999966 0.0602889992 -0.0238060001 -0.0989430025 0.0663790032 -0.0148090003 -0.0721250027 0.0602889992 -0.0238060001 -0.0989430025 0.0619370006 -0.0121189998 -0.100094996 0.0532759987 -0.0502099991 -0.0688849986 0.045545999 -0.0541049987 -0.0915440023 0.0529179983 -0.0389560014 -0.0952439979 0.0362179987 -0.0777179971 -0.0394899994 0.0521880016 -0.0570459999 -0.0419120006 0.0504169986 -0.0627110004 -0.0178999994 0.0362179987 -0.0777179971 -0.0394899994 0.0504169986 -0.0627110004 -0.0178999994 0.0318519995 -0.0862260014 -0.0123530002 -0.103321999 -0.0476620011 0.00903599989 -0.0882330015 -0.0463670008 -0.0148630003 -0.0832249969 -0.0670860037 -0.0127299996 -0.103321999 -0.0476620011 0.00903599989 -0.0832249969 -0.0670860037 -0.0127299996 -0.0990120023 -0.0697930008 0.0111560002 -0.0623060018 -0.0851730034 -0.0332060009 -0.0743450001 -0.0906860009 -0.00850799959 -0.0832249969 -0.0670860037 -0.0127299996 -0.0623060018 -0.0851730034 -0.0332060009 -0.0832249969 -0.0670860037 -0.0127299996 -0.0702399984 -0.0641060024 -0.0377000012 -0.126899004 -0.0765300021 0.132754996 -0.117383003 -0.0818049982 0.144345999 -0.120512001 -0.060757 0.147594005 -0.126899004 -0.0765300021 0.132754996 -0.120512001 -0.060757 0.147594005 -0.129687995 -0.0539759994 0.135113001 -0.0917999968 -0.0861570016 0.160004005 -0.0615790002 -0.0884919986 0.164968997 -0.0618649982 -0.0718780011 0.168256998 -0.0917999968 -0.0861570016 0.160004005 -0.0618649982 -0.0718780011 0.168256998 -0.093716003 -0.0693700016 0.163179994 -0.0280460007 -0.123244002 0.144266993 -0.0233580004 -0.105633996 0.151855007 -0.0385640003 -0.106445 0.157075003 -0.0280460007 -0.123244002 0.144266993 -0.0385640003 -0.106445 0.157075003 -0.0404930003 -0.122805998 0.149803996 -0.0171910003 -0.0664360002 0.159283996 -0.0198059995 -0.0862120017 0.155888006 -0.00430200016 -0.0837090015 0.148463994 -0.0171910003 -0.0664360002 0.159283996 -0.00430200016 -0.0837090015 0.148463994 -0.00153400004 -0.0629409999 0.151381001 0.0313670002 -0.0456620008 0.117838003 0.0263359994 -0.0735389963 0.115927003 0.0357430018 -0.0714889988 0.0919689983 0.0313670002 -0.0456620008 0.117838003 0.0357430018 -0.0714889988 0.0919689983 0.0414059982 -0.0339119993 0.0988089964 -0.00372299994 -0.121581003 0.124228999 0.0055519999 -0.102282003 0.130674005 -0.00928600039 -0.103827 0.144282997 -0.00372299994 -0.121581003 0.124228999 -0.00928600039 -0.103827 0.144282997 -0.0162940007 -0.122325003 0.137402996 0.00646199984 -0.117156997 0.0589860007 0.0252810009 -0.0993549973 0.0607029982 0.0233839992 -0.0996610001 0.0879689977 0.00646199984 -0.117156997 0.0589860007 0.0233839992 -0.0996610001 0.0879689977 0.0087489998 -0.118708998 0.0841099992 -0.00208200002 -0.113237001 0.0199449994 0.0284400005 -0.0923950002 0.0119829997 0.0264449995 -0.0961420015 0.0319890007 0.0618619993 -0.0319829993 -0.0710999966 0.0532759987 -0.0502099991 -0.0688849986 0.0529179983 -0.0389560014 -0.0952439979 -0.00208200002 -0.113237001 0.0199449994 0.0264449995 -0.0961420015 0.0319890007 -0.00252200011 -0.114488997 0.0254720002 0.0618619993 -0.0319829993 -0.0710999966 0.0529179983 -0.0389560014 -0.0952439979 0.0602889992 -0.0238060001 -0.0989430025 0.0521880016 -0.0570459999 -0.0419120006 0.0620770007 -0.036646001 -0.0433069989 0.0618590005 -0.0385389999 -0.0210999995 0.0521880016 -0.0570459999 -0.0419120006 0.0618590005 -0.0385389999 -0.0210999995 0.0504169986 -0.0627110004 -0.0178999994 6.60000005e-05 -0.106971003 -0.00488900021 0.00233400008 -0.103509001 -0.0172959995 0.0318519995 -0.0862260014 -0.0123530002 -0.112868004 -0.102008998 0.139850006 -0.0941170007 -0.0932779983 0.155669004 -0.0917999968 -0.0861570016 0.160004005 -0.112868004 -0.102008998 0.139850006 -0.0917999968 -0.0861570016 0.160004005 -0.117383003 -0.0818049982 0.144345999 -0.112868004 -0.102008998 0.139850006 -0.0893720016 -0.105627 0.153934002 -0.0904610008 -0.0968919992 0.156656995 -0.112868004 -0.102008998 0.139850006 -0.0904610008 -0.0968919992 0.156656995 -0.0941170007 -0.0968919992 0.154244006 -0.112868004 -0.102008998 0.139850006 -0.0941170007 -0.0968919992 0.154244006 -0.0941170007 -0.0932779983 0.155669004 -0.0941170007 -0.0932779983 0.155669004 -0.0909119993 -0.0932779983 0.157784 -0.0917999968 -0.0861570016 0.160004005 -0.0615970008 -0.107560001 0.159302995 -0.0385640003 -0.106445 0.157075003 -0.0508100018 -0.0968919992 0.161275998 -0.0615970008 -0.107560001 0.159302995 -0.0508100018 -0.0968919992 0.161275998 -0.0615869984 -0.0968919992 0.162472993 -0.0615790002 -0.0884919986 0.164968997 -0.0615830012 -0.0932779983 0.163546994 -0.0554439984 -0.0932779983 0.162864998 -0.0615790002 -0.0884919986 0.164968997 -0.0554439984 -0.0932779983 0.162864998 -0.0360630006 -0.0882809982 0.161668003 -0.0508100018 -0.0968919992 0.161275998 -0.0385640003 -0.106445 0.157075003 -0.0372489989 -0.0968919992 0.159491003 -0.0554439984 -0.0932779983 0.162864998 -0.0367509983 -0.0932779983 0.160404995 -0.0360630006 -0.0882809982 0.161668003 -0.117383003 -0.0818049982 0.144345999 -0.0917999968 -0.0861570016 0.160004005 -0.093716003 -0.0693700016 0.163179994 -0.117383003 -0.0818049982 0.144345999 -0.093716003 -0.0693700016 0.163179994 -0.116535999 -0.0626910031 0.150454998 -0.0618649982 -0.0718780011 0.168256998 -0.0615790002 -0.0884919986 0.164968997 -0.0360630006 -0.0882809982 0.161668003 -0.0618649982 -0.0718780011 0.168256998 -0.0360630006 -0.0882809982 0.161668003 -0.0338670015 -0.0697650015 0.164780006 -0.0722429976 -0.109259002 0.00865400024 -0.0912080035 -0.0928540006 0.013793 -0.0743450001 -0.0906860009 -0.00850799959 -0.0722429976 -0.109259002 0.00865400024 -0.0743450001 -0.0906860009 -0.00850799959 -0.0635270029 -0.105415002 -0.003945 -0.103321999 -0.0476620011 0.00903599989 -0.116763003 -0.0486720018 0.0282729995 -0.117697999 -0.0216940008 0.0254100002 -0.103321999 -0.0476620011 0.00903599989 -0.117697999 -0.0216940008 0.0254100002 -0.105998002 -0.0213099997 0.00703400001 -0.0749809965 -0.0454109982 -0.0398520008 -0.0882330015 -0.0463670008 -0.0148630003 -0.0919770002 -0.020668 -0.0159300007 -0.0749809965 -0.0454109982 -0.0398520008 -0.0919770002 -0.020668 -0.0159300007 -0.0787099972 -0.0210720003 -0.0414360017 -0.0623060018 -0.0851730034 -0.0332060009 -0.0517169982 -0.0794660002 -0.0585150011 -0.039673999 -0.0911799967 -0.053989999 -0.128299996 -0.0741750002 0.0575970002 -0.130079001 -0.047022 0.0560379997 -0.116763003 -0.0486720018 0.0282729995 -0.0623060018 -0.0851730034 -0.0332060009 -0.039673999 -0.0911799967 -0.053989999 -0.0493879989 -0.100017004 -0.0281489994 -0.131842002 -0.0981469974 0.088335 -0.129334003 -0.098555997 0.112924002 -0.134261996 -0.0688989982 0.115524001 -0.128299996 -0.0741750002 0.0575970002 -0.116763003 -0.0486720018 0.0282729995 -0.114008002 -0.0723510012 0.0308340006 -0.136132002 -0.0578979999 0.085653998 -0.134261996 -0.0688989982 0.115524001 -0.135303006 -0.0463210009 0.120844997 -0.131842002 -0.0981469974 0.088335 -0.134261996 -0.0688989982 0.115524001 -0.134597003 -0.0803290009 0.0886079967 -0.136132002 -0.0578979999 0.085653998 -0.135303006 -0.0463210009 0.120844997 -0.137807995 -0.0363240018 0.105322003 -0.121455997 -0.101502001 0.128960997 -0.129334003 -0.098555997 0.112924002 -0.121618003 -0.120607004 0.109581001 -0.121455997 -0.101502001 0.128960997 -0.121618003 -0.120607004 0.109581001 -0.112864003 -0.121601999 0.123186 0.0178859998 -0.0986099988 0.112198003 0.0263359994 -0.0735389963 0.115927003 0.012449 -0.079444997 0.134909004 0.0178859998 -0.0986099988 0.112198003 0.012449 -0.079444997 0.134909004 0.0055519999 -0.102282003 0.130674005 0.0263359994 -0.0735389963 0.115927003 0.0313670002 -0.0456620008 0.117838003 0.0164470002 -0.0557489991 0.137391999 0.0263359994 -0.0735389963 0.115927003 0.0164470002 -0.0557489991 0.137391999 0.012449 -0.079444997 0.134909004 0.0178859998 -0.0986099988 0.112198003 0.0070460001 -0.118003003 0.107015997 0.0087489998 -0.118708998 0.0841099992 0.0178859998 -0.0986099988 0.112198003 0.0087489998 -0.118708998 0.0841099992 0.0233839992 -0.0996610001 0.0879689977 0.0357430018 -0.0714889988 0.0919689983 0.0233839992 -0.0996610001 0.0879689977 0.0252810009 -0.0993549973 0.0607029982 0.0357430018 -0.0714889988 0.0919689983 0.0252810009 -0.0993549973 0.0607029982 0.0420549996 -0.0706119984 0.0639889985 0.0489949994 -0.0360519998 0.078001 0.0573729984 -0.0446389988 0.051589001 0.056584999 -0.0381910019 0.0571929999 0.0672039986 -0.0172499996 -0.0442610011 0.0620770007 -0.036646001 -0.0433069989 0.0618619993 -0.0319829993 -0.0710999966 -4.19999997e-05 -0.121178001 0.0585209988 -0.00252200011 -0.114488997 0.0254720002 0.00646199984 -0.117156997 0.0589860007 0.0672039986 -0.0172499996 -0.0442610011 0.0618619993 -0.0319829993 -0.0710999966 0.0663790032 -0.0148090003 -0.0721250027 0.0318519995 -0.0862260014 -0.0123530002 0.0504169986 -0.0627110004 -0.0178999994 0.0476280004 -0.0683460012 0.00703400001 0.0318519995 -0.0862260014 -0.0123530002 0.0476280004 -0.0683460012 0.00703400001 0.0284400005 -0.0923950002 0.0119829997 0.0521880016 -0.0570459999 -0.0419120006 0.0362179987 -0.0777179971 -0.0394899994 0.0381920002 -0.0704410002 -0.0645390004 0.0521880016 -0.0570459999 -0.0419120006 0.0381920002 -0.0704410002 -0.0645390004 0.0532759987 -0.0502099991 -0.0688849986 0.0620770007 -0.036646001 -0.0433069989 0.0521880016 -0.0570459999 -0.0419120006 0.0532759987 -0.0502099991 -0.0688849986 0.0620770007 -0.036646001 -0.0433069989 0.0532759987 -0.0502099991 -0.0688849986 0.0618619993 -0.0319829993 -0.0710999966 0.0362179987 -0.0777179971 -0.0394899994 0.00728299981 -0.0969490036 -0.0364650004 0.0181019995 -0.0857499987 -0.0619140007 0.0362179987 -0.0777179971 -0.0394899994 0.0181019995 -0.0857499987 -0.0619140007 0.0381920002 -0.0704410002 -0.0645390004 6.60000005e-05 -0.106971003 -0.00488900021 0.0318519995 -0.0862260014 -0.0123530002 0.0284400005 -0.0923950002 0.0119829997 6.60000005e-05 -0.106971003 -0.00488900021 0.0284400005 -0.0923950002 0.0119829997 -0.00208200002 -0.113237001 0.0199449994 -0.114008002 -0.0723510012 0.0308340006 -0.0990120023 -0.0697930008 0.0111560002 -0.0912080035 -0.0928540006 0.013793 -0.114008002 -0.0723510012 0.0308340006 -0.0912080035 -0.0928540006 0.013793 -0.110100999 -0.0960109979 0.0354779996 -0.0919770002 -0.020668 -0.0159300007 -0.105998002 -0.0213099997 0.00703400001 -0.106849998 0 0.00630699983 -0.0919770002 -0.020668 -0.0159300007 -0.106849998 0 0.00630699983 -0.0938450024 0 -0.015501 -0.129276007 0 0.0543269999 -0.118258998 0 0.0252720006 -0.131009996 -0.0104499999 0.0549810007 -0.134597003 -0.0803290009 0.0886079967 -0.128299996 -0.0741750002 0.0575970002 -0.125374004 -0.0954879969 0.059342999 -0.134597003 -0.0803290009 0.0886079967 -0.125374004 -0.0954879969 0.059342999 -0.131842002 -0.0981469974 0.088335 -0.105998002 -0.0213099997 0.00703400001 -0.117697999 -0.0216940008 0.0254100002 -0.118258998 0 0.0252720006 -0.105998002 -0.0213099997 0.00703400001 -0.118258998 0 0.0252720006 -0.106849998 0 0.00630699983 -0.0938450024 0 -0.015501 -0.080682002 0 -0.0420720018 -0.0787099972 -0.0210720003 -0.0414360017 -0.0938450024 0 -0.015501 -0.0787099972 -0.0210720003 -0.0414360017 -0.0919770002 -0.020668 -0.0159300007 -0.105998002 -0.0213099997 0.00703400001 -0.0919770002 -0.020668 -0.0159300007 -0.0882330015 -0.0463670008 -0.0148630003 -0.105998002 -0.0213099997 0.00703400001 -0.0882330015 -0.0463670008 -0.0148630003 -0.103321999 -0.0476620011 0.00903599989 -0.131238997 -0.0206550006 0.0552809983 -0.117697999 -0.0216940008 0.0254100002 -0.116763003 -0.0486720018 0.0282729995 -0.131238997 -0.0206550006 0.0552809983 -0.116763003 -0.0486720018 0.0282729995 -0.130079001 -0.047022 0.0560379997 -0.131238997 -0.0206550006 0.0552809983 -0.137163997 -0.0171939991 0.0860899985 -0.136942998 -0.00883699954 0.0838740021 -0.131238997 -0.0206550006 0.0552809983 -0.136942998 -0.00883699954 0.0838740021 -0.131009996 -0.0104499999 0.0549810007 -0.137384996 -0.0250209998 0.0913280025 -0.137163997 -0.0171939991 0.0860899985 -0.131238997 -0.0206550006 0.0552809983 -0.137384996 -0.0250209998 0.0913280025 -0.131238997 -0.0206550006 0.0552809983 -0.130079001 -0.047022 0.0560379997 -0.0586990006 -0.0622659996 -0.0632629991 -0.0702399984 -0.0641060024 -0.0377000012 -0.0749809965 -0.0454109982 -0.0398520008 -0.0586990006 -0.0622659996 -0.0632629991 -0.0749809965 -0.0454109982 -0.0398520008 -0.0628829971 -0.0468280017 -0.0655089989 -0.0628829971 -0.0468280017 -0.0655089989 -0.0749809965 -0.0454109982 -0.0398520008 -0.0787099972 -0.0210720003 -0.0414360017 -0.0628829971 -0.0468280017 -0.0655089989 -0.0787099972 -0.0210720003 -0.0414360017 -0.0671219975 -0.0219710004 -0.0680399984 -0.0743450001 -0.0906860009 -0.00850799959 -0.0623060018 -0.0851730034 -0.0332060009 -0.0493879989 -0.100017004 -0.0281489994 -0.0743450001 -0.0906860009 -0.00850799959 -0.0493879989 -0.100017004 -0.0281489994 -0.0635270029 -0.105415002 -0.003945 -0.0671219975 -0.0219710004 -0.0680399984 -0.0787099972 -0.0210720003 -0.0414360017 -0.080682002 0 -0.0420720018 -0.0671219975 -0.0219710004 -0.0680399984 -0.080682002 0 -0.0420720018 -0.0682580024 0 -0.0690030009 -0.0990120023 -0.0697930008 0.0111560002 -0.0832249969 -0.0670860037 -0.0127299996 -0.0743450001 -0.0906860009 -0.00850799959 -0.0990120023 -0.0697930008 0.0111560002 -0.0743450001 -0.0906860009 -0.00850799959 -0.0912080035 -0.0928540006 0.013793 -0.0702399984 -0.0641060024 -0.0377000012 -0.0832249969 -0.0670860037 -0.0127299996 -0.0882330015 -0.0463670008 -0.0148630003 -0.0702399984 -0.0641060024 -0.0377000012 -0.0882330015 -0.0463670008 -0.0148630003 -0.0749809965 -0.0454109982 -0.0398520008 -0.128299996 -0.0741750002 0.0575970002 -0.114008002 -0.0723510012 0.0308340006 -0.110100999 -0.0960109979 0.0354779996 -0.128299996 -0.0741750002 0.0575970002 -0.110100999 -0.0960109979 0.0354779996 -0.125374004 -0.0954879969 0.059342999 -0.0990120023 -0.0697930008 0.0111560002 -0.114008002 -0.0723510012 0.0308340006 -0.116763003 -0.0486720018 0.0282729995 -0.0990120023 -0.0697930008 0.0111560002 -0.116763003 -0.0486720018 0.0282729995 -0.103321999 -0.0476620011 0.00903599989 -0.128299996 -0.0741750002 0.0575970002 -0.134597003 -0.0803290009 0.0886079967 -0.136132002 -0.0578979999 0.085653998 -0.128299996 -0.0741750002 0.0575970002 -0.136132002 -0.0578979999 0.085653998 -0.130079001 -0.047022 0.0560379997 -0.0702399984 -0.0641060024 -0.0377000012 -0.0586990006 -0.0622659996 -0.0632629991 -0.0517169982 -0.0794660002 -0.0585150011 -0.0702399984 -0.0641060024 -0.0377000012 -0.0517169982 -0.0794660002 -0.0585150011 -0.0623060018 -0.0851730034 -0.0332060009 -0.134261996 -0.0688989982 0.115524001 -0.136132002 -0.0578979999 0.085653998 -0.134597003 -0.0803290009 0.0886079967 0.0484369993 -0.0180029999 0.0857409984 0.0460489988 -0.0262100007 0.0902170017 0.056584999 -0.0381910019 0.0571929999 0.0530330017 -0.0213709995 0.0639310032 0.0484369993 -0.0180029999 0.0857409984 0.0545470007 -0.0303349998 0.0610579997 0.0484369993 -0.0180029999 0.0857409984 0.056584999 -0.0381910019 0.0571929999 0.0545470007 -0.0303349998 0.0610579997 0.067404002 0 -0.0724470019 0.0663790032 -0.0148090003 -0.0721250027 0.0619370006 -0.0121189998 -0.100094996 0.067404002 0 -0.0724470019 0.0619370006 -0.0121189998 -0.100094996 0.0635859966 0 -0.101246998 0.0684790015 0 -0.0447460003 0.0672039986 -0.0172499996 -0.0442610011 0.0663790032 -0.0148090003 -0.0721250027 0.0684790015 0 -0.0447460003 0.0663790032 -0.0148090003 -0.0721250027 0.067404002 0 -0.0724470019 0.00728299981 -0.0969490036 -0.0364650004 0.0362179987 -0.0777179971 -0.0394899994 0.0318519995 -0.0862260014 -0.0123530002 0.00728299981 -0.0969490036 -0.0364650004 0.0318519995 -0.0862260014 -0.0123530002 0.00233400008 -0.103509001 -0.0172959995 0.0264040008 -0.0770239979 -0.0747930035 0.0381329991 -0.0641990006 -0.0858390033 0.0381920002 -0.0704410002 -0.0645390004 0.0264040008 -0.0770239979 -0.0747930035 0.0381920002 -0.0704410002 -0.0645390004 0.0181019995 -0.0857499987 -0.0619140007 0.0381329991 -0.0641990006 -0.0858390033 0.045545999 -0.0541049987 -0.0915440023 0.0532759987 -0.0502099991 -0.0688849986 0.0381329991 -0.0641990006 -0.0858390033 0.0532759987 -0.0502099991 -0.0688849986 0.0381920002 -0.0704410002 -0.0645390004 0.0252810009 -0.0993549973 0.0607029982 0.00646199984 -0.117156997 0.0589860007 -0.00252200011 -0.114488997 0.0254720002 0.0252810009 -0.0993549973 0.0607029982 -0.00252200011 -0.114488997 0.0254720002 0.0264449995 -0.0961420015 0.0319890007 -0.0635270029 -0.105415002 -0.003945 -0.0493879989 -0.100017004 -0.0281489994 -0.0606239997 -0.107217997 -0.00196200004 -0.0606239997 -0.107217997 -0.00196200004 -0.0674239993 -0.110629998 0.00862099975 -0.0722429976 -0.109259002 0.00865400024 -0.0606239997 -0.107217997 -0.00196200004 -0.0722429976 -0.109259002 0.00865400024 -0.0635270029 -0.105415002 -0.003945 -0.0674239993 -0.110629998 0.00862099975 -0.0738359988 -0.112507999 0.0165229999 -0.0790309981 -0.111091003 0.0164250005 -0.0674239993 -0.110629998 0.00862099975 -0.0790309981 -0.111091003 0.0164250005 -0.0722429976 -0.109259002 0.00865400024 -4.19999997e-05 -0.121178001 0.0585209988 0.00646199984 -0.117156997 0.0589860007 0.0087489998 -0.118708998 0.0841099992 0.00251700007 -0.123092003 0.0826539993 -4.19999997e-05 -0.121178001 0.0585209988 0.0087489998 -0.118708998 0.0841099992 0.00251700007 -0.123092003 0.0826539993 0.0087489998 -0.118708998 0.0841099992 0.0070460001 -0.118003003 0.107015997 0.00251700007 -0.123092003 0.0826539993 0.0070460001 -0.118003003 0.107015997 0.00152299996 -0.123666003 0.104649 -0.0738359988 -0.112507999 0.0165229999 -0.100257002 -0.119259998 0.0446139984 -0.103614002 -0.116051003 0.0407680012 -0.0738359988 -0.112507999 0.0165229999 -0.103614002 -0.116051003 0.0407680012 -0.0790309981 -0.111091003 0.0164250005 -0.0517169982 -0.0794660002 -0.0585150011 -0.0381530002 -0.083653003 -0.0696059987 -0.039673999 -0.0911799967 -0.053989999 -0.0412390009 -0.0725189969 -0.0838679969 -0.0381530002 -0.083653003 -0.0696059987 -0.0517169982 -0.0794660002 -0.0585150011 -0.0412390009 -0.0725189969 -0.0838679969 -0.0517169982 -0.0794660002 -0.0585150011 -0.0586990006 -0.0622659996 -0.0632629991 -0.0491929986 -0.056024 -0.093268998 -0.0412390009 -0.0725189969 -0.0838679969 -0.0586990006 -0.0622659996 -0.0632629991 -0.0491929986 -0.056024 -0.093268998 -0.0586990006 -0.0622659996 -0.0632629991 -0.0628829971 -0.0468280017 -0.0655089989 -0.0606650002 0 -0.0996299982 -0.0595780015 -0.0205649994 -0.0987690017 -0.0671219975 -0.0219710004 -0.0680399984 -0.0628829971 -0.0468280017 -0.0655089989 -0.055319 -0.0402080007 -0.0970470011 -0.0491929986 -0.056024 -0.093268998 -0.0606650002 0 -0.0996299982 -0.0671219975 -0.0219710004 -0.0680399984 -0.0682580024 0 -0.0690030009 -0.0595780015 -0.0205649994 -0.0987690017 -0.055319 -0.0402080007 -0.0970470011 -0.0628829971 -0.0468280017 -0.0655089989 -0.0595780015 -0.0205649994 -0.0987690017 -0.0628829971 -0.0468280017 -0.0655089989 -0.0671219975 -0.0219710004 -0.0680399984 0.0460489988 -0.0262100007 0.0902170017 0.0489949994 -0.0360519998 0.078001 0.056584999 -0.0381910019 0.0571929999 0.0460489988 -0.0262100007 0.0902170017 0.0414059982 -0.0339119993 0.0988089964 0.0489949994 -0.0360519998 0.078001 -0.0618170016 -0.0676399991 0.168247998 -0.0936459973 -0.0649449974 0.163449004 -0.093716003 -0.0693700016 0.163179994 -0.137384996 -0.0250209998 0.0913280025 -0.137807995 -0.0363240018 0.105322003 -0.137747005 -0.0349950008 0.105991997 -0.0618170016 -0.0676399991 0.168247998 -0.093716003 -0.0693700016 0.163179994 -0.0618649982 -0.0718780011 0.168256998 -0.137384996 -0.0250209998 0.0913280025 -0.137747005 -0.0349950008 0.105991997 -0.137732998 -0.024007 0.0925180018 0.0460130014 -0.0195129998 0.0902289972 0.040107999 -0.0215360001 0.0931690037 0.0448580012 -0.0238949992 0.092712 -0.131009996 -0.0104499999 0.0549810007 -0.136942998 -0.00883699954 0.0838740021 -0.136252001 0 0.083153002 -0.131009996 -0.0104499999 0.0549810007 -0.136252001 0 0.083153002 -0.129276007 0 0.0543269999 -0.131009996 -0.0104499999 0.0549810007 -0.118258998 0 0.0252720006 -0.117697999 -0.0216940008 0.0254100002 -0.131009996 -0.0104499999 0.0549810007 -0.117697999 -0.0216940008 0.0254100002 -0.131238997 -0.0206550006 0.0552809983 -0.135398999 -0.0445739999 0.120761998 -0.137747005 -0.0349950008 0.105991997 -0.137807995 -0.0363240018 0.105322003 -0.135398999 -0.0445739999 0.120761998 -0.137807995 -0.0363240018 0.105322003 -0.135303006 -0.0463210009 0.120844997 -0.137807995 -0.0363240018 0.105322003 -0.137384996 -0.0250209998 0.0913280025 -0.136132002 -0.0578979999 0.085653998 -0.0175320003 -0.0950139984 0.151813999 -0.0185499992 -0.0968919992 0.151813999 -0.00928600039 -0.103827 0.144282997 -0.00928600039 -0.103827 0.144282997 -0.0175320003 -0.0932779983 0.152357996 -0.0175320003 -0.0950139984 0.151813999 -0.00928600039 -0.103827 0.144282997 -0.0198059995 -0.0862120017 0.155888006 -0.0175320003 -0.0932779983 0.152357996 -0.0198059995 -0.0862120017 0.155888006 -0.0210980009 -0.0932779983 0.154421002 -0.0175320003 -0.0932779983 0.152357996 -0.0217589997 -0.0968919992 0.153669998 -0.0233580004 -0.105633996 0.151855007 -0.00928600039 -0.103827 0.144282997 -0.0217589997 -0.0968919992 0.153669998 -0.00928600039 -0.103827 0.144282997 -0.0185499992 -0.0968919992 0.151813999 -0.0233580004 -0.105633996 0.151855007 -0.0280460007 -0.123244002 0.144266993 -0.0162940007 -0.122325003 0.137402996 -0.0198059995 -0.0862120017 0.155888006 -0.00928600039 -0.103827 0.144282997 -0.00430200016 -0.0837090015 0.148463994 -0.0198059995 -0.0862120017 0.155888006 -0.0171910003 -0.0664360002 0.159283996 -0.0338670015 -0.0697650015 0.164780006 -0.0233580004 -0.105633996 0.151855007 -0.0162940007 -0.122325003 0.137402996 -0.00928600039 -0.103827 0.144282997 -0.0198059995 -0.0862120017 0.155888006 -0.0338670015 -0.0697650015 0.164780006 -0.0360630006 -0.0882809982 0.161668003 0.0055519999 -0.102282003 0.130674005 -0.00372299994 -0.121581003 0.124228999 0.0070460001 -0.118003003 0.107015997 0.0055519999 -0.102282003 0.130674005 0.0070460001 -0.118003003 0.107015997 0.0178859998 -0.0986099988 0.112198003 0.0055519999 -0.102282003 0.130674005 0.012449 -0.079444997 0.134909004 -0.00430200016 -0.0837090015 0.148463994 0.0055519999 -0.102282003 0.130674005 -0.00430200016 -0.0837090015 0.148463994 -0.00928600039 -0.103827 0.144282997 0.012449 -0.079444997 0.134909004 0.0164470002 -0.0557489991 0.137391999 -0.00153400004 -0.0629409999 0.151381001 0.012449 -0.079444997 0.134909004 -0.00153400004 -0.0629409999 0.151381001 -0.00430200016 -0.0837090015 0.148463994 -0.00372299994 -0.121581003 0.124228999 -0.00850600004 -0.125425994 0.120076001 0.00152299996 -0.123666003 0.104649 -0.00372299994 -0.121581003 0.124228999 0.00152299996 -0.123666003 0.104649 0.0070460001 -0.118003003 0.107015997 -0.129334003 -0.098555997 0.112924002 -0.121455997 -0.101502001 0.128960997 -0.126899004 -0.0765300021 0.132754996 -0.129334003 -0.098555997 0.112924002 -0.126899004 -0.0765300021 0.132754996 -0.134261996 -0.0688989982 0.115524001 -0.134261996 -0.0688989982 0.115524001 -0.126899004 -0.0765300021 0.132754996 -0.129687995 -0.0539759994 0.135113001 -0.134261996 -0.0688989982 0.115524001 -0.129687995 -0.0539759994 0.135113001 -0.135303006 -0.0463210009 0.120844997 -0.116535999 -0.0626910031 0.150454998 -0.120512001 -0.060757 0.147594005 -0.117383003 -0.0818049982 0.144345999 0.0386819988 -0.0399769992 -0.126702994 0.0472769998 -0.0251570009 -0.128149003 0.0507030003 -0.0266040005 -0.128712997 0.0386819988 -0.0399769992 -0.126702994 0.0507030003 -0.0266040005 -0.128712997 0.0410160013 -0.0419659987 -0.127396002 -0.121455997 0.101502001 0.128960997 -0.126899004 0.0765300021 0.132754996 -0.117383003 0.0818059966 0.144345999 -0.137384996 0.0250220001 0.0913280025 -0.136132002 0.0578989983 0.085653998 -0.130079001 0.0470229983 0.0560379997 -0.121455997 0.101502001 0.128960997 -0.117383003 0.0818059966 0.144345999 -0.112868004 0.102009997 0.139850006 -0.0893720016 0.105627999 0.153934002 -0.0904339999 0.0971089974 0.15659 -0.0755539984 0.0971089974 0.159420997 -0.0917999968 0.0861579999 0.160004005 -0.0615790002 0.088492997 0.164968997 -0.0696899965 0.0934939981 0.161749005 -0.0917999968 0.0861579999 0.160004005 -0.0696899965 0.0934939981 0.161749005 -0.0908849984 0.0934939981 0.157717004 -0.0696899965 0.0934939981 0.161749005 -0.0615790002 0.088492997 0.164968997 -0.0615839995 0.0934939981 0.163482994 -0.0755539984 0.0971089974 0.159420997 -0.0615869984 0.0971089974 0.162408993 -0.0615970008 0.107561 0.159302995 -0.0755539984 0.0971089974 0.159420997 -0.0615970008 0.107561 0.159302995 -0.0893720016 0.105627999 0.153934002 -0.0367810018 0.0934939981 0.160349995 -0.0360630006 0.0882819965 0.161668003 -0.0322469994 0.0934939981 0.158721 -0.0385640003 0.106445 0.157075003 -0.0372780003 0.0971089974 0.159436002 -0.0296 0.0971089974 0.156676993 -0.0385640003 0.106445 0.157075003 -0.0296 0.0971089974 0.156676993 -0.0233580004 0.105633996 0.151855007 -0.0360630006 0.0882819965 0.161668003 -0.0198059995 0.0862130001 0.155888006 -0.0211379994 0.0934939981 0.154376 -0.0360630006 0.0882819965 0.161668003 -0.0211379994 0.0934939981 0.154376 -0.0322469994 0.0934939981 0.158721 -0.0233580004 0.105633996 0.151855007 -0.0296 0.0971089974 0.156676993 -0.021799 0.0971089974 0.153625995 0.0263359994 0.0735400021 0.115927003 0.0357430018 0.0714899972 0.0919689983 0.0233839992 0.0996610001 0.0879689977 0.0263359994 0.0735400021 0.115927003 0.0233839992 0.0996610001 0.0879689977 0.0178859998 0.0986109972 0.112198003 0.0497919992 0 0.0840070024 0.0517860018 -0.001529 0.0662970021 0.0496760011 0.00839900039 0.0839240029 0.0620770007 0.0366469994 -0.0433069989 0.0618590005 0.0385399982 -0.0210999995 0.0645399988 0.0284310002 -0.0220759995 0.0672219992 0.0183220003 -0.0230509993 0.0672039986 0.0172509998 -0.0442610011 0.0620770007 0.0366469994 -0.0433069989 0.0672219992 0.0183220003 -0.0230509993 0.0620770007 0.0366469994 -0.0433069989 0.0645399988 0.0284310002 -0.0220759995 0.0663790032 0.0148090003 -0.0721250027 0.0619370006 0.0121189998 -0.100094996 0.0602889992 0.0238070004 -0.0989430025 0.0663790032 0.0148090003 -0.0721250027 0.0602889992 0.0238070004 -0.0989430025 0.0618619993 0.0319840014 -0.0710999966 0.0532759987 0.0502099991 -0.0688849986 0.0529179983 0.0389560014 -0.0952439979 0.045545999 0.0541060008 -0.0915440023 0.0362179987 0.077719003 -0.0394899994 0.0318519995 0.0862269998 -0.0123530002 0.0504169986 0.0627110004 -0.0178999994 0.0362179987 0.077719003 -0.0394899994 0.0504169986 0.0627110004 -0.0178999994 0.0521880016 0.0570459999 -0.0419120006 -0.103321999 0.0476620011 0.00903599989 -0.0990120023 0.0697939992 0.0111560002 -0.0832249969 0.0670870021 -0.0127299996 -0.103321999 0.0476620011 0.00903599989 -0.0832249969 0.0670870021 -0.0127299996 -0.0882330015 0.0463670008 -0.0148630003 -0.0623060018 0.0851740018 -0.0332060009 -0.0702399984 0.0641070008 -0.0377000012 -0.0832249969 0.0670870021 -0.0127299996 -0.0623060018 0.0851740018 -0.0332060009 -0.0832249969 0.0670870021 -0.0127299996 -0.0743450001 0.0906860009 -0.00850799959 -0.126899004 0.0765300021 0.132754996 -0.129687995 0.0539770015 0.135113001 -0.120512001 0.0607579984 0.147594005 -0.126899004 0.0765300021 0.132754996 -0.120512001 0.0607579984 0.147594005 -0.117383003 0.0818059966 0.144345999 -0.0917999968 0.0861579999 0.160004005 -0.093716003 0.0693709999 0.163179994 -0.0618649982 0.0718780011 0.168256998 -0.0917999968 0.0861579999 0.160004005 -0.0618649982 0.0718780011 0.168256998 -0.0615790002 0.088492997 0.164968997 -0.0280460007 0.123245001 0.144266993 -0.0404930003 0.122805998 0.149803996 -0.0385640003 0.106445 0.157075003 -0.0280460007 0.123245001 0.144266993 -0.0385640003 0.106445 0.157075003 -0.0233580004 0.105633996 0.151855007 -0.0171910003 0.0664369985 0.159283996 -0.00153400004 0.0629409999 0.151381001 -0.00430200016 0.0837099999 0.148463994 -0.0171910003 0.0664369985 0.159283996 -0.00430200016 0.0837099999 0.148463994 -0.0198059995 0.0862130001 0.155888006 0.0313670002 0.0456629992 0.117838003 0.0414059982 0.0339130014 0.0988089964 0.0357430018 0.0714899972 0.0919689983 0.0313670002 0.0456629992 0.117838003 0.0357430018 0.0714899972 0.0919689983 0.0263359994 0.0735400021 0.115927003 -0.00372299994 0.121582001 0.124228999 -0.0162940007 0.122326002 0.137402996 -0.00928600039 0.103827998 0.144282997 -0.00372299994 0.121582001 0.124228999 -0.00928600039 0.103827998 0.144282997 0.0055519999 0.102283001 0.130674005 0.070995003 0.0463720001 0.0519019999 0.0787729993 0.0466360003 0.0552400015 0.0818469971 0.0495860018 0.0494089983 0.070995003 0.0463720001 0.0519019999 0.0818469971 0.0495860018 0.0494089983 0.0543869995 0.0463720001 0.0431479998 0.0818469971 0.0495860018 0.0494089983 0.0569639988 0.0509489998 0.0302700009 0.0543869995 0.0463720001 0.0431479998 0.00646199984 0.117156997 0.0589860007 0.0087489998 0.118709996 0.0841099992 0.0233839992 0.0996610001 0.0879689977 0.00646199984 0.117156997 0.0589860007 0.0233839992 0.0996610001 0.0879689977 0.0252810009 0.0993560031 0.0607029982 0.0850429982 0.0505830012 0.0433439985 0.0569639988 0.0509489998 0.0302700009 0.0818469971 0.0495860018 0.0494089983 0.0618619993 0.0319840014 -0.0710999966 0.0602889992 0.0238070004 -0.0989430025 0.0529179983 0.0389560014 -0.0952439979 0.0618619993 0.0319840014 -0.0710999966 0.0529179983 0.0389560014 -0.0952439979 0.0532759987 0.0502099991 -0.0688849986 0.0521880016 0.0570459999 -0.0419120006 0.0504169986 0.0627110004 -0.0178999994 0.0561380014 0.0506259985 -0.0195000004 0.0521880016 0.0570459999 -0.0419120006 0.0561380014 0.0506259985 -0.0195000004 0.0618590005 0.0385399982 -0.0210999995 0.0521880016 0.0570459999 -0.0419120006 0.0618590005 0.0385399982 -0.0210999995 0.0620770007 0.0366469994 -0.0433069989 6.60000005e-05 0.106972001 -0.00488900021 0.0318519995 0.0862269998 -0.0123530002 0.00233400008 0.103509001 -0.0172959995 -0.112868004 0.102009997 0.139850006 -0.117383003 0.0818059966 0.144345999 -0.0917999968 0.0861579999 0.160004005 -0.112868004 0.102009997 0.139850006 -0.0917999968 0.0861579999 0.160004005 -0.0941170007 0.0934939981 0.155583993 -0.0904339999 0.0971089974 0.15659 -0.0893720016 0.105627999 0.153934002 -0.112868004 0.102009997 0.139850006 -0.0904339999 0.0971089974 0.15659 -0.112868004 0.102009997 0.139850006 -0.0941170007 0.0971089974 0.154158995 -0.112868004 0.102009997 0.139850006 -0.0941170007 0.0934939981 0.155583993 -0.0941170007 0.0971089974 0.154158995 -0.0917999968 0.0861579999 0.160004005 -0.0908849984 0.0934939981 0.157717004 -0.0941170007 0.0934939981 0.155583993 -0.0615790002 0.088492997 0.164968997 -0.0360630006 0.0882819965 0.161668003 -0.0551679991 0.0934939981 0.162770003 -0.0615790002 0.088492997 0.164968997 -0.0551679991 0.0934939981 0.162770003 -0.0615839995 0.0934939981 0.163482994 -0.0615970008 0.107561 0.159302995 -0.0615869984 0.0971089974 0.162408993 -0.0505339988 0.0971089974 0.161181003 -0.0615970008 0.107561 0.159302995 -0.0505339988 0.0971089974 0.161181003 -0.0385640003 0.106445 0.157075003 -0.0360630006 0.0882819965 0.161668003 -0.0367810018 0.0934939981 0.160349995 -0.0551679991 0.0934939981 0.162770003 -0.0372780003 0.0971089974 0.159436002 -0.0385640003 0.106445 0.157075003 -0.0505339988 0.0971089974 0.161181003 -0.117383003 0.0818059966 0.144345999 -0.116535999 0.0626920015 0.150454998 -0.093716003 0.0693709999 0.163179994 -0.117383003 0.0818059966 0.144345999 -0.093716003 0.0693709999 0.163179994 -0.0917999968 0.0861579999 0.160004005 -0.0618649982 0.0718780011 0.168256998 -0.0338670015 0.0697659999 0.164780006 -0.0360630006 0.0882819965 0.161668003 -0.0615970008 0.107561 0.159302995 -0.0385640003 0.106445 0.157075003 -0.0404930003 0.122805998 0.149803996 -0.0618649982 0.0718780011 0.168256998 -0.0360630006 0.0882819965 0.161668003 -0.0615790002 0.088492997 0.164968997 -0.0615970008 0.107561 0.159302995 -0.0404930003 0.122805998 0.149803996 -0.0615070015 0.122928001 0.152030006 -0.0722429976 0.109259002 0.00865400024 -0.0635270029 0.105416 -0.003945 -0.0743450001 0.0906860009 -0.00850799959 -0.103321999 0.0476620011 0.00903599989 -0.105998002 0.021311 0.00703400001 -0.117697999 0.0216949992 0.0254100002 -0.0722429976 0.109259002 0.00865400024 -0.0743450001 0.0906860009 -0.00850799959 -0.0912080035 0.092854999 0.013793 -0.103321999 0.0476620011 0.00903599989 -0.117697999 0.0216949992 0.0254100002 -0.116763003 0.0486730002 0.0282729995 -0.0749809965 0.0454120003 -0.0398520008 -0.0787099972 0.0210730005 -0.0414360017 -0.0919770002 0.0206690002 -0.0159300007 -0.0749809965 0.0454120003 -0.0398520008 -0.0919770002 0.0206690002 -0.0159300007 -0.0882330015 0.0463670008 -0.0148630003 -0.0623060018 0.0851740018 -0.0332060009 -0.0493879989 0.100017004 -0.0281489994 -0.039673999 0.0911799967 -0.053989999 -0.128299996 0.0741750002 0.0575970002 -0.114008002 0.0723510012 0.0308340006 -0.116763003 0.0486730002 0.0282729995 -0.0623060018 0.0851740018 -0.0332060009 -0.039673999 0.0911799967 -0.053989999 -0.0517169982 0.0794669986 -0.0585150011 -0.128299996 0.0741750002 0.0575970002 -0.116763003 0.0486730002 0.0282729995 -0.130079001 0.0470229983 0.0560379997 -0.131842002 0.0981480032 0.088335 -0.134597003 0.0803290009 0.0886079967 -0.134261996 0.0688989982 0.115524001 -0.136132002 0.0578989983 0.085653998 -0.137807995 0.0363240018 0.105322003 -0.135303006 0.0463219993 0.120844997 -0.131842002 0.0981480032 0.088335 -0.134261996 0.0688989982 0.115524001 -0.129334003 0.0985570028 0.112924002 -0.121455997 0.101502001 0.128960997 -0.112864003 0.121601999 0.123186 -0.121618003 0.120608002 0.109581001 -0.136132002 0.0578989983 0.085653998 -0.135303006 0.0463219993 0.120844997 -0.134261996 0.0688989982 0.115524001 -0.121455997 0.101502001 0.128960997 -0.121618003 0.120608002 0.109581001 -0.129334003 0.0985570028 0.112924002 0.0178859998 0.0986109972 0.112198003 0.0055519999 0.102283001 0.130674005 0.012449 0.079444997 0.134909004 0.0263359994 0.0735400021 0.115927003 0.0178859998 0.0986109972 0.112198003 0.012449 0.079444997 0.134909004 0.0263359994 0.0735400021 0.115927003 0.012449 0.079444997 0.134909004 0.0164470002 0.0557489991 0.137391999 0.0263359994 0.0735400021 0.115927003 0.0164470002 0.0557489991 0.137391999 0.0313670002 0.0456629992 0.117838003 0.0178859998 0.0986109972 0.112198003 0.0233839992 0.0996610001 0.0879689977 0.0087489998 0.118709996 0.0841099992 0.0178859998 0.0986109972 0.112198003 0.0087489998 0.118709996 0.0841099992 0.0070460001 0.118004002 0.107015997 0.0357430018 0.0714899972 0.0919689983 0.0420549996 0.0706129968 0.0639889985 0.0252810009 0.0993560031 0.0607029982 0.0357430018 0.0714899972 0.0919689983 0.0252810009 0.0993560031 0.0607029982 0.0233839992 0.0996610001 0.0879689977 0.0420549996 0.0706129968 0.0639889985 0.0357430018 0.0714899972 0.0919689983 0.0414059982 0.0339130014 0.0988089964 -4.19999997e-05 0.121178001 0.0585209988 0.00646199984 0.117156997 0.0589860007 -0.00252200011 0.114488997 0.0254720002 0.0420549996 0.0706129968 0.0639889985 0.0414059982 0.0339130014 0.0988089964 0.0523459986 0.0358599983 0.0630310029 0.0672039986 0.0172509998 -0.0442610011 0.0663790032 0.0148090003 -0.0721250027 0.0618619993 0.0319840014 -0.0710999966 0.0672039986 0.0172509998 -0.0442610011 0.0618619993 0.0319840014 -0.0710999966 0.0620770007 0.0366469994 -0.0433069989 0.0318519995 0.0862269998 -0.0123530002 0.0284400005 0.0923959985 0.0119829997 0.0476280004 0.0683469996 0.00703400001 0.0318519995 0.0862269998 -0.0123530002 0.0490220003 0.0655289963 -0.00543300016 0.0504169986 0.0627110004 -0.0178999994 0.0318519995 0.0862269998 -0.0123530002 0.0476280004 0.0683469996 0.00703400001 0.0490220003 0.0655289963 -0.00543300016 0.0521880016 0.0570459999 -0.0419120006 0.0532759987 0.0502099991 -0.0688849986 0.0381920002 0.0704419985 -0.0645390004 0.0521880016 0.0570459999 -0.0419120006 0.0381920002 0.0704419985 -0.0645390004 0.0362179987 0.077719003 -0.0394899994 0.0553219989 0.0540300012 -0.0068529998 0.0616220012 0.0425300002 -0.0082729999 0.0618590005 0.0385399982 -0.0210999995 0.0553219989 0.0540300012 -0.0068529998 0.0618590005 0.0385399982 -0.0210999995 0.0561380014 0.0506259985 -0.0195000004 0.0620770007 0.0366469994 -0.0433069989 0.0618619993 0.0319840014 -0.0710999966 0.0532759987 0.0502099991 -0.0688849986 0.0620770007 0.0366469994 -0.0433069989 0.0532759987 0.0502099991 -0.0688849986 0.0521880016 0.0570459999 -0.0419120006 0.0362179987 0.077719003 -0.0394899994 0.0381920002 0.0704419985 -0.0645390004 0.0181019995 0.0857509971 -0.0619140007 0.0362179987 0.077719003 -0.0394899994 0.0181019995 0.0857509971 -0.0619140007 0.00728299981 0.096950002 -0.0364650004 6.60000005e-05 0.106972001 -0.00488900021 -0.00208200002 0.113237001 0.0199449994 0.0284400005 0.0923959985 0.0119829997 6.60000005e-05 0.106972001 -0.00488900021 0.0284400005 0.0923959985 0.0119829997 0.0318519995 0.0862269998 -0.0123530002 -0.114008002 0.0723510012 0.0308340006 -0.110100999 0.0960120037 0.0354779996 -0.0912080035 0.092854999 0.013793 -0.114008002 0.0723510012 0.0308340006 -0.0912080035 0.092854999 0.013793 -0.0990120023 0.0697939992 0.0111560002 -0.0919770002 0.0206690002 -0.0159300007 -0.0938450024 0 -0.015501 -0.106849998 0 0.00630699983 -0.0919770002 0.0206690002 -0.0159300007 -0.106849998 0 0.00630699983 -0.105998002 0.021311 0.00703400001 -0.129276007 0 0.0543269999 -0.131009996 0.0104510002 0.0549810007 -0.118258998 0 0.0252720006 -0.134597003 0.0803290009 0.0886079967 -0.131842002 0.0981480032 0.088335 -0.125374004 0.0954879969 0.059342999 -0.134597003 0.0803290009 0.0886079967 -0.125374004 0.0954879969 0.059342999 -0.128299996 0.0741750002 0.0575970002 -0.105998002 0.021311 0.00703400001 -0.106849998 0 0.00630699983 -0.118258998 0 0.0252720006 -0.105998002 0.021311 0.00703400001 -0.118258998 0 0.0252720006 -0.117697999 0.0216949992 0.0254100002 -0.0938450024 0 -0.015501 -0.0919770002 0.0206690002 -0.0159300007 -0.0787099972 0.0210730005 -0.0414360017 -0.0938450024 0 -0.015501 -0.0787099972 0.0210730005 -0.0414360017 -0.080682002 0 -0.0420720018 -0.105998002 0.021311 0.00703400001 -0.103321999 0.0476620011 0.00903599989 -0.0882330015 0.0463670008 -0.0148630003 -0.105998002 0.021311 0.00703400001 -0.0882330015 0.0463670008 -0.0148630003 -0.0919770002 0.0206690002 -0.0159300007 -0.131238997 0.0206550006 0.0552809983 -0.130079001 0.0470229983 0.0560379997 -0.116763003 0.0486730002 0.0282729995 -0.131238997 0.0206550006 0.0552809983 -0.116763003 0.0486730002 0.0282729995 -0.117697999 0.0216949992 0.0254100002 -0.131238997 0.0206550006 0.0552809983 -0.131009996 0.0104510002 0.0549810007 -0.136942998 0.00883799978 0.0838740021 -0.131238997 0.0206550006 0.0552809983 -0.136942998 0.00883799978 0.0838740021 -0.137163997 0.0171949994 0.0860899985 -0.131238997 0.0206550006 0.0552809983 -0.137163997 0.0171949994 0.0860899985 -0.137384996 0.0250220001 0.0913280025 -0.131238997 0.0206550006 0.0552809983 -0.137384996 0.0250220001 0.0913280025 -0.130079001 0.0470229983 0.0560379997 -0.0586990006 0.0622670017 -0.0632629991 -0.0628829971 0.0468290001 -0.0655089989 -0.0749809965 0.0454120003 -0.0398520008 -0.0586990006 0.0622670017 -0.0632629991 -0.0749809965 0.0454120003 -0.0398520008 -0.0702399984 0.0641070008 -0.0377000012 -0.0628829971 0.0468290001 -0.0655089989 -0.0671219975 0.0219720006 -0.0680399984 -0.0787099972 0.0210730005 -0.0414360017 -0.0628829971 0.0468290001 -0.0655089989 -0.0787099972 0.0210730005 -0.0414360017 -0.0749809965 0.0454120003 -0.0398520008 -0.0743450001 0.0906860009 -0.00850799959 -0.0635270029 0.105416 -0.003945 -0.0493879989 0.100017004 -0.0281489994 -0.0743450001 0.0906860009 -0.00850799959 -0.0493879989 0.100017004 -0.0281489994 -0.0623060018 0.0851740018 -0.0332060009 -0.0671219975 0.0219720006 -0.0680399984 -0.0682580024 0 -0.0690030009 -0.080682002 0 -0.0420720018 -0.0671219975 0.0219720006 -0.0680399984 -0.080682002 0 -0.0420720018 -0.0787099972 0.0210730005 -0.0414360017 -0.0990120023 0.0697939992 0.0111560002 -0.0912080035 0.092854999 0.013793 -0.0743450001 0.0906860009 -0.00850799959 -0.0990120023 0.0697939992 0.0111560002 -0.0743450001 0.0906860009 -0.00850799959 -0.0832249969 0.0670870021 -0.0127299996 -0.0702399984 0.0641070008 -0.0377000012 -0.0749809965 0.0454120003 -0.0398520008 -0.0882330015 0.0463670008 -0.0148630003 -0.0702399984 0.0641070008 -0.0377000012 -0.0882330015 0.0463670008 -0.0148630003 -0.0832249969 0.0670870021 -0.0127299996 -0.128299996 0.0741750002 0.0575970002 -0.125374004 0.0954879969 0.059342999 -0.110100999 0.0960120037 0.0354779996 -0.128299996 0.0741750002 0.0575970002 -0.110100999 0.0960120037 0.0354779996 -0.114008002 0.0723510012 0.0308340006 -0.0990120023 0.0697939992 0.0111560002 -0.103321999 0.0476620011 0.00903599989 -0.116763003 0.0486730002 0.0282729995 -0.0990120023 0.0697939992 0.0111560002 -0.116763003 0.0486730002 0.0282729995 -0.114008002 0.0723510012 0.0308340006 -0.128299996 0.0741750002 0.0575970002 -0.130079001 0.0470229983 0.0560379997 -0.136132002 0.0578989983 0.085653998 -0.128299996 0.0741750002 0.0575970002 -0.136132002 0.0578989983 0.085653998 -0.134597003 0.0803290009 0.0886079967 -0.0702399984 0.0641070008 -0.0377000012 -0.0623060018 0.0851740018 -0.0332060009 -0.0517169982 0.0794669986 -0.0585150011 -0.0702399984 0.0641070008 -0.0377000012 -0.0517169982 0.0794669986 -0.0585150011 -0.0586990006 0.0622670017 -0.0632629991 -0.134261996 0.0688989982 0.115524001 -0.134597003 0.0803290009 0.0886079967 -0.136132002 0.0578989983 0.085653998 0.067404002 0 -0.0724470019 0.0635859966 0 -0.101246998 0.0619370006 0.0121189998 -0.100094996 0.067404002 0 -0.0724470019 0.0619370006 0.0121189998 -0.100094996 0.0663790032 0.0148090003 -0.0721250027 0.0684790015 0 -0.0447460003 0.067404002 0 -0.0724470019 0.0663790032 0.0148090003 -0.0721250027 0.0684790015 0 -0.0447460003 0.0663790032 0.0148090003 -0.0721250027 0.0672039986 0.0172509998 -0.0442610011 0.00728299981 0.096950002 -0.0364650004 0.00233400008 0.103509001 -0.0172959995 0.0318519995 0.0862269998 -0.0123530002 0.00728299981 0.096950002 -0.0364650004 0.0318519995 0.0862269998 -0.0123530002 0.0362179987 0.077719003 -0.0394899994 0.0264040008 0.0770239979 -0.0747930035 0.0181019995 0.0857509971 -0.0619140007 0.0381920002 0.0704419985 -0.0645390004 0.0264040008 0.0770239979 -0.0747930035 0.0381920002 0.0704419985 -0.0645390004 0.0381329991 0.0641990006 -0.0858390033 0.0381329991 0.0641990006 -0.0858390033 0.0381920002 0.0704419985 -0.0645390004 0.0532759987 0.0502099991 -0.0688849986 0.0381329991 0.0641990006 -0.0858390033 0.0532759987 0.0502099991 -0.0688849986 0.045545999 0.0541060008 -0.0915440023 -0.0722429976 0.109259002 0.00865400024 -0.0912080035 0.092854999 0.013793 -0.0790309981 0.111092001 0.0164250005 -0.0635270029 0.105416 -0.003945 -0.0606239997 0.107219003 -0.00196200004 -0.0493879989 0.100017004 -0.0281489994 -0.0606239997 0.107219003 -0.00196200004 -0.0635270029 0.105416 -0.003945 -0.0722429976 0.109259002 0.00865400024 -0.0606239997 0.107219003 -0.00196200004 -0.0722429976 0.109259002 0.00865400024 -0.0674239993 0.110630997 0.00862099975 -4.19999997e-05 0.121178001 0.0585209988 0.00251700007 0.123093002 0.0826539993 0.0087489998 0.118709996 0.0841099992 -4.19999997e-05 0.121178001 0.0585209988 0.0087489998 0.118709996 0.0841099992 0.00646199984 0.117156997 0.0589860007 0.00251700007 0.123093002 0.0826539993 0.00152299996 0.123667002 0.104649 0.0070460001 0.118004002 0.107015997 0.00251700007 0.123093002 0.0826539993 0.0070460001 0.118004002 0.107015997 0.0087489998 0.118709996 0.0841099992 -0.00372299994 0.121582001 0.124228999 -0.00850600004 0.125426993 0.120076001 -0.0190520007 0.125770003 0.132147998 -0.00372299994 0.121582001 0.124228999 -0.0190520007 0.125770003 0.132147998 -0.0162940007 0.122326002 0.137402996 -0.0412390009 0.0725189969 -0.0838679969 -0.0586990006 0.0622670017 -0.0632629991 -0.0517169982 0.0794669986 -0.0585150011 -0.0517169982 0.0794669986 -0.0585150011 -0.039673999 0.0911799967 -0.053989999 -0.0381530002 0.083653003 -0.0696059987 -0.0412390009 0.0725189969 -0.0838679969 -0.0517169982 0.0794669986 -0.0585150011 -0.0381530002 0.083653003 -0.0696059987 -0.0491929986 0.0560249984 -0.093268998 -0.0628829971 0.0468290001 -0.0655089989 -0.0586990006 0.0622670017 -0.0632629991 -0.0491929986 0.0560249984 -0.093268998 -0.0586990006 0.0622670017 -0.0632629991 -0.0412390009 0.0725189969 -0.0838679969 -0.0606650002 0 -0.0996299982 -0.0682580024 0 -0.0690030009 -0.0671219975 0.0219720006 -0.0680399984 -0.0628829971 0.0468290001 -0.0655089989 -0.0491929986 0.0560249984 -0.093268998 -0.055319 0.0402089991 -0.0970470011 -0.0606650002 0 -0.0996299982 -0.0671219975 0.0219720006 -0.0680399984 -0.0595780015 0.0205659997 -0.0987690017 -0.0595780015 0.0205659997 -0.0987690017 -0.0671219975 0.0219720006 -0.0680399984 -0.0628829971 0.0468290001 -0.0655089989 -0.0595780015 0.0205659997 -0.0987690017 -0.0628829971 0.0468290001 -0.0655089989 -0.055319 0.0402089991 -0.0970470011 0.0460489988 0.0262100007 0.0902170017 0.0523459986 0.0358599983 0.0630310029 0.0414059982 0.0339130014 0.0988089964 0.0407820009 0.0307279993 0.100574002 0.0448580012 0.0238959994 0.092712 0.0460489988 0.0262100007 0.0902170017 0.0407820009 0.0307279993 0.100574002 0.0460489988 0.0262100007 0.0902170017 0.0414059982 0.0339130014 0.0988089964 0.031601999 0.0415499993 0.118491001 0.0407820009 0.0307279993 0.100574002 0.0414059982 0.0339130014 0.0988089964 0.031601999 0.0415499993 0.118491001 0.0414059982 0.0339130014 0.0988089964 0.0313670002 0.0456629992 0.117838003 -0.129884005 0.0525639988 0.135175005 -0.129687995 0.0539770015 0.135113001 -0.135303006 0.0463219993 0.120844997 -0.129884005 0.0525639988 0.135175005 -0.135303006 0.0463219993 0.120844997 -0.135398999 0.0445749983 0.120761998 -0.137747005 0.0349959992 0.105991997 -0.137807995 0.0363240018 0.105322003 -0.137384996 0.0250220001 0.0913280025 -0.137747005 0.0349959992 0.105991997 -0.137384996 0.0250220001 0.0913280025 -0.137732998 0.0240080003 0.0925180018 -0.0618170016 0.0676409975 0.168247998 -0.0611569993 0.0648799986 0.163957 -0.0355109982 0.0630260035 0.161593005 -0.0618170016 0.0676409975 0.168247998 -0.0355109982 0.0630260035 0.161593005 -0.0343969986 0.0657389984 0.164562002 -0.131009996 0.0104510002 0.0549810007 -0.129276007 0 0.0543269999 -0.136252001 0 0.083153002 -0.131009996 0.0104510002 0.0549810007 -0.136252001 0 0.083153002 -0.136942998 0.00883799978 0.0838740021 -0.131009996 0.0104510002 0.0549810007 -0.131238997 0.0206550006 0.0552809983 -0.117697999 0.0216949992 0.0254100002 -0.131009996 0.0104510002 0.0549810007 -0.117697999 0.0216949992 0.0254100002 -0.118258998 0 0.0252720006 -0.135398999 0.0445749983 0.120761998 -0.135303006 0.0463219993 0.120844997 -0.137807995 0.0363240018 0.105322003 -0.135398999 0.0445749983 0.120761998 -0.137807995 0.0363240018 0.105322003 -0.137747005 0.0349959992 0.105991997 -0.137807995 0.0363240018 0.105322003 -0.136132002 0.0578989983 0.085653998 -0.137384996 0.0250220001 0.0913280025 -0.0198059995 0.0862130001 0.155888006 -0.00430200016 0.0837099999 0.148463994 -0.00928600039 0.103827998 0.144282997 -0.0233580004 0.105633996 0.151855007 -0.021799 0.0971089974 0.153625995 -0.00928600039 0.103827998 0.144282997 -0.0233580004 0.105633996 0.151855007 -0.00928600039 0.103827998 0.144282997 -0.0162940007 0.122326002 0.137402996 -0.0175320003 0.0950139984 0.151813999 -0.0175320003 0.0934939981 0.152291 -0.00928600039 0.103827998 0.144282997 -0.0175320003 0.0934939981 0.152291 -0.0198059995 0.0862130001 0.155888006 -0.00928600039 0.103827998 0.144282997 -0.0175320003 0.0934939981 0.152291 -0.0211379994 0.0934939981 0.154376 -0.0198059995 0.0862130001 0.155888006 -0.00928600039 0.103827998 0.144282997 -0.021799 0.0971089974 0.153625995 -0.0186669994 0.0971089974 0.151813999 -0.0186669994 0.0971089974 0.151813999 -0.0175320003 0.0950139984 0.151813999 -0.00928600039 0.103827998 0.144282997 -0.0198059995 0.0862130001 0.155888006 -0.0360630006 0.0882819965 0.161668003 -0.0338670015 0.0697659999 0.164780006 -0.0233580004 0.105633996 0.151855007 -0.0162940007 0.122326002 0.137402996 -0.0280460007 0.123245001 0.144266993 -0.0198059995 0.0862130001 0.155888006 -0.0338670015 0.0697659999 0.164780006 -0.0171910003 0.0664369985 0.159283996 -0.0179779995 0.0630439967 0.158715993 -0.00199900009 0.0594060011 0.151475996 -0.00153400004 0.0629409999 0.151381001 -0.0179779995 0.0630439967 0.158715993 -0.00153400004 0.0629409999 0.151381001 -0.0171910003 0.0664369985 0.159283996 0.0055519999 0.102283001 0.130674005 0.0178859998 0.0986109972 0.112198003 0.0070460001 0.118004002 0.107015997 0.0055519999 0.102283001 0.130674005 -0.00928600039 0.103827998 0.144282997 -0.00430200016 0.0837099999 0.148463994 0.0055519999 0.102283001 0.130674005 0.0070460001 0.118004002 0.107015997 -0.00372299994 0.121582001 0.124228999 0.012449 0.079444997 0.134909004 0.0055519999 0.102283001 0.130674005 -0.00430200016 0.0837099999 0.148463994 0.012449 0.079444997 0.134909004 -0.00430200016 0.0837099999 0.148463994 -0.00153400004 0.0629409999 0.151381001 -0.00372299994 0.121582001 0.124228999 0.0070460001 0.118004002 0.107015997 0.00152299996 0.123667002 0.104649 0.012449 0.079444997 0.134909004 -0.00153400004 0.0629409999 0.151381001 0.0164470002 0.0557489991 0.137391999 -0.129334003 0.0985570028 0.112924002 -0.134261996 0.0688989982 0.115524001 -0.126899004 0.0765300021 0.132754996 -0.00372299994 0.121582001 0.124228999 0.00152299996 0.123667002 0.104649 -0.00850600004 0.125426993 0.120076001 -0.129334003 0.0985570028 0.112924002 -0.126899004 0.0765300021 0.132754996 -0.121455997 0.101502001 0.128960997 -0.134261996 0.0688989982 0.115524001 -0.135303006 0.0463219993 0.120844997 -0.129687995 0.0539770015 0.135113001 -0.121455997 0.101502001 0.128960997 -0.112868004 0.102009997 0.139850006 -0.106248997 0.121659003 0.133204997 -0.134261996 0.0688989982 0.115524001 -0.129687995 0.0539770015 0.135113001 -0.126899004 0.0765300021 0.132754996 -0.121455997 0.101502001 0.128960997 -0.106248997 0.121659003 0.133204997 -0.112864003 0.121601999 0.123186 -0.116535999 0.0626920015 0.150454998 -0.117383003 0.0818059966 0.144345999 -0.120512001 0.0607579984 0.147594005 -0.0189619996 -0.0572430007 -0.0930320024 -0.0177759994 -0.0572430007 -0.122102998 -0.0316580012 -0.0493480004 -0.122229002 -0.0189619996 -0.0572430007 -0.0930320024 -0.0316580012 -0.0493480004 -0.122229002 -0.0328439996 -0.0493480004 -0.0931570008 0.0237949993 -0.0515430011 -0.0958620012 0.0249809995 -0.0515430011 -0.124934003 0.0119120004 -0.0578359999 -0.124109998 0.0237949993 -0.0515430011 -0.0958620012 0.0119120004 -0.0578359999 -0.124109998 0.0107260002 -0.0578359999 -0.0950390026 -0.0491719991 0.0201529991 -0.0928379968 -0.0509489998 0 -0.092745997 -0.0497630015 0 -0.121817 -0.0491719991 0.0201529991 -0.0928379968 -0.0497630015 0 -0.121817 -0.0479869992 0.0201529991 -0.121909 0.0645399988 0.0284310002 -0.0220759995 0.0641629994 0.0303099994 -0.00946700014 0.0654340014 0.0241999999 -0.0100640003 0.0645399988 0.0284310002 -0.0220759995 0.0654340014 0.0241999999 -0.0100640003 0.0667039976 0.0180900004 -0.0106600001 0.0645399988 0.0284310002 -0.0220759995 0.0667039976 0.0180900004 -0.0106600001 0.0672219992 0.0183220003 -0.0230509993 0.0618590005 0.0385399982 -0.0210999995 0.0641629994 0.0303099994 -0.00946700014 0.0645399988 0.0284310002 -0.0220759995 0.0490220003 0.0655289963 -0.00543300016 0.0553219989 0.0540300012 -0.0068529998 0.0561380014 0.0506259985 -0.0195000004 0.0490220003 0.0655289963 -0.00543300016 0.0561380014 0.0506259985 -0.0195000004 0.0504169986 0.0627110004 -0.0178999994 0.0476280004 0.0683469996 0.00703400001 0.0545069985 0.0574330017 0.00579399988 0.0553219989 0.0540300012 -0.0068529998 0.0654340014 0.0241999999 -0.0100640003 0.0652099997 0.024611 -0.00381399994 0.0664450005 0.0179730002 -0.00446499977 0.0476280004 0.0683469996 0.00703400001 0.0553219989 0.0540300012 -0.0068529998 0.0490220003 0.0655289963 -0.00543300016 0.0654340014 0.0241999999 -0.0100640003 0.0664450005 0.0179730002 -0.00446499977 0.0667039976 0.0180900004 -0.0106600001 0.0545069985 0.0574330017 0.00579399988 0.0616220012 0.0425300002 -0.0082729999 0.0553219989 0.0540300012 -0.0068529998 0.0641629994 0.0303099994 -0.00946700014 0.0639749989 0.0312489998 -0.0031620001 0.0652099997 0.024611 -0.00381399994 0.0641629994 0.0303099994 -0.00946700014 0.0652099997 0.024611 -0.00381399994 0.0654340014 0.0241999999 -0.0100640003 0.0420549996 0.0706129968 0.0639889985 0.0523459986 0.0358599983 0.0630310029 0.0431080014 0.0701749995 0.0561969988 0.0420549996 0.0706129968 0.0639889985 0.0431080014 0.0701749995 0.0561969988 0.0252810009 0.0993560031 0.0607029982 0.0523459986 0.0358599983 0.0630310029 0.0460489988 0.0262100007 0.0902170017 0.0484369993 0.0180040002 0.0857409984 0.0535829999 0.0203959998 0.0638900027 0.0523459986 0.0358599983 0.0630310029 0.0484369993 0.0180040002 0.0857409984 0.0431080014 0.0701749995 0.0561969988 0.0523459986 0.0358599983 0.0630310029 0.0535279997 0.0351330005 0.0555820018 0.0496760011 0.00839900039 0.0839240029 0.0517860018 -0.001529 0.0662970021 0.0521010011 0.00858599972 0.065700002 0.0535829999 0.0203959998 0.0638900027 0.0484369993 0.0180040002 0.0857409984 0.0496760011 0.00839900039 0.0839240029 0.0530330017 -0.0213709995 0.0639310032 0.0496760011 -0.00839900039 0.0839240029 0.0484369993 -0.0180029999 0.0857409984 0.0535829999 0.0203959998 0.0638900027 0.0496760011 0.00839900039 0.0839240029 0.0521010011 0.00858599972 0.065700002 0.0649740025 -0.0523810014 0.0412769988 0.0575699992 -0.0494309999 0.0448260009 0.0539020002 -0.0523810014 0.035441 0.0579460002 -0.0456579998 0.0046819998 0.0548290014 -0.0517960005 0.0137959998 0.0476280004 -0.0683460012 0.00703400001 0.0569639988 0.0509489998 0.0302700009 0.0672670007 0.0513320006 0.0356590003 0.0706019998 0.049323 0.0288679991 0.0614520013 -0.0381570011 0.000413000002 0.0622569993 -0.0328599997 0.00636699982 0.0579460002 -0.0456579998 0.0046819998 0.0504169986 -0.0627110004 -0.0178999994 0.0579460002 -0.0456579998 0.0046819998 0.0476280004 -0.0683460012 0.00703400001 0.0504169986 -0.0627110004 -0.0178999994 0.0618590005 -0.0385389999 -0.0210999995 0.0614520013 -0.0381570011 0.000413000002 0.0504169986 -0.0627110004 -0.0178999994 0.0614520013 -0.0381570011 0.000413000002 0.0579460002 -0.0456579998 0.0046819998 0.0660019964 -0.00969200023 0.00651599979 0.101112999 -0.0113810003 0.0128570003 0.0659269989 -0.0171569996 0.00596399978 0.0652099997 0.024611 -0.00381399994 0.0657289997 0.0178520009 0.00657599978 0.0664450005 0.0179730002 -0.00446499977 0.0357430018 -0.0714889988 0.0919689983 0.0420549996 -0.0706119984 0.0639889985 0.0489949994 -0.0360519998 0.078001 0.0357430018 -0.0714889988 0.0919689983 0.0489949994 -0.0360519998 0.078001 0.0414059982 -0.0339119993 0.0988089964 0.0420549996 -0.0706119984 0.0639889985 0.0573729984 -0.0446389988 0.051589001 0.0489949994 -0.0360519998 0.078001 0.0535209998 -0.053475 0.0276519991 0.0462640002 -0.0688619986 0.0328200012 0.0476280004 -0.0683460012 0.00703400001 0.0540079996 -0.0523810014 0.0208739992 0.0548290014 -0.0517960005 0.0137959998 0.0557620004 -0.049199 0.0132680004 0.0535209998 -0.053475 0.0276519991 0.0476280004 -0.0683460012 0.00703400001 0.0540079996 -0.0523810014 0.0208739992 0.0537899993 0.0415810011 0.0497010015 0.0431080014 0.0701749995 0.0561969988 0.0535279997 0.0351330005 0.0555820018 0.0548290014 -0.0517960005 0.0137959998 0.0540079996 -0.0523810014 0.0208739992 0.0476280004 -0.0683460012 0.00703400001 0.056584999 -0.0381910019 0.0571929999 0.073458001 -0.0379280001 0.065324001 0.071419999 -0.0300709996 0.069190003 0.056584999 -0.0381910019 0.0571929999 0.071419999 -0.0300709996 0.069190003 0.0545470007 -0.0303349998 0.0610579997 0.0545470007 -0.0303349998 0.0610579997 0.071419999 -0.0300709996 0.069190003 0.0699059963 -0.0211069994 0.072062999 0.0545470007 -0.0303349998 0.0610579997 0.0699059963 -0.0211069994 0.072062999 0.0530330017 -0.0213709995 0.0639310032 0.0706019998 0.049323 0.0288679991 0.0882399976 0.0495860018 0.0372800007 0.091312997 0.0466360003 0.0314490013 0.0706019998 0.049323 0.0288679991 0.091312997 0.0466360003 0.0314490013 0.0763429999 0.0463720001 0.0243200008 0.0706019998 0.049323 0.0288679991 0.0763429999 0.0463720001 0.0243200008 0.0587650016 0.049323 0.0227530003 0.0587650016 0.049323 0.0227530003 0.0763429999 0.0463720001 0.0243200008 0.0597350001 0.0463720001 0.0155659998 0.0763429999 0.0463720001 0.0243200008 0.091312997 0.0466360003 0.0314490013 0.0941459984 0.0418450013 0.0260749999 0.0597350001 0.0463720001 0.0155659998 0.0763429999 0.0463720001 0.0243200008 0.0941459984 0.0418450013 0.0260749999 0.0597350001 0.0463720001 0.0155659998 0.0941459984 0.0418450013 0.0260749999 0.0773110017 0.0415810011 0.0179629996 0.0941459984 0.0418450013 0.0260749999 0.0966290012 0.0353970006 0.0213649999 0.0773110017 0.0415810011 0.0179629996 0.0773110017 0.0415810011 0.0179629996 0.0638850033 0.0356119983 0.00721300021 0.0597350001 0.0463720001 0.0155659998 0.0638850033 0.0356119983 0.00721300021 0.0773110017 0.0415810011 0.0179629996 0.0966290012 0.0353970006 0.0213649999 0.0638850033 0.0356119983 0.00721300021 0.0966290012 0.0353970006 0.0213649999 0.100180998 0.0185759999 0.0146260001 0.0670109987 0.0250070002 0.00478400011 0.100180998 0.0185759999 0.0146260001 0.0657289997 0.0178520009 0.00657599978 0.0670109987 0.0250070002 0.00478400011 0.0638850033 0.0356119983 0.00721300021 0.100180998 0.0185759999 0.0146260001 0.0657289997 0.0178520009 0.00657599978 0.100180998 0.0185759999 0.0146260001 0.101112999 0.00884999987 0.0128570003 0.0657289997 0.0178520009 0.00657599978 0.101112999 0.00884999987 0.0128570003 0.0663819984 0.00892600045 0.00677799992 0.0655860007 -0.0245239995 0.00510000018 0.100180998 -0.0211069994 0.0146260001 0.0986659974 -0.0300709996 0.0174989998 0.0655860007 -0.0245239995 0.00510000018 0.0986659974 -0.0300709996 0.0174989998 0.0622569993 -0.0328599997 0.00636699982 0.0575559996 -0.0437990017 0.00894599967 0.0941459984 -0.0443760008 0.0260749999 0.091312997 -0.0491669998 0.0314490013 0.0575559996 -0.0437990017 0.00894599967 0.091312997 -0.0491669998 0.0314490013 0.0557620004 -0.049199 0.0132680004 0.0557620004 -0.049199 0.0132680004 0.091312997 -0.0491669998 0.0314490013 0.0882399976 -0.0521170013 0.0372800007 0.0557620004 -0.049199 0.0132680004 0.0882399976 -0.0521170013 0.0372800007 0.0540079996 -0.0523810014 0.0208739992 0.0540079996 -0.0523810014 0.0208739992 0.0882399976 -0.0521170013 0.0372800007 0.0850429982 -0.0531140007 0.0433439985 0.0540079996 -0.0523810014 0.0208739992 0.0850429982 -0.0531140007 0.0433439985 0.0535209998 -0.053475 0.0276519991 0.0850429982 -0.0531140007 0.0433439985 0.0818469971 -0.0521170013 0.0494089983 0.0649740025 -0.0523810014 0.0412769988 0.0850429982 -0.0531140007 0.0433439985 0.0649740025 -0.0523810014 0.0412769988 0.0539020002 -0.0523810014 0.035441 0.0462640002 -0.0688619986 0.0328200012 0.0539020002 -0.0523810014 0.035441 0.044160001 -0.0697370023 0.0484040007 0.0537899993 0.0415810011 0.0497010015 0.0759409964 0.0418450013 0.060614001 0.0787729993 0.0466360003 0.0552400015 0.0537899993 0.0415810011 0.0497010015 0.0787729993 0.0466360003 0.0552400015 0.070995003 0.0463720001 0.0519019999 0.0537899993 0.0415810011 0.0497010015 0.070995003 0.0463720001 0.0519019999 0.0543869995 0.0463720001 0.0431479998 0.0537899993 0.0415810011 0.0497010015 0.0535279997 0.0351330005 0.0555820018 0.073458001 0.0353970006 0.065324001 0.0537899993 0.0415810011 0.0497010015 0.073458001 0.0353970006 0.065324001 0.0759409964 0.0418450013 0.060614001 -0.129334003 -0.098555997 0.112924002 -0.131842002 -0.0981469974 0.088335 -0.124311 -0.120857999 0.0884530023 -0.129334003 -0.098555997 0.112924002 -0.124311 -0.120857999 0.0884530023 -0.121618003 -0.120607004 0.109581001 -0.0615970008 -0.107560001 0.159302995 -0.0893720016 -0.105627 0.153934002 -0.0865079984 -0.122272 0.146447003 -0.0615970008 -0.107560001 0.159302995 -0.0865079984 -0.122272 0.146447003 -0.0615070015 -0.122928001 0.152030006 -0.0615970008 -0.107560001 0.159302995 -0.0615070015 -0.122928001 0.152030006 -0.0404930003 -0.122805998 0.149803996 -0.106248997 -0.121657997 0.133204997 -0.0865079984 -0.122272 0.146447003 -0.0893720016 -0.105627 0.153934002 -0.0615970008 -0.107560001 0.159302995 -0.0404930003 -0.122805998 0.149803996 -0.0385640003 -0.106445 0.157075003 -0.106248997 -0.121657997 0.133204997 -0.0893720016 -0.105627 0.153934002 -0.112868004 -0.102008998 0.139850006 -0.125374004 -0.0954879969 0.059342999 -0.110100999 -0.0960109979 0.0354779996 -0.103614002 -0.116051003 0.0407680012 -0.110100999 -0.0960109979 0.0354779996 -0.0912080035 -0.0928540006 0.013793 -0.0790309981 -0.111091003 0.0164250005 -0.125374004 -0.0954879969 0.059342999 -0.103614002 -0.116051003 0.0407680012 -0.119655997 -0.118035004 0.0629450008 -0.110100999 -0.0960109979 0.0354779996 -0.0790309981 -0.111091003 0.0164250005 -0.103614002 -0.116051003 0.0407680012 -0.131842002 -0.0981469974 0.088335 -0.125374004 -0.0954879969 0.059342999 -0.119655997 -0.118035004 0.0629450008 -0.131842002 -0.0981469974 0.088335 -0.119655997 -0.118035004 0.0629450008 -0.124311 -0.120857999 0.0884530023 -0.0722429976 -0.109259002 0.00865400024 -0.0790309981 -0.111091003 0.0164250005 -0.0912080035 -0.0928540006 0.013793 -0.100257002 -0.119259998 0.0446139984 -0.115356997 -0.121682003 0.0637649968 -0.119655997 -0.118035004 0.0629450008 -0.100257002 -0.119259998 0.0446139984 -0.119655997 -0.118035004 0.0629450008 -0.103614002 -0.116051003 0.0407680012 -0.00372299994 -0.121581003 0.124228999 -0.0162940007 -0.122325003 0.137402996 -0.0190520007 -0.125769004 0.132147998 -0.0280460007 -0.123244002 0.144266993 -0.0404930003 -0.122805998 0.149803996 -0.0409879982 -0.125905007 0.144447997 -0.00372299994 -0.121581003 0.124228999 -0.0190520007 -0.125769004 0.132147998 -0.00850600004 -0.125425994 0.120076001 -0.0409879982 -0.125905007 0.144447997 -0.0404930003 -0.122805998 0.149803996 -0.0615070015 -0.122928001 0.152030006 -0.0280460007 -0.123244002 0.144266993 -0.0409879982 -0.125905007 0.144447997 -0.0296829995 -0.126466006 0.138896003 -0.0615070015 -0.122928001 0.152030006 -0.0865079984 -0.122272 0.146447003 -0.0846420005 -0.125793993 0.141292006 -0.0409879982 -0.125905007 0.144447997 -0.0615070015 -0.122928001 0.152030006 -0.0612009987 -0.126227006 0.146928996 -0.0865079984 -0.122272 0.146447003 -0.106248997 -0.121657997 0.133204997 -0.101681001 -0.125727996 0.129048005 -0.0615070015 -0.122928001 0.152030006 -0.0846420005 -0.125793993 0.141292006 -0.0612009987 -0.126227006 0.146928996 -0.0865079984 -0.122272 0.146447003 -0.101681001 -0.125727996 0.129048005 -0.0846420005 -0.125793993 0.141292006 -0.112864003 -0.121601999 0.123186 -0.121618003 -0.120607004 0.109581001 -0.116342999 -0.124589004 0.107928999 -0.112864003 -0.121601999 0.123186 -0.116342999 -0.124589004 0.107928999 -0.107694 -0.125297993 0.120142996 -0.121618003 -0.120607004 0.109581001 -0.124311 -0.120857999 0.0884530023 -0.119074002 -0.123691998 0.0879480019 -0.121618003 -0.120607004 0.109581001 -0.119074002 -0.123691998 0.0879480019 -0.116342999 -0.124589004 0.107928999 -0.124311 -0.120857999 0.0884530023 -0.119655997 -0.118035004 0.0629450008 -0.115356997 -0.121682003 0.0637649968 -0.124311 -0.120857999 0.0884530023 -0.115356997 -0.121682003 0.0637649968 -0.119074002 -0.123691998 0.0879480019 0.042808 0 0.0884319991 0.0427299999 -0.00962799974 0.0890560001 0.047513999 -0.00890299957 0.0877420008 -0.136942998 -0.00883699954 0.0838740021 -0.137163997 -0.0171939991 0.0860899985 -0.137299001 -0.0167469997 0.0869309977 0.042808 0 0.0884319991 0.047513999 -0.00890299957 0.0877420008 0.0474359989 0 0.0878100023 -0.136942998 -0.00883699954 0.0838740021 -0.137299001 -0.0167469997 0.0869309977 -0.137069002 -0.00889899954 0.0849199966 -0.137384996 -0.0250209998 0.0913280025 -0.137732998 -0.024007 0.0925180018 -0.137299001 -0.0167469997 0.0869309977 -0.137384996 -0.0250209998 0.0913280025 -0.137299001 -0.0167469997 0.0869309977 -0.137163997 -0.0171939991 0.0860899985 0.0448580012 -0.0238949992 0.092712 0.0460489988 -0.0262100007 0.0902170017 0.0484369993 -0.0180029999 0.0857409984 0.047513999 -0.00890299957 0.0877420008 0.0460130014 -0.0195129998 0.0902289972 0.0484369993 -0.0180029999 0.0857409984 0.0448580012 -0.0238949992 0.092712 0.0484369993 -0.0180029999 0.0857409984 0.0460130014 -0.0195129998 0.0902289972 0.047513999 -0.00890299957 0.0877420008 0.0484369993 -0.0180029999 0.0857409984 0.0496760011 -0.00839900039 0.0839240029 0.0407820009 -0.0307270009 0.100574002 0.0414059982 -0.0339119993 0.0988089964 0.0460489988 -0.0262100007 0.0902170017 0.031601999 -0.0415490009 0.118491001 0.0313670002 -0.0456620008 0.117838003 0.0414059982 -0.0339119993 0.0988089964 0.0407820009 -0.0307270009 0.100574002 0.0460489988 -0.0262100007 0.0902170017 0.0448580012 -0.0238949992 0.092712 -0.00199900009 -0.059404999 0.151475996 -0.00153400004 -0.0629409999 0.151381001 0.0164470002 -0.0557489991 0.137391999 0.031601999 -0.0415490009 0.118491001 0.0414059982 -0.0339119993 0.0988089964 0.0407820009 -0.0307270009 0.100574002 -0.0343969986 -0.065738 0.164562002 -0.0338670015 -0.0697650015 0.164780006 -0.0171910003 -0.0664360002 0.159283996 -0.00199900009 -0.059404999 0.151475996 0.0164470002 -0.0557489991 0.137391999 0.0156580005 -0.0513629988 0.137324005 -0.0618170016 -0.0676399991 0.168247998 -0.0618649982 -0.0718780011 0.168256998 -0.0338670015 -0.0697650015 0.164780006 -0.0343969986 -0.065738 0.164562002 -0.0171910003 -0.0664360002 0.159283996 -0.0179779995 -0.0630429983 0.158715993 -0.116834 -0.0607150011 0.150950998 -0.120622002 -0.0589740016 0.147728994 -0.120512001 -0.060757 0.147594005 -0.0618170016 -0.0676399991 0.168247998 -0.0338670015 -0.0697650015 0.164780006 -0.0343969986 -0.065738 0.164562002 -0.129884005 -0.0525639988 0.135175005 -0.135398999 -0.0445739999 0.120761998 -0.135303006 -0.0463210009 0.120844997 -0.116834 -0.0607150011 0.150950998 -0.120512001 -0.060757 0.147594005 -0.116535999 -0.0626910031 0.150454998 -0.129884005 -0.0525639988 0.135175005 -0.135303006 -0.0463210009 0.120844997 -0.129687995 -0.0539759994 0.135113001 0.0474359989 0 0.0878100023 0.047513999 -0.00890299957 0.0877420008 0.0496760011 -0.00839900039 0.0839240029 -0.137069002 -0.00889899954 0.0849199966 -0.137299001 -0.0167469997 0.0869309977 -0.136577994 -0.0162020009 0.0882909968 0.0474359989 0 0.0878100023 0.0496760011 -0.00839900039 0.0839240029 0.0497919992 0 0.0840070024 -0.137069002 -0.00889899954 0.0849199966 -0.136577994 -0.0162020009 0.0882909968 -0.136329994 -0.00884300005 0.0860209987 -0.136577994 -0.0162020009 0.0882909968 -0.137299001 -0.0167469997 0.0869309977 -0.137732998 -0.024007 0.0925180018 -0.136577994 -0.0162020009 0.0882909968 -0.137732998 -0.024007 0.0925180018 -0.136790007 -0.0232880004 0.0934009999 0.0460130014 -0.0195129998 0.0902289972 0.047513999 -0.00890299957 0.0877420008 0.0427299999 -0.00962799974 0.0890560001 0.0460130014 -0.0195129998 0.0902289972 0.0427299999 -0.00962799974 0.0890560001 0.040107999 -0.0215360001 0.0931690037 0.0407820009 -0.0307270009 0.100574002 0.0448580012 -0.0238949992 0.092712 0.040107999 -0.0215360001 0.0931690037 0.0407820009 -0.0307270009 0.100574002 0.040107999 -0.0215360001 0.0931690037 0.0366020016 -0.0284299999 0.0999779999 0.0267389994 -0.039469 0.117957003 0.031601999 -0.0415490009 0.118491001 0.0407820009 -0.0307270009 0.100574002 0.0267389994 -0.039469 0.117957003 0.0407820009 -0.0307270009 0.100574002 0.0366020016 -0.0284299999 0.0999779999 0.0112610003 -0.0498390011 0.136461005 0.0156580005 -0.0513629988 0.137324005 0.031601999 -0.0415490009 0.118491001 0.0112610003 -0.0498390011 0.136461005 0.031601999 -0.0415490009 0.118491001 0.0267389994 -0.039469 0.117957003 -0.0189469997 -0.0602580011 0.156319007 -0.0179779995 -0.0630429983 0.158715993 -0.00199900009 -0.059404999 0.151475996 -0.0189469997 -0.0602580011 0.156319007 -0.00199900009 -0.059404999 0.151475996 -0.00380100007 -0.0565339997 0.149213001 -0.0618170016 -0.0676399991 0.168247998 -0.0343969986 -0.065738 0.164562002 -0.0355109982 -0.0630249977 0.161593005 -0.0618170016 -0.0676399991 0.168247998 -0.0355109982 -0.0630249977 0.161593005 -0.0611569993 -0.0648799986 0.163957 -0.0936459973 -0.0649449974 0.163449004 -0.0618170016 -0.0676399991 0.168247998 -0.0611569993 -0.0648799986 0.163957 -0.0936459973 -0.0649449974 0.163449004 -0.0611569993 -0.0648799986 0.163957 -0.0924500003 -0.0628639981 0.160567999 -0.116834 -0.0607150011 0.150950998 -0.0936459973 -0.0649449974 0.163449004 -0.0924500003 -0.0628639981 0.160567999 -0.116834 -0.0607150011 0.150950998 -0.0924500003 -0.0628639981 0.160567999 -0.115806997 -0.0583139993 0.150794998 -0.129002005 -0.0506800003 0.135214001 -0.129884005 -0.0525639988 0.135175005 -0.120622002 -0.0589740016 0.147728994 -0.129002005 -0.0506800003 0.135214001 -0.120622002 -0.0589740016 0.147728994 -0.119878002 -0.057542 0.147342995 -0.137747005 -0.0349950008 0.105991997 -0.135398999 -0.0445739999 0.120761998 -0.134419993 -0.0424880013 0.120623 -0.137747005 -0.0349950008 0.105991997 -0.134419993 -0.0424880013 0.120623 -0.136888996 -0.0336010009 0.106666997 -0.136942998 -0.00883699954 0.0838740021 -0.137069002 -0.00889899954 0.0849199966 -0.136497006 0 0.0846960023 -0.136942998 -0.00883699954 0.0838740021 -0.136497006 0 0.0846960023 -0.136252001 0 0.083153002 -0.137069002 -0.00889899954 0.0849199966 -0.136329994 -0.00884300005 0.0860209987 -0.136388004 0 0.0854450017 -0.137069002 -0.00889899954 0.0849199966 -0.136388004 0 0.0854450017 -0.136497006 0 0.0846960023 -0.137732998 -0.024007 0.0925180018 -0.137747005 -0.0349950008 0.105991997 -0.136888996 -0.0336010009 0.106666997 -0.137732998 -0.024007 0.0925180018 -0.136888996 -0.0336010009 0.106666997 -0.136790007 -0.0232880004 0.0934009999 -0.0162940007 -0.122325003 0.137402996 -0.0280460007 -0.123244002 0.144266993 -0.0296829995 -0.126466006 0.138896003 -0.0162940007 -0.122325003 0.137402996 -0.0296829995 -0.126466006 0.138896003 -0.0190520007 -0.125769004 0.132147998 -0.0179779995 -0.0630429983 0.158715993 -0.0171910003 -0.0664360002 0.159283996 -0.00153400004 -0.0629409999 0.151381001 -0.0343969986 -0.065738 0.164562002 -0.0179779995 -0.0630429983 0.158715993 -0.0189469997 -0.0602580011 0.156319007 -0.0179779995 -0.0630429983 0.158715993 -0.00153400004 -0.0629409999 0.151381001 -0.00199900009 -0.059404999 0.151475996 -0.0343969986 -0.065738 0.164562002 -0.0189469997 -0.0602580011 0.156319007 -0.0355109982 -0.0630249977 0.161593005 0.0156580005 -0.0513629988 0.137324005 0.0164470002 -0.0557489991 0.137391999 0.0313670002 -0.0456620008 0.117838003 -0.00199900009 -0.059404999 0.151475996 0.0156580005 -0.0513629988 0.137324005 0.0112610003 -0.0498390011 0.136461005 0.0156580005 -0.0513629988 0.137324005 0.0313670002 -0.0456620008 0.117838003 0.031601999 -0.0415490009 0.118491001 -0.121455997 -0.101502001 0.128960997 -0.112864003 -0.121601999 0.123186 -0.106248997 -0.121657997 0.133204997 -0.00199900009 -0.059404999 0.151475996 0.0112610003 -0.0498390011 0.136461005 -0.00380100007 -0.0565339997 0.149213001 -0.121455997 -0.101502001 0.128960997 -0.106248997 -0.121657997 0.133204997 -0.112868004 -0.102008998 0.139850006 -0.112864003 -0.121601999 0.123186 -0.107694 -0.125297993 0.120142996 -0.101681001 -0.125727996 0.129048005 -0.120622002 -0.0589740016 0.147728994 -0.129884005 -0.0525639988 0.135175005 -0.129687995 -0.0539759994 0.135113001 -0.112864003 -0.121601999 0.123186 -0.101681001 -0.125727996 0.129048005 -0.106248997 -0.121657997 0.133204997 -0.135398999 -0.0445739999 0.120761998 -0.129884005 -0.0525639988 0.135175005 -0.129002005 -0.0506800003 0.135214001 -0.120622002 -0.0589740016 0.147728994 -0.129687995 -0.0539759994 0.135113001 -0.120512001 -0.060757 0.147594005 -0.135398999 -0.0445739999 0.120761998 -0.129002005 -0.0506800003 0.135214001 -0.134419993 -0.0424880013 0.120623 -0.0936459973 -0.0649449974 0.163449004 -0.116834 -0.0607150011 0.150950998 -0.116535999 -0.0626910031 0.150454998 -0.120622002 -0.0589740016 0.147728994 -0.116834 -0.0607150011 0.150950998 -0.115806997 -0.0583139993 0.150794998 -0.0936459973 -0.0649449974 0.163449004 -0.116535999 -0.0626910031 0.150454998 -0.093716003 -0.0693700016 0.163179994 -0.120622002 -0.0589740016 0.147728994 -0.115806997 -0.0583139993 0.150794998 -0.119878002 -0.057542 0.147342995 -0.00288600009 -0.0598190017 -0.122758999 0.0119120004 -0.0578359999 -0.124109998 0.0128549999 -0.0606339984 -0.124070004 -0.0316580012 -0.0493480004 -0.122229002 -0.0177759994 -0.0572430007 -0.122102998 -0.0191339999 -0.0600109994 -0.122071996 -0.00288600009 -0.0598190017 -0.122758999 0.0128549999 -0.0606339984 -0.124070004 -0.00321 -0.0628940016 -0.123223998 -0.0316580012 -0.0493480004 -0.122229002 -0.0191339999 -0.0600109994 -0.122071996 -0.0330130011 -0.051256001 -0.122706003 0.0249809995 -0.0515430011 -0.124934003 0.0386819988 -0.0399769992 -0.126702994 0.0410160013 -0.0419659987 -0.127396002 0.0249809995 -0.0515430011 -0.124934003 0.0410160013 -0.0419659987 -0.127396002 0.0265100002 -0.0538690016 -0.125682995 0.0472769998 -0.0251570009 -0.128149003 0.0509699993 -0.0129899997 -0.129403993 0.0541709997 -0.013367 -0.129637003 0.0472769998 -0.0251570009 -0.128149003 0.0541709997 -0.013367 -0.129637003 0.0507030003 -0.0266040005 -0.128712997 -0.0497630015 0 -0.121817 -0.0479869992 -0.0201529991 -0.121909 -0.0513119996 -0.0201869998 -0.12246 -0.0497630015 0 -0.121817 -0.0513119996 -0.0201869998 -0.12246 -0.053061001 0 -0.122514002 -0.0479869992 -0.0201529991 -0.121909 -0.0422739983 -0.0359879993 -0.121973 -0.0452359989 -0.0372910015 -0.122394003 -0.0479869992 -0.0201529991 -0.121909 -0.0452359989 -0.0372910015 -0.122394003 -0.0513119996 -0.0201869998 -0.12246 -0.0177759994 -0.0572430007 -0.122102998 -0.00288600009 -0.0598190017 -0.122758999 -0.00321 -0.0628940016 -0.123223998 -0.0177759994 -0.0572430007 -0.122102998 -0.00321 -0.0628940016 -0.123223998 -0.0191339999 -0.0600109994 -0.122071996 0.0119120004 -0.0578359999 -0.124109998 0.0249809995 -0.0515430011 -0.124934003 0.0265100002 -0.0538690016 -0.125682995 0.0119120004 -0.0578359999 -0.124109998 0.0265100002 -0.0538690016 -0.125682995 0.0128549999 -0.0606339984 -0.124070004 0.0509699993 -0.0129899997 -0.129403993 0.0522830002 0 -0.129949003 0.0553780012 0 -0.129839003 0.0509699993 -0.0129899997 -0.129403993 0.0553780012 0 -0.129839003 0.0541709997 -0.013367 -0.129637003 -0.0422739983 -0.0359879993 -0.121973 -0.0316580012 -0.0493480004 -0.122229002 -0.0330130011 -0.051256001 -0.122706003 -0.0422739983 -0.0359879993 -0.121973 -0.0330130011 -0.051256001 -0.122706003 -0.0452359989 -0.0372910015 -0.122394003 -0.056605 -0.0286849998 0.165791005 -0.0654210001 -0.0199849997 0.166434005 -0.0670770034 -0.0199900009 0.169005007 -0.056605 -0.0286849998 0.165791005 -0.0670770034 -0.0199900009 0.169005007 -0.0575789995 -0.0293639991 0.168312997 -0.0384729989 -0.0330369994 0.162513003 -0.056605 -0.0286849998 0.165791005 -0.0575789995 -0.0293639991 0.168312997 -0.0384729989 -0.0330369994 0.162513003 -0.0575789995 -0.0293639991 0.168312997 -0.0380439982 -0.0340519994 0.164781004 -0.0230490007 -0.0280060004 0.157508001 -0.0384729989 -0.0330369994 0.162513003 -0.0380439982 -0.0340519994 0.164781004 -0.0230490007 -0.0280060004 0.157508001 -0.0380439982 -0.0340519994 0.164781004 -0.0214259997 -0.0286309998 0.159388006 -0.00917799957 0 0.150994003 -0.0141650001 -0.0167769995 0.153864995 -0.0118540004 -0.0165340006 0.155462995 -0.00917799957 0 0.150994003 -0.0118540004 -0.0165340006 0.155462995 -0.00837500021 0 0.153832003 -0.0654210001 -0.0199849997 0.166434005 -0.0693449974 -0.0113949999 0.166446999 -0.0713040009 -0.0107349996 0.169018999 -0.0654210001 -0.0199849997 0.166434005 -0.0713040009 -0.0107349996 0.169018999 -0.0670770034 -0.0199900009 0.169005007 -0.0141650001 -0.0167769995 0.153864995 -0.0230490007 -0.0280060004 0.157508001 -0.0214259997 -0.0286309998 0.159388006 -0.0141650001 -0.0167769995 0.153864995 -0.0214259997 -0.0286309998 0.159388006 -0.0118540004 -0.0165340006 0.155462995 -0.0693449974 -0.0113949999 0.166446999 -0.0724359974 0 0.166018993 -0.0733919963 0 0.168910995 -0.0693449974 -0.0113949999 0.166446999 -0.0733919963 0 0.168910995 -0.0713040009 -0.0107349996 0.169018999 -0.0399109982 -0.127857 0.0550779998 -0.0618299991 -0.128658995 0.050423 -0.0394559987 -0.130316004 0.0541630015 -0.0399109982 -0.127857 0.0550779998 -0.0394559987 -0.130316004 0.0541630015 -0.0233219992 -0.133090004 0.069167003 0.0462640002 0.0688619986 0.0328200012 0.0569639988 0.0509489998 0.0302700009 0.0476280004 0.0683469996 0.00703400001 -0.129334003 0.0985570028 0.112924002 -0.121618003 0.120608002 0.109581001 -0.124311 0.120858997 0.0884530023 -0.129334003 0.0985570028 0.112924002 -0.124311 0.120858997 0.0884530023 -0.131842002 0.0981480032 0.088335 -0.0615970008 0.107561 0.159302995 -0.0615070015 0.122928001 0.152030006 -0.0865079984 0.122272998 0.146447003 -0.0615970008 0.107561 0.159302995 -0.0865079984 0.122272998 0.146447003 -0.0893720016 0.105627999 0.153934002 -0.00208200002 0.113237001 0.0199449994 -0.00252200011 0.114488997 0.0254720002 0.0264449995 0.0961429998 0.0319890007 -0.00208200002 0.113237001 0.0199449994 0.0264449995 0.0961429998 0.0319890007 0.0284400005 0.0923959985 0.0119829997 -0.106248997 0.121659003 0.133204997 -0.112868004 0.102009997 0.139850006 -0.0893720016 0.105627999 0.153934002 -0.106248997 0.121659003 0.133204997 -0.0893720016 0.105627999 0.153934002 -0.0865079984 0.122272998 0.146447003 -0.125374004 0.0954879969 0.059342999 -0.119655997 0.118035004 0.0629450008 -0.103614002 0.116052002 0.0407680012 -0.125374004 0.0954879969 0.059342999 -0.103614002 0.116052002 0.0407680012 -0.110100999 0.0960120037 0.0354779996 -0.110100999 0.0960120037 0.0354779996 -0.103614002 0.116052002 0.0407680012 -0.0790309981 0.111092001 0.0164250005 -0.110100999 0.0960120037 0.0354779996 -0.0790309981 0.111092001 0.0164250005 -0.0912080035 0.092854999 0.013793 -0.131842002 0.0981480032 0.088335 -0.124311 0.120858997 0.0884530023 -0.119655997 0.118035004 0.0629450008 -0.131842002 0.0981480032 0.088335 -0.119655997 0.118035004 0.0629450008 -0.125374004 0.0954879969 0.059342999 0.0535279997 0.0351330005 0.0555820018 0.0523459986 0.0358599983 0.0630310029 0.053828001 0.0284579992 0.0614820011 0.0639749989 0.0312489998 -0.0031620001 0.0638850033 0.0356119983 0.00721300021 0.0670109987 0.0250070002 0.00478400011 0.0639749989 0.0312489998 -0.0031620001 0.0670109987 0.0250070002 0.00478400011 0.0652099997 0.024611 -0.00381399994 0.0252810009 0.0993560031 0.0607029982 0.0264449995 0.0961429998 0.0319890007 -0.00252200011 0.114488997 0.0254720002 0.0252810009 0.0993560031 0.0607029982 -0.00252200011 0.114488997 0.0254720002 0.00646199984 0.117156997 0.0589860007 -0.100257002 0.119259998 0.0446139984 -0.103614002 0.116052002 0.0407680012 -0.119655997 0.118035004 0.0629450008 -0.100257002 0.119259998 0.0446139984 -0.119655997 0.118035004 0.0629450008 -0.115356997 0.121683002 0.0637649968 -0.0674239993 0.110630997 0.00862099975 -0.0722429976 0.109259002 0.00865400024 -0.0790309981 0.111092001 0.0164250005 -0.0674239993 0.110630997 0.00862099975 -0.0790309981 0.111092001 0.0164250005 -0.0738359988 0.112508997 0.0165229999 -0.0280460007 0.123245001 0.144266993 -0.0296829995 0.126466006 0.138896003 -0.0409879982 0.125905007 0.144447997 -0.0280460007 0.123245001 0.144266993 -0.0409879982 0.125905007 0.144447997 -0.0404930003 0.122805998 0.149803996 -0.0409879982 0.125905007 0.144447997 -0.0612009987 0.126228005 0.146928996 -0.0615070015 0.122928001 0.152030006 -0.0409879982 0.125905007 0.144447997 -0.0615070015 0.122928001 0.152030006 -0.0404930003 0.122805998 0.149803996 -0.0615070015 0.122928001 0.152030006 -0.0612009987 0.126228005 0.146928996 -0.0846420005 0.125795007 0.141292006 -0.0615070015 0.122928001 0.152030006 -0.0846420005 0.125795007 0.141292006 -0.0865079984 0.122272998 0.146447003 -0.0865079984 0.122272998 0.146447003 -0.0846420005 0.125795007 0.141292006 -0.101681001 0.125727996 0.129048005 -0.0865079984 0.122272998 0.146447003 -0.101681001 0.125727996 0.129048005 -0.106248997 0.121659003 0.133204997 -0.112864003 0.121601999 0.123186 -0.107694 0.125299007 0.120142996 -0.116342999 0.124590002 0.107928999 -0.112864003 0.121601999 0.123186 -0.116342999 0.124590002 0.107928999 -0.121618003 0.120608002 0.109581001 -0.121618003 0.120608002 0.109581001 -0.116342999 0.124590002 0.107928999 -0.119074002 0.123692997 0.0879480019 -0.121618003 0.120608002 0.109581001 -0.119074002 0.123692997 0.0879480019 -0.124311 0.120858997 0.0884530023 -0.124311 0.120858997 0.0884530023 -0.119074002 0.123692997 0.0879480019 -0.115356997 0.121683002 0.0637649968 -0.124311 0.120858997 0.0884530023 -0.115356997 0.121683002 0.0637649968 -0.119655997 0.118035004 0.0629450008 -0.0738359988 0.112508997 0.0165229999 -0.0790309981 0.111092001 0.0164250005 -0.103614002 0.116052002 0.0407680012 -0.0738359988 0.112508997 0.0165229999 -0.103614002 0.116052002 0.0407680012 -0.100257002 0.119259998 0.0446139984 0.042808 0 0.0884319991 0.0474359989 0 0.0878100023 0.047513999 0.00890399981 0.0877420008 0.042808 0 0.0884319991 0.047513999 0.00890399981 0.0877420008 0.0427299999 0.00962899998 0.0890560001 -0.136942998 0.00883799978 0.0838740021 -0.137069002 0.00889899954 0.0849199966 -0.137299001 0.0167479999 0.0869309977 -0.136942998 0.00883799978 0.0838740021 -0.137299001 0.0167479999 0.0869309977 -0.137163997 0.0171949994 0.0860899985 -0.137299001 0.0167479999 0.0869309977 -0.137732998 0.0240080003 0.0925180018 -0.137384996 0.0250220001 0.0913280025 -0.137299001 0.0167479999 0.0869309977 -0.137384996 0.0250220001 0.0913280025 -0.137163997 0.0171949994 0.0860899985 0.0448580012 0.0238959994 0.092712 0.0460130014 0.019514 0.0902289972 0.0484369993 0.0180040002 0.0857409984 0.0448580012 0.0238959994 0.092712 0.0484369993 0.0180040002 0.0857409984 0.0460489988 0.0262100007 0.0902170017 0.047513999 0.00890399981 0.0877420008 0.0496760011 0.00839900039 0.0839240029 0.0484369993 0.0180040002 0.0857409984 -0.00199900009 0.0594060011 0.151475996 0.0156580005 0.0513640009 0.137324005 0.0164470002 0.0557489991 0.137391999 0.047513999 0.00890399981 0.0877420008 0.0484369993 0.0180040002 0.0857409984 0.0460130014 0.019514 0.0902289972 -0.0343969986 0.0657389984 0.164562002 -0.0179779995 0.0630439967 0.158715993 -0.0171910003 0.0664369985 0.159283996 -0.00199900009 0.0594060011 0.151475996 0.0164470002 0.0557489991 0.137391999 -0.00153400004 0.0629409999 0.151381001 -0.0343969986 0.0657389984 0.164562002 -0.0171910003 0.0664369985 0.159283996 -0.0338670015 0.0697659999 0.164780006 -0.0343969986 0.0657389984 0.164562002 -0.0338670015 0.0697659999 0.164780006 -0.0618170016 0.0676409975 0.168247998 -0.0618170016 0.0676409975 0.168247998 -0.0338670015 0.0697659999 0.164780006 -0.0618649982 0.0718780011 0.168256998 -0.0618170016 0.0676409975 0.168247998 -0.0618649982 0.0718780011 0.168256998 -0.093716003 0.0693709999 0.163179994 -0.116834 0.0607150011 0.150950998 -0.116535999 0.0626920015 0.150454998 -0.120512001 0.0607579984 0.147594005 -0.0618170016 0.0676409975 0.168247998 -0.093716003 0.0693709999 0.163179994 -0.0936459973 0.0649460033 0.163449004 -0.116834 0.0607150011 0.150950998 -0.120512001 0.0607579984 0.147594005 -0.120622002 0.0589740016 0.147728994 0.0474359989 0 0.0878100023 0.0497919992 0 0.0840070024 0.0496760011 0.00839900039 0.0839240029 -0.137069002 0.00889899954 0.0849199966 -0.136329994 0.00884300005 0.0860209987 -0.136577994 0.0162029993 0.0882909968 0.0474359989 0 0.0878100023 0.0496760011 0.00839900039 0.0839240029 0.047513999 0.00890399981 0.0877420008 -0.137069002 0.00889899954 0.0849199966 -0.136577994 0.0162029993 0.0882909968 -0.137299001 0.0167479999 0.0869309977 -0.136577994 0.0162029993 0.0882909968 -0.136790007 0.0232880004 0.0934009999 -0.137732998 0.0240080003 0.0925180018 -0.136577994 0.0162029993 0.0882909968 -0.137732998 0.0240080003 0.0925180018 -0.137299001 0.0167479999 0.0869309977 0.0460130014 0.019514 0.0902289972 0.0448580012 0.0238959994 0.092712 0.040107999 0.0215360001 0.0931690037 0.0460130014 0.019514 0.0902289972 0.040107999 0.0215360001 0.0931690037 0.0427299999 0.00962899998 0.0890560001 0.0460130014 0.019514 0.0902289972 0.0427299999 0.00962899998 0.0890560001 0.047513999 0.00890399981 0.0877420008 0.0407820009 0.0307279993 0.100574002 0.0366020016 0.0284310002 0.0999779999 0.040107999 0.0215360001 0.0931690037 0.0407820009 0.0307279993 0.100574002 0.040107999 0.0215360001 0.0931690037 0.0448580012 0.0238959994 0.092712 0.0267389994 0.0394699983 0.117957003 0.0366020016 0.0284310002 0.0999779999 0.0407820009 0.0307279993 0.100574002 0.0267389994 0.0394699983 0.117957003 0.0407820009 0.0307279993 0.100574002 0.031601999 0.0415499993 0.118491001 0.0112610003 0.0498399995 0.136461005 0.0267389994 0.0394699983 0.117957003 0.031601999 0.0415499993 0.118491001 0.0112610003 0.0498399995 0.136461005 0.031601999 0.0415499993 0.118491001 0.0156580005 0.0513640009 0.137324005 -0.0189469997 0.0602589995 0.156319007 -0.00380100007 0.0565339997 0.149213001 -0.00199900009 0.0594060011 0.151475996 -0.0189469997 0.0602589995 0.156319007 -0.00199900009 0.0594060011 0.151475996 -0.0179779995 0.0630439967 0.158715993 -0.116834 0.0607150011 0.150950998 -0.115806997 0.0583150014 0.150794998 -0.0924500003 0.0628649965 0.160567999 -0.129002005 0.0506800003 0.135214001 -0.119878002 0.0575429983 0.147342995 -0.120622002 0.0589740016 0.147728994 -0.137747005 0.0349959992 0.105991997 -0.136888996 0.0336019993 0.106666997 -0.134419993 0.0424889997 0.120623 -0.129002005 0.0506800003 0.135214001 -0.120622002 0.0589740016 0.147728994 -0.129884005 0.0525639988 0.135175005 -0.137747005 0.0349959992 0.105991997 -0.134419993 0.0424889997 0.120623 -0.135398999 0.0445749983 0.120761998 -0.136942998 0.00883799978 0.0838740021 -0.136252001 0 0.083153002 -0.136497006 0 0.0846960023 -0.137069002 0.00889899954 0.0849199966 -0.136942998 0.00883799978 0.0838740021 -0.136497006 0 0.0846960023 -0.137069002 0.00889899954 0.0849199966 -0.136497006 0 0.0846960023 -0.136388004 0 0.0854450017 -0.137069002 0.00889899954 0.0849199966 -0.136388004 0 0.0854450017 -0.136329994 0.00884300005 0.0860209987 -0.137732998 0.0240080003 0.0925180018 -0.136790007 0.0232880004 0.0934009999 -0.136888996 0.0336019993 0.106666997 -0.137732998 0.0240080003 0.0925180018 -0.136888996 0.0336019993 0.106666997 -0.137747005 0.0349959992 0.105991997 -0.0162940007 0.122326002 0.137402996 -0.0190520007 0.125770003 0.132147998 -0.0296829995 0.126466006 0.138896003 -0.0162940007 0.122326002 0.137402996 -0.0296829995 0.126466006 0.138896003 -0.0280460007 0.123245001 0.144266993 -0.0343969986 0.0657389984 0.164562002 -0.0355109982 0.0630260035 0.161593005 -0.0189469997 0.0602589995 0.156319007 -0.0343969986 0.0657389984 0.164562002 -0.0189469997 0.0602589995 0.156319007 -0.0179779995 0.0630439967 0.158715993 0.0156580005 0.0513640009 0.137324005 0.031601999 0.0415499993 0.118491001 0.0313670002 0.0456629992 0.117838003 0.0156580005 0.0513640009 0.137324005 0.0313670002 0.0456629992 0.117838003 0.0164470002 0.0557489991 0.137391999 -0.00199900009 0.0594060011 0.151475996 -0.00380100007 0.0565339997 0.149213001 0.0112610003 0.0498399995 0.136461005 -0.00199900009 0.0594060011 0.151475996 0.0112610003 0.0498399995 0.136461005 0.0156580005 0.0513640009 0.137324005 -0.112864003 0.121601999 0.123186 -0.106248997 0.121659003 0.133204997 -0.101681001 0.125727996 0.129048005 -0.112864003 0.121601999 0.123186 -0.101681001 0.125727996 0.129048005 -0.107694 0.125299007 0.120142996 -0.120622002 0.0589740016 0.147728994 -0.120512001 0.0607579984 0.147594005 -0.129687995 0.0539770015 0.135113001 -0.120622002 0.0589740016 0.147728994 -0.129687995 0.0539770015 0.135113001 -0.129884005 0.0525639988 0.135175005 -0.135398999 0.0445749983 0.120761998 -0.134419993 0.0424889997 0.120623 -0.129002005 0.0506800003 0.135214001 -0.135398999 0.0445749983 0.120761998 -0.129002005 0.0506800003 0.135214001 -0.129884005 0.0525639988 0.135175005 -0.0936459973 0.0649460033 0.163449004 -0.093716003 0.0693709999 0.163179994 -0.116535999 0.0626920015 0.150454998 -0.0936459973 0.0649460033 0.163449004 -0.116535999 0.0626920015 0.150454998 -0.116834 0.0607150011 0.150950998 -0.120622002 0.0589740016 0.147728994 -0.119878002 0.0575429983 0.147342995 -0.115806997 0.0583150014 0.150794998 -0.120622002 0.0589740016 0.147728994 -0.115806997 0.0583150014 0.150794998 -0.116834 0.0607150011 0.150950998 -0.00288600009 0.0598200001 -0.122758999 -0.00321 0.0628940016 -0.123223998 0.0128549999 0.0606339984 -0.124070004 -0.00288600009 0.0598200001 -0.122758999 0.0128549999 0.0606339984 -0.124070004 0.0119120004 0.0578369983 -0.124109998 -0.0316580012 0.0493489988 -0.122229002 -0.0330130011 0.051256001 -0.122706003 -0.0191339999 0.0600109994 -0.122071996 -0.0316580012 0.0493489988 -0.122229002 -0.0191339999 0.0600109994 -0.122071996 -0.0177759994 0.0572439991 -0.122102998 0.0249809995 0.0515430011 -0.124934003 0.0265100002 0.0538699999 -0.125682995 0.0410160013 0.0419659987 -0.127396002 0.0249809995 0.0515430011 -0.124934003 0.0410160013 0.0419659987 -0.127396002 0.0386819988 0.0399780013 -0.126702994 0.0472769998 0.0251579992 -0.128149003 0.0507030003 0.0266050007 -0.128712997 0.0541709997 0.013367 -0.129637003 0.0472769998 0.0251579992 -0.128149003 0.0541709997 0.013367 -0.129637003 0.0509699993 0.012991 -0.129403993 -0.0497630015 0 -0.121817 -0.053061001 0 -0.122514002 -0.0513119996 0.0201880001 -0.12246 -0.0497630015 0 -0.121817 -0.0513119996 0.0201880001 -0.12246 -0.0479869992 0.0201529991 -0.121909 -0.0479869992 0.0201529991 -0.121909 -0.0513119996 0.0201880001 -0.12246 -0.0452359989 0.0372910015 -0.122394003 -0.0479869992 0.0201529991 -0.121909 -0.0452359989 0.0372910015 -0.122394003 -0.0422739983 0.0359879993 -0.121973 -0.0177759994 0.0572439991 -0.122102998 -0.0191339999 0.0600109994 -0.122071996 -0.00321 0.0628940016 -0.123223998 -0.0177759994 0.0572439991 -0.122102998 -0.00321 0.0628940016 -0.123223998 -0.00288600009 0.0598200001 -0.122758999 0.0119120004 0.0578369983 -0.124109998 0.0128549999 0.0606339984 -0.124070004 0.0265100002 0.0538699999 -0.125682995 0.0119120004 0.0578369983 -0.124109998 0.0265100002 0.0538699999 -0.125682995 0.0249809995 0.0515430011 -0.124934003 0.0386819988 0.0399780013 -0.126702994 0.0410160013 0.0419659987 -0.127396002 0.0507030003 0.0266050007 -0.128712997 0.0386819988 0.0399780013 -0.126702994 0.0507030003 0.0266050007 -0.128712997 0.0472769998 0.0251579992 -0.128149003 0.0509699993 0.012991 -0.129403993 0.0541709997 0.013367 -0.129637003 0.0553780012 0 -0.129839003 0.0509699993 0.012991 -0.129403993 0.0553780012 0 -0.129839003 0.0522830002 0 -0.129949003 -0.0422739983 0.0359879993 -0.121973 -0.0452359989 0.0372910015 -0.122394003 -0.0330130011 0.051256001 -0.122706003 -0.0422739983 0.0359879993 -0.121973 -0.0330130011 0.051256001 -0.122706003 -0.0316580012 0.0493489988 -0.122229002 -0.056605 0.028686 0.165791005 -0.0575789995 0.0293639991 0.168312997 -0.0670770034 0.0199909993 0.169005007 -0.056605 0.028686 0.165791005 -0.0670770034 0.0199909993 0.169005007 -0.0654210001 0.0199859999 0.166434005 -0.0384729989 0.0330380015 0.162513003 -0.0380439982 0.0340530016 0.164781004 -0.0575789995 0.0293639991 0.168312997 -0.0384729989 0.0330380015 0.162513003 -0.0575789995 0.0293639991 0.168312997 -0.056605 0.028686 0.165791005 -0.00917799957 0 0.150994003 -0.00837500021 0 0.153832003 -0.0118540004 0.0165340006 0.155462995 -0.00917799957 0 0.150994003 -0.0118540004 0.0165340006 0.155462995 -0.0141650001 0.0167779997 0.153864995 -0.0654210001 0.0199859999 0.166434005 -0.0670770034 0.0199909993 0.169005007 -0.0713040009 0.0107359998 0.169018999 -0.0654210001 0.0199859999 0.166434005 -0.0713040009 0.0107359998 0.169018999 -0.0693449974 0.0113949999 0.166446999 -0.0693449974 0.0113949999 0.166446999 -0.0713040009 0.0107359998 0.169018999 -0.0733919963 0 0.168910995 -0.0693449974 0.0113949999 0.166446999 -0.0733919963 0 0.168910995 -0.0724359974 0 0.166018993 -0.00407199981 -0.0598190017 -0.0936880037 0.0107260002 -0.0578359999 -0.0950390026 0.0119120004 -0.0578359999 -0.124109998 0.0237949993 -0.0515430011 -0.0958620012 0.0374969989 -0.0399769992 -0.0976319984 0.0386819988 -0.0399769992 -0.126702994 -0.00407199981 -0.0598190017 -0.0936880037 0.0119120004 -0.0578359999 -0.124109998 -0.00288600009 -0.0598190017 -0.122758999 0.0497849993 -0.0129899997 -0.100331999 0.0509699993 -0.0129899997 -0.129403993 0.0472769998 -0.0251570009 -0.128149003 0.0497849993 -0.0129899997 -0.100331999 0.0472769998 -0.0251570009 -0.128149003 0.0460910015 -0.0251570009 -0.0990779996 0.0237949993 -0.0515430011 -0.0958620012 0.0386819988 -0.0399769992 -0.126702994 0.0249809995 -0.0515430011 -0.124934003 -0.0491719991 -0.0201529991 -0.0928379968 -0.0434600003 -0.0359879993 -0.0929009989 -0.0479869992 -0.0201529991 -0.121909 -0.0491719991 -0.0201529991 -0.0928379968 -0.0479869992 -0.0201529991 -0.121909 -0.0497630015 0 -0.121817 -0.0434600003 -0.0359879993 -0.0929009989 -0.0422739983 -0.0359879993 -0.121973 -0.0479869992 -0.0201529991 -0.121909 -0.0497630015 0 -0.121817 -0.0509489998 0 -0.092745997 -0.0491719991 -0.0201529991 -0.0928379968 0.0460910015 -0.0251570009 -0.0990779996 0.0472769998 -0.0251570009 -0.128149003 0.0386819988 -0.0399769992 -0.126702994 0.0460910015 -0.0251570009 -0.0990779996 0.0386819988 -0.0399769992 -0.126702994 0.0374969989 -0.0399769992 -0.0976319984 -0.00407199981 -0.0598190017 -0.0936880037 -0.00288600009 -0.0598190017 -0.122758999 -0.0177759994 -0.0572430007 -0.122102998 -0.00407199981 -0.0598190017 -0.0936880037 -0.0177759994 -0.0572430007 -0.122102998 -0.0189619996 -0.0572430007 -0.0930320024 -0.0434600003 -0.0359879993 -0.0929009989 -0.0328439996 -0.0493480004 -0.0931570008 -0.0316580012 -0.0493480004 -0.122229002 0.0510969982 0 -0.100878 0.0522830002 0 -0.129949003 0.0509699993 -0.0129899997 -0.129403993 0.0510969982 0 -0.100878 0.0509699993 -0.0129899997 -0.129403993 0.0497849993 -0.0129899997 -0.100331999 -0.0434600003 -0.0359879993 -0.0929009989 -0.0316580012 -0.0493480004 -0.122229002 -0.0422739983 -0.0359879993 -0.121973 0.0107260002 0.0578369983 -0.0950390026 -0.00407199981 0.0598200001 -0.0936880037 -0.00288600009 0.0598200001 -0.122758999 0.0107260002 0.0578369983 -0.0950390026 -0.00288600009 0.0598200001 -0.122758999 0.0119120004 0.0578369983 -0.124109998 -0.0189619996 0.0572439991 -0.0930320024 -0.0328439996 0.0493489988 -0.0931570008 -0.0316580012 0.0493489988 -0.122229002 -0.0189619996 0.0572439991 -0.0930320024 -0.0316580012 0.0493489988 -0.122229002 -0.0177759994 0.0572439991 -0.122102998 0.0374969989 0.0399780013 -0.0976319984 0.0237949993 0.0515430011 -0.0958620012 0.0249809995 0.0515430011 -0.124934003 0.0374969989 0.0399780013 -0.0976319984 0.0249809995 0.0515430011 -0.124934003 0.0386819988 0.0399780013 -0.126702994 -0.0434600003 0.0359879993 -0.0929009989 -0.0491719991 0.0201529991 -0.0928379968 -0.0479869992 0.0201529991 -0.121909 -0.0434600003 0.0359879993 -0.0929009989 -0.0479869992 0.0201529991 -0.121909 -0.0422739983 0.0359879993 -0.121973 0.0497849993 0.012991 -0.100331999 0.0460910015 0.0251579992 -0.0990779996 0.0472769998 0.0251579992 -0.128149003 0.0497849993 0.012991 -0.100331999 0.0472769998 0.0251579992 -0.128149003 0.0509699993 0.012991 -0.129403993 -0.00407199981 0.0598200001 -0.0936880037 -0.0189619996 0.0572439991 -0.0930320024 -0.0177759994 0.0572439991 -0.122102998 -0.00407199981 0.0598200001 -0.0936880037 -0.0177759994 0.0572439991 -0.122102998 -0.00288600009 0.0598200001 -0.122758999 0.0237949993 0.0515430011 -0.0958620012 0.0107260002 0.0578369983 -0.0950390026 0.0119120004 0.0578369983 -0.124109998 0.0237949993 0.0515430011 -0.0958620012 0.0119120004 0.0578369983 -0.124109998 0.0249809995 0.0515430011 -0.124934003 0.0460910015 0.0251579992 -0.0990779996 0.0374969989 0.0399780013 -0.0976319984 0.0386819988 0.0399780013 -0.126702994 0.0460910015 0.0251579992 -0.0990779996 0.0386819988 0.0399780013 -0.126702994 0.0472769998 0.0251579992 -0.128149003 -0.0328439996 0.0493489988 -0.0931570008 -0.0434600003 0.0359879993 -0.0929009989 -0.0422739983 0.0359879993 -0.121973 0.0510969982 0 -0.100878 0.0497849993 0.012991 -0.100331999 0.0509699993 0.012991 -0.129403993 0.0510969982 0 -0.100878 0.0509699993 0.012991 -0.129403993 0.0522830002 0 -0.129949003 -0.00407199981 0.0598200001 -0.0936880037 -0.00407199981 -0.0598190017 -0.0936880037 -0.0189619996 -0.0572430007 -0.0930320024 -0.0328439996 0.0493489988 -0.0931570008 -0.0422739983 0.0359879993 -0.121973 -0.0316580012 0.0493489988 -0.122229002 -0.0189619996 0.0572439991 -0.0930320024 -0.00407199981 0.0598200001 -0.0936880037 -0.0189619996 -0.0572430007 -0.0930320024 -0.0189619996 0.0572439991 -0.0930320024 -0.0189619996 -0.0572430007 -0.0930320024 -0.0328439996 -0.0493480004 -0.0931570008 -0.0328439996 0.0493489988 -0.0931570008 -0.0328439996 -0.0493480004 -0.0931570008 -0.0434600003 -0.0359879993 -0.0929009989 -0.0328439996 0.0493489988 -0.0931570008 -0.0434600003 -0.0359879993 -0.0929009989 -0.0434600003 0.0359879993 -0.0929009989 -0.0189619996 0.0572439991 -0.0930320024 -0.0328439996 -0.0493480004 -0.0931570008 -0.0328439996 0.0493489988 -0.0931570008 -0.0491719991 0.0201529991 -0.0928379968 -0.0434600003 0.0359879993 -0.0929009989 -0.0434600003 -0.0359879993 -0.0929009989 -0.0491719991 0.0201529991 -0.0928379968 -0.0434600003 -0.0359879993 -0.0929009989 -0.0491719991 -0.0201529991 -0.0928379968 -0.0509489998 0 -0.092745997 -0.0491719991 0.0201529991 -0.0928379968 -0.0491719991 -0.0201529991 -0.0928379968 0.0107260002 0.0578369983 -0.0950390026 0.0107260002 -0.0578359999 -0.0950390026 -0.00407199981 -0.0598190017 -0.0936880037 0.0107260002 0.0578369983 -0.0950390026 -0.00407199981 -0.0598190017 -0.0936880037 -0.00407199981 0.0598200001 -0.0936880037 0.0374969989 -0.0399769992 -0.0976319984 0.0237949993 -0.0515430011 -0.0958620012 0.0237949993 0.0515430011 -0.0958620012 0.0374969989 -0.0399769992 -0.0976319984 0.0237949993 0.0515430011 -0.0958620012 0.0374969989 0.0399780013 -0.0976319984 0.0237949993 -0.0515430011 -0.0958620012 0.0107260002 -0.0578359999 -0.0950390026 0.0107260002 0.0578369983 -0.0950390026 0.0237949993 -0.0515430011 -0.0958620012 0.0107260002 0.0578369983 -0.0950390026 0.0237949993 0.0515430011 -0.0958620012 0.0497849993 -0.0129899997 -0.100331999 0.0460910015 -0.0251570009 -0.0990779996 0.0460910015 0.0251579992 -0.0990779996 0.0497849993 -0.0129899997 -0.100331999 0.0460910015 0.0251579992 -0.0990779996 0.0497849993 0.012991 -0.100331999 0.0374969989 0.0399780013 -0.0976319984 0.0460910015 0.0251579992 -0.0990779996 0.0460910015 -0.0251570009 -0.0990779996 0.0374969989 0.0399780013 -0.0976319984 0.0460910015 -0.0251570009 -0.0990779996 0.0374969989 -0.0399769992 -0.0976319984 0.0497849993 -0.0129899997 -0.100331999 0.0497849993 0.012991 -0.100331999 0.0510969982 0 -0.100878 0.0618590005 0.0385399982 -0.0210999995 0.0616220012 0.0425300002 -0.0082729999 0.0641629994 0.0303099994 -0.00946700014 0.0597350001 0.0463720001 0.0155659998 0.0638850033 0.0356119983 0.00721300021 0.0613860004 0.0465199985 0.00455299998 0.0545069985 0.0574330017 0.00579399988 0.0613860004 0.0465199985 0.00455299998 0.0616220012 0.0425300002 -0.0082729999 0.0613860004 0.0465199985 0.00455299998 0.0638850033 0.0356119983 0.00721300021 0.0639749989 0.0312489998 -0.0031620001 0.0613860004 0.0465199985 0.00455299998 0.0639749989 0.0312489998 -0.0031620001 0.0616220012 0.0425300002 -0.0082729999 0.0616220012 0.0425300002 -0.0082729999 0.0639749989 0.0312489998 -0.0031620001 0.0641629994 0.0303099994 -0.00946700014 0.0587650016 0.049323 0.0227530003 0.0597350001 0.0463720001 0.0155659998 0.0613860004 0.0465199985 0.00455299998 0.0587650016 0.049323 0.0227530003 0.0613860004 0.0465199985 0.00455299998 0.0545069985 0.0574330017 0.00579399988 0.0587650016 0.049323 0.0227530003 0.0545069985 0.0574330017 0.00579399988 0.0569639988 0.0509489998 0.0302700009 0.0569639988 0.0509489998 0.0302700009 0.0545069985 0.0574330017 0.00579399988 0.0476280004 0.0683469996 0.00703400001 0.0431080014 0.0701749995 0.0561969988 0.0264449995 0.0961429998 0.0319890007 0.0252810009 0.0993560031 0.0607029982 0.0431080014 0.0701749995 0.0561969988 0.044160001 0.0697370023 0.0484040007 0.0264449995 0.0961429998 0.0319890007 0.0535829999 0.0203959998 0.0638900027 0.053828001 0.0284579992 0.0614820011 0.0523459986 0.0358599983 0.0630310029 0.0530330017 -0.0213709995 0.0639310032 0.0521010011 -0.0116440002 0.065700002 0.0496760011 -0.00839900039 0.0839240029 0.0818469971 -0.0521170013 0.0494089983 0.0787729993 -0.0491669998 0.0552400015 0.0575699992 -0.0494309999 0.0448260009 0.0787729993 -0.0491669998 0.0552400015 0.0759409964 -0.0443760008 0.060614001 0.0573729984 -0.0446389988 0.051589001 0.0649740025 -0.0523810014 0.0412769988 0.0818469971 -0.0521170013 0.0494089983 0.0575699992 -0.0494309999 0.0448260009 0.073458001 0.0353970006 0.065324001 0.0535279997 0.0351330005 0.0555820018 0.053828001 0.0284579992 0.0614820011 0.0575699992 -0.0494309999 0.0448260009 0.0787729993 -0.0491669998 0.0552400015 0.0573729984 -0.0446389988 0.051589001 0.071419999 0.0275400002 0.069190003 0.073458001 0.0353970006 0.065324001 0.053828001 0.0284579992 0.0614820011 0.071419999 0.0275400002 0.069190003 0.053828001 0.0284579992 0.0614820011 0.0535829999 0.0203959998 0.0638900027 0.0699059963 0.0185759999 0.072062999 0.071419999 0.0275400002 0.069190003 0.0535829999 0.0203959998 0.0638900027 0.0699059963 0.0185759999 0.072062999 0.0535829999 0.0203959998 0.0638900027 0.0521010011 0.00858599972 0.065700002 0.0521010011 0.00858599972 0.065700002 0.0517860018 -0.001529 0.0662970021 0.0686590001 -0.00126499997 0.0744289979 0.0699059963 0.0185759999 0.072062999 0.0521010011 0.00858599972 0.065700002 0.0689740032 0.00884999987 0.0738319978 0.0521010011 0.00858599972 0.065700002 0.0686590001 -0.00126499997 0.0744289979 0.0689740032 0.00884999987 0.0738319978 0.0686590001 -0.00126499997 0.0744289979 0.0517860018 -0.001529 0.0662970021 0.0521010011 -0.0116440002 0.065700002 0.0622569993 -0.0328599997 0.00636699982 0.0986659974 -0.0300709996 0.0174989998 0.0966290012 -0.0379280001 0.0213649999 0.0569639988 0.0509489998 0.0302700009 0.0706019998 0.049323 0.0288679991 0.0587650016 0.049323 0.0227530003 0.0622569993 -0.0328599997 0.00636699982 0.0966290012 -0.0379280001 0.0213649999 0.0941459984 -0.0443760008 0.0260749999 0.0622569993 -0.0328599997 0.00636699982 0.0941459984 -0.0443760008 0.0260749999 0.0575559996 -0.0437990017 0.00894599967 0.0579460002 -0.0456579998 0.0046819998 0.0622569993 -0.0328599997 0.00636699982 0.0575559996 -0.0437990017 0.00894599967 0.0663819984 0.00892600045 0.00677799992 0.101112999 0.00884999987 0.0128570003 0.0670360029 0 0.00698099984 0.0670360029 0 0.00698099984 0.101112999 -0.0113810003 0.0128570003 0.0660019964 -0.00969200023 0.00651599979 0.0689740032 0.00884999987 0.0738319978 0.0686590001 -0.00126499997 0.0744289979 0.0689740032 -0.0113810003 0.0738319978 0.0689740032 0.00884999987 0.0738319978 0.0689740032 -0.0113810003 0.0738319978 0.0699059963 -0.0211069994 0.072062999 0.0699059963 0.0185759999 0.072062999 0.0689740032 0.00884999987 0.0738319978 0.0699059963 -0.0211069994 0.072062999 0.0699059963 0.0185759999 0.072062999 0.0699059963 -0.0211069994 0.072062999 0.071419999 -0.0300709996 0.069190003 0.0699059963 0.0185759999 0.072062999 0.071419999 -0.0300709996 0.069190003 0.071419999 0.0275400002 0.069190003 0.0759409964 0.0418450013 0.060614001 0.0759409964 -0.0443760008 0.060614001 0.0787729993 -0.0491669998 0.0552400015 0.0759409964 0.0418450013 0.060614001 0.0787729993 -0.0491669998 0.0552400015 0.0787729993 0.0466360003 0.0552400015 0.0787729993 0.0466360003 0.0552400015 0.0787729993 -0.0491669998 0.0552400015 0.0818469971 -0.0521170013 0.0494089983 0.0787729993 0.0466360003 0.0552400015 0.0818469971 -0.0521170013 0.0494089983 0.0818469971 0.0495860018 0.0494089983 0.0818469971 0.0495860018 0.0494089983 0.0818469971 -0.0521170013 0.0494089983 0.0850429982 -0.0531140007 0.0433439985 0.0818469971 0.0495860018 0.0494089983 0.0850429982 -0.0531140007 0.0433439985 0.0850429982 0.0505830012 0.0433439985 0.0882399976 0.0495860018 0.0372800007 0.0850429982 0.0505830012 0.0433439985 0.0850429982 -0.0531140007 0.0433439985 0.0882399976 0.0495860018 0.0372800007 0.0850429982 -0.0531140007 0.0433439985 0.0882399976 -0.0521170013 0.0372800007 0.091312997 -0.0491669998 0.0314490013 0.0941459984 -0.0443760008 0.0260749999 0.0941459984 0.0418450013 0.0260749999 0.0882399976 0.0495860018 0.0372800007 0.0882399976 -0.0521170013 0.0372800007 0.091312997 0.0466360003 0.0314490013 0.0941459984 -0.0443760008 0.0260749999 0.0966290012 -0.0379280001 0.0213649999 0.0966290012 0.0353970006 0.0213649999 0.0941459984 -0.0443760008 0.0260749999 0.0966290012 0.0353970006 0.0213649999 0.0941459984 0.0418450013 0.0260749999 0.0966290012 -0.0379280001 0.0213649999 0.0986659974 0.0275400002 0.0174989998 0.0966290012 0.0353970006 0.0213649999 0.0986659974 -0.0300709996 0.0174989998 0.100180998 -0.0211069994 0.0146260001 0.100180998 0.0185759999 0.0146260001 0.0986659974 -0.0300709996 0.0174989998 0.100180998 0.0185759999 0.0146260001 0.0986659974 0.0275400002 0.0174989998 0.100180998 -0.0211069994 0.0146260001 0.101112999 0.00884999987 0.0128570003 0.100180998 0.0185759999 0.0146260001 0.101112999 -0.0113810003 0.0128570003 0.0670360029 0 0.00698099984 0.101112999 0.00884999987 0.0128570003 0.100180998 -0.0211069994 0.0146260001 0.101112999 -0.0113810003 0.0128570003 0.101112999 0.00884999987 0.0128570003 0.101112999 -0.0113810003 0.0128570003 0.100180998 -0.0211069994 0.0146260001 0.0659269989 -0.0171569996 0.00596399978 0.0652099997 0.024611 -0.00381399994 0.0670109987 0.0250070002 0.00478400011 0.0657289997 0.0178520009 0.00657599978 0.0517860018 -0.001529 0.0662970021 0.0496760011 -0.00839900039 0.0839240029 0.0521010011 -0.0116440002 0.065700002 0.100180998 -0.0211069994 0.0146260001 0.0655860007 -0.0245239995 0.00510000018 0.0659269989 -0.0171569996 0.00596399978 0.0573729984 -0.0446389988 0.051589001 0.0420549996 -0.0706119984 0.0639889985 0.044160001 -0.0697370023 0.0484040007 0.0573729984 -0.0446389988 0.051589001 0.044160001 -0.0697370023 0.0484040007 0.0575699992 -0.0494309999 0.0448260009 0.0539020002 -0.0523810014 0.035441 0.0575699992 -0.0494309999 0.0448260009 0.044160001 -0.0697370023 0.0484040007 0.0575559996 -0.0437990017 0.00894599967 0.0557620004 -0.049199 0.0132680004 0.0548290014 -0.0517960005 0.0137959998 0.0575559996 -0.0437990017 0.00894599967 0.0548290014 -0.0517960005 0.0137959998 0.0579460002 -0.0456579998 0.0046819998 0.0476280004 0.0683469996 0.00703400001 0.0264449995 0.0961429998 0.0319890007 0.0462640002 0.0688619986 0.0328200012 0.0264449995 0.0961429998 0.0319890007 0.0476280004 0.0683469996 0.00703400001 0.0284400005 0.0923959985 0.0119829997 0.0569639988 0.0509489998 0.0302700009 0.0462640002 0.0688619986 0.0328200012 0.0543869995 0.0463720001 0.0431479998 0.0431080014 0.0701749995 0.0561969988 0.0537899993 0.0415810011 0.0497010015 0.0543869995 0.0463720001 0.0431479998 0.0431080014 0.0701749995 0.0561969988 0.0543869995 0.0463720001 0.0431479998 0.044160001 0.0697370023 0.0484040007 0.0622569993 -0.0328599997 0.00636699982 0.0614520013 -0.0381570011 0.000413000002 0.0618590005 -0.0385389999 -0.0210999995 0.0622569993 -0.0328599997 0.00636699982 0.0618590005 -0.0385389999 -0.0210999995 0.0663909987 -0.0179479998 -0.00317199994 0.0618590005 -0.0385389999 -0.0210999995 0.0672219992 -0.0183220003 -0.0230509993 0.0663909987 -0.0179479998 -0.00317199994 0.0759409964 -0.0443760008 0.060614001 0.073458001 -0.0379280001 0.065324001 0.056584999 -0.0381910019 0.0571929999 0.0759409964 -0.0443760008 0.060614001 0.056584999 -0.0381910019 0.0571929999 0.0573729984 -0.0446389988 0.051589001 0.0689740032 -0.0113810003 0.0738319978 0.0521010011 -0.0116440002 0.065700002 0.0530330017 -0.0213709995 0.0639310032 0.0689740032 -0.0113810003 0.0738319978 0.0530330017 -0.0213709995 0.0639310032 0.0699059963 -0.0211069994 0.072062999 0.0655860007 -0.0245239995 0.00510000018 0.0663909987 -0.0179479998 -0.00317199994 0.0659269989 -0.0171569996 0.00596399978 0.0663909987 -0.0179479998 -0.00317199994 0.0655860007 -0.0245239995 0.00510000018 0.0622569993 -0.0328599997 0.00636699982 0.044160001 0.0697370023 0.0484040007 0.0543869995 0.0463720001 0.0431479998 0.0462640002 0.0688619986 0.0328200012 0.044160001 0.0697370023 0.0484040007 0.0462640002 0.0688619986 0.0328200012 0.0264449995 0.0961429998 0.0319890007 0.0664450005 0.0179730002 -0.00446499977 0.0663819984 0.00892600045 0.00677799992 0.0670360029 0 0.00698099984 0.0664450005 0.0179730002 -0.00446499977 0.0670360029 0 0.00698099984 0.067129001 0 -0.00408900017 0.067129001 0 -0.00408900017 0.0670360029 0 0.00698099984 0.0660019964 -0.00969200023 0.00651599979 0.0657289997 0.0178520009 0.00657599978 0.0663819984 0.00892600045 0.00677799992 0.0664450005 0.0179730002 -0.00446499977 0.0660019964 -0.00969200023 0.00651599979 0.0659269989 -0.0171569996 0.00596399978 0.0663909987 -0.0179479998 -0.00317199994 0.0660019964 -0.00969200023 0.00651599979 0.0663909987 -0.0179479998 -0.00317199994 0.067129001 0 -0.00408900017 0.0672219992 -0.0183220003 -0.0230509993 0.0672219992 0 -0.0230509993 0.067129001 0 -0.00408900017 0.0664450005 0.0179730002 -0.00446499977 0.067129001 0 -0.00408900017 0.0672219992 0 -0.0230509993 0.0672219992 -0.0183220003 -0.0230509993 0.067129001 0 -0.00408900017 0.0663909987 -0.0179479998 -0.00317199994 0.0664450005 0.0179730002 -0.00446499977 0.0672219992 0 -0.0230509993 0.0667039976 0.0180900004 -0.0106600001 0.0684790015 0 -0.0447460003 0.0672219992 0 -0.0230509993 0.0672219992 -0.0183220003 -0.0230509993 0.0672219992 0 -0.0230509993 0.0672219992 0.0183220003 -0.0230509993 0.0667039976 0.0180900004 -0.0106600001 0.0684790015 0 -0.0447460003 0.0672219992 -0.0183220003 -0.0230509993 0.0672039986 -0.0172499996 -0.0442610011 0.0672039986 0.0172509998 -0.0442610011 0.0672219992 0.0183220003 -0.0230509993 0.0672219992 0 -0.0230509993 0.0672039986 0.0172509998 -0.0442610011 0.0672219992 0 -0.0230509993 0.0684790015 0 -0.0447460003 0.030793 0.113604002 0.124799997 0.0303750001 0.108957998 0.125519007 0.0310510006 0.108721003 0.124516003 0.0314190015 0.114263996 0.123501003 0.030793 0.113604002 0.124799997 0.0312469993 0.113555998 0.124013998 0.030793 0.113604002 0.124799997 0.0310510006 0.108721003 0.124516003 0.0312469993 0.113555998 0.124013998 0.0314190015 0.114263996 0.123501003 0.0312469993 0.113555998 0.124013998 0.0320070013 0.113305002 0.122493997 0.0312469993 0.113555998 0.124013998 0.030793 0.113604002 0.124799997 0.0314190015 0.114263996 0.123501003 0.0312469993 0.113555998 0.124013998 0.0314190015 0.114263996 0.123501003 0.0320070013 0.113305002 0.122493997 0.030793 0.113604002 0.124799997 0.0312469993 0.113555998 0.124013998 0.0310510006 0.108721003 0.124516003 0.030793 0.113604002 0.124799997 0.0310510006 0.108721003 0.124516003 0.0303750001 0.108957998 0.125519007 0.0423000008 -0.105936997 0.128723994 0.0410749987 -0.113803998 0.135619 0.0302540008 -0.107607 0.125386998 0.0423000008 -0.105936997 0.128723994 0.0315660015 -0.111543998 0.123158 0.0320100002 -0.114451997 0.122428998 0.0423000008 -0.105936997 0.128723994 0.0302540008 -0.107607 0.125386998 0.0315660015 -0.111543998 0.123158 0.0423000008 -0.105936997 0.128723994 0.0320100002 -0.114451997 0.122428998 0.0437350012 -0.119809002 0.131070003 0.0410749987 -0.113803998 0.135619 0.0403399989 -0.109617002 0.136868998 0.0303240009 -0.102407999 0.125407994 0.0320100002 -0.114451997 0.122428998 0.0346990004 -0.116713002 0.117811002 0.0457860008 -0.121569 0.127575994 0.0410749987 -0.113803998 0.135619 0.0303240009 -0.102407999 0.125407994 0.0302540008 -0.107607 0.125386998 0.0310510006 0.108721003 0.124516003 0.0312469993 0.113555998 0.124013998 0.0320070013 0.113305002 0.122493997 0.0320070013 0.113305002 0.122493997 0.0294259991 8.70000003e-05 0.124558002 0.0310510006 0.108721003 0.124516003 -0.0186669994 0.0971089974 0.151813999 -0.0175320003 0.0934939981 0.152291 -0.0175320003 0.0950139984 0.151813999 0.0535209998 -0.053475 0.0276519991 0.0539020002 -0.0523810014 0.035441 0.0462640002 -0.0688619986 0.0328200012 0.0850429982 -0.0531140007 0.0433439985 0.0539020002 -0.0523810014 0.035441 0.0535209998 -0.053475 0.0276519991 0.115396999 0.110113002 -0.0164420009 0.114774004 0.118643001 -0.014033 0.119346 0.111267 -0.0161649995 0.115396999 0.110113002 -0.0164420009 0.110785998 0.114744 -0.0135260001 0.114774004 0.118643001 -0.014033 </float_array>
          <technique_common>
            <accessor count="3570" offset="0" source="#shiny_white-positions-array" stride="3">
              <param name="X" type="float" />
              <param name="Y" type="float" />
              <param name="Z" type="float" />
            </accessor>
          </technique_common>
        </source>
        <source id="shiny_white-normals" name="shiny_white-normals">
          <float_array id="shiny_white-normals-array" count="10710"> -0.864376009 -0.00210599997 -0.502822995 -0.863947988 -0.000153000001 -0.503525019 -0.86373502 -0.00103799999 -0.503890991 -0.864376009 -0.00210599997 -0.502822995 -0.861048996 -0.000579999993 -0.508468986 -0.863947988 -0.000153000001 -0.503525019 -0.674856007 0.737693012 -0.0183719993 -0.761497974 0.628803015 0.157018006 -0.504989982 0.720175982 0.475722998 -0.674856007 0.737693012 -0.0183719993 -0.504989982 0.720175982 0.475722998 -0.396954 0.878108978 0.26700601 -0.600664973 0.400310993 0.692007005 -0.463759005 0.39329201 0.793847024 -0.34324199 0.73387903 0.586169004 -0.600664973 0.400310993 0.692007005 -0.34324199 0.73387903 0.586169004 -0.504989982 0.720175982 0.475722998 -0.628803015 0.0956140012 0.771629989 -0.506789982 0.0868860036 0.857662022 -0.463759005 0.39329201 0.793847024 -0.628803015 0.0956140012 0.771629989 -0.463759005 0.39329201 0.793847024 -0.600664973 0.400310993 0.692007005 -0.704946995 -0.234259993 -0.669393003 -0.743278027 -0.114047997 -0.659169018 -0.837794006 -0.0223399997 -0.545488 -0.704946995 -0.234259993 -0.669393003 -0.837794006 -0.0223399997 -0.545488 -0.879727006 -0.0250250008 -0.474776 -0.873378992 0.00118999998 -0.486984015 -0.866146028 -0.000945999986 -0.499740988 -0.868191004 3.09999996e-05 -0.496170014 -0.873378992 0.00118999998 -0.486984015 -0.868191004 3.09999996e-05 -0.496170014 -0.871639013 0.00253299996 -0.490096986 -0.861048996 -0.000579999993 -0.508468986 -0.828119993 0.0121459998 -0.560380995 -0.885188997 0.0113829998 -0.465041012 -0.457197994 -0.845697999 -0.275184989 -0.407635987 -0.824792981 -0.391797006 -0.161870003 -0.89150703 -0.423016995 -0.457197994 -0.845697999 -0.275184989 -0.161870003 -0.89150703 -0.423016995 -0.205115005 -0.969969988 -0.130528003 -0.483992994 0.00299099996 0.875056982 -0.483992994 0.00299099996 0.875056982 -0.483992994 0.00299099996 0.875056982 -0.101474002 0.980651021 -0.167333007 -0.144016996 0.985777974 -0.0864280015 0 0.999969006 -0.00262499996 -0.101474002 0.980651021 -0.167333007 0 0.999969006 -0.00262499996 0.0434890017 0.996033013 -0.0773340017 -0.144016996 0.985777974 -0.0864280015 -0.235846996 0.970457971 0.050232999 -0.0856650025 0.98596102 0.143132001 -0.144016996 0.985777974 -0.0864280015 -0.0856650025 0.98596102 0.143132001 0 0.999969006 -0.00262499996 -0.461988986 0.844478011 -0.270942986 -0.519546986 0.828577995 -0.208533004 -0.235846996 0.970457971 0.050232999 -0.461988986 0.844478011 -0.270942986 -0.235846996 0.970457971 0.050232999 -0.144016996 0.985777974 -0.0864280015 -0.519546986 0.828577995 -0.208533004 -0.674856007 0.737693012 -0.0183719993 -0.396954 0.878108978 0.26700601 -0.519546986 0.828577995 -0.208533004 -0.396954 0.878108978 0.26700601 -0.235846996 0.970457971 0.050232999 -0.814813972 0.565873981 -0.125827998 -0.834619999 0.550675988 -0.0111699998 -0.761497974 0.628803015 0.157018006 -0.814813972 0.565873981 -0.125827998 -0.761497974 0.628803015 0.157018006 -0.674856007 0.737693012 -0.0183719993 -0.170140997 0.871577978 -0.459731013 -0.383922994 0.852289975 -0.355174005 -0.101474002 0.980651021 -0.167333007 -0.235846996 0.970457971 0.050232999 -0.396954 0.878108978 0.26700601 -0.213355005 0.907253981 0.362406999 -0.170140997 0.871577978 -0.459731013 -0.101474002 0.980651021 -0.167333007 0.0390029997 0.898433983 -0.437361002 -0.235846996 0.970457971 0.050232999 -0.213355005 0.907253981 0.362406999 -0.0856650025 0.98596102 0.143132001 0.0390029997 0.898433983 -0.437361002 0.176336005 0.935728014 -0.305429012 0.282846004 0.695059001 -0.660938978 0.0390029997 0.898433983 -0.437361002 -0.101474002 0.980651021 -0.167333007 0.0434890017 0.996033013 -0.0773340017 0.0390029997 0.898433983 -0.437361002 0.282846004 0.695059001 -0.660938978 -0.133151993 0.561113 -0.816919029 0.0390029997 0.898433983 -0.437361002 0.0434890017 0.996033013 -0.0773340017 0.176336005 0.935728014 -0.305429012 -0.457197994 -0.845697999 -0.275184989 -0.205115005 -0.969969988 -0.130528003 -0.297342002 -0.951475978 -0.0787990019 -0.457197994 -0.845697999 -0.275184989 -0.297342002 -0.951475978 -0.0787990019 -0.542863011 -0.826318979 -0.149846002 -0.87579 0.214393005 0.432386011 -0.735678971 0.058809001 0.674733996 -0.628803015 0.0956140012 0.771629989 -0.163366005 -0.205115005 -0.964995027 -0.192968994 -0.566698015 -0.800988972 -0.350017011 -0.331645012 -0.876034021 -0.163366005 -0.205115005 -0.964995027 -0.350017011 -0.331645012 -0.876034021 -0.271310002 -0.121524997 -0.954771996 -0.982451975 0.0427559987 0.181433007 -0.87579 0.214393005 0.432386011 -0.978088021 0.0907320008 0.187200993 -0.86373502 -0.00103799999 -0.503890991 -0.863947988 -0.000153000001 -0.503525019 -0.868191004 3.09999996e-05 -0.496170014 -0.86373502 -0.00103799999 -0.503890991 -0.868191004 3.09999996e-05 -0.496170014 -0.866146028 -0.000945999986 -0.499740988 -0.86373502 -0.00103799999 -0.503890991 -0.866146028 -0.000945999986 -0.499740988 -0.856624007 -0.00405899994 -0.515884995 -0.86373502 -0.00103799999 -0.503890991 -0.856624007 -0.00405899994 -0.515884995 -0.855616987 0.000153000001 -0.51759398 -0.461988986 0.844478011 -0.270942986 -0.144016996 0.985777974 -0.0864280015 -0.101474002 0.980651021 -0.167333007 -0.461988986 0.844478011 -0.270942986 -0.101474002 0.980651021 -0.167333007 -0.383922994 0.852289975 -0.355174005 -0.86373502 -0.00103799999 -0.503890991 -0.855616987 0.000153000001 -0.51759398 -0.876277983 0.00268599996 -0.481734991 -0.396954 0.878108978 0.26700601 -0.504989982 0.720175982 0.475722998 -0.34324199 0.73387903 0.586169004 -0.396954 0.878108978 0.26700601 -0.34324199 0.73387903 0.586169004 -0.213355005 0.907253981 0.362406999 -0.816583991 0.490462989 0.30430001 -0.910610974 0.402417004 0.0937530026 -0.978088021 0.0907320008 0.187200993 -0.816583991 0.490462989 0.30430001 -0.978088021 0.0907320008 0.187200993 -0.87579 0.214393005 0.432386011 -0.761497974 0.628803015 0.157018006 -0.834619999 0.550675988 -0.0111699998 -0.910610974 0.402417004 0.0937530026 -0.761497974 0.628803015 0.157018006 -0.910610974 0.402417004 0.0937530026 -0.816583991 0.490462989 0.30430001 -0.678610027 -0.439527988 0.588427007 -0.692342997 -0.220923007 0.686879992 -0.747551024 -0.221778005 0.626057029 -0.678610027 -0.439527988 0.588427007 -0.747551024 -0.221778005 0.626057029 -0.73387903 -0.421216011 0.532853007 -0.73387903 -0.421216011 0.532853007 -0.747551024 -0.221778005 0.626057029 -0.81734699 -0.0805379972 0.570451975 -0.73387903 -0.421216011 0.532853007 -0.81734699 -0.0805379972 0.570451975 -0.816706002 -0.351177007 0.457868993 -0.885495007 -0.0233469997 0.464002997 -0.837764025 -0.231819004 0.494338989 -0.816706002 -0.351177007 0.457868993 -0.885495007 -0.0233469997 0.464002997 -0.816706002 -0.351177007 0.457868993 -0.81734699 -0.0805379972 0.570451975 -0.863856971 0.00378399994 -0.503677011 -0.863277018 0.00372299994 -0.504684985 -0.862910986 0.00726300012 -0.505263984 -0.863856971 0.00378399994 -0.503677011 -0.862910986 0.00726300012 -0.505263984 -0.864803016 -0.00213599997 -0.502059996 -0.742026985 -0.416058987 0.525590003 -0.816706002 -0.351177007 0.457868993 -0.837764025 -0.231819004 0.494338989 -0.742026985 -0.416058987 0.525590003 -0.837764025 -0.231819004 0.494338989 -0.740164995 -0.372631013 0.559678972 -0.742026985 -0.416058987 0.525590003 -0.740164995 -0.372631013 0.559678972 -0.632954001 -0.546097994 0.548722982 -0.550310016 -0.78835398 0.274910986 -0.573594987 -0.663227975 0.480666995 -0.447279006 -0.841913998 0.301766992 -0.632954001 -0.546097994 0.548722982 -0.740164995 -0.372631013 0.559678972 -0.768028975 -0.364208013 0.526749015 -0.632954001 -0.546097994 0.548722982 -0.401562989 -0.77007401 0.495682001 -0.447279006 -0.841913998 0.301766992 -0.632954001 -0.546097994 0.548722982 -0.447279006 -0.841913998 0.301766992 -0.573594987 -0.663227975 0.480666995 -0.657521009 -0.752708018 -0.0327159986 -0.542863011 -0.826318979 -0.149846002 -0.297342002 -0.951475978 -0.0787990019 -0.657521009 -0.752708018 -0.0327159986 -0.297342002 -0.951475978 -0.0787990019 -0.62984103 -0.776665986 -0.00640900014 -0.657521009 -0.752708018 -0.0327159986 -0.619251013 -0.760215998 -0.196294993 -0.542863011 -0.826318979 -0.149846002 -0.864376009 -0.00210599997 -0.502822995 -0.864283979 -0.00091599999 -0.502945006 -0.864283979 -0.00494399993 -0.502945006 -0.865230024 -0.00872800034 -0.501236022 -0.869777977 -0.0104679996 -0.493301004 -0.861048996 -0.000579999993 -0.508468986 -0.864376009 -0.00210599997 -0.502822995 -0.864283979 -0.00494399993 -0.502945006 -0.865230024 -0.00872800034 -0.501236022 -0.865230024 -0.00872800034 -0.501236022 -0.861048996 -0.000579999993 -0.508468986 -0.864376009 -0.00210599997 -0.502822995 -0.850794971 -0.0708030015 -0.520676017 -0.884732008 0.0137940003 -0.465864986 -0.743278027 -0.114047997 -0.659169018 -0.170140997 0.871577978 -0.459731013 0.0390029997 0.898433983 -0.437361002 -0.133151993 0.561113 -0.816919029 -0.850794971 -0.0708030015 -0.520676017 -0.743278027 -0.114047997 -0.659169018 -0.704946995 -0.234259993 -0.669393003 -0.450179011 0.350230008 -0.821344972 -0.582231998 0.584490001 -0.565110981 -0.580308974 0.575396001 -0.576281011 -0.450179011 0.350230008 -0.821344972 -0.580308974 0.575396001 -0.576281011 -0.133151993 0.561113 -0.816919029 0.183935001 0.195471004 -0.963285983 0.326792002 0.330942988 -0.885219991 0.309060991 0.0288709998 -0.950591028 0.183935001 0.195471004 -0.963285983 0.309060991 0.0288709998 -0.950591028 0.159032002 -0.00555399992 -0.987242997 -0.866267979 -0.0117189996 -0.499404997 -0.863856971 0.00378399994 -0.503677011 -0.864803016 -0.00213599997 -0.502059996 -0.880459011 0.00347899995 0.474043995 -0.957457006 0.00308199995 0.288491011 -0.978088021 0.0907320008 0.187200993 -0.862697005 -0.00357099995 -0.505692005 -0.862910986 0.00726300012 -0.505263984 -0.863277018 0.00372299994 -0.504684985 -0.862697005 -0.00357099995 -0.505692005 -0.863277018 0.00372299994 -0.504684985 -0.863246977 -0.00308199995 -0.50474602 -0.862972021 -0.00305199996 -0.505234003 -0.863613009 -0.00225799996 -0.504104972 -0.862697005 -0.00357099995 -0.505692005 -0.862972021 -0.00305199996 -0.505234003 -0.862697005 -0.00357099995 -0.505692005 -0.863246977 -0.00308199995 -0.50474602 -0.864283979 -0.00091599999 -0.502945006 -0.864345014 -0.00134299998 -0.502883971 -0.863613009 -0.00225799996 -0.504104972 -0.864283979 -0.00091599999 -0.502945006 -0.863613009 -0.00225799996 -0.504104972 -0.862972021 -0.00305199996 -0.505234003 -0.864345014 -0.00134299998 -0.502883971 -0.864283979 -0.00091599999 -0.502945006 -0.864376009 -0.00210599997 -0.502822995 -0.864345014 -0.00134299998 -0.502883971 -0.864376009 -0.00210599997 -0.502822995 -0.865108013 -0.00115999999 -0.501541018 -0.850794971 -0.0708030015 -0.520676017 -0.865108013 -0.00115999999 -0.501541018 -0.864376009 -0.00210599997 -0.502822995 -0.850794971 -0.0708030015 -0.520676017 -0.864376009 -0.00210599997 -0.502822995 -0.884732008 0.0137940003 -0.465864986 -0.407635987 -0.824792981 -0.391797006 -0.334300011 -0.735466003 -0.589312017 -0.161870003 -0.89150703 -0.423016995 -0.864376009 -0.00210599997 -0.502822995 -0.86373502 -0.00103799999 -0.503890991 -0.884732008 0.0137940003 -0.465864986 -0.86373502 -0.00103799999 -0.503890991 -0.837794006 -0.0223399997 -0.545488 -0.743278027 -0.114047997 -0.659169018 -0.86373502 -0.00103799999 -0.503890991 -0.743278027 -0.114047997 -0.659169018 -0.884732008 0.0137940003 -0.465864986 -0.837794006 -0.0223399997 -0.545488 -0.864710987 -0.00164799998 -0.502213001 -0.86440599 -0.00164799998 -0.50276202 -0.86373502 -0.00103799999 -0.503890991 -0.864710987 -0.00164799998 -0.502213001 -0.837794006 -0.0223399997 -0.545488 -0.108524002 -0.0169380009 -0.993927002 -0.163366005 -0.205115005 -0.964995027 -0.271310002 -0.121524997 -0.954771996 -0.837794006 -0.0223399997 -0.545488 -0.86440599 -0.00164799998 -0.50276202 -0.879727006 -0.0250250008 -0.474776 -0.108524002 -0.0169380009 -0.993927002 -0.271310002 -0.121524997 -0.954771996 -0.238867998 -0.00952200033 -0.970977008 -0.86440599 -0.00164799998 -0.50276202 -0.864710987 -0.00164799998 -0.502213001 -0.86373502 -0.00103799999 -0.503890991 -0.852321029 0.00091599999 -0.522996008 -0.862605989 0.00418099994 -0.505843997 -0.876277983 0.00268599996 -0.481734991 -0.852321029 0.00091599999 -0.522996008 -0.876277983 0.00268599996 -0.481734991 -0.855616987 0.000153000001 -0.51759398 -0.852321029 0.00091599999 -0.522996008 -0.855616987 0.000153000001 -0.51759398 -0.856624007 -0.00405899994 -0.515884995 -0.852321029 0.00091599999 -0.522996008 -0.856624007 -0.00405899994 -0.515884995 -0.85897398 -0.00430299994 -0.511978984 -0.866146028 -0.000945999986 -0.499740988 -0.873378992 0.00118999998 -0.486984015 -0.85897398 -0.00430299994 -0.511978984 -0.866146028 -0.000945999986 -0.499740988 -0.85897398 -0.00430299994 -0.511978984 -0.856624007 -0.00405899994 -0.515884995 -0.868191004 3.09999996e-05 -0.496170014 -0.863947988 -0.000153000001 -0.503525019 -0.864162028 -0.00137299998 -0.503158987 -0.868191004 3.09999996e-05 -0.496170014 -0.864162028 -0.00137299998 -0.503158987 -0.871639013 0.00253299996 -0.490096986 -0.87093699 -0.00460800016 -0.491347998 -0.864162028 -0.00137299998 -0.503158987 -0.863947988 -0.000153000001 -0.503525019 -0.87093699 -0.00460800016 -0.491347998 -0.863947988 -0.000153000001 -0.503525019 -0.867610991 -0.042146001 -0.495406985 -0.867610991 -0.042146001 -0.495406985 -0.872157991 -0.0524309985 -0.486373007 -0.880490005 -0.0107429996 -0.473922014 -0.867610991 -0.042146001 -0.495406985 -0.880490005 -0.0107429996 -0.473922014 -0.87093699 -0.00460800016 -0.491347998 -0.881191015 -0.0352489986 -0.471419007 -0.880490005 -0.0107429996 -0.473922014 -0.872157991 -0.0524309985 -0.486373007 -0.881191015 -0.0352489986 -0.471419007 -0.872157991 -0.0524309985 -0.486373007 -0.881160975 -0.0213319995 -0.472274005 -0.192968994 -0.566698015 -0.800988972 -0.241096005 -0.775596976 -0.58336103 -0.351512015 -0.808771014 -0.471480012 -0.192968994 -0.566698015 -0.800988972 -0.351512015 -0.808771014 -0.471480012 -0.350017011 -0.331645012 -0.876034021 -0.61580199 0.700857997 -0.359905005 -0.681264997 0.661916018 -0.312539995 -0.519546986 0.828577995 -0.208533004 -0.61580199 0.700857997 -0.359905005 -0.519546986 0.828577995 -0.208533004 -0.461988986 0.844478011 -0.270942986 -0.681264997 0.661916018 -0.312539995 -0.814813972 0.565873981 -0.125827998 -0.674856007 0.737693012 -0.0183719993 -0.681264997 0.661916018 -0.312539995 -0.674856007 0.737693012 -0.0183719993 -0.519546986 0.828577995 -0.208533004 -0.582231998 0.584490001 -0.565110981 -0.604906976 0.678640008 -0.416516989 -0.383922994 0.852289975 -0.355174005 -0.582231998 0.584490001 -0.565110981 -0.383922994 0.852289975 -0.355174005 -0.580308974 0.575396001 -0.576281011 -0.604906976 0.678640008 -0.416516989 -0.61580199 0.700857997 -0.359905005 -0.461988986 0.844478011 -0.270942986 -0.604906976 0.678640008 -0.416516989 -0.461988986 0.844478011 -0.270942986 -0.383922994 0.852289975 -0.355174005 -0.600664973 0.400310993 0.692007005 -0.816583991 0.490462989 0.30430001 -0.87579 0.214393005 0.432386011 -0.600664973 0.400310993 0.692007005 -0.87579 0.214393005 0.432386011 -0.628803015 0.0956140012 0.771629989 -0.504989982 0.720175982 0.475722998 -0.761497974 0.628803015 0.157018006 -0.816583991 0.490462989 0.30430001 -0.504989982 0.720175982 0.475722998 -0.816583991 0.490462989 0.30430001 -0.600664973 0.400310993 0.692007005 -0.73387903 -0.421216011 0.532853007 -0.701590002 -0.49168399 0.51573199 -0.657703996 -0.561388016 0.502182007 -0.73387903 -0.421216011 0.532853007 -0.657703996 -0.561388016 0.502182007 -0.678610027 -0.439527988 0.588427007 -0.816706002 -0.351177007 0.457868993 -0.742026985 -0.416058987 0.525590003 -0.701590002 -0.49168399 0.51573199 -0.816706002 -0.351177007 0.457868993 -0.701590002 -0.49168399 0.51573199 -0.73387903 -0.421216011 0.532853007 -0.701590002 -0.49168399 0.51573199 -0.573594987 -0.663227975 0.480666995 -0.550310016 -0.78835398 0.274910986 -0.701590002 -0.49168399 0.51573199 -0.550310016 -0.78835398 0.274910986 -0.657703996 -0.561388016 0.502182007 -0.742026985 -0.416058987 0.525590003 -0.632954001 -0.546097994 0.548722982 -0.573594987 -0.663227975 0.480666995 -0.742026985 -0.416058987 0.525590003 -0.573594987 -0.663227975 0.480666995 -0.701590002 -0.49168399 0.51573199 -0.628803015 0.0956140012 0.771629989 -0.666676998 0.00149499997 0.745323002 -0.506789982 0.0868860036 0.857662022 -0.735678971 0.058809001 0.674733996 -0.643391013 -0.00720199989 0.765465021 -0.666676998 0.00149499997 0.745323002 -0.735678971 0.058809001 0.674733996 -0.666676998 0.00149499997 0.745323002 -0.628803015 0.0956140012 0.771629989 -0.885495007 -0.0233469997 0.464002997 -0.643391013 -0.00720199989 0.765465021 -0.735678971 0.058809001 0.674733996 -0.81734699 -0.0805379972 0.570451975 -0.643391013 -0.00720199989 0.765465021 -0.885495007 -0.0233469997 0.464002997 -0.957457006 0.00308199995 0.288491011 -0.982451975 0.0427559987 0.181433007 -0.978088021 0.0907320008 0.187200993 -0.666676998 0.00149499997 0.745323002 -0.643391013 -0.00720199989 0.765465021 -0.81734699 -0.0805379972 0.570451975 -0.666676998 0.00149499997 0.745323002 -0.81734699 -0.0805379972 0.570451975 -0.747551024 -0.221778005 0.626057029 -0.747551024 -0.221778005 0.626057029 -0.692342997 -0.220923007 0.686879992 -0.506789982 0.0868860036 0.857662022 -0.747551024 -0.221778005 0.626057029 -0.506789982 0.0868860036 0.857662022 -0.666676998 0.00149499997 0.745323002 -0.881160975 -0.0213319995 -0.472274005 -0.872157991 -0.0524309985 -0.486373007 -0.863947988 -0.000153000001 -0.503525019 -0.881160975 -0.0213319995 -0.472274005 -0.863947988 -0.000153000001 -0.503525019 -0.861048996 -0.000579999993 -0.508468986 -0.863947988 -0.000153000001 -0.503525019 -0.872157991 -0.0524309985 -0.486373007 -0.867610991 -0.042146001 -0.495406985 -0.238867998 -0.00952200033 -0.970977008 -0.339305013 0.0986360013 -0.935452998 -0.146733001 0.118777998 -0.981993973 0.159032002 -0.00555399992 -0.987242997 0.290780008 -0.00262499996 -0.956754982 0.349620014 -0.116366997 -0.929624021 -0.238867998 -0.00952200033 -0.970977008 -0.146733001 0.118777998 -0.981993973 -0.108524002 -0.0169380009 -0.993927002 0.159032002 -0.00555399992 -0.987242997 0.309060991 0.0288709998 -0.950591028 0.290780008 -0.00262499996 -0.956754982 0.159032002 -0.00555399992 -0.987242997 0.349620014 -0.116366997 -0.929624021 0.153142005 -0.209113002 -0.96578902 -0.55745101 -0.761009991 -0.331766993 -0.514083982 -0.736167014 -0.440138012 -0.407635987 -0.824792981 -0.391797006 -0.55745101 -0.761009991 -0.331766993 -0.407635987 -0.824792981 -0.391797006 -0.457197994 -0.845697999 -0.275184989 -0.514083982 -0.736167014 -0.440138012 -0.334300011 -0.735466003 -0.589312017 -0.407635987 -0.824792981 -0.391797006 -0.324961007 -0.927395999 -0.185216993 -0.351512015 -0.808771014 -0.471480012 -0.241096005 -0.775596976 -0.58336103 0.153142005 -0.209113002 -0.96578902 -0.163366005 -0.205115005 -0.964995027 -0.108524002 -0.0169380009 -0.993927002 -0.514083982 -0.736167014 -0.440138012 -0.241096005 -0.775596976 -0.58336103 -0.334300011 -0.735466003 -0.589312017 0.153142005 -0.209113002 -0.96578902 -0.108524002 -0.0169380009 -0.993927002 0.159032002 -0.00555399992 -0.987242997 -0.876277983 0.00268599996 -0.481734991 -0.862605989 0.00418099994 -0.505843997 -0.86440599 -0.00164799998 -0.50276202 -0.146733001 0.118777998 -0.981993973 -0.339305013 0.0986360013 -0.935452998 -0.450179011 0.350230008 -0.821344972 -0.876277983 0.00268599996 -0.481734991 -0.86440599 -0.00164799998 -0.50276202 -0.86373502 -0.00103799999 -0.503890991 0.326792002 0.330942988 -0.885219991 0.183935001 0.195471004 -0.963285983 -0.133151993 0.561113 -0.816919029 0.326792002 0.330942988 -0.885219991 -0.133151993 0.561113 -0.816919029 0.282846004 0.695059001 -0.660938978 0.159032002 -0.00555399992 -0.987242997 -0.108524002 -0.0169380009 -0.993927002 -0.146733001 0.118777998 -0.981993973 0.299448013 -0.472059995 -0.829127014 0.153142005 -0.209113002 -0.96578902 0.349620014 -0.116366997 -0.929624021 0.159032002 -0.00555399992 -0.987242997 -0.146733001 0.118777998 -0.981993973 0.183935001 0.195471004 -0.963285983 0.153142005 -0.209113002 -0.96578902 0.299448013 -0.472059995 -0.829127014 0.104068004 -0.536454022 -0.837458014 0.104068004 -0.536454022 -0.837458014 0.299448013 -0.472059995 -0.829127014 0.167881995 -0.719474018 -0.673879027 0.104068004 -0.536454022 -0.837458014 0.167881995 -0.719474018 -0.673879027 0.0139769996 -0.741446972 -0.670826972 0.0580459982 -0.852473021 -0.51948601 -0.161870003 -0.89150703 -0.423016995 0.0139769996 -0.741446972 -0.670826972 0.0580459982 -0.852473021 -0.51948601 0.0139769996 -0.741446972 -0.670826972 0.167881995 -0.719474018 -0.673879027 -0.161870003 -0.89150703 -0.423016995 0.0580459982 -0.852473021 -0.51948601 -0.129245996 -0.957029998 -0.259528995 -0.205115005 -0.969969988 -0.130528003 -0.068148002 -0.996155024 -0.0546890013 -0.0331129991 -0.999237001 -0.0202949997 -0.163366005 -0.205115005 -0.964995027 0.153142005 -0.209113002 -0.96578902 0.104068004 -0.536454022 -0.837458014 -0.205115005 -0.969969988 -0.130528003 -0.0331129991 -0.999237001 -0.0202949997 -0.297342002 -0.951475978 -0.0787990019 0.104068004 -0.536454022 -0.837458014 0.0139769996 -0.741446972 -0.670826972 -0.192968994 -0.566698015 -0.800988972 0.104068004 -0.536454022 -0.837458014 -0.192968994 -0.566698015 -0.800988972 -0.163366005 -0.205115005 -0.964995027 -0.241096005 -0.775596976 -0.58336103 -0.192968994 -0.566698015 -0.800988972 0.0139769996 -0.741446972 -0.670826972 -0.241096005 -0.775596976 -0.58336103 0.0139769996 -0.741446972 -0.670826972 -0.161870003 -0.89150703 -0.423016995 -0.161870003 -0.89150703 -0.423016995 -0.129245996 -0.957029998 -0.259528995 -0.068148002 -0.996155024 -0.0546890013 -0.241096005 -0.775596976 -0.58336103 -0.161870003 -0.89150703 -0.423016995 -0.334300011 -0.735466003 -0.589312017 -0.161870003 -0.89150703 -0.423016995 -0.068148002 -0.996155024 -0.0546890013 -0.205115005 -0.969969988 -0.130528003 -0.542863011 -0.826318979 -0.149846002 -0.619251013 -0.760215998 -0.196294993 -0.55745101 -0.761009991 -0.331766993 -0.542863011 -0.826318979 -0.149846002 -0.55745101 -0.761009991 -0.331766993 -0.457197994 -0.845697999 -0.275184989 0.0929289982 0.97299099 -0.211280003 0.0954009965 0.978941977 -0.180395007 0.131748006 0.950498998 -0.281289011 0.0929289982 0.97299099 -0.211280003 0.131748006 0.950498998 -0.281289011 0.134158999 0.948423982 -0.287178993 -0.817376971 -0.337657005 0.466749996 -0.638873994 -0.363994002 0.677694023 -0.682150006 -0.249886006 0.687155008 -0.985136986 -0.0762050003 -0.153873995 -0.947111011 -0.0634170026 -0.314493001 -0.992614985 -0.0596939996 -0.105350003 -0.817376971 -0.337657005 0.466749996 -0.682150006 -0.249886006 0.687155008 -0.873683989 -0.198156998 0.444258004 -0.0501720011 -0.356974989 0.932736993 -0.0481580012 -0.284462988 0.957457006 -0.189245 -0.295998991 0.936246991 -0.0501720011 -0.356974989 0.932736993 -0.189245 -0.295998991 0.936246991 -0.361308992 -0.37202099 0.855006993 -0.0260019992 -0.279855013 0.959685028 -0.0268869996 -0.238104999 0.970854998 -0.176579997 -0.296701014 0.938475013 -0.361308992 -0.37202099 0.855006993 -0.189245 -0.295998991 0.936246991 -0.356669992 -0.318307996 0.878323019 -0.176579997 -0.296701014 0.938475013 -0.0268869996 -0.238104999 0.970854998 -0.357463002 -0.264016002 0.895810008 -0.176579997 -0.296701014 0.938475013 -0.357463002 -0.264016002 0.895810008 -0.356669992 -0.318307996 0.878323019 0.408367991 -0.356638998 0.840236008 0.418500006 -0.257789999 0.870814979 0.336650014 -0.264533997 0.90368402 0.418958008 -0.257393003 0.870724022 0.408185005 -0.232458994 0.882777989 0.23838 -0.227393001 0.944150984 0.418958008 -0.257393003 0.870724022 0.23838 -0.227393001 0.944150984 0.344462007 -0.258186996 0.90258503 0.336650014 -0.264533997 0.90368402 0.226843998 -0.268014014 0.936308026 0.220923007 -0.348827004 0.910763979 0.336650014 -0.264533997 0.90368402 0.220923007 -0.348827004 0.910763979 0.408367991 -0.356638998 0.840236008 0.344462007 -0.258186996 0.90258503 0.23838 -0.227393001 0.944150984 0.228156 -0.26700601 0.936276972 0.86638999 -0.276771992 0.415600985 0.841121018 -0.436536998 0.319254011 0.841059983 -0.526444018 0.124179997 0.86638999 -0.276771992 0.415600985 0.841059983 -0.526444018 0.124179997 0.905515015 -0.332163006 0.263985008 0.879818022 -0.43058601 0.201147005 0.766288996 -0.642414987 0.00680600014 0.856074989 -0.511642992 0.0727870017 0.704366982 -0.706870019 -0.0644249991 0.862574995 -0.504624009 0.0354930013 0.856074989 -0.511642992 0.0727870017 0.704366982 -0.706870019 -0.0644249991 0.856074989 -0.511642992 0.0727870017 0.766288996 -0.642414987 0.00680600014 0.944730997 0.000396999996 0.327769011 0.947417021 -0.017182 0.319467992 0.992156982 0.000945999986 0.124821 0.667286992 -0.740715027 -0.0776999965 0.85058099 -0.525772989 -0.00372299994 0.862574995 -0.504624009 0.0354930013 0.667286992 -0.740715027 -0.0776999965 0.862574995 -0.504624009 0.0354930013 0.704366982 -0.706870019 -0.0644249991 0.989471018 -0.143161997 0.0205080006 0.939329028 -0.342967004 0.00320399995 0.935483992 -0.350658 -0.0431529991 0.989471018 -0.143161997 0.0205080006 0.935483992 -0.350658 -0.0431529991 0.985594988 -0.166813999 -0.0267650001 0.982086003 -0.162083998 -0.0960419998 0.929991007 -0.347301006 -0.120242998 0.926388979 -0.322641999 -0.194067001 0.982086003 -0.162083998 -0.0960419998 0.926388979 -0.322641999 -0.194067001 0.967803001 -0.161137998 -0.193274006 0.843104005 -0.518571019 -0.142186001 0.728842974 -0.638417006 -0.247321993 0.831690013 -0.511916995 -0.214910999 0.674428999 -0.726737022 -0.130191997 0.845758975 -0.527634978 -0.0792260021 0.848720014 -0.527481973 -0.0373549983 0.674428999 -0.726737022 -0.130191997 0.848720014 -0.527481973 -0.0373549983 0.657124996 -0.74575001 -0.109653004 -0.815820992 -0.163334996 -0.55470401 -0.843927979 -0.195256993 -0.499619007 -0.80163002 -0.309487998 -0.511460006 -0.815820992 -0.163334996 -0.55470401 -0.80163002 -0.309487998 -0.511460006 -0.770897985 -0.270119011 -0.576830029 -0.706381023 -0.543412983 -0.453536004 -0.692342997 -0.501632988 -0.518631995 -0.80163002 -0.309487998 -0.511460006 -0.706381023 -0.543412983 -0.453536004 -0.80163002 -0.309487998 -0.511460006 -0.833002985 -0.337137997 -0.43867299 -0.873683989 -0.198156998 0.444258004 -0.682150006 -0.249886006 0.687155008 -0.744895995 -0.156163007 0.648639977 -0.873683989 -0.198156998 0.444258004 -0.744895995 -0.156163007 0.648639977 -0.889248013 -0.146794006 0.433209985 -0.357463002 -0.264016002 0.895810008 -0.0268869996 -0.238104999 0.970854998 -0.0200510006 -0.0998869985 0.994781017 -0.357463002 -0.264016002 0.895810008 -0.0200510006 -0.0998869985 0.994781017 -0.351054013 -0.138065994 0.926083982 0.403026998 -0.442914993 0.800836027 0.408367991 -0.356638998 0.840236008 0.220923007 -0.348827004 0.910763979 0.403026998 -0.442914993 0.800836027 0.220923007 -0.348827004 0.910763979 0.220283002 -0.428205013 0.876399994 0.387432009 0.0110780001 0.921811998 0.408185005 -0.232458994 0.882777989 0.560472012 -0.250252008 0.789421976 0.387432009 0.0110780001 0.921811998 0.560472012 -0.250252008 0.789421976 0.542436004 -0.0727259964 0.836908996 0.866909027 -0.156315997 0.47331199 0.86638999 -0.276771992 0.415600985 0.905515015 -0.332163006 0.263985008 0.866909027 -0.156315997 0.47331199 0.905515015 -0.332163006 0.263985008 0.917599976 -0.139927 0.371989995 0.611499012 -0.677296996 0.409040004 0.724204004 -0.417676002 0.548662007 0.561083019 -0.383556992 0.733511984 0.611499012 -0.677296996 0.409040004 0.561083019 -0.383556992 0.733511984 0.475906014 -0.675374985 0.563310981 0.606983006 -0.785423994 -0.121067002 0.766288996 -0.642414987 0.00680600014 0.841059983 -0.526444018 0.124179997 0.606983006 -0.785423994 -0.121067002 0.841059983 -0.526444018 0.124179997 0.704946995 -0.709037006 -0.0160830002 0.30893901 -0.931210995 -0.193364993 0.667286992 -0.740715027 -0.0776999965 0.704366982 -0.706870019 -0.0644249991 0.929991007 -0.347301006 -0.120242998 0.843104005 -0.518571019 -0.142186001 0.831690013 -0.511916995 -0.214910999 0.30893901 -0.931210995 -0.193364993 0.704366982 -0.706870019 -0.0644249991 0.342662007 -0.918455005 -0.197393999 0.929991007 -0.347301006 -0.120242998 0.831690013 -0.511916995 -0.214910999 0.926388979 -0.322641999 -0.194067001 0.845758975 -0.527634978 -0.0792260021 0.935483992 -0.350658 -0.0431529991 0.939329028 -0.342967004 0.00320399995 0.845758975 -0.527634978 -0.0792260021 0.939329028 -0.342967004 0.00320399995 0.848720014 -0.527481973 -0.0373549983 0.309518993 -0.929838002 -0.198859006 0.318949014 -0.922879994 -0.215644002 0.657124996 -0.74575001 -0.109653004 -0.638873994 -0.363994002 0.677694023 -0.52699399 -0.307076991 0.792412996 -0.357463002 -0.264016002 0.895810008 -0.638873994 -0.363994002 0.677694023 -0.357463002 -0.264016002 0.895810008 -0.682150006 -0.249886006 0.687155008 -0.638873994 -0.363994002 0.677694023 -0.361308992 -0.37202099 0.855006993 -0.356669992 -0.318307996 0.878323019 -0.638873994 -0.363994002 0.677694023 -0.356669992 -0.318307996 0.878323019 -0.523330986 -0.312418014 0.792779028 -0.638873994 -0.363994002 0.677694023 -0.523330986 -0.312418014 0.792779028 -0.52699399 -0.307076991 0.792412996 -0.52699399 -0.307076991 0.792412996 -0.356669992 -0.318307996 0.878323019 -0.357463002 -0.264016002 0.895810008 -0.0501720011 -0.356974989 0.932736993 0.220923007 -0.348827004 0.910763979 0.109195001 -0.27164501 0.956175029 -0.0501720011 -0.356974989 0.932736993 0.109195001 -0.27164501 0.956175029 -0.0481580012 -0.284462988 0.957457006 -0.0268869996 -0.238104999 0.970854998 -0.0260019992 -0.279855013 0.959685028 0.116337001 -0.271003991 0.955504 -0.0268869996 -0.238104999 0.970854998 0.116337001 -0.271003991 0.955504 0.23838 -0.227393001 0.944150984 0.109195001 -0.27164501 0.956175029 0.220923007 -0.348827004 0.910763979 0.226843998 -0.268014014 0.936308026 0.116337001 -0.271003991 0.955504 0.228156 -0.26700601 0.936276972 0.23838 -0.227393001 0.944150984 -0.682150006 -0.249886006 0.687155008 -0.357463002 -0.264016002 0.895810008 -0.351054013 -0.138065994 0.926083982 -0.682150006 -0.249886006 0.687155008 -0.351054013 -0.138065994 0.926083982 -0.574205995 -0.242194995 0.78203702 -0.0200510006 -0.0998869985 0.994781017 -0.0268869996 -0.238104999 0.970854998 0.23838 -0.227393001 0.944150984 -0.0200510006 -0.0998869985 0.994781017 0.23838 -0.227393001 0.944150984 0.235694006 -0.0633260012 0.969726026 -0.434828013 -0.737510026 -0.516647995 -0.679373026 -0.422681004 -0.599780023 -0.692342997 -0.501632988 -0.518631995 -0.434828013 -0.737510026 -0.516647995 -0.692342997 -0.501632988 -0.518631995 -0.451002985 -0.761406004 -0.465620995 -0.815820992 -0.163334996 -0.55470401 -0.854059994 -0.119236 -0.506301999 -0.875331998 -0.0571000017 -0.480055988 -0.815820992 -0.163334996 -0.55470401 -0.875331998 -0.0571000017 -0.480055988 -0.842737973 -0.0848409981 -0.531570971 -0.87459898 -0.217688993 -0.43314901 -0.843927979 -0.195256993 -0.499619007 -0.865535021 -0.108066 -0.488997996 -0.87459898 -0.217688993 -0.43314901 -0.865535021 -0.108066 -0.488997996 -0.894161999 -0.124637999 -0.429975003 -0.706381023 -0.543412983 -0.453536004 -0.690146029 -0.586504996 -0.423841 -0.329263985 -0.849238992 -0.412701994 -0.925900996 -0.136234999 -0.352306008 -0.947111011 -0.0634170026 -0.314493001 -0.854059994 -0.119236 -0.506301999 -0.706381023 -0.543412983 -0.453536004 -0.329263985 -0.849238992 -0.412701994 -0.354838997 -0.842127979 -0.406078994 -0.969480991 -0.236488 -0.0640890002 -0.936246991 -0.264961988 0.230658993 -0.973173976 -0.129703999 0.189946994 -0.925900996 -0.136234999 -0.352306008 -0.854059994 -0.119236 -0.506301999 -0.807581007 -0.205358997 -0.55281198 -0.992614985 -0.0596939996 -0.105350003 -0.973173976 -0.129703999 0.189946994 -0.972625017 -0.0765710026 0.219337001 -0.969480991 -0.236488 -0.0640890002 -0.973173976 -0.129703999 0.189946994 -0.98980701 -0.120823003 -0.0750759989 -0.992614985 -0.0596939996 -0.105350003 -0.972625017 -0.0765710026 0.219337001 -0.997986019 -0.0461749993 0.0433669984 -0.817376971 -0.337657005 0.466749996 -0.936246991 -0.264961988 0.230658993 -0.766349971 -0.600786984 0.227393001 -0.817376971 -0.337657005 0.466749996 -0.766349971 -0.600786984 0.227393001 -0.628376007 -0.67513001 0.386395007 0.841121018 -0.436536998 0.319254011 0.86638999 -0.276771992 0.415600985 0.740745008 -0.262856007 0.618183017 0.841121018 -0.436536998 0.319254011 0.740745008 -0.262856007 0.618183017 0.724204004 -0.417676002 0.548662007 0.86638999 -0.276771992 0.415600985 0.866909027 -0.156315997 0.47331199 0.72438699 -0.0360420011 0.688405991 0.86638999 -0.276771992 0.415600985 0.72438699 -0.0360420011 0.688405991 0.740745008 -0.262856007 0.618183017 0.841121018 -0.436536998 0.319254011 0.752617002 -0.630146027 0.190892994 0.704946995 -0.709037006 -0.0160830002 0.841121018 -0.436536998 0.319254011 0.704946995 -0.709037006 -0.0160830002 0.841059983 -0.526444018 0.124179997 0.905515015 -0.332163006 0.263985008 0.841059983 -0.526444018 0.124179997 0.766288996 -0.642414987 0.00680600014 0.905515015 -0.332163006 0.263985008 0.766288996 -0.642414987 0.00680600014 0.879818022 -0.43058601 0.201147005 0.91821003 -0.214393005 0.333018005 0.881497025 -0.373118997 0.289314985 0.935819983 -0.132633001 0.326517999 0.985594988 -0.166813999 -0.0267650001 0.935483992 -0.350658 -0.0431529991 0.929991007 -0.347301006 -0.120242998 0.513382018 -0.831080019 -0.213721007 0.342662007 -0.918455005 -0.197393999 0.606983006 -0.785423994 -0.121067002 0.985594988 -0.166813999 -0.0267650001 0.929991007 -0.347301006 -0.120242998 0.982086003 -0.162083998 -0.0960419998 0.657124996 -0.74575001 -0.109653004 0.848720014 -0.527481973 -0.0373549983 0.85058099 -0.525772989 -0.00372299994 0.657124996 -0.74575001 -0.109653004 0.85058099 -0.525772989 -0.00372299994 0.667286992 -0.740715027 -0.0776999965 0.845758975 -0.527634978 -0.0792260021 0.674428999 -0.726737022 -0.130191997 0.687032998 -0.708791971 -0.159886003 0.845758975 -0.527634978 -0.0792260021 0.687032998 -0.708791971 -0.159886003 0.843104005 -0.518571019 -0.142186001 0.935483992 -0.350658 -0.0431529991 0.845758975 -0.527634978 -0.0792260021 0.843104005 -0.518571019 -0.142186001 0.935483992 -0.350658 -0.0431529991 0.843104005 -0.518571019 -0.142186001 0.929991007 -0.347301006 -0.120242998 0.674428999 -0.726737022 -0.130191997 0.331889004 -0.911801994 -0.241736993 0.409954995 -0.873012006 -0.264046013 0.674428999 -0.726737022 -0.130191997 0.409954995 -0.873012006 -0.264046013 0.687032998 -0.708791971 -0.159886003 0.309518993 -0.929838002 -0.198859006 0.657124996 -0.74575001 -0.109653004 0.667286992 -0.740715027 -0.0776999965 0.309518993 -0.929838002 -0.198859006 0.667286992 -0.740715027 -0.0776999965 0.30893901 -0.931210995 -0.193364993 -0.807581007 -0.205358997 -0.55281198 -0.770897985 -0.270119011 -0.576830029 -0.679373026 -0.422681004 -0.599780023 -0.807581007 -0.205358997 -0.55281198 -0.679373026 -0.422681004 -0.599780023 -0.746483028 -0.318491012 -0.584185004 -0.865535021 -0.108066 -0.488997996 -0.842737973 -0.0848409981 -0.531570971 -0.854548991 0.00305199996 -0.519333005 -0.865535021 -0.108066 -0.488997996 -0.854548991 0.00305199996 -0.519333005 -0.874293983 0.00134299998 -0.485365987 -0.955045998 -0.00912499987 -0.296243012 -0.886807024 -3.09999996e-05 -0.462080985 -0.953948021 0.0463269986 -0.296303988 -0.98980701 -0.120823003 -0.0750759989 -0.925900996 -0.136234999 -0.352306008 -0.893033028 -0.237678006 -0.382030994 -0.98980701 -0.120823003 -0.0750759989 -0.893033028 -0.237678006 -0.382030994 -0.969480991 -0.236488 -0.0640890002 -0.842737973 -0.0848409981 -0.531570971 -0.875331998 -0.0571000017 -0.480055988 -0.886807024 -3.09999996e-05 -0.462080985 -0.842737973 -0.0848409981 -0.531570971 -0.886807024 -3.09999996e-05 -0.462080985 -0.854548991 0.00305199996 -0.519333005 -0.874293983 0.00134299998 -0.485365987 -0.903867006 0.00402799994 -0.427747011 -0.894161999 -0.124637999 -0.429975003 -0.874293983 0.00134299998 -0.485365987 -0.894161999 -0.124637999 -0.429975003 -0.865535021 -0.108066 -0.488997996 -0.842737973 -0.0848409981 -0.531570971 -0.865535021 -0.108066 -0.488997996 -0.843927979 -0.195256993 -0.499619007 -0.842737973 -0.0848409981 -0.531570971 -0.843927979 -0.195256993 -0.499619007 -0.815820992 -0.163334996 -0.55470401 -0.953337014 -0.0356759988 -0.299692005 -0.875331998 -0.0571000017 -0.480055988 -0.854059994 -0.119236 -0.506301999 -0.953337014 -0.0356759988 -0.299692005 -0.854059994 -0.119236 -0.506301999 -0.947111011 -0.0634170026 -0.314493001 -0.953337014 -0.0356759988 -0.299692005 -0.985899985 -0.0358290002 -0.163366005 -0.98516798 0.0414140001 -0.166447997 -0.953337014 -0.0356759988 -0.299692005 -0.98516798 0.0414140001 -0.166447997 -0.953948021 0.0463269986 -0.296303988 -0.985136986 -0.0762050003 -0.153873995 -0.985899985 -0.0358290002 -0.163366005 -0.953337014 -0.0356759988 -0.299692005 -0.985136986 -0.0762050003 -0.153873995 -0.953337014 -0.0356759988 -0.299692005 -0.947111011 -0.0634170026 -0.314493001 -0.827844977 -0.394055009 -0.399152011 -0.833002985 -0.337137997 -0.43867299 -0.87459898 -0.217688993 -0.43314901 -0.827844977 -0.394055009 -0.399152011 -0.87459898 -0.217688993 -0.43314901 -0.890500009 -0.285439998 -0.354259014 -0.890500009 -0.285439998 -0.354259014 -0.87459898 -0.217688993 -0.43314901 -0.894161999 -0.124637999 -0.429975003 -0.890500009 -0.285439998 -0.354259014 -0.894161999 -0.124637999 -0.429975003 -0.937283993 -0.129490003 -0.323556989 -0.692342997 -0.501632988 -0.518631995 -0.706381023 -0.543412983 -0.453536004 -0.354838997 -0.842127979 -0.406078994 -0.692342997 -0.501632988 -0.518631995 -0.354838997 -0.842127979 -0.406078994 -0.451002985 -0.761406004 -0.465620995 -0.937283993 -0.129490003 -0.323556989 -0.894161999 -0.124637999 -0.429975003 -0.903867006 0.00402799994 -0.427747011 -0.937283993 -0.129490003 -0.323556989 -0.903867006 0.00402799994 -0.427747011 -0.944975019 -0.00384499994 -0.327066988 -0.770897985 -0.270119011 -0.576830029 -0.80163002 -0.309487998 -0.511460006 -0.692342997 -0.501632988 -0.518631995 -0.770897985 -0.270119011 -0.576830029 -0.692342997 -0.501632988 -0.518631995 -0.679373026 -0.422681004 -0.599780023 -0.833002985 -0.337137997 -0.43867299 -0.80163002 -0.309487998 -0.511460006 -0.843927979 -0.195256993 -0.499619007 -0.833002985 -0.337137997 -0.43867299 -0.843927979 -0.195256993 -0.499619007 -0.87459898 -0.217688993 -0.43314901 -0.925900996 -0.136234999 -0.352306008 -0.807581007 -0.205358997 -0.55281198 -0.746483028 -0.318491012 -0.584185004 -0.925900996 -0.136234999 -0.352306008 -0.746483028 -0.318491012 -0.584185004 -0.893033028 -0.237678006 -0.382030994 -0.770897985 -0.270119011 -0.576830029 -0.807581007 -0.205358997 -0.55281198 -0.854059994 -0.119236 -0.506301999 -0.770897985 -0.270119011 -0.576830029 -0.854059994 -0.119236 -0.506301999 -0.815820992 -0.163334996 -0.55470401 -0.925900996 -0.136234999 -0.352306008 -0.98980701 -0.120823003 -0.0750759989 -0.992614985 -0.0596939996 -0.105350003 -0.925900996 -0.136234999 -0.352306008 -0.992614985 -0.0596939996 -0.105350003 -0.947111011 -0.0634170026 -0.314493001 -0.833002985 -0.337137997 -0.43867299 -0.827844977 -0.394055009 -0.399152011 -0.690146029 -0.586504996 -0.423841 -0.833002985 -0.337137997 -0.43867299 -0.690146029 -0.586504996 -0.423841 -0.706381023 -0.543412983 -0.453536004 -0.973173976 -0.129703999 0.189946994 -0.992614985 -0.0596939996 -0.105350003 -0.98980701 -0.120823003 -0.0750759989 0.932218015 -0.0370489992 0.35996601 0.916745007 -0.0855130032 0.390148997 0.935819983 -0.132633001 0.326517999 0.981657982 0.0725419968 0.176183 0.932218015 -0.0370489992 0.35996601 0.973846018 0.159978002 0.161137998 0.932218015 -0.0370489992 0.35996601 0.935819983 -0.132633001 0.326517999 0.973846018 0.159978002 0.161137998 0.995392025 -0.00439500017 -0.0957370028 0.982086003 -0.162083998 -0.0960419998 0.967803001 -0.161137998 -0.193274006 0.995392025 -0.00439500017 -0.0957370028 0.967803001 -0.161137998 -0.193274006 0.981657982 0.0118720001 -0.190191001 0.999939024 0.00796500035 0.00112899998 0.985594988 -0.166813999 -0.0267650001 0.982086003 -0.162083998 -0.0960419998 0.999939024 0.00796500035 0.00112899998 0.982086003 -0.162083998 -0.0960419998 0.995392025 -0.00439500017 -0.0957370028 0.331889004 -0.911801994 -0.241736993 0.674428999 -0.726737022 -0.130191997 0.657124996 -0.74575001 -0.109653004 0.331889004 -0.911801994 -0.241736993 0.657124996 -0.74575001 -0.109653004 0.318949014 -0.922879994 -0.215644002 0.480697006 -0.826929986 -0.291696012 0.626576006 -0.732626975 -0.265693992 0.687032998 -0.708791971 -0.159886003 0.480697006 -0.826929986 -0.291696012 0.687032998 -0.708791971 -0.159886003 0.409954995 -0.873012006 -0.264046013 0.626576006 -0.732626975 -0.265693992 0.728842974 -0.638417006 -0.247321993 0.843104005 -0.518571019 -0.142186001 0.626576006 -0.732626975 -0.265693992 0.843104005 -0.518571019 -0.142186001 0.687032998 -0.708791971 -0.159886003 0.766288996 -0.642414987 0.00680600014 0.606983006 -0.785423994 -0.121067002 0.342662007 -0.918455005 -0.197393999 0.766288996 -0.642414987 0.00680600014 0.342662007 -0.918455005 -0.197393999 0.704366982 -0.706870019 -0.0644249991 -0.451002985 -0.761406004 -0.465620995 -0.354838997 -0.842127979 -0.406078994 -0.165441006 -0.919340014 -0.356914014 -0.165441006 -0.919340014 -0.356914014 -0.137302995 -0.925442994 -0.353038013 -0.434828013 -0.737510026 -0.516647995 -0.165441006 -0.919340014 -0.356914014 -0.434828013 -0.737510026 -0.516647995 -0.451002985 -0.761406004 -0.465620995 -0.137302995 -0.925442994 -0.353038013 -0.151433006 -0.906185985 -0.394787014 -0.253242999 -0.865046978 -0.433026999 -0.137302995 -0.925442994 -0.353038013 -0.253242999 -0.865046978 -0.433026999 -0.434828013 -0.737510026 -0.516647995 0.513382018 -0.831080019 -0.213721007 0.606983006 -0.785423994 -0.121067002 0.704946995 -0.709037006 -0.0160830002 0.643451989 -0.762749016 -0.0642720014 0.513382018 -0.831080019 -0.213721007 0.704946995 -0.709037006 -0.0160830002 0.643451989 -0.762749016 -0.0642720014 0.704946995 -0.709037006 -0.0160830002 0.752617002 -0.630146027 0.190892994 0.643451989 -0.762749016 -0.0642720014 0.752617002 -0.630146027 0.190892994 0.713706017 -0.68453002 0.148380995 -0.151433006 -0.906185985 -0.394787014 -0.344309986 -0.825982988 -0.446271986 -0.344431996 -0.831201971 -0.436354011 -0.151433006 -0.906185985 -0.394787014 -0.344431996 -0.831201971 -0.436354011 -0.253242999 -0.865046978 -0.433026999 -0.690146029 -0.586504996 -0.423841 -0.396954 -0.807245016 -0.436749995 -0.329263985 -0.849238992 -0.412701994 -0.606249988 -0.654775023 -0.451337993 -0.396954 -0.807245016 -0.436749995 -0.690146029 -0.586504996 -0.423841 -0.606249988 -0.654775023 -0.451337993 -0.690146029 -0.586504996 -0.423841 -0.827844977 -0.394055009 -0.399152011 -0.757652998 -0.526811004 -0.385174006 -0.606249988 -0.654775023 -0.451337993 -0.827844977 -0.394055009 -0.399152011 -0.757652998 -0.526811004 -0.385174006 -0.827844977 -0.394055009 -0.399152011 -0.890500009 -0.285439998 -0.354259014 -0.965422988 0 -0.260628015 -0.949126005 -0.152927995 -0.275184989 -0.937283993 -0.129490003 -0.323556989 -0.890500009 -0.285439998 -0.354259014 -0.894742012 -0.324014992 -0.307260007 -0.757652998 -0.526811004 -0.385174006 -0.965422988 0 -0.260628015 -0.937283993 -0.129490003 -0.323556989 -0.944975019 -0.00384499994 -0.327066988 -0.949126005 -0.152927995 -0.275184989 -0.894742012 -0.324014992 -0.307260007 -0.890500009 -0.285439998 -0.354259014 -0.949126005 -0.152927995 -0.275184989 -0.890500009 -0.285439998 -0.354259014 -0.937283993 -0.129490003 -0.323556989 0.916745007 -0.0855130032 0.390148997 0.91821003 -0.214393005 0.333018005 0.935819983 -0.132633001 0.326517999 0.916745007 -0.0855130032 0.390148997 0.917599976 -0.139927 0.371989995 0.91821003 -0.214393005 0.333018005 -0.0164490007 0.00289899996 0.999846995 -0.340373009 -0.0575580001 0.938504994 -0.351054013 -0.138065994 0.926083982 -0.985136986 -0.0762050003 -0.153873995 -0.997986019 -0.0461749993 0.0433669984 -0.998198986 0.00134299998 0.0596639998 -0.0164490007 0.00289899996 0.999846995 -0.351054013 -0.138065994 0.926083982 -0.0200510006 -0.0998869985 0.994781017 -0.985136986 -0.0762050003 -0.153873995 -0.998198986 0.00134299998 0.0596639998 -0.97607398 -0.135533005 -0.169988006 0.326059997 0.278939009 0.903226018 0.338054001 0.462172002 0.819787979 0.330302 0.511367977 0.793298006 -0.953948021 0.0463269986 -0.296303988 -0.98516798 0.0414140001 -0.166447997 -0.982055008 0.00753800012 -0.188269004 -0.953948021 0.0463269986 -0.296303988 -0.982055008 0.00753800012 -0.188269004 -0.955045998 -0.00912499987 -0.296243012 -0.953948021 0.0463269986 -0.296303988 -0.886807024 -3.09999996e-05 -0.462080985 -0.875331998 -0.0571000017 -0.480055988 -0.953948021 0.0463269986 -0.296303988 -0.875331998 -0.0571000017 -0.480055988 -0.953337014 -0.0356759988 -0.299692005 -0.922208011 0.179876 0.342234999 -0.998198986 0.00134299998 0.0596639998 -0.997986019 -0.0461749993 0.0433669984 -0.922208011 0.179876 0.342234999 -0.997986019 -0.0461749993 0.0433669984 -0.972625017 -0.0765710026 0.219337001 -0.997986019 -0.0461749993 0.0433669984 -0.985136986 -0.0762050003 -0.153873995 -0.992614985 -0.0596939996 -0.105350003 0.483200014 -0.261817992 0.835413992 0.483168989 -0.261817992 0.835413992 0.561083019 -0.383556992 0.733511984 0.561083019 -0.383556992 0.733511984 0.483168989 -0.261817992 0.835413992 0.483200014 -0.261817992 0.835413992 0.561083019 -0.383556992 0.733511984 0.408185005 -0.232458994 0.882777989 0.483168989 -0.261817992 0.835413992 0.408185005 -0.232458994 0.882777989 0.418958008 -0.257393003 0.870724022 0.483168989 -0.261817992 0.835413992 0.418500006 -0.257789999 0.870814979 0.408367991 -0.356638998 0.840236008 0.561083019 -0.383556992 0.733511984 0.418500006 -0.257789999 0.870814979 0.561083019 -0.383556992 0.733511984 0.483168989 -0.261817992 0.835413992 0.408367991 -0.356638998 0.840236008 0.403026998 -0.442914993 0.800836027 0.475906014 -0.675374985 0.563310981 0.408185005 -0.232458994 0.882777989 0.561083019 -0.383556992 0.733511984 0.560472012 -0.250252008 0.789421976 0.408185005 -0.232458994 0.882777989 0.387432009 0.0110780001 0.921811998 0.235694006 -0.0633260012 0.969726026 0.408367991 -0.356638998 0.840236008 0.475906014 -0.675374985 0.563310981 0.561083019 -0.383556992 0.733511984 0.408185005 -0.232458994 0.882777989 0.235694006 -0.0633260012 0.969726026 0.23838 -0.227393001 0.944150984 0.724204004 -0.417676002 0.548662007 0.611499012 -0.677296996 0.409040004 0.752617002 -0.630146027 0.190892994 0.724204004 -0.417676002 0.548662007 0.752617002 -0.630146027 0.190892994 0.841121018 -0.436536998 0.319254011 0.724204004 -0.417676002 0.548662007 0.740745008 -0.262856007 0.618183017 0.560472012 -0.250252008 0.789421976 0.724204004 -0.417676002 0.548662007 0.560472012 -0.250252008 0.789421976 0.561083019 -0.383556992 0.733511984 0.740745008 -0.262856007 0.618183017 0.72438699 -0.0360420011 0.688405991 0.542436004 -0.0727259964 0.836908996 0.740745008 -0.262856007 0.618183017 0.542436004 -0.0727259964 0.836908996 0.560472012 -0.250252008 0.789421976 0.611499012 -0.677296996 0.409040004 0.619036973 -0.68828398 0.378154993 0.713706017 -0.68453002 0.148380995 0.611499012 -0.677296996 0.409040004 0.713706017 -0.68453002 0.148380995 0.752617002 -0.630146027 0.190892994 -0.936246991 -0.264961988 0.230658993 -0.817376971 -0.337657005 0.466749996 -0.873683989 -0.198156998 0.444258004 -0.936246991 -0.264961988 0.230658993 -0.873683989 -0.198156998 0.444258004 -0.973173976 -0.129703999 0.189946994 -0.973173976 -0.129703999 0.189946994 -0.873683989 -0.198156998 0.444258004 -0.889248013 -0.146794006 0.433209985 -0.973173976 -0.129703999 0.189946994 -0.889248013 -0.146794006 0.433209985 -0.972625017 -0.0765710026 0.219337001 -0.574205995 -0.242194995 0.78203702 -0.744895995 -0.156163007 0.648639977 -0.682150006 -0.249886006 0.687155008 -0.224005997 0.090425998 -0.970367014 -0.147862002 -0.0243539996 -0.988677979 -0.151798993 -0.0209970009 -0.988159001 -0.224005997 0.090425998 -0.970367014 -0.151798993 -0.0209970009 -0.988159001 -0.228309005 0.0933559984 -0.969084978 -0.809289992 0.345775008 0.474806994 -0.873683989 0.198949993 0.443892002 -0.682119012 0.249916002 0.687155008 -0.985839009 0.0770590007 -0.148900002 -0.992614985 0.060366001 -0.104952998 -0.946348011 0.0571309999 -0.317972004 -0.809289992 0.345775008 0.474806994 -0.682119012 0.249916002 0.687155008 -0.638966024 0.363902986 0.677694023 -0.362071991 0.370799989 0.855189979 -0.356669992 0.318307996 0.878323019 -0.189245 0.295998991 0.936246991 -0.357463002 0.264016002 0.895810008 -0.0279239994 0.239601001 0.970457971 -0.189245 0.295998991 0.936246991 -0.357463002 0.264016002 0.895810008 -0.189245 0.295998991 0.936246991 -0.356669992 0.318307996 0.878323019 -0.189245 0.295998991 0.936246991 -0.0279239994 0.239601001 0.970457971 -0.0439470001 0.279763013 0.95904398 -0.189245 0.295998991 0.936246991 -0.0480669998 0.284462988 0.957457006 -0.0498370007 0.357401997 0.932614982 -0.189245 0.295998991 0.936246991 -0.0498370007 0.357401997 0.932614982 -0.362071991 0.370799989 0.855189979 0.226843998 0.268014014 0.936308026 0.238593996 0.227118999 0.944181979 0.338939011 0.262672991 0.90337801 0.220923007 0.348827004 0.910763979 0.226843998 0.268014014 0.936308026 0.338939011 0.262672991 0.90337801 0.220923007 0.348827004 0.910763979 0.338939011 0.262672991 0.90337801 0.40635401 0.37748301 0.832056999 0.238593996 0.227118999 0.944181979 0.408185005 0.232458994 0.882777989 0.418958008 0.257393003 0.870724022 0.238593996 0.227118999 0.944181979 0.418958008 0.257393003 0.870724022 0.338939011 0.262672991 0.90337801 0.40635401 0.37748301 0.832056999 0.338939011 0.262672991 0.90337801 0.417950988 0.28470701 0.862667024 0.867214024 0.273140997 0.416272014 0.920620978 0.308420002 0.239296004 0.839564025 0.528366983 0.126255006 0.867214024 0.273140997 0.416272014 0.839564025 0.528366983 0.126255006 0.831843019 0.441083997 0.336802006 0.944730997 0.000396999996 0.327769011 0.992156982 0.000945999986 0.124821 0.945738018 0.0125129996 0.32465601 0.935513973 0.350596994 -0.043184001 0.93957299 0.340128988 -0.0385750011 0.968719006 0.248085007 -0.00268599996 0.991851985 0.126560003 0.0131839998 0.987182021 0.158544004 -0.0169680007 0.935513973 0.350596994 -0.043184001 0.991851985 0.126560003 0.0131839998 0.935513973 0.350596994 -0.043184001 0.968719006 0.248085007 -0.00268599996 0.983000994 0.154027 -0.0997340009 0.967162013 0.167180002 -0.191259995 0.927151978 0.319712013 -0.195226997 0.983000994 0.154027 -0.0997340009 0.927151978 0.319712013 -0.195226997 0.929562986 0.348612994 -0.119694002 0.841884017 0.520829022 -0.141086996 0.832544982 0.510146976 -0.215735003 0.756218016 0.605609 -0.247596994 0.67522198 0.725821972 -0.131169006 0.657063007 0.745810986 -0.109560996 0.847101986 0.529801011 -0.0408950001 0.67522198 0.725821972 -0.131169006 0.847101986 0.529801011 -0.0408950001 0.845758975 0.527634978 -0.0792260021 -0.81734699 0.167638004 -0.551163971 -0.770806015 0.269692004 -0.57713598 -0.802636981 0.314981997 -0.506484985 -0.81734699 0.167638004 -0.551163971 -0.802636981 0.314981997 -0.506484985 -0.843317986 0.192846 -0.501541018 -0.705160975 0.547258019 -0.450818986 -0.833033025 0.333995014 -0.440961987 -0.802636981 0.314981997 -0.506484985 -0.705160975 0.547258019 -0.450818986 -0.802636981 0.314981997 -0.506484985 -0.691671014 0.500411987 -0.520707011 -0.873683989 0.198949993 0.443892002 -0.889523029 0.138188004 0.435407996 -0.745200992 0.160070002 0.647297978 -0.873683989 0.198949993 0.443892002 -0.745200992 0.160070002 0.647297978 -0.682119012 0.249916002 0.687155008 -0.357463002 0.264016002 0.895810008 -0.348491013 0.138188004 0.927030027 -0.0244449992 0.102603003 0.994414985 -0.357463002 0.264016002 0.895810008 -0.0244449992 0.102603003 0.994414985 -0.0279239994 0.239601001 0.970457971 0.403026998 0.442914993 0.800836027 0.220283002 0.428205013 0.876399994 0.220923007 0.348827004 0.910763979 0.403026998 0.442914993 0.800836027 0.220923007 0.348827004 0.910763979 0.40635401 0.37748301 0.832056999 0.383861989 -0.0106509998 0.923307002 0.543474019 0.0834380016 0.835231006 0.560045004 0.25602001 0.787895977 0.383861989 -0.0106509998 0.923307002 0.560045004 0.25602001 0.787895977 0.408185005 0.232458994 0.882777989 0.866847992 0.115084998 0.48506099 0.920468986 0.151646003 0.360118002 0.920620978 0.308420002 0.239296004 0.866847992 0.115084998 0.48506099 0.920620978 0.308420002 0.239296004 0.867214024 0.273140997 0.416272014 0.605457008 0.683920026 0.406964004 0.477553993 0.67058301 0.567644 0.563615978 0.380809993 0.73299402 0.605457008 0.683920026 0.406964004 0.563615978 0.380809993 0.73299402 0.725912988 0.409375012 0.552659988 -0.240730003 0.839625001 0.486862004 -0.234474003 0.857142985 0.458602011 -0.126438007 0.959074974 0.25327301 -0.240730003 0.839625001 0.486862004 -0.126438007 0.959074974 0.25327301 -0.226202995 0.883846998 0.409375012 -0.126438007 0.959074974 0.25327301 -0.157169998 0.949370027 0.271950006 -0.226202995 0.883846998 0.409375012 0.606952012 0.785423994 -0.121128 0.683431983 0.729758978 0.0177309997 0.839564025 0.528366983 0.126255006 0.606952012 0.785423994 -0.121128 0.839564025 0.528366983 0.126255006 0.787042022 0.616535008 -0.0201120004 -0.0503860004 0.989409983 0.135959998 -0.157169998 0.949370027 0.271950006 -0.126438007 0.959074974 0.25327301 0.929562986 0.348612994 -0.119694002 0.927151978 0.319712013 -0.195226997 0.832544982 0.510146976 -0.215735003 0.929562986 0.348612994 -0.119694002 0.832544982 0.510146976 -0.215735003 0.841884017 0.520829022 -0.141086996 0.845758975 0.527634978 -0.0792260021 0.847101986 0.529801011 -0.0408950001 0.893276989 0.446089 -0.0547499992 0.845758975 0.527634978 -0.0792260021 0.893276989 0.446089 -0.0547499992 0.93957299 0.340128988 -0.0385750011 0.845758975 0.527634978 -0.0792260021 0.93957299 0.340128988 -0.0385750011 0.935513973 0.350596994 -0.043184001 0.31092301 0.929991007 -0.196051002 0.657063007 0.745810986 -0.109560996 0.318765998 0.922879994 -0.216010004 -0.638966024 0.363902986 0.677694023 -0.682119012 0.249916002 0.687155008 -0.357463002 0.264016002 0.895810008 -0.638966024 0.363902986 0.677694023 -0.357463002 0.264016002 0.895810008 -0.526933014 0.30716899 0.792412996 -0.356669992 0.318307996 0.878323019 -0.362071991 0.370799989 0.855189979 -0.638966024 0.363902986 0.677694023 -0.356669992 0.318307996 0.878323019 -0.638966024 0.363902986 0.677694023 -0.523330986 0.312418014 0.792779028 -0.638966024 0.363902986 0.677694023 -0.526933014 0.30716899 0.792412996 -0.523330986 0.312418014 0.792779028 -0.357463002 0.264016002 0.895810008 -0.356669992 0.318307996 0.878323019 -0.526933014 0.30716899 0.792412996 -0.0279239994 0.239601001 0.970457971 0.238593996 0.227118999 0.944181979 0.116276003 0.271095991 0.955473006 -0.0279239994 0.239601001 0.970457971 0.116276003 0.271095991 0.955473006 -0.0439470001 0.279763013 0.95904398 -0.0498370007 0.357401997 0.932614982 -0.0480669998 0.284462988 0.957457006 0.115970001 0.271432012 0.955411971 -0.0498370007 0.357401997 0.932614982 0.115970001 0.271432012 0.955411971 0.220923007 0.348827004 0.910763979 0.238593996 0.227118999 0.944181979 0.226843998 0.268014014 0.936308026 0.116276003 0.271095991 0.955473006 0.226843998 0.268014014 0.936308026 0.220923007 0.348827004 0.910763979 0.115970001 0.271432012 0.955411971 -0.682119012 0.249916002 0.687155008 -0.574235976 0.242225006 0.782006025 -0.348491013 0.138188004 0.927030027 -0.682119012 0.249916002 0.687155008 -0.348491013 0.138188004 0.927030027 -0.357463002 0.264016002 0.895810008 -0.0244449992 0.102603003 0.994414985 0.222967997 0.0643329993 0.972685993 0.238593996 0.227118999 0.944181979 -0.0498370007 0.357401997 0.932614982 0.220923007 0.348827004 0.910763979 0.220283002 0.428205013 0.876399994 -0.0244449992 0.102603003 0.994414985 0.238593996 0.227118999 0.944181979 -0.0279239994 0.239601001 0.970457971 -0.0498370007 0.357401997 0.932614982 0.220283002 0.428205013 0.876399994 -0.0545670018 0.430218995 0.901058972 -0.430402994 0.742026985 -0.513900995 -0.441603005 0.758354008 -0.479384989 -0.691671014 0.500411987 -0.520707011 -0.81734699 0.167638004 -0.551163971 -0.844812989 0.0877410024 -0.527756989 -0.875331998 0.0571000017 -0.480087012 -0.430402994 0.742026985 -0.513900995 -0.691671014 0.500411987 -0.520707011 -0.680319011 0.394847989 -0.617420018 -0.81734699 0.167638004 -0.551163971 -0.875331998 0.0571000017 -0.480087012 -0.852015972 0.115482002 -0.510574996 -0.873959005 0.215186 -0.435712993 -0.895687997 0.131412998 -0.424787015 -0.865566015 0.10712 -0.489151001 -0.873959005 0.215186 -0.435712993 -0.865566015 0.10712 -0.489151001 -0.843317986 0.192846 -0.501541018 -0.705160975 0.547258019 -0.450818986 -0.354961008 0.843684018 -0.402660996 -0.330790013 0.847742975 -0.414563 -0.925871015 0.136356995 -0.352275014 -0.805567026 0.199590996 -0.557847977 -0.852015972 0.115482002 -0.510574996 -0.705160975 0.547258019 -0.450818986 -0.330790013 0.847742975 -0.414563 -0.689840019 0.587755978 -0.422589988 -0.925871015 0.136356995 -0.352275014 -0.852015972 0.115482002 -0.510574996 -0.946348011 0.0571309999 -0.317972004 -0.969756007 0.235237002 -0.0649430007 -0.989684999 0.122532003 -0.0740379989 -0.975126982 0.123905003 0.183630005 -0.992614985 0.060366001 -0.104952998 -0.998046994 0.0433969982 0.0448319986 -0.973571002 0.074496001 0.215765998 -0.969756007 0.235237002 -0.0649430007 -0.975126982 0.123905003 0.183630005 -0.934567988 0.268043995 0.233833 -0.809289992 0.345775008 0.474806994 -0.632649004 0.670338988 0.387768 -0.754112005 0.615222991 0.229773998 -0.992614985 0.060366001 -0.104952998 -0.973571002 0.074496001 0.215765998 -0.975126982 0.123905003 0.183630005 -0.809289992 0.345775008 0.474806994 -0.754112005 0.615222991 0.229773998 -0.934567988 0.268043995 0.233833 0.831843019 0.441083997 0.336802006 0.725912988 0.409375012 0.552659988 0.739127994 0.266456991 0.618579984 0.867214024 0.273140997 0.416272014 0.831843019 0.441083997 0.336802006 0.739127994 0.266456991 0.618579984 0.867214024 0.273140997 0.416272014 0.739127994 0.266456991 0.618579984 0.729300976 0.0766009986 0.679861009 0.867214024 0.273140997 0.416272014 0.729300976 0.0766009986 0.679861009 0.866847992 0.115084998 0.48506099 0.831843019 0.441083997 0.336802006 0.839564025 0.528366983 0.126255006 0.683431983 0.729758978 0.0177309997 0.831843019 0.441083997 0.336802006 0.683431983 0.729758978 0.0177309997 0.763176024 0.615222991 0.197485 0.920620978 0.308420002 0.239296004 0.910977006 0.378825992 0.162908003 0.787042022 0.616535008 -0.0201120004 0.920620978 0.308420002 0.239296004 0.787042022 0.616535008 -0.0201120004 0.839564025 0.528366983 0.126255006 0.910977006 0.378825992 0.162908003 0.920620978 0.308420002 0.239296004 0.920468986 0.151646003 0.360118002 0.495467991 0.839075983 -0.224555001 0.606952012 0.785423994 -0.121128 0.331919014 0.922604978 -0.196417004 0.910977006 0.378825992 0.162908003 0.920468986 0.151646003 0.360118002 0.953215003 0.214269996 0.213172004 0.987182021 0.158544004 -0.0169680007 0.983000994 0.154027 -0.0997340009 0.929562986 0.348612994 -0.119694002 0.987182021 0.158544004 -0.0169680007 0.929562986 0.348612994 -0.119694002 0.935513973 0.350596994 -0.043184001 0.657063007 0.745810986 -0.109560996 0.659748971 0.745810986 -0.0920440033 0.820550978 0.571367979 -0.0125129996 0.657063007 0.745810986 -0.109560996 0.833094001 0.551805019 -0.0375070013 0.847101986 0.529801011 -0.0408950001 0.657063007 0.745810986 -0.109560996 0.820550978 0.571367979 -0.0125129996 0.833094001 0.551805019 -0.0375070013 0.845758975 0.527634978 -0.0792260021 0.841884017 0.520829022 -0.141086996 0.691092014 0.703603983 -0.165135995 0.845758975 0.527634978 -0.0792260021 0.691092014 0.703603983 -0.165135995 0.67522198 0.725821972 -0.131169006 0.870540023 0.486342996 -0.0745870024 0.935483992 0.345317006 -0.0745569989 0.93957299 0.340128988 -0.0385750011 0.870540023 0.486342996 -0.0745870024 0.93957299 0.340128988 -0.0385750011 0.893276989 0.446089 -0.0547499992 0.935513973 0.350596994 -0.043184001 0.929562986 0.348612994 -0.119694002 0.841884017 0.520829022 -0.141086996 0.935513973 0.350596994 -0.043184001 0.841884017 0.520829022 -0.141086996 0.845758975 0.527634978 -0.0792260021 0.67522198 0.725821972 -0.131169006 0.691092014 0.703603983 -0.165135995 0.409345001 0.873347998 -0.263954997 0.67522198 0.725821972 -0.131169006 0.409345001 0.873347998 -0.263954997 0.328898013 0.913755 -0.238410994 0.31092301 0.929991007 -0.196051002 0.307321012 0.93304199 -0.186865002 0.659748971 0.745810986 -0.0920440033 0.31092301 0.929991007 -0.196051002 0.659748971 0.745810986 -0.0920440033 0.657063007 0.745810986 -0.109560996 -0.805567026 0.199590996 -0.557847977 -0.743888974 0.309244007 -0.592424989 -0.680319011 0.394847989 -0.617420018 -0.805567026 0.199590996 -0.557847977 -0.680319011 0.394847989 -0.617420018 -0.770806015 0.269692004 -0.57713598 -0.865566015 0.10712 -0.489151001 -0.874293983 0.00134299998 -0.485365987 -0.854548991 0.00305199996 -0.519333005 -0.865566015 0.10712 -0.489151001 -0.854548991 0.00305199996 -0.519333005 -0.844812989 0.0877410024 -0.527756989 -0.955045998 -0.00912499987 -0.296243012 -0.952178001 -0.0571000017 -0.300150007 -0.886807024 -3.09999996e-05 -0.462080985 -0.989684999 0.122532003 -0.0740379989 -0.969756007 0.235237002 -0.0649430007 -0.893399 0.243263006 -0.377635986 -0.989684999 0.122532003 -0.0740379989 -0.893399 0.243263006 -0.377635986 -0.925871015 0.136356995 -0.352275014 -0.844812989 0.0877410024 -0.527756989 -0.854548991 0.00305199996 -0.519333005 -0.886807024 -3.09999996e-05 -0.462080985 -0.844812989 0.0877410024 -0.527756989 -0.886807024 -3.09999996e-05 -0.462080985 -0.875331998 0.0571000017 -0.480087012 -0.874293983 0.00134299998 -0.485365987 -0.865566015 0.10712 -0.489151001 -0.895687997 0.131412998 -0.424787015 -0.874293983 0.00134299998 -0.485365987 -0.895687997 0.131412998 -0.424787015 -0.903867006 0.00402799994 -0.427747011 -0.844812989 0.0877410024 -0.527756989 -0.81734699 0.167638004 -0.551163971 -0.843317986 0.192846 -0.501541018 -0.844812989 0.0877410024 -0.527756989 -0.843317986 0.192846 -0.501541018 -0.865566015 0.10712 -0.489151001 -0.953092992 0.0317090005 -0.301003993 -0.946348011 0.0571309999 -0.317972004 -0.852015972 0.115482002 -0.510574996 -0.953092992 0.0317090005 -0.301003993 -0.852015972 0.115482002 -0.510574996 -0.875331998 0.0571000017 -0.480087012 -0.953092992 0.0317090005 -0.301003993 -0.952178001 -0.0571000017 -0.300150007 -0.990234017 -0.0260320008 -0.136937007 -0.953092992 0.0317090005 -0.301003993 -0.990234017 -0.0260320008 -0.136937007 -0.983825028 0.0560319982 -0.170080006 -0.953092992 0.0317090005 -0.301003993 -0.983825028 0.0560319982 -0.170080006 -0.985839009 0.0770590007 -0.148900002 -0.953092992 0.0317090005 -0.301003993 -0.985839009 0.0770590007 -0.148900002 -0.946348011 0.0571309999 -0.317972004 -0.827326 0.400097996 -0.394237995 -0.890407979 0.289162993 -0.35145101 -0.873959005 0.215186 -0.435712993 -0.827326 0.400097996 -0.394237995 -0.873959005 0.215186 -0.435712993 -0.833033025 0.333995014 -0.440961987 -0.890407979 0.289162993 -0.35145101 -0.937864006 0.132297993 -0.320749998 -0.895687997 0.131412998 -0.424787015 -0.890407979 0.289162993 -0.35145101 -0.895687997 0.131412998 -0.424787015 -0.873959005 0.215186 -0.435712993 -0.691671014 0.500411987 -0.520707011 -0.441603005 0.758354008 -0.479384989 -0.354961008 0.843684018 -0.402660996 -0.691671014 0.500411987 -0.520707011 -0.354961008 0.843684018 -0.402660996 -0.705160975 0.547258019 -0.450818986 -0.937864006 0.132297993 -0.320749998 -0.944975019 -0.00384499994 -0.327066988 -0.903867006 0.00402799994 -0.427747011 -0.937864006 0.132297993 -0.320749998 -0.903867006 0.00402799994 -0.427747011 -0.895687997 0.131412998 -0.424787015 -0.770806015 0.269692004 -0.57713598 -0.680319011 0.394847989 -0.617420018 -0.691671014 0.500411987 -0.520707011 -0.770806015 0.269692004 -0.57713598 -0.691671014 0.500411987 -0.520707011 -0.802636981 0.314981997 -0.506484985 -0.833033025 0.333995014 -0.440961987 -0.873959005 0.215186 -0.435712993 -0.843317986 0.192846 -0.501541018 -0.833033025 0.333995014 -0.440961987 -0.843317986 0.192846 -0.501541018 -0.802636981 0.314981997 -0.506484985 -0.925871015 0.136356995 -0.352275014 -0.893399 0.243263006 -0.377635986 -0.743888974 0.309244007 -0.592424989 -0.925871015 0.136356995 -0.352275014 -0.743888974 0.309244007 -0.592424989 -0.805567026 0.199590996 -0.557847977 -0.770806015 0.269692004 -0.57713598 -0.81734699 0.167638004 -0.551163971 -0.852015972 0.115482002 -0.510574996 -0.770806015 0.269692004 -0.57713598 -0.852015972 0.115482002 -0.510574996 -0.805567026 0.199590996 -0.557847977 -0.925871015 0.136356995 -0.352275014 -0.946348011 0.0571309999 -0.317972004 -0.992614985 0.060366001 -0.104952998 -0.925871015 0.136356995 -0.352275014 -0.992614985 0.060366001 -0.104952998 -0.989684999 0.122532003 -0.0740379989 -0.833033025 0.333995014 -0.440961987 -0.705160975 0.547258019 -0.450818986 -0.689840019 0.587755978 -0.422589988 -0.833033025 0.333995014 -0.440961987 -0.689840019 0.587755978 -0.422589988 -0.827326 0.400097996 -0.394237995 -0.975126982 0.123905003 0.183630005 -0.989684999 0.122532003 -0.0740379989 -0.992614985 0.060366001 -0.104952998 0.995392025 -0.00439500017 -0.0957370028 0.981657982 0.0118720001 -0.190191001 0.967162013 0.167180002 -0.191259995 0.995392025 -0.00439500017 -0.0957370028 0.967162013 0.167180002 -0.191259995 0.983000994 0.154027 -0.0997340009 0.999939024 0.00796500035 0.00112899998 0.995392025 -0.00439500017 -0.0957370028 0.983000994 0.154027 -0.0997340009 0.999939024 0.00796500035 0.00112899998 0.983000994 0.154027 -0.0997340009 0.987182021 0.158544004 -0.0169680007 0.328898013 0.913755 -0.238410994 0.318765998 0.922879994 -0.216010004 0.657063007 0.745810986 -0.109560996 0.328898013 0.913755 -0.238410994 0.657063007 0.745810986 -0.109560996 0.67522198 0.725821972 -0.131169006 0.488204986 0.821406007 -0.294748008 0.409345001 0.873347998 -0.263954997 0.691092014 0.703603983 -0.165135995 0.488204986 0.821406007 -0.294748008 0.691092014 0.703603983 -0.165135995 0.636555016 0.723685026 -0.266487986 0.636555016 0.723685026 -0.266487986 0.691092014 0.703603983 -0.165135995 0.841884017 0.520829022 -0.141086996 0.636555016 0.723685026 -0.266487986 0.841884017 0.520829022 -0.141086996 0.756218016 0.605609 -0.247596994 -0.430402994 0.742026985 -0.513900995 -0.680319011 0.394847989 -0.617420018 -0.60472399 0.465772986 -0.646016002 -0.441603005 0.758354008 -0.479384989 -0.157932997 0.920530021 -0.357250005 -0.354961008 0.843684018 -0.402660996 -0.157932997 0.920530021 -0.357250005 -0.441603005 0.758354008 -0.479384989 -0.430402994 0.742026985 -0.513900995 -0.157932997 0.920530021 -0.357250005 -0.430402994 0.742026985 -0.513900995 -0.136784002 0.925809979 -0.352306008 0.495467991 0.839075983 -0.224555001 0.685934007 0.725425005 -0.0565509982 0.683431983 0.729758978 0.0177309997 0.495467991 0.839075983 -0.224555001 0.683431983 0.729758978 0.0177309997 0.606952012 0.785423994 -0.121128 0.685934007 0.725425005 -0.0565509982 0.702840984 0.693898976 0.156406999 0.763176024 0.615222991 0.197485 0.685934007 0.725425005 -0.0565509982 0.763176024 0.615222991 0.197485 0.683431983 0.729758978 0.0177309997 0.605457008 0.683920026 0.406964004 0.60670799 0.700644016 0.375468999 0.363536 0.855463982 0.368725002 0.605457008 0.683920026 0.406964004 0.363536 0.855463982 0.368725002 0.477553993 0.67058301 0.567644 -0.616564989 0.641193986 -0.456800997 -0.827326 0.400097996 -0.394237995 -0.689840019 0.587755978 -0.422589988 -0.689840019 0.587755978 -0.422589988 -0.330790013 0.847742975 -0.414563 -0.391705006 0.811365008 -0.433851004 -0.616564989 0.641193986 -0.456800997 -0.689840019 0.587755978 -0.422589988 -0.391705006 0.811365008 -0.433851004 -0.774316013 0.50453198 -0.381877989 -0.890407979 0.289162993 -0.35145101 -0.827326 0.400097996 -0.394237995 -0.774316013 0.50453198 -0.381877989 -0.827326 0.400097996 -0.394237995 -0.616564989 0.641193986 -0.456800997 -0.965422988 0 -0.260628015 -0.944975019 -0.00384499994 -0.327066988 -0.937864006 0.132297993 -0.320749998 -0.890407979 0.289162993 -0.35145101 -0.774316013 0.50453198 -0.381877989 -0.894742012 0.324014992 -0.307260007 -0.965422988 0 -0.260628015 -0.937864006 0.132297993 -0.320749998 -0.949126005 0.152927995 -0.275184989 -0.949126005 0.152927995 -0.275184989 -0.937864006 0.132297993 -0.320749998 -0.890407979 0.289162993 -0.35145101 -0.949126005 0.152927995 -0.275184989 -0.890407979 0.289162993 -0.35145101 -0.894742012 0.324014992 -0.307260007 0.925351977 0.112156004 0.362071991 0.953215003 0.214269996 0.213172004 0.920468986 0.151646003 0.360118002 0.902310014 0.0719930008 0.424970001 0.891628981 0.00842299964 0.452650994 0.925351977 0.112156004 0.362071991 0.902310014 0.0719930008 0.424970001 0.925351977 0.112156004 0.362071991 0.920468986 0.151646003 0.360118002 0.861720979 0.0516679995 0.504684985 0.902310014 0.0719930008 0.424970001 0.920468986 0.151646003 0.360118002 0.861720979 0.0516679995 0.504684985 0.920468986 0.151646003 0.360118002 0.866847992 0.115084998 0.48506099 -0.855251014 -0.0997650027 0.508468986 -0.889523029 0.138188004 0.435407996 -0.973571002 0.074496001 0.215765998 -0.855251014 -0.0997650027 0.508468986 -0.973571002 0.074496001 0.215765998 -0.924893975 -0.171269998 0.339365989 -0.998016 -0.00653100014 0.0623800009 -0.998046994 0.0433969982 0.0448319986 -0.985839009 0.0770590007 -0.148900002 -0.998016 -0.00653100014 0.0623800009 -0.985839009 0.0770590007 -0.148900002 -0.979278028 0.128361002 -0.156560004 -0.00796500035 -0.837122977 0.546953022 -0.0106509998 -0.840785027 0.541215003 0.0722979978 -0.737205029 0.671773016 -0.00796500035 -0.837122977 0.546953022 0.0722979978 -0.737205029 0.671773016 0.0764179975 -0.730612993 0.678457022 -0.952178001 -0.0571000017 -0.300150007 -0.955045998 -0.00912499987 -0.296243012 -0.982055008 0.00753800012 -0.188269004 -0.952178001 -0.0571000017 -0.300150007 -0.982055008 0.00753800012 -0.188269004 -0.990234017 -0.0260320008 -0.136937007 -0.952178001 -0.0571000017 -0.300150007 -0.953092992 0.0317090005 -0.301003993 -0.875331998 0.0571000017 -0.480087012 -0.952178001 -0.0571000017 -0.300150007 -0.875331998 0.0571000017 -0.480087012 -0.886807024 -3.09999996e-05 -0.462080985 -0.924893975 -0.171269998 0.339365989 -0.973571002 0.074496001 0.215765998 -0.998046994 0.0433969982 0.0448319986 -0.924893975 -0.171269998 0.339365989 -0.998046994 0.0433969982 0.0448319986 -0.998016 -0.00653100014 0.0623800009 -0.998046994 0.0433969982 0.0448319986 -0.992614985 0.060366001 -0.104952998 -0.985839009 0.0770590007 -0.148900002 0.408185005 0.232458994 0.882777989 0.560045004 0.25602001 0.787895977 0.563615978 0.380809993 0.73299402 0.40635401 0.37748301 0.832056999 0.417950988 0.28470701 0.862667024 0.563615978 0.380809993 0.73299402 0.40635401 0.37748301 0.832056999 0.563615978 0.380809993 0.73299402 0.477553993 0.67058301 0.567644 0.483168989 0.261817992 0.835443974 0.483168989 0.261817992 0.835413992 0.563615978 0.380809993 0.73299402 0.483168989 0.261817992 0.835413992 0.408185005 0.232458994 0.882777989 0.563615978 0.380809993 0.73299402 0.483168989 0.261817992 0.835413992 0.418958008 0.257393003 0.870724022 0.408185005 0.232458994 0.882777989 0.563615978 0.380809993 0.73299402 0.417950988 0.28470701 0.862667024 0.483168989 0.261817992 0.835443974 0.483168989 0.261817992 0.835443974 0.483168989 0.261817992 0.835443974 0.563615978 0.380809993 0.73299402 0.408185005 0.232458994 0.882777989 0.238593996 0.227118999 0.944181979 0.222967997 0.0643329993 0.972685993 0.40635401 0.37748301 0.832056999 0.477553993 0.67058301 0.567644 0.403026998 0.442914993 0.800836027 0.408185005 0.232458994 0.882777989 0.222967997 0.0643329993 0.972685993 0.383861989 -0.0106509998 0.923307002 0.34681201 -0.219580993 0.911831975 0.514176011 -0.0480669998 0.85631901 0.543474019 0.0834380016 0.835231006 0.34681201 -0.219580993 0.911831975 0.543474019 0.0834380016 0.835231006 0.383861989 -0.0106509998 0.923307002 0.725912988 0.409375012 0.552659988 0.831843019 0.441083997 0.336802006 0.763176024 0.615222991 0.197485 0.725912988 0.409375012 0.552659988 0.563615978 0.380809993 0.73299402 0.560045004 0.25602001 0.787895977 0.725912988 0.409375012 0.552659988 0.763176024 0.615222991 0.197485 0.605457008 0.683920026 0.406964004 0.739127994 0.266456991 0.618579984 0.725912988 0.409375012 0.552659988 0.560045004 0.25602001 0.787895977 0.739127994 0.266456991 0.618579984 0.560045004 0.25602001 0.787895977 0.543474019 0.0834380016 0.835231006 0.605457008 0.683920026 0.406964004 0.763176024 0.615222991 0.197485 0.702840984 0.693898976 0.156406999 0.739127994 0.266456991 0.618579984 0.543474019 0.0834380016 0.835231006 0.729300976 0.0766009986 0.679861009 -0.934567988 0.268043995 0.233833 -0.975126982 0.123905003 0.183630005 -0.873683989 0.198949993 0.443892002 0.605457008 0.683920026 0.406964004 0.702840984 0.693898976 0.156406999 0.60670799 0.700644016 0.375468999 -0.934567988 0.268043995 0.233833 -0.873683989 0.198949993 0.443892002 -0.809289992 0.345775008 0.474806994 -0.975126982 0.123905003 0.183630005 -0.973571002 0.074496001 0.215765998 -0.889523029 0.138188004 0.435407996 -0.809289992 0.345775008 0.474806994 -0.638966024 0.363902986 0.677694023 -0.631855011 0.441877007 0.636768997 -0.975126982 0.123905003 0.183630005 -0.889523029 0.138188004 0.435407996 -0.873683989 0.198949993 0.443892002 -0.809289992 0.345775008 0.474806994 -0.631855011 0.441877007 0.636768997 -0.632649004 0.670338988 0.387768 -0.574235976 0.242225006 0.782006025 -0.682119012 0.249916002 0.687155008 -0.745200992 0.160070002 0.647297978 0.343333006 0.939085007 0.0139769996 0.331735998 0.943265975 0.0135199996 0.647144973 0.761864007 0.0263679996 0.343333006 0.939085007 0.0139769996 0.647144973 0.761864007 0.0263679996 0.653523028 0.756401002 0.0266430005 -0.537431002 0.843012989 -0.0219119992 -0.552599013 0.833124995 -0.0225230008 -0.298563004 0.954282999 -0.0121769998 -0.537431002 0.843012989 -0.0219119992 -0.298563004 0.954282999 -0.0121769998 -0.276802987 0.960844994 -0.0112610003 0.976011992 -0.213995993 0.0397959985 0.999145985 0 0.0407419987 0.998504996 0.0358290002 0.0407119989 0.976011992 -0.213995993 0.0397959985 0.998504996 0.0358290002 0.0407119989 0.975555003 -0.216070995 0.0397659987 0.968719006 0.248085007 -0.00268599996 0.978178978 0.207647994 -0.00592100015 0.978331983 0.205969006 0.0196839999 0.968719006 0.248085007 -0.00268599996 0.978331983 0.205969006 0.0196839999 0.993193984 0.109470002 0.0390029997 0.968719006 0.248085007 -0.00268599996 0.993193984 0.109470002 0.0390029997 0.991851985 0.126560003 0.0131839998 0.93957299 0.340128988 -0.0385750011 0.978178978 0.207647994 -0.00592100015 0.968719006 0.248085007 -0.00268599996 0.833094001 0.551805019 -0.0375070013 0.870540023 0.486342996 -0.0745870024 0.893276989 0.446089 -0.0547499992 0.833094001 0.551805019 -0.0375070013 0.893276989 0.446089 -0.0547499992 0.847101986 0.529801011 -0.0408950001 0.820550978 0.571367979 -0.0125129996 0.845332026 0.533676982 -0.0236820001 0.870540023 0.486342996 -0.0745870024 0.978331983 0.205969006 0.0196839999 0.987609982 0.148960993 -0.0487990007 0.992888987 0.111667 0.0411389992 0.820550978 0.571367979 -0.0125129996 0.870540023 0.486342996 -0.0745870024 0.833094001 0.551805019 -0.0375070013 0.978331983 0.205969006 0.0196839999 0.992888987 0.111667 0.0411389992 0.993193984 0.109470002 0.0390029997 0.845332026 0.533676982 -0.0236820001 0.935483992 0.345317006 -0.0745569989 0.870540023 0.486342996 -0.0745870024 0.978178978 0.207647994 -0.00592100015 0.974029005 0.216619998 -0.0657370016 0.987609982 0.148960993 -0.0487990007 0.978178978 0.207647994 -0.00592100015 0.987609982 0.148960993 -0.0487990007 0.978331983 0.205969006 0.0196839999 0.910977006 0.378825992 0.162908003 0.953215003 0.214269996 0.213172004 0.897274971 0.430372 0.0981480032 0.910977006 0.378825992 0.162908003 0.897274971 0.430372 0.0981480032 0.787042022 0.616535008 -0.0201120004 0.953215003 0.214269996 0.213172004 0.925351977 0.112156004 0.362071991 0.933927 0.0621660016 0.351999998 0.973815024 0.0380260013 0.224096999 0.953215003 0.214269996 0.213172004 0.933927 0.0621660016 0.351999998 0.897274971 0.430372 0.0981480032 0.953215003 0.214269996 0.213172004 0.952757001 0.243355006 0.181555003 0.945738018 0.0125129996 0.32465601 0.992156982 0.000945999986 0.124821 0.989135027 -0.066591002 0.130894005 0.973815024 0.0380260013 0.224096999 0.933927 0.0621660016 0.351999998 0.945738018 0.0125129996 0.32465601 0.981657982 0.0725419968 0.176183 0.947417021 -0.017182 0.319467992 0.932218015 -0.0370489992 0.35996601 0.973815024 0.0380260013 0.224096999 0.945738018 0.0125129996 0.32465601 0.989135027 -0.066591002 0.130894005 -0.115512997 -0.960691988 0.252326995 -0.211309999 -0.875118017 0.435254991 -0.0937829986 -0.975432992 0.199224994 0.925351977 -0.366070002 0.098269999 0.92584002 -0.372204006 0.0651570037 0.85058099 -0.525772989 -0.00372299994 0.0950039998 0.973936975 -0.205878004 0.0929289982 0.97299099 -0.211280003 0.134158999 0.948423982 -0.287178993 0.950468004 -0.303811997 0.0653399974 0.956847012 -0.285836011 0.0520039983 0.925351977 -0.366070002 0.098269999 0.848720014 -0.527481973 -0.0373549983 0.925351977 -0.366070002 0.098269999 0.85058099 -0.525772989 -0.00372299994 0.848720014 -0.527481973 -0.0373549983 0.939329028 -0.342967004 0.00320399995 0.950468004 -0.303811997 0.0653399974 0.848720014 -0.527481973 -0.0373549983 0.950468004 -0.303811997 0.0653399974 0.925351977 -0.366070002 0.098269999 0.179814994 0.0496839993 -0.982420981 0.194250003 -0.0788289979 -0.97775197 0.220404997 0.0625320002 -0.973388016 0.987609982 0.148960993 -0.0487990007 0.999846995 0.0173649993 -0.00180099998 0.992888987 0.111667 0.0411389992 0.905515015 -0.332163006 0.263985008 0.879818022 -0.43058601 0.201147005 0.91821003 -0.214393005 0.333018005 0.905515015 -0.332163006 0.263985008 0.91821003 -0.214393005 0.333018005 0.917599976 -0.139927 0.371989995 0.879818022 -0.43058601 0.201147005 0.881497025 -0.373118997 0.289314985 0.91821003 -0.214393005 0.333018005 0.912380993 -0.408733994 0.0214549992 0.862574995 -0.504624009 0.0354930013 0.85058099 -0.525772989 -0.00372299994 0.922513008 -0.384532988 0.0322580002 0.92584002 -0.372204006 0.0651570037 0.940428019 -0.339762986 -0.00976600032 0.912380993 -0.408733994 0.0214549992 0.85058099 -0.525772989 -0.00372299994 0.922513008 -0.384532988 0.0322580002 0.910549998 0.268837988 0.313973993 0.897274971 0.430372 0.0981480032 0.952757001 0.243355006 0.181555003 0.92584002 -0.372204006 0.0651570037 0.922513008 -0.384532988 0.0322580002 0.85058099 -0.525772989 -0.00372299994 -0.350383013 -0.569781005 0.743339002 -0.351695001 -0.565446973 0.746025026 -0.389842987 -0.414411008 0.822320998 -0.350383013 -0.569781005 0.743339002 -0.389842987 -0.414411008 0.822320998 -0.389874011 -0.414227992 0.822413027 -0.389874011 -0.414227992 0.822413027 -0.389842987 -0.414411008 0.822320998 -0.414411008 -0.271310002 0.868678987 -0.389874011 -0.414227992 0.822413027 -0.414411008 -0.271310002 0.868678987 -0.414380014 -0.27164501 0.868587017 0.134158999 0.948423982 -0.287178993 0.131748006 0.950498998 -0.281289011 0.213569 0.853847027 -0.474653989 0.134158999 0.948423982 -0.287178993 0.213569 0.853847027 -0.474653989 0.224218994 0.856929004 -0.464033991 0.134158999 0.948423982 -0.287178993 0.224218994 0.856929004 -0.464033991 0.148137003 0.94610399 -0.287912011 0.148137003 0.94610399 -0.287912011 0.224218994 0.856929004 -0.464033991 0.240242004 0.807550013 -0.538591027 0.224218994 0.856929004 -0.464033991 0.213569 0.853847027 -0.474653989 0.295388997 0.714254975 -0.634449005 0.240242004 0.807550013 -0.538591027 0.224218994 0.856929004 -0.464033991 0.295388997 0.714254975 -0.634449005 0.240242004 0.807550013 -0.538591027 0.295388997 0.714254975 -0.634449005 0.31180799 0.653523028 -0.689656973 0.295388997 0.714254975 -0.634449005 0.345102996 0.532426 -0.772912025 0.31180799 0.653523028 -0.689656973 0.31180799 0.653523028 -0.689656973 0.317910999 0.496719003 -0.807550013 0.240242004 0.807550013 -0.538591027 0.317910999 0.496719003 -0.807550013 0.31180799 0.653523028 -0.689656973 0.345102996 0.532426 -0.772912025 0.317910999 0.496719003 -0.807550013 0.345102996 0.532426 -0.772912025 0.348430008 0.436749995 -0.82931 0.224250004 -0.274361014 -0.935087025 0.202765003 0.0554520003 -0.977630019 0.214727998 -0.0844750032 -0.97299099 0.324411988 0.300974011 -0.896724999 0.317910999 0.496719003 -0.807550013 0.348430008 0.436749995 -0.82931 0.214727998 -0.0844750032 -0.97299099 0.202765003 0.0554520003 -0.977630019 0.184239998 0.0475779995 -0.981719017 0.214727998 -0.0844750032 -0.97299099 0.184239998 0.0475779995 -0.981719017 0.186223999 0.0472729988 -0.981352985 0.281441987 -0.136142999 -0.94985801 0.25525701 -0.223395005 -0.94067198 0.291635007 -0.383892 -0.876094997 0.281441987 -0.136142999 -0.94985801 0.291635007 -0.383892 -0.876094997 0.336192012 -0.370128006 -0.865993023 0.348765999 -0.572771013 -0.741783023 0.281776994 -0.657581985 -0.69869101 0.242957994 -0.833705008 -0.495833993 0.348765999 -0.572771013 -0.741783023 0.242957994 -0.833705008 -0.495833993 0.248145998 -0.825097978 -0.507492006 0.248145998 -0.825097978 -0.507492006 0.242957994 -0.833705008 -0.495833993 0.130528003 -0.959105015 -0.251044989 0.248145998 -0.825097978 -0.507492006 0.130528003 -0.959105015 -0.251044989 0.139134005 -0.952970982 -0.269172996 0.139134005 -0.952970982 -0.269172996 0.130528003 -0.959105015 -0.251044989 0.0148010002 -0.999817014 -0.0119939996 0.139134005 -0.952970982 -0.269172996 0.0148010002 -0.999817014 -0.0119939996 0.0293279998 -0.998749018 -0.0402229987 0.0148010002 -0.999817014 -0.0119939996 -0.109866999 -0.963225007 0.245124996 -0.115512997 -0.960691988 0.252326995 0.0148010002 -0.999817014 -0.0119939996 -0.115512997 -0.960691988 0.252326995 -0.0937829986 -0.975432992 0.199224994 0.862574995 -0.504624009 0.0354930013 0.872982025 -0.486557007 -0.0330820009 0.856074989 -0.511642992 0.0727870017 -0.312967002 0.726951003 0.611194015 -0.314585 0.71697098 0.622027993 -0.234474003 0.857142985 0.458602011 -0.312967002 0.726951003 0.611194015 -0.234474003 0.857142985 0.458602011 -0.240730003 0.839625001 0.486862004 -0.312967002 0.726951003 0.611194015 -0.240730003 0.839625001 0.486862004 -0.226202995 0.883846998 0.409375012 -0.312967002 0.726951003 0.611194015 -0.349222988 0.627093971 0.696249008 -0.353008002 0.549120009 0.757468998 -0.312967002 0.726951003 0.611194015 -0.353008002 0.549120009 0.757468998 -0.314585 0.71697098 0.622027993 -0.936246991 -0.264961988 0.230658993 -0.969480991 -0.236488 -0.0640890002 -0.945493996 -0.322398007 -0.0453509986 -0.936246991 -0.264961988 0.230658993 -0.945493996 -0.322398007 -0.0453509986 -0.766349971 -0.600786984 0.227393001 -0.0501720011 -0.356974989 0.932736993 -0.361308992 -0.37202099 0.855006993 -0.362895995 -0.431501001 0.825860977 -0.0501720011 -0.356974989 0.932736993 -0.362895995 -0.431501001 0.825860977 -0.0568559989 -0.427320004 0.902279973 -0.0501720011 -0.356974989 0.932736993 -0.0568559989 -0.427320004 0.902279973 0.220283002 -0.428205013 0.876399994 -0.545000017 -0.64467299 0.536027014 -0.362895995 -0.431501001 0.825860977 -0.361308992 -0.37202099 0.855006993 -0.0501720011 -0.356974989 0.932736993 0.220283002 -0.428205013 0.876399994 0.220923007 -0.348827004 0.910763979 -0.545000017 -0.64467299 0.536027014 -0.361308992 -0.37202099 0.855006993 -0.638873994 -0.363994002 0.677694023 -0.893033028 -0.237678006 -0.382030994 -0.746483028 -0.318491012 -0.584185004 -0.702750027 -0.362406999 -0.612170994 -0.746483028 -0.318491012 -0.584185004 -0.679373026 -0.422681004 -0.599780023 -0.604876995 -0.472427011 -0.640980005 -0.893033028 -0.237678006 -0.382030994 -0.702750027 -0.362406999 -0.612170994 -0.871487021 -0.293466002 -0.392895013 -0.746483028 -0.318491012 -0.584185004 -0.604876995 -0.472427011 -0.640980005 -0.702750027 -0.362406999 -0.612170994 -0.969480991 -0.236488 -0.0640890002 -0.893033028 -0.237678006 -0.382030994 -0.871487021 -0.293466002 -0.392895013 -0.969480991 -0.236488 -0.0640890002 -0.871487021 -0.293466002 -0.392895013 -0.945493996 -0.322398007 -0.0453509986 -0.434828013 -0.737510026 -0.516647995 -0.604876995 -0.472427011 -0.640980005 -0.679373026 -0.422681004 -0.599780023 -0.344309986 -0.825982988 -0.446271986 -0.550737023 -0.764702022 -0.334452003 -0.541703999 -0.78371501 -0.303781003 -0.344309986 -0.825982988 -0.446271986 -0.541703999 -0.78371501 -0.303781003 -0.344431996 -0.831201971 -0.436354011 0.611499012 -0.677296996 0.409040004 0.475906014 -0.675374985 0.563310981 0.364329994 -0.855892003 0.367015988 0.242072999 -0.861599028 0.446089 0.113803998 -0.864376009 0.489731014 0.189673007 -0.703391016 0.685018003 0.611499012 -0.677296996 0.409040004 0.364329994 -0.855892003 0.367015988 0.619036973 -0.68828398 0.378154993 0.189673007 -0.703391016 0.685018003 0.113803998 -0.864376009 0.489731014 -0.0341500007 -0.843593001 0.535874009 0.242072999 -0.861599028 0.446089 0.189673007 -0.703391016 0.685018003 0.255562007 -0.862757981 0.436262012 -0.0341500007 -0.843593001 0.535874009 -0.231879994 -0.840052009 0.490402013 -0.319406986 -0.691609979 0.647786021 0.189673007 -0.703391016 0.685018003 -0.0341500007 -0.843593001 0.535874009 -0.042665001 -0.686361015 0.725974023 -0.231879994 -0.840052009 0.490402013 -0.545000017 -0.64467299 0.536027014 -0.529160023 -0.688710988 0.495620996 -0.0341500007 -0.843593001 0.535874009 -0.319406986 -0.691609979 0.647786021 -0.042665001 -0.686361015 0.725974023 -0.231879994 -0.840052009 0.490402013 -0.529160023 -0.688710988 0.495620996 -0.319406986 -0.691609979 0.647786021 -0.628376007 -0.67513001 0.386395007 -0.766349971 -0.600786984 0.227393001 -0.674305975 -0.706595004 0.214393005 -0.628376007 -0.67513001 0.386395007 -0.674305975 -0.706595004 0.214393005 -0.616504014 -0.691671014 0.376080006 -0.766349971 -0.600786984 0.227393001 -0.488539994 -0.871792018 -0.0357370004 -0.657001972 -0.751091003 -0.064485997 -0.766349971 -0.600786984 0.227393001 -0.657001972 -0.751091003 -0.064485997 -0.674305975 -0.706595004 0.214393005 -0.488539994 -0.871792018 -0.0357370004 -0.541703999 -0.78371501 -0.303781003 -0.550737023 -0.764702022 -0.334452003 -0.488539994 -0.871792018 -0.0357370004 -0.550737023 -0.764702022 -0.334452003 -0.657001972 -0.751091003 -0.064485997 0.186162993 -0.0071109999 0.982482016 0.266213 0.144047007 0.953063011 0.22721 0.104525998 0.968200028 -0.98516798 0.0414140001 -0.166447997 -0.985899985 -0.0358290002 -0.163366005 -0.989073992 -0.0370489992 -0.142552003 0.186162993 -0.0071109999 0.982482016 0.22721 0.104525998 0.968200028 0.166295007 -0.0179140009 0.985899985 -0.98516798 0.0414140001 -0.166447997 -0.989073992 -0.0370489992 -0.142552003 -0.978362024 0.067629002 0.195409998 -0.985136986 -0.0762050003 -0.153873995 -0.97607398 -0.135533005 -0.169988006 -0.989073992 -0.0370489992 -0.142552003 -0.985136986 -0.0762050003 -0.153873995 -0.989073992 -0.0370489992 -0.142552003 -0.985899985 -0.0358290002 -0.163366005 0.892971992 -0.0125129996 0.449903995 0.916745007 -0.0855130032 0.390148997 0.932218015 -0.0370489992 0.35996601 0.872219026 -0.00875900034 0.488997996 0.875607014 0.0278629996 0.48219201 0.932218015 -0.0370489992 0.35996601 0.892971992 -0.0125129996 0.449903995 0.932218015 -0.0370489992 0.35996601 0.875607014 0.0278629996 0.48219201 0.872219026 -0.00875900034 0.488997996 0.932218015 -0.0370489992 0.35996601 0.947417021 -0.017182 0.319467992 0.900997996 -0.0573749989 0.429975003 0.917599976 -0.139927 0.371989995 0.916745007 -0.0855130032 0.390148997 0.86541301 -0.123691998 0.485518992 0.866909027 -0.156315997 0.47331199 0.917599976 -0.139927 0.371989995 0.900997996 -0.0573749989 0.429975003 0.916745007 -0.0855130032 0.390148997 0.892971992 -0.0125129996 0.449903995 0.514176011 0.0480360016 0.85631901 0.542436004 -0.0727259964 0.836908996 0.72438699 -0.0360420011 0.688405991 0.86541301 -0.123691998 0.485518992 0.917599976 -0.139927 0.371989995 0.900997996 -0.0573749989 0.429975003 0.148197994 0.448073 0.881618977 0.235694006 -0.0633260012 0.969726026 0.387432009 0.0110780001 0.921811998 0.514176011 0.0480360016 0.85631901 0.72438699 -0.0360420011 0.688405991 0.68849802 0.120517999 0.715139985 -0.0164490007 0.00289899996 0.999846995 -0.0200510006 -0.0998869985 0.994781017 0.235694006 -0.0633260012 0.969726026 0.148197994 0.448073 0.881618977 0.387432009 0.0110780001 0.921811998 0.264198989 0.457533002 0.848994017 -0.541459024 0.0812710002 0.836755991 -0.701376021 0.151097 0.696554005 -0.744895995 -0.156163007 0.648639977 -0.0164490007 0.00289899996 0.999846995 0.235694006 -0.0633260012 0.969726026 0.148197994 0.448073 0.881618977 -0.850215018 0.112490997 0.514236987 -0.922208011 0.179876 0.342234999 -0.972625017 -0.0765710026 0.219337001 -0.541459024 0.0812710002 0.836755991 -0.744895995 -0.156163007 0.648639977 -0.574205995 -0.242194995 0.78203702 -0.850215018 0.112490997 0.514236987 -0.972625017 -0.0765710026 0.219337001 -0.889248013 -0.146794006 0.433209985 0.856348991 0 0.516372979 0.872219026 -0.00875900034 0.488997996 0.947417021 -0.017182 0.319467992 -0.978362024 0.067629002 0.195409998 -0.895534992 0.223181993 0.38489899 -0.887203991 0.236183003 0.396313012 0.856348991 0 0.516372979 0.947417021 -0.017182 0.319467992 0.944730997 0.000396999996 0.327769011 -0.978362024 0.067629002 0.195409998 -0.887203991 0.236183003 0.396313012 -0.827356994 0.117801003 0.549120009 -0.887203991 0.236183003 0.396313012 -0.895534992 0.223181993 0.38489899 -0.780418992 0.44245699 0.441754997 -0.887203991 0.236183003 0.396313012 -0.780418992 0.44245699 0.441754997 -0.768242002 0.455060989 0.450179011 0.326059997 0.278939009 0.903226018 0.22721 0.104525998 0.968200028 0.266213 0.144047007 0.953063011 0.326059997 0.278939009 0.903226018 0.266213 0.144047007 0.953063011 0.338054001 0.462172002 0.819787979 0.290596992 0.675893009 0.677267015 0.330302 0.511367977 0.793298006 0.338054001 0.462172002 0.819787979 0.290596992 0.675893009 0.677267015 0.338054001 0.462172002 0.819787979 0.272805005 0.674367011 0.686116993 0.235754997 0.766991019 0.596759021 0.239692003 0.767234981 0.594866991 0.290596992 0.675893009 0.677267015 0.235754997 0.766991019 0.596759021 0.290596992 0.675893009 0.677267015 0.272805005 0.674367011 0.686116993 0.177190006 0.768913984 0.614277005 0.187414005 0.773582995 0.605304003 0.239692003 0.767234981 0.594866991 0.177190006 0.768913984 0.614277005 0.239692003 0.767234981 0.594866991 0.235754997 0.766991019 0.596759021 0.155674994 0.680348992 0.716117024 0.264198989 0.457533002 0.848994017 0.205390006 0.689778984 0.694235027 0.155674994 0.680348992 0.716117024 0.205390006 0.689778984 0.694235027 0.219398007 0.685658991 0.694051981 -9.2000002e-05 0.816065013 0.57792902 0.148197994 0.448073 0.881618977 0.0466630012 0.77651298 0.628346026 -9.2000002e-05 0.816065013 0.57792902 0.0466630012 0.77651298 0.628346026 0.00161699997 0.813623011 0.581377983 -0.125918999 0.739372015 0.66139698 -9.2000002e-05 0.816065013 0.57792902 0.00161699997 0.813623011 0.581377983 -0.125918999 0.739372015 0.66139698 0.00161699997 0.813623011 0.581377983 -0.123295002 0.741752028 0.659229994 -0.541459024 0.0812710002 0.836755991 -0.125918999 0.739372015 0.66139698 -0.123295002 0.741752028 0.659229994 -0.541459024 0.0812710002 0.836755991 -0.123295002 0.741752028 0.659229994 -0.383861989 0.497664988 0.777764022 -0.723776996 0.371989995 0.581164002 -0.850215018 0.112490997 0.514236987 -0.701376021 0.151097 0.696554005 -0.723776996 0.371989995 0.581164002 -0.701376021 0.151097 0.696554005 -0.581071973 0.420515001 0.696767986 -0.863032997 0.367321014 0.346720994 -0.922208011 0.179876 0.342234999 -0.803216994 0.403759986 0.437941015 -0.863032997 0.367321014 0.346720994 -0.803216994 0.403759986 0.437941015 -0.862819016 0.370891005 0.343394011 -0.98516798 0.0414140001 -0.166447997 -0.978362024 0.067629002 0.195409998 -0.999083996 0.000731999986 -0.0426039994 -0.98516798 0.0414140001 -0.166447997 -0.999083996 0.000731999986 -0.0426039994 -0.982055008 0.00753800012 -0.188269004 -0.978362024 0.067629002 0.195409998 -0.827356994 0.117801003 0.549120009 -0.995666027 0.00295999995 0.0927760005 -0.978362024 0.067629002 0.195409998 -0.995666027 0.00295999995 0.0927760005 -0.999083996 0.000731999986 -0.0426039994 -0.780418992 0.44245699 0.441754997 -0.863032997 0.367321014 0.346720994 -0.862819016 0.370891005 0.343394011 -0.780418992 0.44245699 0.441754997 -0.862819016 0.370891005 0.343394011 -0.768242002 0.455060989 0.450179011 0.475906014 -0.675374985 0.563310981 0.242072999 -0.861599028 0.446089 0.255562007 -0.862757981 0.436262012 0.475906014 -0.675374985 0.563310981 0.255562007 -0.862757981 0.436262012 0.364329994 -0.855892003 0.367015988 0.264198989 0.457533002 0.848994017 0.387432009 0.0110780001 0.921811998 0.542436004 -0.0727259964 0.836908996 0.148197994 0.448073 0.881618977 0.264198989 0.457533002 0.848994017 0.155674994 0.680348992 0.716117024 0.264198989 0.457533002 0.848994017 0.542436004 -0.0727259964 0.836908996 0.514176011 0.0480360016 0.85631901 0.148197994 0.448073 0.881618977 0.155674994 0.680348992 0.716117024 0.0466630012 0.77651298 0.628346026 0.68849802 0.120517999 0.715139985 0.72438699 -0.0360420011 0.688405991 0.866909027 -0.156315997 0.47331199 0.205390006 0.689778984 0.694235027 0.187414005 0.773582995 0.605304003 0.177190006 0.768913984 0.614277005 0.68849802 0.120517999 0.715139985 0.866909027 -0.156315997 0.47331199 0.86541301 -0.123691998 0.485518992 -0.817376971 -0.337657005 0.466749996 -0.628376007 -0.67513001 0.386395007 -0.545000017 -0.64467299 0.536027014 0.205390006 0.689778984 0.694235027 0.177190006 0.768913984 0.614277005 0.219398007 0.685658991 0.694051981 -0.817376971 -0.337657005 0.466749996 -0.545000017 -0.64467299 0.536027014 -0.638873994 -0.363994002 0.677694023 -0.628376007 -0.67513001 0.386395007 -0.616504014 -0.691671014 0.376080006 -0.529160023 -0.688710988 0.495620996 -0.701376021 0.151097 0.696554005 -0.850215018 0.112490997 0.514236987 -0.889248013 -0.146794006 0.433209985 -0.628376007 -0.67513001 0.386395007 -0.529160023 -0.688710988 0.495620996 -0.545000017 -0.64467299 0.536027014 -0.922208011 0.179876 0.342234999 -0.850215018 0.112490997 0.514236987 -0.723776996 0.371989995 0.581164002 -0.701376021 0.151097 0.696554005 -0.889248013 -0.146794006 0.433209985 -0.744895995 -0.156163007 0.648639977 -0.922208011 0.179876 0.342234999 -0.723776996 0.371989995 0.581164002 -0.803216994 0.403759986 0.437941015 -0.340373009 -0.0575580001 0.938504994 -0.541459024 0.0812710002 0.836755991 -0.574205995 -0.242194995 0.78203702 -0.701376021 0.151097 0.696554005 -0.541459024 0.0812710002 0.836755991 -0.383861989 0.497664988 0.777764022 -0.340373009 -0.0575580001 0.938504994 -0.574205995 -0.242194995 0.78203702 -0.351054013 -0.138065994 0.926083982 -0.701376021 0.151097 0.696554005 -0.383861989 0.497664988 0.777764022 -0.581071973 0.420515001 0.696767986 -0.0598770007 0.112521999 -0.991820991 -0.105898999 0.0153200002 -0.994231999 -0.105930001 0.0310980007 -0.993866026 0.119877003 0.123843998 -0.985014975 -0.0220040008 0.0402229987 -0.998932004 -0.0119629996 0.0424209982 -0.99902302 -0.0598770007 0.112521999 -0.991820991 -0.105930001 0.0310980007 -0.993866026 -0.0577410012 0.119723998 -0.991119027 0.119877003 0.123843998 -0.985014975 -0.0119629996 0.0424209982 -0.99902302 0.128147006 0.133854002 -0.982665002 -0.174321994 0.0995509997 -0.979614019 -0.224005997 0.090425998 -0.970367014 -0.228309005 0.0933559984 -0.969084978 -0.174321994 0.0995509997 -0.979614019 -0.228309005 0.0933559984 -0.969084978 -0.176183 0.100497 -0.979185998 -0.147862002 -0.0243539996 -0.988677979 -0.0796530023 -0.0375679992 -0.996093988 -0.0746179968 -0.036621999 -0.996520996 -0.147862002 -0.0243539996 -0.988677979 -0.0746179968 -0.036621999 -0.996520996 -0.151798993 -0.0209970009 -0.988159001 0.193700999 0.00070199999 -0.981047988 0.161016002 0.0359509997 -0.986266971 0.166569993 0.0315870009 -0.985503972 0.193700999 0.00070199999 -0.981047988 0.166569993 0.0315870009 -0.985503972 0.195897996 0.000884999987 -0.98062098 0.161016002 0.0359509997 -0.986266971 0.129062995 0.0864590034 -0.987854004 0.130741 0.0818810016 -0.988005996 0.161016002 0.0359509997 -0.986266971 0.130741 0.0818810016 -0.988005996 0.166569993 0.0315870009 -0.985503972 -0.0220040008 0.0402229987 -0.998932004 -0.0598770007 0.112521999 -0.991820991 -0.0577410012 0.119723998 -0.991119027 -0.0220040008 0.0402229987 -0.998932004 -0.0577410012 0.119723998 -0.991119027 -0.0119629996 0.0424209982 -0.99902302 -0.105898999 0.0153200002 -0.994231999 -0.174321994 0.0995509997 -0.979614019 -0.176183 0.100497 -0.979185998 -0.105898999 0.0153200002 -0.994231999 -0.176183 0.100497 -0.979185998 -0.105930001 0.0310980007 -0.993866026 -0.0796530023 -0.0375679992 -0.996093988 0.00705000013 0.00958300009 -0.99990797 -0.00167899998 0.00662299991 -0.999969006 -0.0796530023 -0.0375679992 -0.996093988 -0.00167899998 0.00662299991 -0.999969006 -0.0746179968 -0.036621999 -0.996520996 0.129062995 0.0864590034 -0.987854004 0.119877003 0.123843998 -0.985014975 0.128147006 0.133854002 -0.982665002 0.129062995 0.0864590034 -0.987854004 0.128147006 0.133854002 -0.982665002 0.130741 0.0818810016 -0.988005996 0.482284009 0.849665999 0.213172004 0.787774026 0.56398201 0.247504994 0.742393017 0.468214989 0.479110003 0.482284009 0.849665999 0.213172004 0.742393017 0.468214989 0.479110003 0.51692301 0.755303025 0.402844012 0.0329909995 0.975036025 0.219549999 0.482284009 0.849665999 0.213172004 0.51692301 0.755303025 0.402844012 0.0329909995 0.975036025 0.219549999 0.51692301 0.755303025 0.402844012 0.0748310015 0.915341973 0.395610988 -0.328074008 0.875118017 0.355632007 0.0329909995 0.975036025 0.219549999 0.0748310015 0.915341973 0.395610988 -0.328074008 0.875118017 0.355632007 0.0748310015 0.915341973 0.395610988 -0.354106009 0.751914978 0.556016982 -0.793878019 0.275032997 0.542253017 -0.632191002 0.479445994 0.60860002 -0.694571018 0.411237001 0.590258002 -0.793878019 0.275032997 0.542253017 -0.694571018 0.411237001 0.590258002 -0.793878019 0.275032997 0.542253017 0.787774026 0.56398201 0.247504994 0.907895029 0.332468987 0.255165011 0.842616022 0.269387007 0.466262013 0.787774026 0.56398201 0.247504994 0.842616022 0.269387007 0.466262013 0.742393017 0.468214989 0.479110003 -0.632191002 0.479445994 0.60860002 -0.328074008 0.875118017 0.355632007 -0.354106009 0.751914978 0.556016982 -0.632191002 0.479445994 0.60860002 -0.354106009 0.751914978 0.556016982 -0.694571018 0.411237001 0.590258002 0.907895029 0.332468987 0.255165011 0.980437994 -0.0119939996 0.196417004 0.913572013 -0.0157779995 0.406293005 0.907895029 0.332468987 0.255165011 0.913572013 -0.0157779995 0.406293005 0.842616022 0.269387007 0.466262013 -0.422681004 -0.385022014 0.820398986 -0.0301220007 -0.382701993 0.923367977 -0.456739992 -0.384685993 0.802118003 -0.422681004 -0.385022014 0.820398986 -0.456739992 -0.384685993 0.802118003 -0.770470023 -0.371807009 0.517777026 0.847957015 0.523423016 0.0833460018 0.851131022 0.495436996 0.173375994 0.820550978 0.571367979 -0.0125129996 -0.934567988 0.268043995 0.233833 -0.754112005 0.615222991 0.229773998 -0.94799602 0.313760996 -0.0531020015 -0.934567988 0.268043995 0.233833 -0.94799602 0.313760996 -0.0531020015 -0.969756007 0.235237002 -0.0649430007 -0.0498370007 0.357401997 0.932614982 -0.0545670018 0.430218995 0.901058972 -0.363079011 0.431134999 0.825982988 -0.0498370007 0.357401997 0.932614982 -0.363079011 0.431134999 0.825982988 -0.362071991 0.370799989 0.855189979 0.307321012 0.93304199 -0.186865002 0.331919014 0.922604978 -0.196417004 0.71132499 0.699788988 -0.0655229986 0.307321012 0.93304199 -0.186865002 0.71132499 0.699788988 -0.0655229986 0.659748971 0.745810986 -0.0920440033 -0.631855011 0.441877007 0.636768997 -0.638966024 0.363902986 0.677694023 -0.362071991 0.370799989 0.855189979 -0.631855011 0.441877007 0.636768997 -0.362071991 0.370799989 0.855189979 -0.363079011 0.431134999 0.825982988 -0.893399 0.243263006 -0.377635986 -0.873043001 0.315683007 -0.371592999 -0.703513026 0.384442002 -0.597674012 -0.893399 0.243263006 -0.377635986 -0.703513026 0.384442002 -0.597674012 -0.743888974 0.309244007 -0.592424989 -0.743888974 0.309244007 -0.592424989 -0.703513026 0.384442002 -0.597674012 -0.60472399 0.465772986 -0.646016002 -0.743888974 0.309244007 -0.592424989 -0.60472399 0.465772986 -0.646016002 -0.680319011 0.394847989 -0.617420018 -0.969756007 0.235237002 -0.0649430007 -0.94799602 0.313760996 -0.0531020015 -0.873043001 0.315683007 -0.371592999 -0.969756007 0.235237002 -0.0649430007 -0.873043001 0.315683007 -0.371592999 -0.893399 0.243263006 -0.377635986 0.952757001 0.243355006 0.181555003 0.953215003 0.214269996 0.213172004 0.932645977 0.115055002 0.341868013 0.974029005 0.216619998 -0.0657370016 0.970183015 0.241034999 -0.0244149994 0.983612001 0.0263989996 -0.178167 0.974029005 0.216619998 -0.0657370016 0.983612001 0.0263989996 -0.178167 0.987609982 0.148960993 -0.0487990007 0.787042022 0.616535008 -0.0201120004 0.71132499 0.699788988 -0.0655229986 0.331919014 0.922604978 -0.196417004 0.787042022 0.616535008 -0.0201120004 0.331919014 0.922604978 -0.196417004 0.606952012 0.785423994 -0.121128 -0.344309986 0.825982988 -0.446271986 -0.344431996 0.831201971 -0.436354011 -0.507523 0.811182022 -0.290414006 -0.344309986 0.825982988 -0.446271986 -0.507523 0.811182022 -0.290414006 -0.535081029 0.774957001 -0.336282998 -0.136784002 0.925809979 -0.352306008 -0.430402994 0.742026985 -0.513900995 -0.254097015 0.864193022 -0.434217006 -0.136784002 0.925809979 -0.352306008 -0.254097015 0.864193022 -0.434217006 -0.154180005 0.903989017 -0.398755014 0.242042005 0.862423003 0.44453299 0.255317986 0.861904025 0.438032001 0.132388994 0.85918802 0.494217008 0.242042005 0.862423003 0.44453299 0.132388994 0.85918802 0.494217008 0.120242998 0.858027995 0.499282986 0.132388994 0.85918802 0.494217008 -0.0455030017 0.69304502 0.719412982 -0.0369880013 0.849300027 0.526566029 0.132388994 0.85918802 0.494217008 -0.0369880013 0.849300027 0.526566029 0.120242998 0.858027995 0.499282986 -0.0369880013 0.849300027 0.526566029 -0.0455030017 0.69304502 0.719412982 -0.311075002 0.689444005 0.654102981 -0.0369880013 0.849300027 0.526566029 -0.311075002 0.689444005 0.654102981 -0.233221993 0.838465989 0.492477 -0.233221993 0.838465989 0.492477 -0.311075002 0.689444005 0.654102981 -0.528397977 0.688986003 0.496048003 -0.233221993 0.838465989 0.492477 -0.528397977 0.688986003 0.496048003 -0.39805299 0.840570986 0.367350996 -0.632649004 0.670338988 0.387768 -0.627246976 0.679556012 0.380383015 -0.645711005 0.730795979 0.221258998 -0.632649004 0.670338988 0.387768 -0.645711005 0.730795979 0.221258998 -0.754112005 0.615222991 0.229773998 -0.754112005 0.615222991 0.229773998 -0.645711005 0.730795979 0.221258998 -0.676077008 0.731833994 -0.0855130032 -0.754112005 0.615222991 0.229773998 -0.676077008 0.731833994 -0.0855130032 -0.545548975 0.836512029 -0.0511800013 -0.545548975 0.836512029 -0.0511800013 -0.676077008 0.731833994 -0.0855130032 -0.535081029 0.774957001 -0.336282998 -0.545548975 0.836512029 -0.0511800013 -0.535081029 0.774957001 -0.336282998 -0.507523 0.811182022 -0.290414006 -0.154180005 0.903989017 -0.398755014 -0.254097015 0.864193022 -0.434217006 -0.344431996 0.831201971 -0.436354011 -0.154180005 0.903989017 -0.398755014 -0.344431996 0.831201971 -0.436354011 -0.344309986 0.825982988 -0.446271986 0.186162993 -0.0071109999 0.982482016 0.166295007 -0.0179140009 0.985899985 0.214209005 -0.0974150002 0.971891999 0.186162993 -0.0071109999 0.982482016 0.214209005 -0.0974150002 0.971891999 0.239937007 -0.140140995 0.960600972 -0.990234017 -0.0260320008 -0.136937007 -0.996672988 -0.0247510001 -0.0775479972 -0.986938 0.0444959998 -0.154728994 -0.990234017 -0.0260320008 -0.136937007 -0.986938 0.0444959998 -0.154728994 -0.983825028 0.0560319982 -0.170080006 -0.986938 0.0444959998 -0.154728994 -0.979278028 0.128361002 -0.156560004 -0.985839009 0.0770590007 -0.148900002 -0.986938 0.0444959998 -0.154728994 -0.985839009 0.0770590007 -0.148900002 -0.983825028 0.0560319982 -0.170080006 0.891628981 0.00842299964 0.452650994 0.886380017 0.00140399998 0.462935001 0.933927 0.0621660016 0.351999998 0.891628981 0.00842299964 0.452650994 0.933927 0.0621660016 0.351999998 0.925351977 0.112156004 0.362071991 0.872219026 0.00875900034 0.488997996 0.945738018 0.0125129996 0.32465601 0.933927 0.0621660016 0.351999998 0.514176011 -0.0480669998 0.85631901 0.703574002 -0.054841999 0.708486974 0.729300976 0.0766009986 0.679861009 0.872219026 0.00875900034 0.488997996 0.933927 0.0621660016 0.351999998 0.886380017 0.00140399998 0.462935001 0.200719997 -0.0877410024 0.975677013 0.34681201 -0.219580993 0.911831975 0.383861989 -0.0106509998 0.923307002 0.514176011 -0.0480669998 0.85631901 0.729300976 0.0766009986 0.679861009 0.543474019 0.0834380016 0.835231006 0.200719997 -0.0877410024 0.975677013 0.383861989 -0.0106509998 0.923307002 0.222967997 0.0643329993 0.972685993 0.200719997 -0.0877410024 0.975677013 0.222967997 0.0643329993 0.972685993 -0.0220950004 -0.00338799995 0.999724984 -0.0220950004 -0.00338799995 0.999724984 0.222967997 0.0643329993 0.972685993 -0.0244449992 0.102603003 0.994414985 -0.0220950004 -0.00338799995 0.999724984 -0.0244449992 0.102603003 0.994414985 -0.348491013 0.138188004 0.927030027 -0.545060992 0.0251780003 0.838007987 -0.574235976 0.242225006 0.782006025 -0.745200992 0.160070002 0.647297978 -0.0220950004 -0.00338799995 0.999724984 -0.348491013 0.138188004 0.927030027 -0.340373009 0.0575580001 0.938504994 -0.545060992 0.0251780003 0.838007987 -0.745200992 0.160070002 0.647297978 -0.693075001 -0.163700998 0.702017009 0.856348991 0 0.516372979 0.944730997 0.000396999996 0.327769011 0.945738018 0.0125129996 0.32465601 -0.833674014 -0.108188003 0.54152 -0.827356994 -0.117801003 0.549120009 -0.867244005 -0.251228005 0.429791987 0.856348991 0 0.516372979 0.945738018 0.0125129996 0.32465601 0.872219026 0.00875900034 0.488997996 -0.833674014 -0.108188003 0.54152 -0.867244005 -0.251228005 0.429791987 -0.872950971 -0.240913004 0.424115986 -0.867244005 -0.251228005 0.429791987 -0.831294 -0.400341988 0.385509998 -0.831690013 -0.397197992 0.387890011 -0.867244005 -0.251228005 0.429791987 -0.831690013 -0.397197992 0.387890011 -0.872950971 -0.240913004 0.424115986 0.330882013 -0.267129004 0.905057013 0.36384201 -0.449292988 0.815912008 0.347330987 -0.444655001 0.825586975 0.330882013 -0.267129004 0.905057013 0.347330987 -0.444655001 0.825586975 0.239937007 -0.140140995 0.960600972 0.330882013 -0.267129004 0.905057013 0.239937007 -0.140140995 0.960600972 0.214209005 -0.0974150002 0.971891999 0.290596992 -0.675893009 0.677267015 0.272805005 -0.674367011 0.686116993 0.347330987 -0.444655001 0.825586975 0.290596992 -0.675893009 0.677267015 0.347330987 -0.444655001 0.825586975 0.36384201 -0.449292988 0.815912008 0.256752014 -0.748099983 0.611865997 0.272805005 -0.674367011 0.686116993 0.290596992 -0.675893009 0.677267015 0.256752014 -0.748099983 0.611865997 0.290596992 -0.675893009 0.677267015 0.251136988 -0.75701201 0.603137016 0.191473007 -0.762382984 0.618090987 0.256752014 -0.748099983 0.611865997 0.251136988 -0.75701201 0.603137016 0.191473007 -0.762382984 0.618090987 0.251136988 -0.75701201 0.603137016 0.179997995 -0.783532023 0.59465301 0.144719005 -0.694631994 0.704611003 0.185888007 -0.709159017 0.680073977 0.183905005 -0.704641998 0.685262978 0.144719005 -0.694631994 0.704611003 0.183905005 -0.704641998 0.685262978 0.139957994 -0.698050022 0.702199996 -0.545060992 0.0251780003 0.838007987 -0.444074988 0.0728780031 0.893001974 -0.252997994 0.147983998 0.956053019 -0.736961007 -0.352762997 0.576556027 -0.538652003 -0.468611985 0.700155973 -0.693075001 -0.163700998 0.702017009 -0.843074024 -0.395336986 0.364544004 -0.842067003 -0.39991501 0.361887991 -0.806909025 -0.397412002 0.436903 -0.736961007 -0.352762997 0.576556027 -0.693075001 -0.163700998 0.702017009 -0.855251014 -0.0997650027 0.508468986 -0.843074024 -0.395336986 0.364544004 -0.806909025 -0.397412002 0.436903 -0.924893975 -0.171269998 0.339365989 -0.990234017 -0.0260320008 -0.136937007 -0.982055008 0.00753800012 -0.188269004 -0.999083996 0.000731999986 -0.0426039994 -0.996672988 -0.0247510001 -0.0775479972 -0.990234017 -0.0260320008 -0.136937007 -0.999083996 0.000731999986 -0.0426039994 -0.996672988 -0.0247510001 -0.0775479972 -0.999083996 0.000731999986 -0.0426039994 -0.995666027 0.00295999995 0.0927760005 -0.833674014 -0.108188003 0.54152 -0.830713987 -0.030793 0.555803001 -0.827356994 -0.117801003 0.549120009 -0.831690013 -0.397197992 0.387890011 -0.831294 -0.400341988 0.385509998 -0.842067003 -0.39991501 0.361887991 -0.831690013 -0.397197992 0.387890011 -0.842067003 -0.39991501 0.361887991 -0.843074024 -0.395336986 0.364544004 0.477553993 0.67058301 0.567644 0.363536 0.855463982 0.368725002 0.255317986 0.861904025 0.438032001 0.477553993 0.67058301 0.567644 0.255317986 0.861904025 0.438032001 0.242042005 0.862423003 0.44453299 0.0764179975 -0.730612993 0.678457022 0.0722979978 -0.737205029 0.671773016 0.144719005 -0.694631994 0.704611003 0.0764179975 -0.730612993 0.678457022 0.144719005 -0.694631994 0.704611003 0.139957994 -0.698050022 0.702199996 0.703574002 -0.054841999 0.708486974 0.861720979 0.0516679995 0.504684985 0.866847992 0.115084998 0.48506099 0.703574002 -0.054841999 0.708486974 0.866847992 0.115084998 0.48506099 0.729300976 0.0766009986 0.679861009 0.183905005 -0.704641998 0.685262978 0.185888007 -0.709159017 0.680073977 0.191473007 -0.762382984 0.618090987 0.183905005 -0.704641998 0.685262978 0.191473007 -0.762382984 0.618090987 0.179997995 -0.783532023 0.59465301 -0.632649004 0.670338988 0.387768 -0.39805299 0.840570986 0.367350996 -0.528397977 0.688986003 0.496048003 -0.632649004 0.670338988 0.387768 -0.528397977 0.688986003 0.496048003 -0.627246976 0.679556012 0.380383015 -0.693075001 -0.163700998 0.702017009 -0.745200992 0.160070002 0.647297978 -0.889523029 0.138188004 0.435407996 -0.693075001 -0.163700998 0.702017009 -0.889523029 0.138188004 0.435407996 -0.855251014 -0.0997650027 0.508468986 -0.924893975 -0.171269998 0.339365989 -0.806909025 -0.397412002 0.436903 -0.736961007 -0.352762997 0.576556027 -0.924893975 -0.171269998 0.339365989 -0.736961007 -0.352762997 0.576556027 -0.855251014 -0.0997650027 0.508468986 -0.340373009 0.0575580001 0.938504994 -0.348491013 0.138188004 0.927030027 -0.574235976 0.242225006 0.782006025 -0.340373009 0.0575580001 0.938504994 -0.574235976 0.242225006 0.782006025 -0.545060992 0.0251780003 0.838007987 -0.693075001 -0.163700998 0.702017009 -0.538652003 -0.468611985 0.700155973 -0.444074988 0.0728780031 0.893001974 -0.693075001 -0.163700998 0.702017009 -0.444074988 0.0728780031 0.893001974 -0.545060992 0.0251780003 0.838007987 -0.0498979986 -0.105715998 -0.993133008 -0.050294999 -0.101291001 -0.993561029 -0.0873740017 -0.00790399965 -0.996124029 -0.0498979986 -0.105715998 -0.993133008 -0.0873740017 -0.00790399965 -0.996124029 -0.0907619968 -0.0235910006 -0.995575011 0.137364 -0.134280995 -0.981352985 0.140323997 -0.141118005 -0.979979992 -0.0237130001 -0.012329 -0.999634027 0.137364 -0.134280995 -0.981352985 -0.0237130001 -0.012329 -0.999634027 -0.0324410014 -0.0135199996 -0.999359012 -0.197180003 -0.176884994 -0.964263022 -0.196142003 -0.162236005 -0.967040002 -0.222418994 -0.0829489976 -0.971404016 -0.197180003 -0.176884994 -0.964263022 -0.222418994 -0.0829489976 -0.971404016 -0.216132 -0.0765099972 -0.973326981 -0.161259994 0.0162969995 -0.986755013 -0.171940997 0.00884999987 -0.985046029 -0.0859400034 0.0367439985 -0.995604992 -0.161259994 0.0162969995 -0.986755013 -0.0859400034 0.0367439985 -0.995604992 -0.0705280006 0.0473649986 -0.996367991 0.193700999 0.00070199999 -0.981047988 0.195897996 0.000884999987 -0.98062098 0.165501997 -0.0337839983 -0.985625982 0.193700999 0.00070199999 -0.981047988 0.165501997 -0.0337839983 -0.985625982 0.160558 -0.0381480008 -0.986266971 0.160558 -0.0381480008 -0.986266971 0.165501997 -0.0337839983 -0.985625982 0.111362003 -0.0742520019 -0.990997016 0.160558 -0.0381480008 -0.986266971 0.111362003 -0.0742520019 -0.990997016 0.108860001 -0.0789510012 -0.990904987 -0.0324410014 -0.0135199996 -0.999359012 -0.0237130001 -0.012329 -0.999634027 -0.050294999 -0.101291001 -0.993561029 -0.0324410014 -0.0135199996 -0.999359012 -0.050294999 -0.101291001 -0.993561029 -0.0498979986 -0.105715998 -0.993133008 -0.0907619968 -0.0235910006 -0.995575011 -0.0873740017 -0.00790399965 -0.996124029 -0.196142003 -0.162236005 -0.967040002 -0.0907619968 -0.0235910006 -0.995575011 -0.196142003 -0.162236005 -0.967040002 -0.197180003 -0.176884994 -0.964263022 -0.216132 -0.0765099972 -0.973326981 -0.222418994 -0.0829489976 -0.971404016 -0.171940997 0.00884999987 -0.985046029 -0.216132 -0.0765099972 -0.973326981 -0.171940997 0.00884999987 -0.985046029 -0.161259994 0.0162969995 -0.986755013 -0.0705280006 0.0473649986 -0.996367991 -0.0859400034 0.0367439985 -0.995604992 -0.00167899998 0.00662299991 -0.999969006 -0.0705280006 0.0473649986 -0.996367991 -0.00167899998 0.00662299991 -0.999969006 0.00705000013 0.00958300009 -0.99990797 0.108860001 -0.0789510012 -0.990904987 0.111362003 -0.0742520019 -0.990997016 0.140323997 -0.141118005 -0.979979992 0.108860001 -0.0789510012 -0.990904987 0.140323997 -0.141118005 -0.979979992 0.137364 -0.134280995 -0.981352985 0.482284009 -0.849665999 0.213172004 0.51692301 -0.755303025 0.402844012 0.742393017 -0.468214989 0.479110003 0.482284009 -0.849665999 0.213172004 0.742393017 -0.468214989 0.479110003 0.787774026 -0.56398201 0.247504994 0.0329909995 -0.975036025 0.219549999 0.0748310015 -0.915341973 0.395610988 0.51692301 -0.755303025 0.402844012 0.0329909995 -0.975036025 0.219549999 0.51692301 -0.755303025 0.402844012 0.482284009 -0.849665999 0.213172004 -0.937834024 -0.223517999 0.265419006 -0.937834024 -0.223517999 0.265419006 -0.937834024 -0.223517999 0.265419006 -0.563799024 -0.299295008 0.769738019 -0.544144988 -0.427778006 0.72173202 -0.53154099 -0.484236985 0.694936991 0.787774026 -0.56398201 0.247504994 0.742393017 -0.468214989 0.479110003 0.801110983 -0.236701995 0.549669027 0.787774026 -0.56398201 0.247504994 0.801110983 -0.236701995 0.549669027 0.904385984 -0.327616006 0.273292989 0.904385984 -0.327616006 0.273292989 0.801110983 -0.236701995 0.549669027 0.913572013 -0.0157779995 0.406293005 0.904385984 -0.327616006 0.273292989 0.913572013 -0.0157779995 0.406293005 0.980437994 -0.0119939996 0.196417004 0.0295720007 0.999541998 0.00118999998 -0.276802987 0.960844994 -0.0112610003 -0.298563004 0.954282999 -0.0121769998 -0.537431002 0.843012989 -0.0219119992 -0.759483993 0.649770021 -0.0309759993 -0.776054978 0.62984103 -0.0316479988 0.0295720007 0.999541998 0.00118999998 -0.298563004 0.954282999 -0.0121769998 0.00857600011 0.999939024 0.000335999997 -0.979339004 0.198126003 -0.0399180017 -0.981200993 0.188757002 -0.0400100015 -0.920864999 0.388011992 -0.0375379995 -0.979339004 0.198126003 -0.0399180017 -0.920864999 0.388011992 -0.0375379995 -0.914578974 0.40259999 -0.0372940004 -0.537431002 0.843012989 -0.0219119992 -0.776054978 0.62984103 -0.0316479988 -0.552599013 0.833124995 -0.0225230008 0.985014975 0.167547002 0.0401620008 0.896420002 0.441632986 0.0365610011 0.96746701 0.249825001 0.0394599997 0.985014975 0.167547002 0.0401620008 0.96746701 0.249825001 0.0394599997 0.998504996 0.0358290002 0.0407119989 0.896420002 0.441632986 0.0365610011 0.871425986 0.489181012 0.0355239995 0.96746701 0.249825001 0.0394599997 0.998504996 0.0358290002 0.0407119989 0.999145985 0 0.0407419987 0.985014975 0.167547002 0.0401620008 -0.914578974 0.40259999 -0.0372940004 -0.920864999 0.388011992 -0.0375379995 -0.776054978 0.62984103 -0.0316479988 -0.914578974 0.40259999 -0.0372940004 -0.776054978 0.62984103 -0.0316479988 -0.759483993 0.649770021 -0.0309759993 0.0295720007 0.999541998 0.00118999998 0.00857600011 0.999939024 0.000335999997 0.331735998 0.943265975 0.0135199996 0.0295720007 0.999541998 0.00118999998 0.331735998 0.943265975 0.0135199996 0.343333006 0.939085007 0.0139769996 0.896420002 0.441632986 0.0365610011 0.653523028 0.756401002 0.0266430005 0.647144973 0.761864007 0.0263679996 -0.999145985 0 -0.0407419987 -0.999145985 0 -0.0407419987 -0.981200993 0.188757002 -0.0400100015 -0.999145985 0 -0.0407419987 -0.981200993 0.188757002 -0.0400100015 -0.979339004 0.198126003 -0.0399180017 0.896420002 0.441632986 0.0365610011 0.647144973 0.761864007 0.0263679996 0.871425986 0.489181012 0.0355239995 -0.276802987 -0.960844994 -0.0112610003 0.0295720007 -0.999541998 0.00118999998 0.00857600011 -0.999939024 0.000335999997 -0.276802987 -0.960844994 -0.0112610003 0.00857600011 -0.999939024 0.000335999997 -0.298563004 -0.954282999 -0.0121769998 0.343333006 -0.939085007 0.0139769996 0.653523028 -0.756401002 0.0266430005 0.647144973 -0.761864007 0.0263679996 0.343333006 -0.939085007 0.0139769996 0.647144973 -0.761864007 0.0263679996 0.331735998 -0.943265975 0.0135199996 -0.759483993 -0.649770021 -0.0309759993 -0.537431002 -0.843012989 -0.0219119992 -0.552599013 -0.833124995 -0.0225230008 -0.759483993 -0.649770021 -0.0309759993 -0.552599013 -0.833124995 -0.0225230008 -0.776054978 -0.62984103 -0.0316479988 0.874386013 -0.483902007 0.035645999 0.976011992 -0.213995993 0.0397959985 0.975555003 -0.216070995 0.0397659987 0.874386013 -0.483902007 0.035645999 0.975555003 -0.216070995 0.0397659987 0.871425986 -0.489181012 0.0355239995 -0.979339004 -0.198126003 -0.0399180017 -0.914578974 -0.40259999 -0.0372940004 -0.920864999 -0.388011992 -0.0375379995 -0.979339004 -0.198126003 -0.0399180017 -0.920864999 -0.388011992 -0.0375379995 -0.981200993 -0.188757002 -0.0400100015 0.0295720007 -0.999541998 0.00118999998 0.343333006 -0.939085007 0.0139769996 0.331735998 -0.943265975 0.0135199996 0.0295720007 -0.999541998 0.00118999998 0.331735998 -0.943265975 0.0135199996 0.00857600011 -0.999939024 0.000335999997 -0.537431002 -0.843012989 -0.0219119992 -0.276802987 -0.960844994 -0.0112610003 -0.298563004 -0.954282999 -0.0121769998 -0.537431002 -0.843012989 -0.0219119992 -0.298563004 -0.954282999 -0.0121769998 -0.552599013 -0.833124995 -0.0225230008 -0.914578974 -0.40259999 -0.0372940004 -0.759483993 -0.649770021 -0.0309759993 -0.776054978 -0.62984103 -0.0316479988 -0.914578974 -0.40259999 -0.0372940004 -0.776054978 -0.62984103 -0.0316479988 -0.920864999 -0.388011992 -0.0375379995 0.653523028 -0.756401002 0.0266430005 0.874386013 -0.483902007 0.035645999 0.871425986 -0.489181012 0.0355239995 -0.999145985 0 -0.0407419987 -0.979339004 -0.198126003 -0.0399180017 -0.981200993 -0.188757002 -0.0400100015 -0.999145985 0 -0.0407419987 -0.981200993 -0.188757002 -0.0400100015 -0.999145985 0 -0.0407419987 -0.0563069992 0 -0.998382986 -0.0677819997 0 -0.997681022 -0.0332349986 0 -0.999419987 0.653523028 -0.756401002 0.0266430005 0.871425986 -0.489181012 0.0355239995 0.647144973 -0.761864007 0.0263679996 -0.0093390001 0 -0.999939024 -0.0563069992 0 -0.998382986 -0.0332349986 0 -0.999419987 -0.0093390001 0 -0.999939024 -0.0332349986 0 -0.999419987 -0.0185250007 0 -0.999817014 0.000976999989 0 -0.999969006 -0.0185250007 0 -0.999817014 -0.0224920008 0 -0.999724984 0.000976999989 0 -0.999969006 -0.0224920008 0 -0.999724984 -0.0224920008 0 -0.999724984 -0.0093390001 0 -0.999939024 -0.0185250007 0 -0.999817014 0.000976999989 0 -0.999969006 -0.0110370005 0 -0.999939024 -0.0110370005 0 -0.999939024 -0.0110370005 0 -0.999939024 -0.0110370005 0 -0.999939024 -0.0110370005 0 -0.999939024 -0.0110370005 0 -0.999939024 -0.0520340018 0 -0.998627007 -0.0122680003 0 -0.99990797 -0.0122680003 0 -0.99990797 -0.0797749981 0 -0.996796012 -0.0797749981 0 -0.996796012 -0.0677819997 0 -0.997681022 -0.0797749981 0 -0.996796012 -0.0677819997 0 -0.997681022 -0.0563069992 0 -0.998382986 -0.135258004 0 -0.990782976 -0.0826139972 0 -0.996550977 -0.0826139972 0 -0.996550977 -0.135258004 0 -0.990782976 -0.0826139972 0 -0.996550977 -0.135258004 0 -0.990782976 -0.0826139972 0 -0.996550977 -0.0797749981 0 -0.996796012 -0.0797749981 0 -0.996796012 -0.0826139972 0 -0.996550977 -0.0797749981 0 -0.996796012 -0.0826139972 0 -0.996550977 -0.323922992 0 -0.946074009 -0.182684004 0 -0.983153999 -0.182684004 0 -0.983153999 -0.323922992 0 -0.946074009 -0.182684004 0 -0.983153999 -0.323922992 0 -0.946074009 -0.135258004 0 -0.990782976 -0.182684004 0 -0.983153999 -0.182684004 0 -0.983153999 -0.135258004 0 -0.990782976 -0.182684004 0 -0.983153999 -0.135258004 0 -0.990782976 -0.323922992 0 -0.946074009 -0.323922992 0 -0.946074009 -0.383740008 0 -0.923429012 0.93957299 0.340128988 -0.0385750011 0.935483992 0.345317006 -0.0745569989 0.978178978 0.207647994 -0.00592100015 0.988159001 0.0377210006 0.148595005 0.970183015 0.241034999 -0.0244149994 0.921018004 0.389171988 -0.0149849998 0.845332026 0.533676982 -0.0236820001 0.921018004 0.389171988 -0.0149849998 0.935483992 0.345317006 -0.0745569989 0.921018004 0.389171988 -0.0149849998 0.970183015 0.241034999 -0.0244149994 0.974029005 0.216619998 -0.0657370016 0.921018004 0.389171988 -0.0149849998 0.974029005 0.216619998 -0.0657370016 0.935483992 0.345317006 -0.0745569989 0.935483992 0.345317006 -0.0745569989 0.974029005 0.216619998 -0.0657370016 0.978178978 0.207647994 -0.00592100015 0.988403022 -0.0347610004 0.147649005 0.988159001 0.0377210006 0.148595005 0.921018004 0.389171988 -0.0149849998 0.837244987 0.544480979 0.0501720011 0.921018004 0.389171988 -0.0149849998 0.845332026 0.533676982 -0.0236820001 0.837244987 0.544480979 0.0501720011 0.845332026 0.533676982 -0.0236820001 0.851131022 0.495436996 0.173375994 0.851131022 0.495436996 0.173375994 0.845332026 0.533676982 -0.0236820001 0.820550978 0.571367979 -0.0125129996 0.897274971 0.430372 0.0981480032 0.71132499 0.699788988 -0.0655229986 0.787042022 0.616535008 -0.0201120004 0.897274971 0.430372 0.0981480032 0.864925027 0.493880987 0.0890529975 0.71132499 0.699788988 -0.0655229986 0.973815024 0.0380260013 0.224096999 0.932645977 0.115055002 0.341868013 0.953215003 0.214269996 0.213172004 0.981657982 0.0725419968 0.176183 0.991057992 0.0529499985 0.122378998 0.947417021 -0.017182 0.319467992 -0.109866999 -0.963225007 0.245124996 -0.217565998 -0.856532991 0.467970997 -0.211309999 -0.875118017 0.435254991 -0.217565998 -0.856532991 0.467970997 -0.29587701 -0.716665983 0.631488979 -0.290506005 -0.731803 0.616442978 -0.115512997 -0.960691988 0.252326995 -0.109866999 -0.963225007 0.245124996 -0.211309999 -0.875118017 0.435254991 -0.353008002 0.549120009 0.757468998 -0.349222988 0.627093971 0.696249008 -0.356822014 0.489668995 0.795526028 -0.211309999 -0.875118017 0.435254991 -0.217565998 -0.856532991 0.467970997 -0.290506005 -0.731803 0.616442978 -0.374920011 0.339244008 0.862728 -0.353008002 0.549120009 0.757468998 -0.356822014 0.489668995 0.795526028 -0.374920011 0.339244008 0.862728 -0.356822014 0.489668995 0.795526028 -0.388684005 0.307626992 0.868465006 -0.416027993 0.237738997 0.877712011 -0.374920011 0.339244008 0.862728 -0.388684005 0.307626992 0.868465006 -0.416027993 0.237738997 0.877712011 -0.388684005 0.307626992 0.868465006 -0.426678985 0.151158005 0.891659021 -0.426678985 0.151158005 0.891659021 -0.43412599 -0.000579999993 0.90081501 -0.434156001 0.000579999993 0.90081501 -0.416027993 0.237738997 0.877712011 -0.426678985 0.151158005 0.891659021 -0.431867003 0.135013998 0.891750991 -0.426678985 0.151158005 0.891659021 -0.434156001 0.000579999993 0.90081501 -0.431867003 0.135013998 0.891750991 -0.434156001 0.000579999993 0.90081501 -0.43412599 -0.000579999993 0.90081501 -0.428479999 -0.134587005 0.893459976 0.336192012 -0.370128006 -0.865993023 0.291635007 -0.383892 -0.876094997 0.259864986 -0.561724007 -0.785423994 0.0950039998 0.973936975 -0.205878004 0.134158999 0.948423982 -0.287178993 0.148137003 0.94610399 -0.287912011 0.336192012 -0.370128006 -0.865993023 0.259864986 -0.561724007 -0.785423994 0.281776994 -0.657581985 -0.69869101 0.336192012 -0.370128006 -0.865993023 0.281776994 -0.657581985 -0.69869101 0.348765999 -0.572771013 -0.741783023 0.925351977 -0.366070002 0.098269999 0.956847012 -0.285836011 0.0520039983 0.939267993 -0.280220985 0.198064998 0.186223999 0.0472729988 -0.981352985 0.184239998 0.0475779995 -0.981719017 0.174687997 0.00741600012 -0.984588027 0.174687997 0.00741600012 -0.984588027 0.194250003 -0.0788289979 -0.97775197 0.179814994 0.0496839993 -0.982420981 0.884609997 0 0.466262013 0.884609997 0 0.466262013 0.884609997 0 0.466262013 0.884609997 0 0.466262013 0.884609997 0 0.466262013 0.884609997 0 0.466262013 0.884609997 0 0.466291994 0.884609997 0 0.466262013 0.884609997 0 0.466262013 0.884609997 0 0.466291994 0.884609997 0 0.466262013 0.884609997 0 0.466262013 0.884609997 0 0.466291994 0.884609997 0 0.466262013 0.884609997 0 0.466262013 0.884609997 0 0.466262013 0.884609997 0 0.466262013 0.884609997 0 0.466262013 0.884609997 0 0.466262013 0.884609997 0 0.466262013 0.884609997 0 0.466262013 0.884609997 0 0.466262013 0.884609997 0 0.466262013 0.884609997 0 0.466262013 0.884609997 0 0.466262013 0.884609997 0 0.466262013 0.884609997 0 0.466262013 0.884609997 0 0.466262013 0.884609997 0 0.466262013 0.884609997 0 0.466262013 0.884609997 0 0.466262013 0.884609997 0 0.466262013 0.884609997 0 0.466262013 0.884609997 0 0.466262013 0.884609997 0 0.466262013 0.884609997 0 0.466262013 0.884609997 0 0.466262013 0.884609997 0 0.466262013 0.884609997 0 0.466262013 0.884609997 0 0.466262013 0.884609997 0 0.466262013 0.884609997 0 0.466262013 0.884609997 0 0.466262013 0.884609997 0 0.466262013 0.884609997 0 0.466262013 0.884609997 0 0.466262013 0.884609997 0 0.466262013 0.884609997 0 0.466262013 0.884609997 0 0.466262013 0.884609997 0 0.466262013 0.884609997 0 0.466262013 0.884609997 0 0.466262013 0.884609997 0 0.466262013 0.884609997 0 0.466262013 0.884609997 0 0.466262013 0.884609997 0 0.466262013 0.884609997 0 0.466262013 0.884609997 0 0.466262013 0.884609997 0 0.466262013 0.884609997 0 0.466262013 0.884609997 0 0.466262013 0.884609997 0 0.466262013 0.884609997 0 0.466262013 0.194250003 -0.0788289979 -0.97775197 0.174687997 0.00741600012 -0.984588027 0.184239998 0.0475779995 -0.981719017 0.884609997 0 0.466262013 0.884609997 0 0.466291994 0.884609997 0 0.466262013 0.194250003 -0.0788289979 -0.97775197 0.25525701 -0.223395005 -0.94067198 0.220404997 0.0625320002 -0.973388016 0.987609982 0.148960993 -0.0487990007 0.983612001 0.0263989996 -0.178167 0.999846995 0.0173649993 -0.00180099998 0.992156982 0.000945999986 0.124821 0.947417021 -0.017182 0.319467992 0.991057992 0.0529499985 0.122378998 0.25525701 -0.223395005 -0.94067198 0.281441987 -0.136142999 -0.94985801 0.220404997 0.0625320002 -0.973388016 0.881497025 -0.373118997 0.289314985 0.879818022 -0.43058601 0.201147005 0.856074989 -0.511642992 0.0727870017 0.881497025 -0.373118997 0.289314985 0.856074989 -0.511642992 0.0727870017 0.854457021 -0.517257988 0.0478839986 0.872982025 -0.486557007 -0.0330820009 0.854457021 -0.517257988 0.0478839986 0.856074989 -0.511642992 0.0727870017 0.939267993 -0.280220985 0.198064998 0.940428019 -0.339762986 -0.00976600032 0.92584002 -0.372204006 0.0651570037 0.939267993 -0.280220985 0.198064998 0.92584002 -0.372204006 0.0651570037 0.925351977 -0.366070002 0.098269999 0.820550978 0.571367979 -0.0125129996 0.71132499 0.699788988 -0.0655229986 0.847957015 0.523423016 0.0833460018 0.71132499 0.699788988 -0.0655229986 0.820550978 0.571367979 -0.0125129996 0.659748971 0.745810986 -0.0920440033 0.851131022 0.495436996 0.173375994 0.847957015 0.523423016 0.0833460018 0.892453015 0.375010997 0.250739992 0.897274971 0.430372 0.0981480032 0.910549998 0.268837988 0.313973993 0.892453015 0.375010997 0.250739992 0.897274971 0.430372 0.0981480032 0.892453015 0.375010997 0.250739992 0.864925027 0.493880987 0.0890529975 0.956847012 -0.285836011 0.0520039983 0.950468004 -0.303811997 0.0653399974 0.939329028 -0.342967004 0.00320399995 0.956847012 -0.285836011 0.0520039983 0.939329028 -0.342967004 0.00320399995 0.990904987 -0.130008996 0.0341809988 0.939329028 -0.342967004 0.00320399995 0.989471018 -0.143161997 0.0205080006 0.990904987 -0.130008996 0.0341809988 -0.29587701 -0.716665983 0.631488979 -0.351695001 -0.565446973 0.746025026 -0.350383013 -0.569781005 0.743339002 -0.29587701 -0.716665983 0.631488979 -0.350383013 -0.569781005 0.743339002 -0.290506005 -0.731803 0.616442978 -0.428541005 -0.133792996 0.893550992 -0.428479999 -0.134587005 0.893459976 -0.414380014 -0.27164501 0.868587017 -0.428541005 -0.133792996 0.893550992 -0.414380014 -0.27164501 0.868587017 -0.414411008 -0.271310002 0.868678987 0.944670022 -0.295296997 -0.142765999 0.990904987 -0.130008996 0.0341809988 0.997253001 -0.0404679999 0.0615249984 0.990904987 -0.130008996 0.0341809988 0.944670022 -0.295296997 -0.142765999 0.956847012 -0.285836011 0.0520039983 0.864925027 0.493880987 0.0890529975 0.892453015 0.375010997 0.250739992 0.847957015 0.523423016 0.0833460018 0.864925027 0.493880987 0.0890529975 0.847957015 0.523423016 0.0833460018 0.71132499 0.699788988 -0.0655229986 0.992888987 0.111667 0.0411389992 0.997650027 0.0568870008 0.0379040018 0.999450982 -0.0275890008 0.0179750007 0.992888987 0.111667 0.0411389992 0.999450982 -0.0275890008 0.0179750007 0.999695003 0.000396999996 0.0237739999 0.999695003 0.000396999996 0.0237739999 0.999450982 -0.0275890008 0.0179750007 0.997344971 -0.0521869995 0.0501720011 0.999846995 0.0173649993 -0.00180099998 0.997650027 0.0568870008 0.0379040018 0.992888987 0.111667 0.0411389992 0.997344971 -0.0521869995 0.0501720011 0.997253001 -0.0404679999 0.0615249984 0.990904987 -0.130008996 0.0341809988 0.997344971 -0.0521869995 0.0501720011 0.990904987 -0.130008996 0.0341809988 0.999695003 0.000396999996 0.0237739999 0.989471018 -0.143161997 0.0205080006 0.999512017 0.0125129996 0.0277720001 0.999695003 0.000396999996 0.0237739999 0.992888987 0.111667 0.0411389992 0.999695003 0.000396999996 0.0237739999 0.999512017 0.0125129996 0.0277720001 0.989471018 -0.143161997 0.0205080006 0.999695003 0.000396999996 0.0237739999 0.990904987 -0.130008996 0.0341809988 0.992888987 0.111667 0.0411389992 0.999512017 0.0125129996 0.0277720001 0.993193984 0.109470002 0.0390029997 0.999939024 0.00796500035 0.00112899998 0.999512017 0.0125129996 0.0277720001 0.989471018 -0.143161997 0.0205080006 0.999512017 0.0125129996 0.0277720001 0.991851985 0.126560003 0.0131839998 0.993193984 0.109470002 0.0390029997 0.999939024 0.00796500035 0.00112899998 0.989471018 -0.143161997 0.0205080006 0.985594988 -0.166813999 -0.0267650001 0.987182021 0.158544004 -0.0169680007 0.991851985 0.126560003 0.0131839998 0.999512017 0.0125129996 0.0277720001 0.987182021 0.158544004 -0.0169680007 0.999512017 0.0125129996 0.0277720001 0.999939024 0.00796500035 0.00112899998 0.830713987 0.0115360003 0.556536019 0.830713987 0.0115360003 0.556536019 0.830713987 0.0115360003 0.556536019 0.860194981 0.145328999 0.488754004 0.860194981 0.145328999 0.488754004 0.860194981 0.145328999 0.488754004 0.865840971 0.016694 0.50001502 0.865840971 0.016694 0.50001502 0.865840971 0.016694 0.50001502 0.896542013 0.0957370028 0.432446986 0.896542013 0.0957370028 0.432446986 0.896542013 0.0957370028 0.432446986 -0.860194981 -0.145328999 -0.488754004 -0.860194981 -0.145328999 -0.488754004 -0.860194981 -0.145328999 -0.488754004 -0.896542013 -0.0957669988 -0.432446986 -0.896542013 -0.0957669988 -0.432446986 -0.896542013 -0.0957669988 -0.432446986 -0.865840971 -0.016694 -0.50001502 -0.865840971 -0.016694 -0.50001502 -0.865840971 -0.016694 -0.50001502 -0.830713987 -0.0115360003 -0.556536019 -0.830713987 -0.0115360003 -0.556536019 -0.830713987 -0.0115360003 -0.556536019 0.284523994 -0.656513989 -0.698569 0.284523994 -0.656513989 -0.698569 0.284523994 -0.656513989 -0.698569 -0.475234002 -0.0948520005 0.874722004 -0.26343599 -0.377056003 0.887906015 -0.45637399 -0.101931997 0.883907974 -0.475234002 -0.0948520005 0.874722004 -0.158574 -0.525895 0.835596979 -0.26343599 -0.377056003 0.887906015 -0.475234002 -0.0948520005 0.874722004 -0.45637399 -0.101931997 0.883907974 -0.567430973 0.0798360035 0.819513977 -0.789269984 -0.237037003 0.566424012 -0.803673983 -0.295235991 0.516617 -0.716940999 -0.0536210015 0.69502902 -0.493972987 -0.85897398 0.134555995 -0.493667006 -0.859371006 0.133183002 -0.495009989 -0.857662022 0.139134005 -0.68511498 0.0063120001 0.728407025 -0.68511498 0.0063120001 0.728407025 -0.68511498 0.0063120001 0.728407025 -0.885188997 0.0113829998 -0.465041012 -0.895047009 -0.00988799985 -0.445845008 -0.881160975 -0.0213319995 -0.472274005 -0.881160975 -0.0213319995 -0.472274005 -0.861048996 -0.000579999993 -0.508468986 -0.885188997 0.0113829998 -0.465041012 0.483168989 0.261817992 0.835443974 0.483168989 0.261817992 0.835413992 0.483168989 0.261817992 0.835443974 0.912380993 -0.408733994 0.0214549992 0.872982025 -0.486557007 -0.0330820009 0.862574995 -0.504624009 0.0354930013 0.0148010002 -0.999817014 -0.0119939996 -0.0937829986 -0.975432992 0.199224994 0.0293279998 -0.998749018 -0.0402229987 -0.146733001 0.118777998 -0.981993973 -0.133151993 0.561113 -0.816919029 0.183935001 0.195471004 -0.963285983 -0.146733001 0.118777998 -0.981993973 -0.450179011 0.350230008 -0.821344972 -0.133151993 0.561113 -0.816919029 </float_array>
          <technique_common>
            <accessor count="3570" offset="0" source="#shiny_white-normals-array" stride="3">
              <param name="X" type="float" />
              <param name="Y" type="float" />
              <param name="Z" type="float" />
            </accessor>
          </technique_common>
        </source>
        <source id="shiny_white-tex0" name="shiny_white-tex0">
          <float_array id="shiny_white-tex0-array" count="7140"> 0 0 0 0 0 0 0 0 0 0 0 0 0 0 0 0 0 0 0 0 0 0 0 0 0 0 0 0 0 0 0 0 0 0 0 0 0 0 0 0 0 0 0 0 0 0 0 0 0 0 0 0 0 0 0 0 0 0 0 0 0 0 0 0 0 0 0 0 0 0 0 0 0 0 0 0 0 0 0 0 0 0 0 0 0 0 0 0 0 0 0 0 0 0 0 0 0 0 0 0 0 0 0 0 0 0 0 0 0 0 0 0 0 0 0 0 0 0 0 0 0 0 0 0 0 0 0 0 0 0 0 0 0 0 0 0 0 0 0 0 0 0 0 0 0 0 0 0 0 0 0 0 0 0 0 0 0 0 0 0 0 0 0 0 0 0 0 0 0 0 0 0 0 0 0 0 0 0 0 0 0 0 0 0 0 0 0 0 0 0 0 0 0 0 0 0 0 0 0 0 0 0 0 0 0 0 0 0 0 0 0 0 0 0 0 0 0 0 0 0 0 0 0 0 0 0 0 0 0 0 0 0 0 0 0 0 0 0 0 0 0 0 0 0 0 0 0 0 0 0 0 0 0 0 0 0 0 0 0 0 0 0 0 0 0 0 0 0 0 0 0 0 0 0 0 0 0 0 0 0 0 0 0 0 0 0 0 0 0 0 0 0 0 0 0 0 0 0 0 0 0 0 0 0 0 0 0 0 0 0 0 0 0 0 0 0 0 0 0 0 0 0 0 0 0 0 0 0 0 0 0 0 0 0 0 0 0 0 0 0 0 0 0 0 0 0 0 0 0 0 0 0 0 0 0 0 0 0 0 0 0 0 0 0 0 0 0 0 0 0 0 0 0 0 0 0 0 0 0 0 0 0 0 0 0 0 0 0 0 0 0 0 0 0 0 0 0 0 0 0 0 0 0 0 0 0 0 0 0 0 0 0 0 0 0 0 0 0 0 0 0 0 0 0 0 0 0 0 0 0 0 0 0 0 0 0 0 0 0 0 0 0 0 0 0 0 0 0 0 0 0 0 0 0 0 0 0 0 0 0 0 0 0 0 0 0 0 0 0 0 0 0 0 0 0 0 0 0 0 0 0 0 0 0 0 0 0 0 0 0 0 0 0 0 0 0 0 0 0 0 0 0 0 0 0 0 0 0 0 0 0 0 0 0 0 0 0 0 0 0 0 0 0 0 0 0 0 0 0 0 0 0 0 0 0 0 0 0 0 0 0 0 0 0 0 0 0 0 0 0 0 0 0 0 0 0 0 0 0 0 0 0 0 0 0 0 0 0 0 0 0 0 0 0 0 0 0 0 0 0 0 0 0 0 0 0 0 0 0 0 0 0 0 0 0 0 0 0 0 0 0 0 0 0 0 0 0 0 0 0 0 0 0 0 0 0 0 0 0 0 0 0 0 0 0 0 0 0 0 0 0 0 0 0 0 0 0 0 0 0 0 0 0 0 0 0 0 0 0 0 0 0 0 0 0 0 0 0 0 0 0 0 0 0 0 0 0 0 0 0 0 0 0 0 0 0 0 0 0 0 0 0 0 0 0 0 0 0 0 0 0 0 0 0 0 0 0 0 0 0 0 0 0 0 0 0 0 0 0 0 0 0 0 0 0 0 0 0 0 0 0 0 0 0 0 0 0 0 0 0 0 0 0 0 0 0 0 0 0 0 0 0 0 0 0 0 0 0 0 0 0 0 0 0 0 0 0 0 0 0 0 0 0 0 0 0 0 0 0 0 0 0 0 0 0 0 0 0 0 0 0 0 0 0 0 0 0 0 0 0 0 0 0 0 0 0 0 0 0 0 0 0 0 0 0 0 0 0 0 0 0 0 0 0 0 0 0 0 0 0 0 0 0 0 0 0 0 0 0 0 0 0 0 0 0 0 0 0 0 0 0 0 0 0 0 0 0 0 0 0 0 0 0 0 0 0 0 0 0 0 0 0 0 0 0 0 0 0 0 0 0 0 0 0 0 0 0 0 0 0 0 0 0 0 0 0 0 0 0 0 0 0 0 0 0 0 0 0 0 0 0 0 0 0 0 0 0 0 0 0 0 0 0 0 0 0 0 0 0 0 0 0 0 0 0 0 0 0 0 0 0 0 0 0 0 0 0 0 0 0 0 0 0 0 0 0 0 0 0 0 0 0 0 0 0 0 0 0 0 0 0 0 0 0 0 0 0 0 0 0 0 0 0 0 0 0 0 0 0 0 0 0 0 0 0 0 0 0 0 0 0 0 0 0 0 0 0 0 0 0 0 0 0 0 0 0 0 0 0 0 0 0 0 0 0 0 0 0 0 0 0 0 0 0 0 0 0 0 0 0 0 0 0 0 0 0 0 0 0 0 0 0 0 0 0 0 0 0 0 0 0 0 0 0 0 0 0 0 0 0 0 0 0 0 0 0 0 0 0 0 0 0 0 0 0 0 0 0 0 0 0 0 0 0 0 0 0 0 0 0 0 0 0 0 0 0 0 0 0 0 0 0 0 0 0 0 0 0 0 0 0 0 0 0 0 0 0 0 0 0 0 0 0 0 0 0 0 0 0 0 0 0 0 0 0 0 0 0 0 0 0 0 0 0 0 0 0 0 0 0 0 0 0 0 0 0 0 0 0 0 0 0 0 0 0 0 0 0 0 0 0 0 0 0 0 0 0 0 0 0 0 0 0 0 0 0 0 0 0 0 0 0 0 0 0 0 0 0 0 0 0 0 0 0 0 0 0 0 0 0 0 0 0 0 0 0 0 0 0 0 0 0 0 0 0 0 0 0 0 0 0 0 0 0 0 0 0 0 0 0 0 0 0 0 0 0 0 0 0 0 0 0 0 0 0 0 0 0 0 0 0 0 0 0 0 0 0 0 0 0 0 0 0 0 0 0 0 0 0 0 0 0 0 0 0 0 0 0 0 0 0 0 0 0 0 0 0 0 0 0 0 0 0 0 0 0 0 0 0 0 0 0 0 0 0 0 0 0 0 0 0 0 0 0 0 0 0 0 0 0 0 0 0 0 0 0 0 0 0 0 0 0 0 0 0 0 0 0 0 0 0 0 0 0 0 0 0 0 0 0 0 0 0 0 0 0 0 0 0 0 0 0 0 0 0 0 0 0 0 0 0 0 0 0 0 0 0 0 0 0 0 0 0 0 0 0 0 0 0 0 0 0 0 0 0 0 0 0 0 0 0 0 0 0 0 0 0 0 0 0 0 0 0 0 0 0 0 0 0 0 0 0 0 0 0 0 0 0 0 0 0 0 0 0 0 0 0 0 0 0 0 0 0 0 0 0 0 0 0 0 0 0 0 0 0 0 0 0 0 0 0 0 0 0 0 0 0 0 0 0 0 0 0 0 0 0 0 0 0 0 0 0 0 0 0 0 0 0 0 0 0 0 0 0 0 0 0 0 0 0 0 0 0 0 0 0 0 0 0 0 0 0 0 0 0 0 0 0 0 0 0 0 0 0 0 0 0 0 0 0 0 0 0 0 0 0 0 0 0 0 0 0 0 0 0 0 0 0 0 0 0 0 0 0 0 0 0 0 0 0 0 0 0 0 0 0 0 0 0 0 0 0 0 0 0 0 0 0 0 0 0 0 0 0 0 0 0 0 0 0 0 0 0 0 0 0 0 0 0 0 0 0 0 0 0 0 0 0 0 0 0 0 0 0 0 0 0 0 0 0 0 0 0 0 0 0 0 0 0 0 0 0 0 0 0 0 0 0 0 0 0 0 0 0 0 0 0 0 0 0 0 0 0 0 0 0 0 0 0 0 0 0 0 0 0 0 0 0 0 0 0 0 0 0 0 0 0 0 0 0 0 0 0 0 0 0 0 0 0 0 0 0 0 0 0 0 0 0 0 0 0 0 0 0 0 0 0 0 0 0 0 0 0 0 0 0 0 0 0 0 0 0 0 0 0 0 0 0 0 0 0 0 0 0 0 0 0 0 0 0 0 0 0 0 0 0 0 0 0 0 0 0 0 0 0 0 0 0 0 0 0 0 0 0 0 0 0 0 0 0 0 0 0 0 0 0 0 0 0 0 0 0 0 0 0 0 0 0 0 0 0 0 0 0 0 0 0 0 0 0 0 0 0 0 0 0 0 0 0 0 0 0 0 0 0 0 0 0 0 0 0 0 0 0 0 0 0 0 0 0 0 0 0 0 0 0 0 0 0 0 0 0 0 0 0 0 0 0 0 0 0 0 0 0 0 0 0 0 0 0 0 0 0 0 0 0 0 0 0 0 0 0 0 0 0 0 0 0 0 0 0 0 0 0 0 0 0 0 0 0 0 0 0 0 0 0 0 0 0 0 0 0 0 0 0 0 0 0 0 0 0 0 0 0 0 0 0 0 0 0 0 0 0 0 0 0 0 0 0 0 0 0 0 0 0 0 0 0 0 0 0 0 0 0 0 0 0 0 0 0 0 0 0 0 0 0 0 0 0 0 0 0 0 0 0 0 0 0 0 0 0 0 0 0 0 0 0 0 0 0 0 0 0 0 0 0 0 0 0 0 0 0 0 0 0 0 0 0 0 0 0 0 0 0 0 0 0 0 0 0 0 0 0 0 0 0 0 0 0 0 0 0 0 0 0 0 0 0 0 0 0 0 0 0 0 0 0 0 0 0 0 0 0 0 0 0 0 0 0 0 0 0 0 0 0 0 0 0 0 0 0 0 0 0 0 0 0 0 0 0 0 0 0 0 0 0 0 0 0 0 0 0 0 0 0 0 0 0 0 0 0 0 0 0 0 0 0 0 0 0 0 0 0 0 0 0 0 0 0 0 0 0 0 0 0 0 0 0 0 0 0 0 0 0 0 0 0 0 0 0 0 0 0 0 0 0 0 0 0 0 0 0 0 0 0 0 0 0 0 0 0 0 0 0 0 0 0 0 0 0 0 0 0 0 0 0 0 0 0 0 0 0 0 0 0 0 0 0 0 0 0 0 0 0 0 0 0 0 0 0 0 0 0 0 0 0 0 0 0 0 0 0 0 0 0 0 0 0 0 0 0 0 0 0 0 0 0 0 0 0 0 0 0 0 0 0 0 0 0 0 0 0 0 0 0 0 0 0 0 0 0 0 0 0 0 0 0 0 0 0 0 0 0 0 0 0 0 0 0 0 0 0 0 0 0 0 0 0 0 0 0 0 0 0 0 0 0 0 0 0 0 0 0 0 0 0 0 0 0 0 0 0 0 0 0 0 0 0 0 0 0 0 0 0 0 0 0 0 0 0 0 0 0 0 0 0 0 0 0 0 0 0 0 0 0 0 0 0 0 0 0 0 0 0 0 0 0 0 0 0 0 0 0 0 0 0 0 0 0 0 0 0 0 0 0 0 0 0 0 0 0 0 0 0 0 0 0 0 0 0 0 0 0 0 0 0 0 0 0 0 0 0 0 0 0 0 0 0 0 0 0 0 0 0 0 0 0 0 0 0 0 0 0 0 0 0 0 0 0 0 0 0 0 0 0 0 0 0 0 0 0 0 0 0 0 0 0 0 0 0 0 0 0 0 0 0 0 0 0 0 0 0 0 0 0 0 0 0 0 0 0 0 0 0 0 0 0 0 0 0 0 0 0 0 0 0 0 0 0 0 0 0 0 0 0 0 0 0 0 0 0 0 0 0 0 0 0 0 0 0 0 0 0 0 0 0 0 0 0 0 0 0 0 0 0 0 0 0 0 0 0 0 0 0 0 0 0 0 0 0 0 0 0 0 0 0 0 0 0 0 0 0 0 0 0 0 0 0 0 0 0 0 0 0 0 0 0 0 0 0 0 0 0 0 0 0 0 0 0 0 0 0 0 0 0 0 0 0 0 0 0 0 0 0 0 0 0 0 0 0 0 0 0 0 0 0 0 0 0 0 0 0 0 0 0 0 0 0 0 0 0 0 0 0 0 0 0 0 0 0 0 0 0 0 0 0 0 0 0 0 0 0 0 0 0 0 0 0 0 0 0 0 0 0 0 0 0 0 0 0 0 0 0 0 0 0 0 0 0 0 0 0 0 0 0 0 0 0 0 0 0 0 0 0 0 0 0 0 0 0 0 0 0 0 0 0 0 0 0 0 0 0 0 0 0 0 0 0 0 0 0 0 0 0 0 0 0 0 0 0 0 0 0 0 0 0 0 0 0 0 0 0 0 0 0 0 0 0 0 0 0 0 0 0 0 0 0 0 0 0 0 0 0 0 0 0 0 0 0 0 0 0 0 0 0 0 0 0 0 0 0 0 0 0 0 0 0 0 0 0 0 0 0 0 0 0 0 0 0 0 0 0 0 0 0 0 0 0 0 0 0 0 0 0 0 0 0 0 0 0 0 0 0 0 0 0 0 0 0 0 0 0 0 0 0 0 0 0 0 0 0 0 0 0 0 0 0 0 0 0 0 0 0 0 0 0 0 0 0 0 0 0 0 0 0 0 0 0 0 0 0 0 0 0 0 0 0 0 0 0 0 0 0 0 0 0 0 0 0 0 0 0 0 0 0 0 0 0 0 0 0 0 0 0 0 0 0 0 0 0 0 0 0 0 0 0 0 0 0 0 0 0 0 0 0 0 0 0 0 0 0 0 0 0 0 0 0 0 0 0 0 0 0 0 0 0 0 0 0 0 0 0 0 0 0 0 0 0 0 0 0 0 0 0 0 0 0 0 0 0 0 0 0 0 0 0 0 0 0 0 0 0 0 0 0 0 0 0 0 0 0 0 0 0 0 0 0 0 0 0 0 0 0 0 0 0 0 0 0 0 0 0 0 0 0 0 0 0 0 0 0 0 0 0 0 0 0 0 0 0 0 0 0 0 0 0 0 0 0 0 0 0 0 0 0 0 0 0 0 0 0 0 0 0 0 0 0 0 0 0 0 0 0 0 0 0 0 0 0 0 0 0 0 0 0 0 0 0 0 0 0 0 0 0 0 0 0 0 0 0 0 0 0 0 0 0 0 0 0 0 0 0 0 0 0 0 0 0 0 0 0 0 0 0 0 0 0 0 0 0 0 0 0 0 0 0 0 0 0 0 0 0 0 0 0 0 0 0 0 0 0 0 0 0 0 0 0 0 0 0 0 0 0 0 0 0 0 0 0 0 0 0 0 0 0 0 0 0 0 0 0 0 0 0 0 0 0 0 0 0 0 0 0 0 0 0 0 0 0 0 0 0 0 0 0 0 0 0 0 0 0 0 0 0 0 0 0 0 0 0 0 0 0 0 0 0 0 0 0 0 0 0 0 0 0 0 0 0 0 0 0 0 0 0 0 0 0 0 0 0 0 0 0 0 0 0 0 0 0 0 0 0 0 0 0 0 0 0 0 0 0 0 0 0 0 0 0 0 0 0 0 0 0 0 0 0 0 0 0 0 0 0 0 0 0 0 0 0 0 0 0 0 0 0 0 0 0 0 0 0 0 0 0 0 0 0 0 0 0 0 0 0 0 0 0 0 0 0 0 0 0 0 0 0 0 0 0 0 0 0 0 0 0 0 0 0 0 0 0 0 0 0 0 0 0 0 0 0 0 0 0 0 0 0 0 0 0 0 0 0 0 0 0 0 0 0 0 0 0 0 0 0 0 0 0 0 0 0 0 0 0 0 0 0 0 0 0 0 0 0 0 0 0 0 0 0 0 0 0 0 0 0 0 0 0 0 0 0 0 0 0 0 0 0 0 0 0 0 0 0 0 0 0 0 0 0 0 0 0 0 0 0 0 0 0 0 0 0 0 0 0 0 0 0 0 0 0 0 0 0 0 0 0 0 0 0 0 0 0 0 0 0 0 0 0 0 0 0 0 0 0 0 0 0 0 0 0 0 0 0 0 0 0 0 0 0 0 0 0 0 0 0 0 0 0 0 0 0 0 0 0 0 0 0 0 0 0 0 0 0 0 0 0 0 0 0 0 0 0 0 0 0 0 0 0 0 0 0 0 0 0 0 0 0 0 0 0 0 0 0 0 0 0 0 0 0 0 0 0 0 0 0 0 0 0 0 0 0 0 0 0 0 0 0 0 0 0 0 0 0 0 0 0 0 0 0 0 0 0 0 0 0 0 0 0 0 0 0 0 0 0 0 0 0 0 0 0 0 0 0 0 0 0 0 0 0 0 0 0 0 0 0 0 0 0 0 0 0 0 0 0 0 0 0 0 0 0 0 0 0 0 0 0 0 0 0 0 0 0 0 0 0 0 0 0 0 0 0 0 0 0 0 0 0 0 0 0 0 0 0 0 0 0 0 0 0 0 0 0 0 0 0 0 0 0 0 0 0 0 0 0 0 0 0 0 0 0 0 0 0 0 0 0 0 0 0 0 0 0 0 0 0 0 0 0 0 0 0 0 0 0 0 0 0 0 0 0 0 0 0 0 0 0 0 0 0 0 0 0 0 0 0 0 0 0 0 0 0 0 0 0 0 0 0 0 0 0 0 0 0 0 0 0 0 0 0 0 0 0 0 0 0 0 0 0 0 0 0 0 0 0 0 0 0 0 0 0 0 0 0 0 0 0 0 0 0 0 0 0 0 0 0 0 0 0 0 0 0 0 0 0 0 0 0 0 0 0 0 0 0 0 0 0 0 0 0 0 0 0 0 0 0 0 0 0 0 0 0 0 0 0 0 0 0 0 0 0 0 0 0 0 0 0 0 0 0 0 0 0 0 0 0 0 0 0 0 0 0 0 0 0 0 0 0 0 0 0 0 0 0 0 0 0 0 0 0 0 0 0 0 0 0 0 0 0 0 0 0 0 0 0 0 0 0 0 0 0 0 0 0 0 0 0 0 0 0 0 0 0 0 0 0 0 0 0 0 0 0 0 0 0 0 0 0 0 0 0 0 0 0 0 0 0 0 0 0 0 0 0 0 0 0 0 0 0 0 0 0 0 0 0 0 0 0 0 0 0 0 0 0 0 0 0 0 0 0 0 0 0 0 0 0 0 0 0 0 0 0 0 0 0 0 0 0 0 0 0 0 0 0 0 0 0 0 0 0 0 0 0 0 0 0 0 0 0 0 0 0 0 0 0 0 0 0 0 0 0 0 0 0 0 0 0 0 0 0 0 0 0 0 0 0 0 0 0 0 0 0 0 0 0 0 0 0 0 0 0 0 0 0 0 0 0 0 0 0 0 0 0 0 0 0 0 0 0 0 0 0 0 0 0 0 0 0 0 0 0 0 0 0 0 0 0 0 0 0 0 0 0 0 0 0 0 0 0 0 0 0 0 0 0 0 0 0 0 0 0 0 0 0 0 0 0 0 0 0 0 0 0 0 0 0 0 0 0 0 0 0 0 0 0 0 0 0 0 0 0 0 0 0 0 0 0 0 0 0 0 0 0 0 0 0 0 0 0 0 0 0 0 0 0 0 0 0 0 0 0 0 0 0 0 0 0 0 0 0 0 0 0 0 0 0 0 0 0 0 0 0 0 0 0 0 0 0 0 0 0 0 0 0 0 0 0 0 0 0 0 0 0 0 0 0 0 0 0 0 0 0 0 0 0 0 0 0 0 0 0 0 0 0 0 0 0 0 0 0 0 0 0 0 0 0 0 0 0 0 0 0 0 0 0 0 0 0 0 0 0 0 0 0 0 0 0 0 0 0 0 0 0 0 0 0 0 0 0 0 0 0 0 0 0 0 0 0 0 0 0 0 0 0 0 0 0 0 0 0 0 0 0 0 0 0 0 0 0 0 0 0 0 0 0 0 0 0 0 0 0 0 0 0 0 0 0 0 0 0 0 0 0 0 0 0 0 0 0 0 0 0 0 0 0 0 0 0 0 0 0 0 0 0 0 0 0 0 0 0 0 0 0 0 0 0 0 0 0 0 0 0 0 0 0 0 0 0 0 0 0 0 0 0 0 0 0 0 0 0 0 0 0 0 0 0 0 0 0 0 0 0 0 0 0 0 0 0 0 0 0 0 0 0 0 0 0 0 0 0 0 0 0 0 0 0 0 0 0 0 0 0 0 0 0 0 0 0 0 0 0 0 0 0 0 0 0 0 0 0 0 0 0 0 0 0 0 0 0 0 0 0 0 0 0 0 0 0 0 0 0 0 0 0 0 0 0 0 0 0 0 0 0 0 0 0 0 0 0 0 0 0 0 0 0 0 0 0 0 0 0 0 0 0 0 0 0 0 0 0 0 0 0 0 0 0 0 0 0 0 0 0 0 0 0 0 0 0 0 0 0 0 0 0 0 0 0 0 0 0 0 0 0 0 0 0 0 0 0 0 0 0 0 0 0 0 0 0 0 0 0 0 0 0 0 0 0 0 0 0 0 0 0 0 0 0 0 0 0 0 0 0 0 0 0 0 0 0 0 0 0 0 0 0 0 0 0 0 0 0 0 0 0 0 0 0 0 0 0 0 0 0 0 0 0 0 0 0 0 0 0 0 0 0 0 0 0 0 0 0 0 0 0 0 0 0 0 0 0 0 0 0 0 0 0 0 0 0 0 0 0 0 0 0 0 0 0 0 0 0 0 0 0 0 0 0 0 0 0 0 0 0 0 0 0 0 0 0 0 0 0 0 0 0 0 0 0 0 0 0 0 0 0 0 0 0 0 0 0 0 0 0 0 0 0 0 0 0 0 0 0 0 0 0 0 0 0 0 0 0 0 0 0 0 0 0 0 0 0 0 0 0 0 0 0 0 0 0 0 0 0 0 0 0 0 0 0 0 0 0 0 0 0 0 0 0 0 0 0 0 0 0 0 0 0 0 0 0 0 0 0 0 0 0 0 0 0 0 0 0 0 0 0 0 0 0 0 0 0 0 0 0 0 0 0 0 0 0 0 0 0 0 0 0 0 0 0 0 0 0 0 0 0 0 0 0 0 0 0 0 0 0 0 0 0 0 0 0 0 0 0 0 0 0 0 0 0 0 0 0 0 0 0 0 0 0 0 0 0 0 0 0 0 0 0 0 0 0 0 0 0 0 0 0 0 0 0 0 0 0 0 0 0 0 0 0 0 0 0 0 0 0 0 0 0 0 0 0 0 0 0 0 0 0 0 0 0 0 0 0 0 0 0 0 0 0 0 0 0 0 0 0 0 0 0 0 0 0 0 0 0 0 0 0 0 0 0 0 0 0 0 0 0 0 0 0 0 0 0 0 0 0 0 0 0 0 0 0 0 0 0 0 0 0 0 0 0 0 0 0 0 0 0 0 0 0 0 0 0 0 0 0 0 0 0 0 0 0 0 0 0 0 0 0 0 0 0 0 0 0 0 0 0 0 0 0 0 0 0 0 0 0 0 0 0 0 0 0 0 0 0 0 0 0 0 0 0 0 0 0 0 0 0 0 0 0 0 0 0 0 0 0 0 0 0 0 0 0 0 0 0 0 0 0 0 0 0 0 0 0 0 0 0 0 0 0 0 0 0 0 0 0 0 0 0 0 0 0 0 0 0 0 0 0 0 0 0 0 0 0 0 0 0 0 0 0 0 0 0 0 0 0 0 0 0 0 0 0 0 0 0 0 0 0 0 0 0 0 0 0 0 0 0 0 0 0 0 0 0 0 0 0 0 0 0 0 0 0 0 0 0 0 0 0 0 0 0 0 0 0 0 0 0 0 0 0 0 0 0 0 0 0 0 0 0 0 0 0 0 0 0 0 0 0 0 0 0 0 0 0 0 0 0 0 0 0 0 0 0 0 0 0 0 0 0 0 0 0 0 0 0 0 0 0 0 0 0 0 0 0 0 0 0 0 0 0 0 0 0 0 0 0 0 0 0 0 0 0 0 0 0 0 0 0 0 0 0 0 0 0 0 0 0 0 0 0 0 0 0 0 0 0 0 0 0 0 0 0 0 0 0 0 0 0 0 0 0 0 0 0 0 0 0 0 0 0 0 0 0 0 0 0 0 0 0 0 0 0 0 0 0 0 0 0 0 0 0 0 0 0 0 0 0 0 0 0 0 0 0 0 0 0 0 0 0 0 0 0 0 0 0 0 0 0 0 0 0 0 0 0 0 0 0 0 0 0 0 0 0 0 0 0 0 0 0 0 0 0 0 0 0 0 0 0 0 0 0 0 0 0 0 0 0 0 0 0 0 0 0 0 0 0 0 0 0 0 0 0 0 0 0 0 0 0 0 0 0 0 0 0 0 0 0 0 0 0 0 0 0 0 0 0 0 0 0 0 0 0 0 0 0 0 0 0 0 0 0 0 0 0 0 0 0 0 0 0 0 0 0 0 0 0 0 0 0 0 0 0 0 0 0 0 0 0 0 0 0 0 0 0 0 0 0 0 0 0 0 0 0 0 0 0 0 0 0 0 0 0 0 0 0 0 0 0 0 0 0 0 0 0 0 0 0 0 0 0 0 0 0 0 0 0 0 0 0 0 0 0 0 0 0 0 0 0 0 0 0 0 0 0 0 0 0 0 0 0 0 0 0 0 0 0 0 0 0 0 0 0 0 0 0 0 0 0 0 0 0 0 0 0 0 0 0 0 0 0 0 0 0 0 0 0 0 0 0 0 0 0 0 0 0 0 0 0 0 0 0 0 0 0 0 0 0 0 0 0 0 0 0 0 0 0 0 0 0 0 0 0 0 0 0 0 0 0 0 0 0 0 0 0 0 0 0 0 0 0 0 0 0 0 0 0 0 0 0 0 0 0 0 0 0 0 0 0 0 0 0 0 0 0 0 0 0 0 0 0 0 0 0 0 0 0 0 0 0 0 0 0 0 0 0 0 0 0 0 0 0 0 0 0 0 0 0 0 0 0 0 0 0 0 0 0 0 0 0 0 0 0 0 0 0 0 0 0 0 0 0 0 0 0 0 0 0 0 0 0 0 0 0 0 0 0 0 0 0 0 0 0 0 0 0 0 0 0 0 0 0 0 0 0 0 0 0 0 0 0 0 0 0 0 0 0 0 0 0 0 0 0 0 0 0 0 0 0 0 0 0 0 0 0 0 0 0 0 0 0 0 0 0 0 0 0 0 0 0 0 0 0 0 0 0 0 0 0 0 0 0 0 0 0 0 0 0 0 0 0 0 0 0 0 0 0 0 0 0 0 0 0 0 0 0 0 0 0 0 0 0 0 0 0 0 0 0 0 0 0 0 0 0 0 0 0 0 0 0 0 0 0 0 0 0 0 0 0 0 0 0 0 0 0 0 0 0 0 0 0 0 0 0 0 0 0 0 0 0 0 0 0 0 0 0 0 0 0 0 0 0 0 0 0 0 0 0 0 0 0 0 0 0 0 0 0 0 0 0 0 0 0 0 0 0 0 0 0 0 0 0 0 0 0 0 0 0 0 0 0 0 0 0 0 0 0 0 0 0 0 0 0 0 0 0 0 0 0 0 0 0 0 0 0 0 0 0 0 0 0 0 0 0 0 0 0 0 0 0 0 0 0 0 0 0 0 0 0 0 0 0 0 0 0 0 0 0 0 0 0 0 0 0 0 0 0 0 0 0 0 0 0 0 0 0 0 0 0 0 0 0 0 0 0 0 0 0 0 0 0 0 0 0 0 0 0 0 0 0 0 0 0 0 0 0 0 0 0 0 0 0 0 0 0 0 0 0 0 0 0 0 0 0 0 0 0 0 0 0 0 0 0 0 0 0 0 0 0 0 0 0 0 0 0 0 0 0 0 0 0 0 0 0 0 0 0 0 0 0 0 0 0 0 0 0 0 0 0 0 0 0 0 0 0 0 0 0 0 0 0 0 0 0 0 0 0 0 0 0 0 0 0 0 0 0 0 0 0 0 0 0 0 0 0 0 0 0 0 0 0 0 0 0 0 0 0 0 0 0 0 0 0 0 0 0 0 0 0 0 0 0 0 0 0 0 0 0 0 0 0 0 0 0 0 0 0 0 0 0 0 0 0 0 0 0 0 0 0 0 0 0 0 0 0 0 0 0 0 0 0 0 0 0 0 0 0 0 0 0 0 0 0 0 0 0 0 0 0 0 0 0 0 0 0 0 0 0 0 0 0 0 0 0 0 0 0 0 0 0 0 0 0 0 0 0 0 0 0 0 0 0 0 0 0 0 0 0 0 0 0 0 0 0 0 0 0 0 0 0 0 0 0 0 0 0 0 0 0 0 0 0 0 0 0 0 0 0 0 0 0 0 0 0 0 0 0 0 0 0 0 0 0 0 0 0 0 0 0 0 0 0 0 0 0 0 0 0 0 0 0 0 0 0 0 0 0 0 0 0 0 0 0 0 0 0 0 0 0 0 0 0 0 0 0 0 0 0 0 0 0 0 0 0 0 0 0 0 0 0 0 0 0 0 0 0 0 0 0 0 0 0 0 0 0 0 0 0 0 0 0 0 0 0 0 0 0 0 0 0 0 0 0 0 0 0 0 0 0 0 0 0 0 0 0 0 0 0 0 0 0 0 0 0 0 0 0 0 0 0 0 0 0 0 0 0 0 0 0 0 0 0 0 0 0 0 0 0 0 0 0 0 0 0 0 0 0 0 0 0 0 0 0 0 0 0 0 0 0 0 0 0 0 0 0 0 0 0 0 0 0 0 0 0 0 0 0 0 0 0 0 0 0 0 0 0 0 0 0 0 0 0 0 0 0 0 0 0 0 0 0 0 0 0 0 0 0 0 0 0 0 0 0 0 0 0 0 0 0 0 0 0 0 0 0 0 0 0 0 0 0 0 0 0 0 0 0 0 0 0 0 0 0 0 0 0 0 0 0 0 0 0 0 0 0 0 0 0 0 0 0 0 0 0 0 0 0 0 0 0 0 0 0 0 0 0 0 0 0 0 0 0 0 0 0 0 0 0 0 0 0 0 0 0 0 0 0 0 0 0 0 0 0 0 0 0 0 0 0 0 0 0 0 0 0 0 0 0 0 0 0 0 0 0 0 0 0 0 0 0 0 0 0 0 0 0 0 0 0 0 0 0 0 0 0 0 0 0 0 0 0 0 0 0 0 0 0 0 0 0 0 0 0 0 0 0 0 0 0 0 0 0 0 0 0 0 0 0 0 0 0 0 0 0 0 0 0 0 0 0 0 0 0 0 0 0 0 0 0 0 0 0 0 0 0 0 0 0 0 0 0 0 0 0 0 0 0 0 0 0 0 0 0 0 0 0 0 0 0 0 0 0 0 0 0 0 0 0 0 0 0 0 0 0 0 0 0 0 0 0 0 0 0 0 0 0 0 0 0 0 0 0 0 0 0 0 0 0 0 0 0 0 0 0 0 0 0 0 0 0 0 0 0 0 0 0 0 0 0 0 0 0 0 0 0 0 0 0 0 0 0 0 0 0 0 0 0 0 0 0 0 0 0 0 0 0 0 0 0 0 0 0 0 0 0 0 0 0 0 0 0 0 0 0 0 0 0 0 0 0 0 0 0 0 0 0 0 0 0 0 0 0 0 0 0 0 0 0 0 0 0 0 0 0 0 0 0 0 0 0 0 0 0 0 0 0 0 0 0 0 0 0 0 0 0 0 0 0 0 0 0 0 0 0 0 0 0 0 0 0 0 0 0 0 0 0 0 0 0 0 0 0 0 0 0 0 0 0 0 0 0 0 0 0 0 0 0 0 0 0 0 0 0 0 0 0 0 0 0 0 0 0 0 0 0 0 0 0 0 0 0 0 0 0 0 0 0 0 0 0 0 0 0 0 0 0 0 0 0 0 0 0 0 0 0 0 0 0 0 0 0 0 0 0 0 0 0 0 0 0 0 0 0 0 0 0 0 0 0 0 0 0 0 0 0 0 0 0 0 0 0 0 0 0 0 0 0 0 0 0 0 0 0 0 0 0 0 0 0 0 0 0 0 0 0 0 0 0 0 0 0 0 0 0 0 0 0 0 0 0 0 0 0 0 0 0 0 0 0 0 0 0 0 0 0 0 0 0 0 0 0 0 0 0 0 0 0 0 0 0 0 0 0 0 0 0 0 0 0 0 0 0 0 0 0 0 0 0 0 0 0 0 0 0 0 0 0 0 0 0 0 0 0 0 0 0 0 0 0 0 0 0 0 0 0 0 0 0 0 0 0 0 0 0 0 0 0 0 0 0 0 0 0 0 0 0 0 0 0 0 0 0 0 0 0 0 0 0 0 0 0 0 0 0 0 0 0 0 0 0 0 0 0 0 0 0 0 0 0 0 0 0 0 0 0 0 0 0 0 0 0 0 0 0 0 0 0 0 0 </float_array>
          <technique_common>
            <accessor count="3570" offset="0" source="#shiny_white-tex0-array" stride="2">
              <param name="S" type="float" />
              <param name="T" type="float" />
            </accessor>
          </technique_common>
        </source>
        <vertices id="shiny_white-vertices">
          <input semantic="POSITION" source="#shiny_white-positions" />
        </vertices>
        <polylist count="1190" material="defaultMaterial">
          <input offset="0" semantic="VERTEX" source="#shiny_white-vertices" />
          <input offset="0" semantic="NORMAL" source="#shiny_white-normals" />
          <input offset="0" semantic="TEXCOORD" source="#shiny_white-tex0" set="0" />
          <vcount>3 3 3 3 3 3 3 3 3 3 3 3 3 3 3 3 3 3 3 3 3 3 3 3 3 3 3 3 3 3 3 3 3 3 3 3 3 3 3 3 3 3 3 3 3 3 3 3 3 3 3 3 3 3 3 3 3 3 3 3 3 3 3 3 3 3 3 3 3 3 3 3 3 3 3 3 3 3 3 3 3 3 3 3 3 3 3 3 3 3 3 3 3 3 3 3 3 3 3 3 3 3 3 3 3 3 3 3 3 3 3 3 3 3 3 3 3 3 3 3 3 3 3 3 3 3 3 3 3 3 3 3 3 3 3 3 3 3 3 3 3 3 3 3 3 3 3 3 3 3 3 3 3 3 3 3 3 3 3 3 3 3 3 3 3 3 3 3 3 3 3 3 3 3 3 3 3 3 3 3 3 3 3 3 3 3 3 3 3 3 3 3 3 3 3 3 3 3 3 3 3 3 3 3 3 3 3 3 3 3 3 3 3 3 3 3 3 3 3 3 3 3 3 3 3 3 3 3 3 3 3 3 3 3 3 3 3 3 3 3 3 3 3 3 3 3 3 3 3 3 3 3 3 3 3 3 3 3 3 3 3 3 3 3 3 3 3 3 3 3 3 3 3 3 3 3 3 3 3 3 3 3 3 3 3 3 3 3 3 3 3 3 3 3 3 3 3 3 3 3 3 3 3 3 3 3 3 3 3 3 3 3 3 3 3 3 3 3 3 3 3 3 3 3 3 3 3 3 3 3 3 3 3 3 3 3 3 3 3 3 3 3 3 3 3 3 3 3 3 3 3 3 3 3 3 3 3 3 3 3 3 3 3 3 3 3 3 3 3 3 3 3 3 3 3 3 3 3 3 3 3 3 3 3 3 3 3 3 3 3 3 3 3 3 3 3 3 3 3 3 3 3 3 3 3 3 3 3 3 3 3 3 3 3 3 3 3 3 3 3 3 3 3 3 3 3 3 3 3 3 3 3 3 3 3 3 3 3 3 3 3 3 3 3 3 3 3 3 3 3 3 3 3 3 3 3 3 3 3 3 3 3 3 3 3 3 3 3 3 3 3 3 3 3 3 3 3 3 3 3 3 3 3 3 3 3 3 3 3 3 3 3 3 3 3 3 3 3 3 3 3 3 3 3 3 3 3 3 3 3 3 3 3 3 3 3 3 3 3 3 3 3 3 3 3 3 3 3 3 3 3 3 3 3 3 3 3 3 3 3 3 3 3 3 3 3 3 3 3 3 3 3 3 3 3 3 3 3 3 3 3 3 3 3 3 3 3 3 3 3 3 3 3 3 3 3 3 3 3 3 3 3 3 3 3 3 3 3 3 3 3 3 3 3 3 3 3 3 3 3 3 3 3 3 3 3 3 3 3 3 3 3 3 3 3 3 3 3 3 3 3 3 3 3 3 3 3 3 3 3 3 3 3 3 3 3 3 3 3 3 3 3 3 3 3 3 3 3 3 3 3 3 3 3 3 3 3 3 3 3 3 3 3 3 3 3 3 3 3 3 3 3 3 3 3 3 3 3 3 3 3 3 3 3 3 3 3 3 3 3 3 3 3 3 3 3 3 3 3 3 3 3 3 3 3 3 3 3 3 3 3 3 3 3 3 3 3 3 3 3 3 3 3 3 3 3 3 3 3 3 3 3 3 3 3 3 3 3 3 3 3 3 3 3 3 3 3 3 3 3 3 3 3 3 3 3 3 3 3 3 3 3 3 3 3 3 3 3 3 3 3 3 3 3 3 3 3 3 3 3 3 3 3 3 3 3 3 3 3 3 3 3 3 3 3 3 3 3 3 3 3 3 3 3 3 3 3 3 3 3 3 3 3 3 3 3 3 3 3 3 3 3 3 3 3 3 3 3 3 3 3 3 3 3 3 3 3 3 3 3 3 3 3 3 3 3 3 3 3 3 3 3 3 3 3 3 3 3 3 3 3 3 3 3 3 3 3 3 3 3 3 3 3 3 3 3 3 3 3 3 3 3 3 3 3 3 3 3 3 3 3 3 3 3 3 3 3 3 3 3 3 3 3 3 3 3 3 3 3 3 3 3 3 3 3 3 3 3 3 3 3 3 3 3 3 3 3 3 3 3 3 3 3 3 3 3 3 3 3 3 3 3 3 3 3 3 3 3 3 3 3 3 3 3 3 3 3 3 3 3 3 3 3 3 3 3 3 3 3 3 3 3 3 3 3 3 3 3 3 3 3 3 3 3 3 3 3 3 3 3 3 3 3 3 3 3 3 3 3 3 3 3 3 3 3 3 3 3 3 3 3 3 3 3 3 3 3 3 3 3 3 3 3 3 3 3 3 3 3 3 3 3 3 3 3 3 3 3 3 3 3 3 3 3 3 3 3 3 3 3 3 3 3 3 3 3 3 3 3 3 3 3 3 3 3 3 3 3 3 3 3 3 3 3 3 3 3 3 3 3 3 3 3 3 3 3 3 3 3 3 3 3 3 3 3 3 3 3 3 3 3 3 3 3 3 3 3 3 3 3 3 3 3 3 3 3 3 3 3 3 3 3 3 3 3 3 3 3 3 3 3 3 3 3 3 3 3 3 3 3 3 3 3 3 3 3 3 3 3 3 3 3 3 3 3 3 3 3 3 3 3 3 3 3 3 3 3 3 3 3 3 3 3 3 3 3 3 3 3 3 3 3 3 3 3 3 3 3 3 3 </vcount>
          <p>0 1 2 3 4 5 6 7 8 9 10 11 12 13 14 15 16 17 18 19 20 21 22 23 24 25 26 27 28 29 30 31 32 33 34 35 36 37 38 39 40 41 42 43 44 45 46 47 48 49 50 51 52 53 54 55 56 57 58 59 60 61 62 63 64 65 66 67 68 69 70 71 72 73 74 75 76 77 78 79 80 81 82 83 84 85 86 87 88 89 90 91 92 93 94 95 96 97 98 99 100 101 102 103 104 105 106 107 108 109 110 111 112 113 114 115 116 117 118 119 120 121 122 123 124 125 126 127 128 129 130 131 132 133 134 135 136 137 138 139 140 141 142 143 144 145 146 147 148 149 150 151 152 153 154 155 156 157 158 159 160 161 162 163 164 165 166 167 168 169 170 171 172 173 174 175 176 177 178 179 180 181 182 183 184 185 186 187 188 189 190 191 192 193 194 195 196 197 198 199 200 201 202 203 204 205 206 207 208 209 210 211 212 213 214 215 216 217 218 219 220 221 222 223 224 225 226 227 228 229 230 231 232 233 234 235 236 237 238 239 240 241 242 243 244 245 246 247 248 249 250 251 252 253 254 255 256 257 258 259 260 261 262 263 264 265 266 267 268 269 270 271 272 273 274 275 276 277 278 279 280 281 282 283 284 285 286 287 288 289 290 291 292 293 294 295 296 297 298 299 300 301 302 303 304 305 306 307 308 309 310 311 312 313 314 315 316 317 318 319 320 321 322 323 324 325 326 327 328 329 330 331 332 333 334 335 336 337 338 339 340 341 342 343 344 345 346 347 348 349 350 351 352 353 354 355 356 357 358 359 360 361 362 363 364 365 366 367 368 369 370 371 372 373 374 375 376 377 378 379 380 381 382 383 384 385 386 387 388 389 390 391 392 393 394 395 396 397 398 399 400 401 402 403 404 405 406 407 408 409 410 411 412 413 414 415 416 417 418 419 420 421 422 423 424 425 426 427 428 429 430 431 432 433 434 435 436 437 438 439 440 441 442 443 444 445 446 447 448 449 450 451 452 453 454 455 456 457 458 459 460 461 462 463 464 465 466 467 468 469 470 471 472 473 474 475 476 477 478 479 480 481 482 483 484 485 486 487 488 489 490 491 492 493 494 495 496 497 498 499 500 501 502 503 504 505 506 507 508 509 510 511 512 513 514 515 516 517 518 519 520 521 522 523 524 525 526 527 528 529 530 531 532 533 534 535 536 537 538 539 540 541 542 543 544 545 546 547 548 549 550 551 552 553 554 555 556 557 558 559 560 561 562 563 564 565 566 567 568 569 570 571 572 573 574 575 576 577 578 579 580 581 582 583 584 585 586 587 588 589 590 591 592 593 594 595 596 597 598 599 600 601 602 603 604 605 606 607 608 609 610 611 612 613 614 615 616 617 618 619 620 621 622 623 624 625 626 627 628 629 630 631 632 633 634 635 636 637 638 639 640 641 642 643 644 645 646 647 648 649 650 651 652 653 654 655 656 657 658 659 660 661 662 663 664 665 666 667 668 669 670 671 672 673 674 675 676 677 678 679 680 681 682 683 684 685 686 687 688 689 690 691 692 693 694 695 696 697 698 699 700 701 702 703 704 705 706 707 708 709 710 711 712 713 714 715 716 717 718 719 720 721 722 723 724 725 726 727 728 729 730 731 732 733 734 735 736 737 738 739 740 741 742 743 744 745 746 747 748 749 750 751 752 753 754 755 756 757 758 759 760 761 762 763 764 765 766 767 768 769 770 771 772 773 774 775 776 777 778 779 780 781 782 783 784 785 786 787 788 789 790 791 792 793 794 795 796 797 798 799 800 801 802 803 804 805 806 807 808 809 810 811 812 813 814 815 816 817 818 819 820 821 822 823 824 825 826 827 828 829 830 831 832 833 834 835 836 837 838 839 840 841 842 843 844 845 846 847 848 849 850 851 852 853 854 855 856 857 858 859 860 861 862 863 864 865 866 867 868 869 870 871 872 873 874 875 876 877 878 879 880 881 882 883 884 885 886 887 888 889 890 891 892 893 894 895 896 897 898 899 900 901 902 903 904 905 906 907 908 909 910 911 912 913 914 915 916 917 918 919 920 921 922 923 924 925 926 927 928 929 930 931 932 933 934 935 936 937 938 939 940 941 942 943 944 945 946 947 948 949 950 951 952 953 954 955 956 957 958 959 960 961 962 963 964 965 966 967 968 969 970 971 972 973 974 975 976 977 978 979 980 981 982 983 984 985 986 987 988 989 990 991 992 993 994 995 996 997 998 999 1000 1001 1002 1003 1004 1005 1006 1007 1008 1009 1010 1011 1012 1013 1014 1015 1016 1017 1018 1019 1020 1021 1022 1023 1024 1025 1026 1027 1028 1029 1030 1031 1032 1033 1034 1035 1036 1037 1038 1039 1040 1041 1042 1043 1044 1045 1046 1047 1048 1049 1050 1051 1052 1053 1054 1055 1056 1057 1058 1059 1060 1061 1062 1063 1064 1065 1066 1067 1068 1069 1070 1071 1072 1073 1074 1075 1076 1077 1078 1079 1080 1081 1082 1083 1084 1085 1086 1087 1088 1089 1090 1091 1092 1093 1094 1095 1096 1097 1098 1099 1100 1101 1102 1103 1104 1105 1106 1107 1108 1109 1110 1111 1112 1113 1114 1115 1116 1117 1118 1119 1120 1121 1122 1123 1124 1125 1126 1127 1128 1129 1130 1131 1132 1133 1134 1135 1136 1137 1138 1139 1140 1141 1142 1143 1144 1145 1146 1147 1148 1149 1150 1151 1152 1153 1154 1155 1156 1157 1158 1159 1160 1161 1162 1163 1164 1165 1166 1167 1168 1169 1170 1171 1172 1173 1174 1175 1176 1177 1178 1179 1180 1181 1182 1183 1184 1185 1186 1187 1188 1189 1190 1191 1192 1193 1194 1195 1196 1197 1198 1199 1200 1201 1202 1203 1204 1205 1206 1207 1208 1209 1210 1211 1212 1213 1214 1215 1216 1217 1218 1219 1220 1221 1222 1223 1224 1225 1226 1227 1228 1229 1230 1231 1232 1233 1234 1235 1236 1237 1238 1239 1240 1241 1242 1243 1244 1245 1246 1247 1248 1249 1250 1251 1252 1253 1254 1255 1256 1257 1258 1259 1260 1261 1262 1263 1264 1265 1266 1267 1268 1269 1270 1271 1272 1273 1274 1275 1276 1277 1278 1279 1280 1281 1282 1283 1284 1285 1286 1287 1288 1289 1290 1291 1292 1293 1294 1295 1296 1297 1298 1299 1300 1301 1302 1303 1304 1305 1306 1307 1308 1309 1310 1311 1312 1313 1314 1315 1316 1317 1318 1319 1320 1321 1322 1323 1324 1325 1326 1327 1328 1329 1330 1331 1332 1333 1334 1335 1336 1337 1338 1339 1340 1341 1342 1343 1344 1345 1346 1347 1348 1349 1350 1351 1352 1353 1354 1355 1356 1357 1358 1359 1360 1361 1362 1363 1364 1365 1366 1367 1368 1369 1370 1371 1372 1373 1374 1375 1376 1377 1378 1379 1380 1381 1382 1383 1384 1385 1386 1387 1388 1389 1390 1391 1392 1393 1394 1395 1396 1397 1398 1399 1400 1401 1402 1403 1404 1405 1406 1407 1408 1409 1410 1411 1412 1413 1414 1415 1416 1417 1418 1419 1420 1421 1422 1423 1424 1425 1426 1427 1428 1429 1430 1431 1432 1433 1434 1435 1436 1437 1438 1439 1440 1441 1442 1443 1444 1445 1446 1447 1448 1449 1450 1451 1452 1453 1454 1455 1456 1457 1458 1459 1460 1461 1462 1463 1464 1465 1466 1467 1468 1469 1470 1471 1472 1473 1474 1475 1476 1477 1478 1479 1480 1481 1482 1483 1484 1485 1486 1487 1488 1489 1490 1491 1492 1493 1494 1495 1496 1497 1498 1499 1500 1501 1502 1503 1504 1505 1506 1507 1508 1509 1510 1511 1512 1513 1514 1515 1516 1517 1518 1519 1520 1521 1522 1523 1524 1525 1526 1527 1528 1529 1530 1531 1532 1533 1534 1535 1536 1537 1538 1539 1540 1541 1542 1543 1544 1545 1546 1547 1548 1549 1550 1551 1552 1553 1554 1555 1556 1557 1558 1559 1560 1561 1562 1563 1564 1565 1566 1567 1568 1569 1570 1571 1572 1573 1574 1575 1576 1577 1578 1579 1580 1581 1582 1583 1584 1585 1586 1587 1588 1589 1590 1591 1592 1593 1594 1595 1596 1597 1598 1599 1600 1601 1602 1603 1604 1605 1606 1607 1608 1609 1610 1611 1612 1613 1614 1615 1616 1617 1618 1619 1620 1621 1622 1623 1624 1625 1626 1627 1628 1629 1630 1631 1632 1633 1634 1635 1636 1637 1638 1639 1640 1641 1642 1643 1644 1645 1646 1647 1648 1649 1650 1651 1652 1653 1654 1655 1656 1657 1658 1659 1660 1661 1662 1663 1664 1665 1666 1667 1668 1669 1670 1671 1672 1673 1674 1675 1676 1677 1678 1679 1680 1681 1682 1683 1684 1685 1686 1687 1688 1689 1690 1691 1692 1693 1694 1695 1696 1697 1698 1699 1700 1701 1702 1703 1704 1705 1706 1707 1708 1709 1710 1711 1712 1713 1714 1715 1716 1717 1718 1719 1720 1721 1722 1723 1724 1725 1726 1727 1728 1729 1730 1731 1732 1733 1734 1735 1736 1737 1738 1739 1740 1741 1742 1743 1744 1745 1746 1747 1748 1749 1750 1751 1752 1753 1754 1755 1756 1757 1758 1759 1760 1761 1762 1763 1764 1765 1766 1767 1768 1769 1770 1771 1772 1773 1774 1775 1776 1777 1778 1779 1780 1781 1782 1783 1784 1785 1786 1787 1788 1789 1790 1791 1792 1793 1794 1795 1796 1797 1798 1799 1800 1801 1802 1803 1804 1805 1806 1807 1808 1809 1810 1811 1812 1813 1814 1815 1816 1817 1818 1819 1820 1821 1822 1823 1824 1825 1826 1827 1828 1829 1830 1831 1832 1833 1834 1835 1836 1837 1838 1839 1840 1841 1842 1843 1844 1845 1846 1847 1848 1849 1850 1851 1852 1853 1854 1855 1856 1857 1858 1859 1860 1861 1862 1863 1864 1865 1866 1867 1868 1869 1870 1871 1872 1873 1874 1875 1876 1877 1878 1879 1880 1881 1882 1883 1884 1885 1886 1887 1888 1889 1890 1891 1892 1893 1894 1895 1896 1897 1898 1899 1900 1901 1902 1903 1904 1905 1906 1907 1908 1909 1910 1911 1912 1913 1914 1915 1916 1917 1918 1919 1920 1921 1922 1923 1924 1925 1926 1927 1928 1929 1930 1931 1932 1933 1934 1935 1936 1937 1938 1939 1940 1941 1942 1943 1944 1945 1946 1947 1948 1949 1950 1951 1952 1953 1954 1955 1956 1957 1958 1959 1960 1961 1962 1963 1964 1965 1966 1967 1968 1969 1970 1971 1972 1973 1974 1975 1976 1977 1978 1979 1980 1981 1982 1983 1984 1985 1986 1987 1988 1989 1990 1991 1992 1993 1994 1995 1996 1997 1998 1999 2000 2001 2002 2003 2004 2005 2006 2007 2008 2009 2010 2011 2012 2013 2014 2015 2016 2017 2018 2019 2020 2021 2022 2023 2024 2025 2026 2027 2028 2029 2030 2031 2032 2033 2034 2035 2036 2037 2038 2039 2040 2041 2042 2043 2044 2045 2046 2047 2048 2049 2050 2051 2052 2053 2054 2055 2056 2057 2058 2059 2060 2061 2062 2063 2064 2065 2066 2067 2068 2069 2070 2071 2072 2073 2074 2075 2076 2077 2078 2079 2080 2081 2082 2083 2084 2085 2086 2087 2088 2089 2090 2091 2092 2093 2094 2095 2096 2097 2098 2099 2100 2101 2102 2103 2104 2105 2106 2107 2108 2109 2110 2111 2112 2113 2114 2115 2116 2117 2118 2119 2120 2121 2122 2123 2124 2125 2126 2127 2128 2129 2130 2131 2132 2133 2134 2135 2136 2137 2138 2139 2140 2141 2142 2143 2144 2145 2146 2147 2148 2149 2150 2151 2152 2153 2154 2155 2156 2157 2158 2159 2160 2161 2162 2163 2164 2165 2166 2167 2168 2169 2170 2171 2172 2173 2174 2175 2176 2177 2178 2179 2180 2181 2182 2183 2184 2185 2186 2187 2188 2189 2190 2191 2192 2193 2194 2195 2196 2197 2198 2199 2200 2201 2202 2203 2204 2205 2206 2207 2208 2209 2210 2211 2212 2213 2214 2215 2216 2217 2218 2219 2220 2221 2222 2223 2224 2225 2226 2227 2228 2229 2230 2231 2232 2233 2234 2235 2236 2237 2238 2239 2240 2241 2242 2243 2244 2245 2246 2247 2248 2249 2250 2251 2252 2253 2254 2255 2256 2257 2258 2259 2260 2261 2262 2263 2264 2265 2266 2267 2268 2269 2270 2271 2272 2273 2274 2275 2276 2277 2278 2279 2280 2281 2282 2283 2284 2285 2286 2287 2288 2289 2290 2291 2292 2293 2294 2295 2296 2297 2298 2299 2300 2301 2302 2303 2304 2305 2306 2307 2308 2309 2310 2311 2312 2313 2314 2315 2316 2317 2318 2319 2320 2321 2322 2323 2324 2325 2326 2327 2328 2329 2330 2331 2332 2333 2334 2335 2336 2337 2338 2339 2340 2341 2342 2343 2344 2345 2346 2347 2348 2349 2350 2351 2352 2353 2354 2355 2356 2357 2358 2359 2360 2361 2362 2363 2364 2365 2366 2367 2368 2369 2370 2371 2372 2373 2374 2375 2376 2377 2378 2379 2380 2381 2382 2383 2384 2385 2386 2387 2388 2389 2390 2391 2392 2393 2394 2395 2396 2397 2398 2399 2400 2401 2402 2403 2404 2405 2406 2407 2408 2409 2410 2411 2412 2413 2414 2415 2416 2417 2418 2419 2420 2421 2422 2423 2424 2425 2426 2427 2428 2429 2430 2431 2432 2433 2434 2435 2436 2437 2438 2439 2440 2441 2442 2443 2444 2445 2446 2447 2448 2449 2450 2451 2452 2453 2454 2455 2456 2457 2458 2459 2460 2461 2462 2463 2464 2465 2466 2467 2468 2469 2470 2471 2472 2473 2474 2475 2476 2477 2478 2479 2480 2481 2482 2483 2484 2485 2486 2487 2488 2489 2490 2491 2492 2493 2494 2495 2496 2497 2498 2499 2500 2501 2502 2503 2504 2505 2506 2507 2508 2509 2510 2511 2512 2513 2514 2515 2516 2517 2518 2519 2520 2521 2522 2523 2524 2525 2526 2527 2528 2529 2530 2531 2532 2533 2534 2535 2536 2537 2538 2539 2540 2541 2542 2543 2544 2545 2546 2547 2548 2549 2550 2551 2552 2553 2554 2555 2556 2557 2558 2559 2560 2561 2562 2563 2564 2565 2566 2567 2568 2569 2570 2571 2572 2573 2574 2575 2576 2577 2578 2579 2580 2581 2582 2583 2584 2585 2586 2587 2588 2589 2590 2591 2592 2593 2594 2595 2596 2597 2598 2599 2600 2601 2602 2603 2604 2605 2606 2607 2608 2609 2610 2611 2612 2613 2614 2615 2616 2617 2618 2619 2620 2621 2622 2623 2624 2625 2626 2627 2628 2629 2630 2631 2632 2633 2634 2635 2636 2637 2638 2639 2640 2641 2642 2643 2644 2645 2646 2647 2648 2649 2650 2651 2652 2653 2654 2655 2656 2657 2658 2659 2660 2661 2662 2663 2664 2665 2666 2667 2668 2669 2670 2671 2672 2673 2674 2675 2676 2677 2678 2679 2680 2681 2682 2683 2684 2685 2686 2687 2688 2689 2690 2691 2692 2693 2694 2695 2696 2697 2698 2699 2700 2701 2702 2703 2704 2705 2706 2707 2708 2709 2710 2711 2712 2713 2714 2715 2716 2717 2718 2719 2720 2721 2722 2723 2724 2725 2726 2727 2728 2729 2730 2731 2732 2733 2734 2735 2736 2737 2738 2739 2740 2741 2742 2743 2744 2745 2746 2747 2748 2749 2750 2751 2752 2753 2754 2755 2756 2757 2758 2759 2760 2761 2762 2763 2764 2765 2766 2767 2768 2769 2770 2771 2772 2773 2774 2775 2776 2777 2778 2779 2780 2781 2782 2783 2784 2785 2786 2787 2788 2789 2790 2791 2792 2793 2794 2795 2796 2797 2798 2799 2800 2801 2802 2803 2804 2805 2806 2807 2808 2809 2810 2811 2812 2813 2814 2815 2816 2817 2818 2819 2820 2821 2822 2823 2824 2825 2826 2827 2828 2829 2830 2831 2832 2833 2834 2835 2836 2837 2838 2839 2840 2841 2842 2843 2844 2845 2846 2847 2848 2849 2850 2851 2852 2853 2854 2855 2856 2857 2858 2859 2860 2861 2862 2863 2864 2865 2866 2867 2868 2869 2870 2871 2872 2873 2874 2875 2876 2877 2878 2879 2880 2881 2882 2883 2884 2885 2886 2887 2888 2889 2890 2891 2892 2893 2894 2895 2896 2897 2898 2899 2900 2901 2902 2903 2904 2905 2906 2907 2908 2909 2910 2911 2912 2913 2914 2915 2916 2917 2918 2919 2920 2921 2922 2923 2924 2925 2926 2927 2928 2929 2930 2931 2932 2933 2934 2935 2936 2937 2938 2939 2940 2941 2942 2943 2944 2945 2946 2947 2948 2949 2950 2951 2952 2953 2954 2955 2956 2957 2958 2959 2960 2961 2962 2963 2964 2965 2966 2967 2968 2969 2970 2971 2972 2973 2974 2975 2976 2977 2978 2979 2980 2981 2982 2983 2984 2985 2986 2987 2988 2989 2990 2991 2992 2993 2994 2995 2996 2997 2998 2999 3000 3001 3002 3003 3004 3005 3006 3007 3008 3009 3010 3011 3012 3013 3014 3015 3016 3017 3018 3019 3020 3021 3022 3023 3024 3025 3026 3027 3028 3029 3030 3031 3032 3033 3034 3035 3036 3037 3038 3039 3040 3041 3042 3043 3044 3045 3046 3047 3048 3049 3050 3051 3052 3053 3054 3055 3056 3057 3058 3059 3060 3061 3062 3063 3064 3065 3066 3067 3068 3069 3070 3071 3072 3073 3074 3075 3076 3077 3078 3079 3080 3081 3082 3083 3084 3085 3086 3087 3088 3089 3090 3091 3092 3093 3094 3095 3096 3097 3098 3099 3100 3101 3102 3103 3104 3105 3106 3107 3108 3109 3110 3111 3112 3113 3114 3115 3116 3117 3118 3119 3120 3121 3122 3123 3124 3125 3126 3127 3128 3129 3130 3131 3132 3133 3134 3135 3136 3137 3138 3139 3140 3141 3142 3143 3144 3145 3146 3147 3148 3149 3150 3151 3152 3153 3154 3155 3156 3157 3158 3159 3160 3161 3162 3163 3164 3165 3166 3167 3168 3169 3170 3171 3172 3173 3174 3175 3176 3177 3178 3179 3180 3181 3182 3183 3184 3185 3186 3187 3188 3189 3190 3191 3192 3193 3194 3195 3196 3197 3198 3199 3200 3201 3202 3203 3204 3205 3206 3207 3208 3209 3210 3211 3212 3213 3214 3215 3216 3217 3218 3219 3220 3221 3222 3223 3224 3225 3226 3227 3228 3229 3230 3231 3232 3233 3234 3235 3236 3237 3238 3239 3240 3241 3242 3243 3244 3245 3246 3247 3248 3249 3250 3251 3252 3253 3254 3255 3256 3257 3258 3259 3260 3261 3262 3263 3264 3265 3266 3267 3268 3269 3270 3271 3272 3273 3274 3275 3276 3277 3278 3279 3280 3281 3282 3283 3284 3285 3286 3287 3288 3289 3290 3291 3292 3293 3294 3295 3296 3297 3298 3299 3300 3301 3302 3303 3304 3305 3306 3307 3308 3309 3310 3311 3312 3313 3314 3315 3316 3317 3318 3319 3320 3321 3322 3323 3324 3325 3326 3327 3328 3329 3330 3331 3332 3333 3334 3335 3336 3337 3338 3339 3340 3341 3342 3343 3344 3345 3346 3347 3348 3349 3350 3351 3352 3353 3354 3355 3356 3357 3358 3359 3360 3361 3362 3363 3364 3365 3366 3367 3368 3369 3370 3371 3372 3373 3374 3375 3376 3377 3378 3379 3380 3381 3382 3383 3384 3385 3386 3387 3388 3389 3390 3391 3392 3393 3394 3395 3396 3397 3398 3399 3400 3401 3402 3403 3404 3405 3406 3407 3408 3409 3410 3411 3412 3413 3414 3415 3416 3417 3418 3419 3420 3421 3422 3423 3424 3425 3426 3427 3428 3429 3430 3431 3432 3433 3434 3435 3436 3437 3438 3439 3440 3441 3442 3443 3444 3445 3446 3447 3448 3449 3450 3451 3452 3453 3454 3455 3456 3457 3458 3459 3460 3461 3462 3463 3464 3465 3466 3467 3468 3469 3470 3471 3472 3473 3474 3475 3476 3477 3478 3479 3480 3481 3482 3483 3484 3485 3486 3487 3488 3489 3490 3491 3492 3493 3494 3495 3496 3497 3498 3499 3500 3501 3502 3503 3504 3505 3506 3507 3508 3509 3510 3511 3512 3513 3514 3515 3516 3517 3518 3519 3520 3521 3522 3523 3524 3525 3526 3527 3528 3529 3530 3531 3532 3533 3534 3535 3536 3537 3538 3539 3540 3541 3542 3543 3544 3545 3546 3547 3548 3549 3550 3551 3552 3553 3554 3555 3556 3557 3558 3559 3560 3561 3562 3563 3564 3565 3566 3567 3568 3569 </p>
        </polylist>
      </mesh>
    </geometry>
    <geometry id="transparent" name="transparent" >
      <mesh>
        <source id="transparent-positions" name="transparent-positions">
          <float_array id="transparent-positions-array" count="18"> 0.124594003 0.107605003 -0.00502299983 0.0430729985 0.107624002 0.127444997 0.0423000008 -0.105936997 0.128723994 0.124594003 0.107605003 -0.00502299983 0.0423000008 -0.105936997 0.128723994 0.125144005 -0.106375001 -0.00411400013 </float_array>
          <technique_common>
            <accessor count="6" offset="0" source="#transparent-positions-array" stride="3">
              <param name="X" type="float" />
              <param name="Y" type="float" />
              <param name="Z" type="float" />
            </accessor>
          </technique_common>
        </source>
        <source id="transparent-normals" name="transparent-normals">
          <float_array id="transparent-normals-array" count="18"> 0.904904008 0.0503249988 0.422558993 0.907956004 -0.0558179989 0.415264994 0.91109997 0.0587479994 0.407941014 0.904904008 0.0503249988 0.422558993 0.91109997 0.0587479994 0.407941014 0.914640009 -0.0608839989 0.399608999 </float_array>
          <technique_common>
            <accessor count="6" offset="0" source="#transparent-normals-array" stride="3">
              <param name="X" type="float" />
              <param name="Y" type="float" />
              <param name="Z" type="float" />
            </accessor>
          </technique_common>
        </source>
        <source id="transparent-tex0" name="transparent-tex0">
          <float_array id="transparent-tex0-array" count="12"> 0.142317995 0.0189080238 0.871922016 0.0186690092 0.869632006 1.01624799 0.142317995 0.0189080238 0.869632006 1.01624799 0.142682001 1.015414 </float_array>
          <technique_common>
            <accessor count="6" offset="0" source="#transparent-tex0-array" stride="2">
              <param name="S" type="float" />
              <param name="T" type="float" />
            </accessor>
          </technique_common>
        </source>
        <vertices id="transparent-vertices">
          <input semantic="POSITION" source="#transparent-positions" />
        </vertices>
        <polylist count="2" material="defaultMaterial">
          <input offset="0" semantic="VERTEX" source="#transparent-vertices" />
          <input offset="0" semantic="NORMAL" source="#transparent-normals" />
          <input offset="0" semantic="TEXCOORD" source="#transparent-tex0" set="0" />
          <vcount>3 3 </vcount>
          <p>0 1 2 3 4 5 </p>
        </polylist>
      </mesh>
    </geometry>
    <geometry id="black" name="black" >
      <mesh>
        <source id="black-positions" name="black-positions">
          <float_array id="black-positions-array" count="1017"> 0.125144005 -0.106375001 -0.00411400013 0.125027999 -0.117329001 -0.00882199965 0.126493007 -0.114115998 -0.0111210002 0.0410160013 0.113779999 0.135403007 0.0430740006 0.118499003 0.132184997 0.0424829982 0.119469002 0.133205995 0.0410160013 0.113779999 0.135403007 0.0424829982 0.119469002 0.133205995 0.0405149981 0.114243999 0.136290997 0.0403309986 0.109022997 0.136282995 0.0410160013 0.113779999 0.135403007 0.0405149981 0.114243999 0.136290997 0.0403309986 0.109022997 0.136282995 0.0405149981 0.114243999 0.136290997 0.0398919992 0.109139003 0.137068003 0.0440619998 0.121478997 0.130163997 0.0424829982 0.119469002 0.133205995 0.0430740006 0.118499003 0.132184997 0.0440619998 0.121478997 0.130163997 0.0430740006 0.118499003 0.132184997 0.0442080013 0.120155998 0.129901007 0.0464899987 0.121939003 0.125667006 0.0837820023 0.121763997 0.0615999997 0.0837820023 0.122994997 0.0616279989 0.0464899987 0.121939003 0.125667006 0.0837820023 0.122994997 0.0616279989 0.0463979989 0.123179004 0.125851005 0.083792001 -0.121747002 0.0622529984 0.121848002 -0.121552996 -0.00309500005 0.123737 -0.119915001 -0.00635300018 0.123737 -0.119915001 -0.00635300018 0.123921998 -0.121119998 -0.00665199989 0.125703007 -0.118299 -0.00971399993 0.0423020013 -0.11682 0.133523002 0.0418110006 -0.117950998 0.134409994 0.0434519984 -0.121036999 0.131589994 0.123737 -0.119915001 -0.00635300018 0.125703007 -0.118299 -0.00971399993 0.125027999 -0.117329001 -0.00882199965 0.0423020013 -0.11682 0.133523002 0.0434519984 -0.121036999 0.131589994 0.0437350012 -0.119809002 0.131070003 0.0457860008 -0.121569 0.127575994 0.0437350012 -0.119809002 0.131070003 0.0434519984 -0.121036999 0.131589994 0.0406400003 -0.113940001 0.136395007 0.0410749987 -0.113803998 0.135619 0.0403399989 -0.109617002 0.136868998 0.0457860008 -0.121569 0.127575994 0.0434519984 -0.121036999 0.131589994 0.0457150005 -0.122798003 0.127701998 0.0406400003 -0.113940001 0.136395007 0.0403399989 -0.109617002 0.136868998 0.0399009995 -0.109539002 0.137654006 0.0418110006 -0.117950998 0.134409994 0.0423020013 -0.11682 0.133523002 0.0410749987 -0.113803998 0.135619 0.0418110006 -0.117950998 0.134409994 0.0410749987 -0.113803998 0.135619 0.0406400003 -0.113940001 0.136395007 0.123737 -0.119915001 -0.00635300018 0.121848002 -0.121552996 -0.00309500005 0.121803999 -0.122781999 -0.00301699992 0.123737 -0.119915001 -0.00635300018 0.121803999 -0.122781999 -0.00301699992 0.123921998 -0.121119998 -0.00665199989 0.124594003 0.107605003 -0.00502299983 0.124720998 0.118386 -0.00841099955 0.122663997 0.120844997 -0.00522600021 0.127671003 -0.109127998 -0.0131310001 0.127223 -0.109108999 -0.0123910001 0.126493007 -0.114115998 -0.0111210002 0.126576006 0.112971 -0.0118960002 0.124720998 0.118386 -0.00841099955 0.124594003 0.107605003 -0.00502299983 0.127671003 -0.109127998 -0.0131310001 0.126493007 -0.114115998 -0.0111210002 0.126875997 -0.114616998 -0.0117499996 0.083792001 -0.121747002 0.0622529984 0.123737 -0.119915001 -0.00635300018 0.125144005 -0.106375001 -0.00411400013 0.125144005 -0.106375001 -0.00411400013 0.0423000008 -0.105936997 0.128723994 0.0437350012 -0.119809002 0.131070003 0.127234995 0.103634 -0.0130000003 0.126576006 0.112971 -0.0118960002 0.124594003 0.107605003 -0.00502299983 0.125144005 -0.106375001 -0.00411400013 0.0437350012 -0.119809002 0.131070003 0.083792001 -0.121747002 0.0622529984 0.127055004 0.113444999 -0.0128899999 0.125030994 0.119718 -0.00923699979 0.124720998 0.118386 -0.00841099955 0.127055004 0.113444999 -0.0128899999 0.124720998 0.118386 -0.00841099955 0.126576006 0.112971 -0.0118960002 0.122663997 0.120844997 -0.00522600021 0.124720998 0.118386 -0.00841099955 0.125030994 0.119718 -0.00923699979 0.122663997 0.120844997 -0.00522600021 0.125030994 0.119718 -0.00923699979 0.123075999 0.122075997 -0.00587899983 0.123075999 0.122075997 -0.00587899983 0.120908 0.122841001 -0.0021540001 0.120809004 0.121606998 -0.00197999994 0.123075999 0.122075997 -0.00587899983 0.120809004 0.121606998 -0.00197999994 0.122663997 0.120844997 -0.00522600021 0.120908 0.122841001 -0.0021540001 0.0837820023 0.122994997 0.0616279989 0.0837820023 0.121763997 0.0615999997 0.120908 0.122841001 -0.0021540001 0.0837820023 0.121763997 0.0615999997 0.120809004 0.121606998 -0.00197999994 0.127234995 0.103634 -0.0130000003 0.124594003 0.107605003 -0.00502299983 0.125144005 -0.106375001 -0.00411400013 0.0430729985 0.107624002 0.127444997 0.124594003 0.107605003 -0.00502299983 0.0837820023 0.121763997 0.0615999997 0.127234995 0.103634 -0.0130000003 0.125144005 -0.106375001 -0.00411400013 0.127223 -0.109108999 -0.0123910001 0.126493007 -0.114115998 -0.0111210002 0.125027999 -0.117329001 -0.00882199965 0.125703007 -0.118299 -0.00971399993 0.126493007 -0.114115998 -0.0111210002 0.125703007 -0.118299 -0.00971399993 0.126875997 -0.114616998 -0.0117499996 0.0442080013 0.120155998 0.129901007 0.0464899987 0.121939003 0.125667006 0.0463979989 0.123179004 0.125851005 0.0442080013 0.120155998 0.129901007 0.0463979989 0.123179004 0.125851005 0.0440619998 0.121478997 0.130163997 0.0423000008 -0.105936997 0.128723994 0.0423020013 -0.11682 0.133523002 0.0437350012 -0.119809002 0.131070003 0.0430740006 0.118499003 0.132184997 0.0410160013 0.113779999 0.135403007 0.0430729985 0.107624002 0.127444997 0.126576006 0.112971 -0.0118960002 0.127234995 0.103634 -0.0130000003 0.127672002 0.103767999 -0.0137360003 0.126576006 0.112971 -0.0118960002 0.127672002 0.103767999 -0.0137360003 0.127055004 0.113444999 -0.0128899999 0.121848002 -0.121552996 -0.00309500005 0.083792001 -0.121747002 0.0622529984 0.0866980031 -0.122989997 0.0572939999 0.125144005 -0.106375001 -0.00411400013 0.123737 -0.119915001 -0.00635300018 0.125027999 -0.117329001 -0.00882199965 0.121848002 -0.121552996 -0.00309500005 0.0866980031 -0.122989997 0.0572939999 0.121803999 -0.122781999 -0.00301699992 0.127671003 -0.109127998 -0.0131310001 0.127672002 0.00683100009 -0.0134530002 0.127234995 0.103634 -0.0130000003 0.127671003 -0.109127998 -0.0131310001 0.127234995 0.103634 -0.0130000003 0.127223 -0.109108999 -0.0123910001 0.127672002 0.00683100009 -0.0134530002 0.127672002 0.103767999 -0.0137360003 0.127234995 0.103634 -0.0130000003 0.0430729985 0.107624002 0.127444997 0.0442080013 0.120155998 0.129901007 0.0430740006 0.118499003 0.132184997 0.0457150005 -0.122798003 0.127701998 0.0866980031 -0.122989997 0.0572939999 0.083792001 -0.121747002 0.0622529984 0.0457150005 -0.122798003 0.127701998 0.083792001 -0.121747002 0.0622529984 0.0457860008 -0.121569 0.127575994 0.0398919992 0.109139003 0.137068003 0.0399009995 -0.109539002 0.137654006 0.0403399989 -0.109617002 0.136868998 0.125144005 -0.106375001 -0.00411400013 0.126493007 -0.114115998 -0.0111210002 0.127223 -0.109108999 -0.0123910001 0.0398919992 0.109139003 0.137068003 0.0403399989 -0.109617002 0.136868998 0.0403309986 0.109022997 0.136282995 0.0423000008 -0.105936997 0.128723994 0.0403399989 -0.109617002 0.136868998 0.0410749987 -0.113803998 0.135619 0.0430729985 0.107624002 0.127444997 0.0410160013 0.113779999 0.135403007 0.0403309986 0.109022997 0.136282995 0.0430729985 0.107624002 0.127444997 0.0403309986 0.109022997 0.136282995 0.0403399989 -0.109617002 0.136868998 0.0430729985 0.107624002 0.127444997 0.0403399989 -0.109617002 0.136868998 0.0423000008 -0.105936997 0.128723994 0.083792001 -0.121747002 0.0622529984 0.0437350012 -0.119809002 0.131070003 0.0457860008 -0.121569 0.127575994 0.0423000008 -0.105936997 0.128723994 0.0410749987 -0.113803998 0.135619 0.0423020013 -0.11682 0.133523002 0.0837820023 0.121763997 0.0615999997 0.0464899987 0.121939003 0.125667006 0.0430729985 0.107624002 0.127444997 0.0430729985 0.107624002 0.127444997 0.0464899987 0.121939003 0.125667006 0.0442080013 0.120155998 0.129901007 -0.0384729989 -0.0330369994 0.162513003 -0.0230490007 -0.0280060004 0.157508001 -0.0230490007 -0.0280060004 0.122619003 -0.0384729989 -0.0330369994 0.162513003 -0.0230490007 -0.0280060004 0.122619003 -0.0384729989 -0.0330369994 0.127624005 -0.0141650001 0.0167779997 0.153864995 -0.0230490007 0.0280060004 0.157508001 -0.0230490007 0.0280060004 0.122619003 -0.0141650001 0.0167779997 0.153864995 -0.0230490007 0.0280060004 0.122619003 -0.0141650001 0.0167779997 0.118975997 -0.0230490007 -0.0280060004 0.157508001 -0.0141650001 -0.0167769995 0.153864995 -0.0141650001 -0.0167769995 0.118975997 -0.0230490007 -0.0280060004 0.157508001 -0.0141650001 -0.0167769995 0.118975997 -0.0230490007 -0.0280060004 0.122619003 -0.0654210001 -0.0199849997 0.166434005 -0.056605 -0.0286849998 0.165791005 -0.056605 -0.0286849998 0.130902007 -0.0654210001 -0.0199849997 0.166434005 -0.056605 -0.0286849998 0.130902007 -0.0654210001 -0.0199849997 0.131545007 -0.0693449974 0.0113949999 0.166446999 -0.0724359974 0 0.166018993 -0.0724359974 0 0.131128997 -0.0693449974 0.0113949999 0.166446999 -0.0724359974 0 0.131128997 -0.0693449974 0.0113949999 0.131558001 -0.0141650001 -0.0167769995 0.153864995 -0.00917799957 0 0.150994003 -0.00917799957 0 0.116103999 -0.0141650001 -0.0167769995 0.153864995 -0.00917799957 0 0.116103999 -0.0141650001 -0.0167769995 0.118975997 -0.0230490007 0.0280060004 0.157508001 -0.0384729989 0.0330380015 0.162513003 -0.0384729989 0.0330380015 0.127624005 -0.0230490007 0.0280060004 0.157508001 -0.0384729989 0.0330380015 0.127624005 -0.0230490007 0.0280060004 0.122619003 -0.056605 -0.0286849998 0.165791005 -0.0384729989 -0.0330369994 0.162513003 -0.0384729989 -0.0330369994 0.127624005 -0.056605 -0.0286849998 0.165791005 -0.0384729989 -0.0330369994 0.127624005 -0.056605 -0.0286849998 0.130902007 -0.0724359974 0 0.166018993 -0.0693449974 -0.0113949999 0.166446999 -0.0693449974 -0.0113949999 0.131558001 -0.0724359974 0 0.166018993 -0.0693449974 -0.0113949999 0.131558001 -0.0724359974 0 0.131128997 -0.00917799957 0 0.150994003 -0.0141650001 0.0167779997 0.153864995 -0.0141650001 0.0167779997 0.118975997 -0.00917799957 0 0.150994003 -0.0141650001 0.0167779997 0.118975997 -0.00917799957 0 0.116103999 -0.056605 0.028686 0.165791005 -0.0654210001 0.0199859999 0.166434005 -0.0654210001 0.0199859999 0.131545007 -0.056605 0.028686 0.165791005 -0.0654210001 0.0199859999 0.131545007 -0.056605 0.028686 0.130902007 -0.0384729989 0.0330380015 0.162513003 -0.056605 0.028686 0.165791005 -0.056605 0.028686 0.130902007 -0.0384729989 0.0330380015 0.162513003 -0.056605 0.028686 0.130902007 -0.0384729989 0.0330380015 0.127624005 -0.0654210001 0.0199859999 0.166434005 -0.0693449974 0.0113949999 0.166446999 -0.0693449974 0.0113949999 0.131558001 -0.0654210001 0.0199859999 0.166434005 -0.0693449974 0.0113949999 0.131558001 -0.0654210001 0.0199859999 0.131545007 -0.0693449974 -0.0113949999 0.166446999 -0.0654210001 -0.0199849997 0.166434005 -0.0654210001 -0.0199849997 0.131545007 -0.0693449974 -0.0113949999 0.166446999 -0.0654210001 -0.0199849997 0.131545007 -0.0693449974 -0.0113949999 0.131558001 -0.00917799957 0 0.116103999 -0.0439810008 0 0.126690999 -0.0141650001 -0.0167769995 0.118975997 -0.0141650001 -0.0167769995 0.118975997 -0.0439810008 0 0.126690999 -0.0230490007 -0.0280060004 0.122619003 -0.0230490007 -0.0280060004 0.122619003 -0.0439810008 0 0.126690999 -0.0384729989 -0.0330369994 0.127624005 -0.0384729989 -0.0330369994 0.127624005 -0.0439810008 0 0.126690999 -0.056605 -0.0286849998 0.130902007 -0.056605 -0.0286849998 0.130902007 -0.0439810008 0 0.126690999 -0.0654210001 -0.0199849997 0.131545007 -0.0654210001 -0.0199849997 0.131545007 -0.0439810008 0 0.126690999 -0.0693449974 -0.0113949999 0.131558001 -0.0693449974 -0.0113949999 0.131558001 -0.0439810008 0 0.126690999 -0.0724359974 0 0.131128997 -0.0439810008 0 0.126690999 -0.0693449974 0.0113949999 0.131558001 -0.0724359974 0 0.131128997 -0.0439810008 0 0.126690999 -0.0654210001 0.0199859999 0.131545007 -0.0693449974 0.0113949999 0.131558001 -0.0439810008 0 0.126690999 -0.056605 0.028686 0.130902007 -0.0654210001 0.0199859999 0.131545007 -0.0439810008 0 0.126690999 -0.0384729989 0.0330380015 0.127624005 -0.056605 0.028686 0.130902007 -0.0384729989 0.0330380015 0.127624005 -0.0439810008 0 0.126690999 -0.0230490007 0.0280060004 0.122619003 -0.0439810008 0 0.126690999 -0.0141650001 0.0167779997 0.118975997 -0.0230490007 0.0280060004 0.122619003 -0.0141650001 0.0167779997 0.118975997 -0.0439810008 0 0.126690999 -0.00917799957 0 0.116103999 0.120809004 0.121606998 -0.00197999994 0.0837820023 0.121763997 0.0615999997 0.124594003 0.107605003 -0.00502299983 0.120809004 0.121606998 -0.00197999994 0.124594003 0.107605003 -0.00502299983 0.122663997 0.120844997 -0.00522600021 </float_array>
          <technique_common>
            <accessor count="339" offset="0" source="#black-positions-array" stride="3">
              <param name="X" type="float" />
              <param name="Y" type="float" />
              <param name="Z" type="float" />
            </accessor>
          </technique_common>
        </source>
        <source id="black-normals" name="black-normals">
          <float_array id="black-normals-array" count="1017"> 0.914640009 -0.0608839989 0.399608999 0.891445994 -0.0435499996 0.45094201 0.893276989 -0.0474869981 0.446943998 0.899564028 -0.0551769994 0.43324101 0.900753975 -0.0688190013 0.428815991 0.871272981 -0.00329599995 0.490738004 0.899564028 -0.0551769994 0.43324101 0.871272981 -0.00329599995 0.490738004 0.863093972 -0.0278939996 0.504226983 0.91454798 -0.00839299988 0.404309005 0.899564028 -0.0551769994 0.43324101 0.863093972 -0.0278939996 0.504226983 0.91454798 -0.00839299988 0.404309005 0.863093972 -0.0278939996 0.504226983 0.869593978 -0.0152589995 0.49348399 0.881862998 0.00924700033 0.471358001 0.871272981 -0.00329599995 0.490738004 0.900753975 -0.0688190013 0.428815991 0.881862998 0.00924700033 0.471358001 0.900753975 -0.0688190013 0.428815991 0.898159981 -0.0672629997 0.434430987 0.873806 -0.0698259994 0.481184989 0.858668983 -0.00952200033 0.512405992 0.864162028 -0.00775199989 0.503098011 0.873806 -0.0698259994 0.481184989 0.864162028 -0.00775199989 0.503098011 0.872188985 -0.00589000015 0.489120007 0.861934006 -0.0607619993 0.503341973 0.864376009 0.00271599996 0.502792001 0.87481302 -0.0544449985 0.481337994 0.87481302 -0.0544449985 0.481337994 0.862147987 0.00726300012 0.506546021 0.838984013 0.0515759997 0.54164201 0.902065992 0.079806 0.424084991 0.869228005 0.0102540003 0.494246989 0.866634011 0.0102850003 0.498825014 0.87481302 -0.0544449985 0.481337994 0.838984013 0.0515759997 0.54164201 0.891445994 -0.0435499996 0.45094201 0.902065992 0.079806 0.424084991 0.866634011 0.0102850003 0.498825014 0.881191015 0.0393990017 0.471053004 0.86440599 0.00521899993 0.502731025 0.881191015 0.0393990017 0.471053004 0.866634011 0.0102850003 0.498825014 0.87194401 0.00884999987 0.489486009 0.896297991 0.0561240017 0.439832985 0.921476007 0.0254519992 0.387555003 0.86440599 0.00521899993 0.502731025 0.866634011 0.0102850003 0.498825014 0.86440599 0.00137299998 0.50276202 0.87194401 0.00884999987 0.489486009 0.921476007 0.0254519992 0.387555003 0.872615993 0.00366199994 0.488326997 0.869228005 0.0102540003 0.494246989 0.902065992 0.079806 0.424084991 0.896297991 0.0561240017 0.439832985 0.869228005 0.0102540003 0.494246989 0.896297991 0.0561240017 0.439832985 0.87194401 0.00884999987 0.489486009 0.87481302 -0.0544449985 0.481337994 0.864376009 0.00271599996 0.502792001 0.864253998 0.00192299997 0.503005981 0.87481302 -0.0544449985 0.481337994 0.864253998 0.00192299997 0.503005981 0.862147987 0.00726300012 0.506546021 0.904904008 0.0503249988 0.422558993 0.892117023 0.0769980028 0.44511199 0.871272981 0.0668969974 0.48616001 0.855463982 0.00369299995 0.51780802 0.915220022 -0.0163880009 0.40259999 0.893276989 -0.0474869981 0.446943998 0.918973029 0.0460829996 0.391552001 0.892117023 0.0769980028 0.44511199 0.904904008 0.0503249988 0.422558993 0.855463982 0.00369299995 0.51780802 0.893276989 -0.0474869981 0.446943998 0.843195975 0.0187379997 0.537217021 0.861934006 -0.0607619993 0.503341973 0.87481302 -0.0544449985 0.481337994 0.914640009 -0.0608839989 0.399608999 0.914640009 -0.0608839989 0.399608999 0.91109997 0.0587479994 0.407941014 0.846338987 0.123356 0.518142998 0.909268022 0.0067449999 0.416119993 0.918973029 0.0460829996 0.391552001 0.904904008 0.0503249988 0.422558993 0.914640009 -0.0608839989 0.399608999 0.846338987 0.123356 0.518142998 0.861934006 -0.0607619993 0.503341973 0.899959981 0.0284739994 0.434980005 0.882260025 0.0409860015 0.468917012 0.892117023 0.0769980028 0.44511199 0.899959981 0.0284739994 0.434980005 0.892117023 0.0769980028 0.44511199 0.918973029 0.0460829996 0.391552001 0.871272981 0.0668969974 0.48616001 0.892117023 0.0769980028 0.44511199 0.882260025 0.0409860015 0.468917012 0.871272981 0.0668969974 0.48616001 0.882260025 0.0409860015 0.468917012 0.865688026 0.0200200006 0.500168025 0.865688026 0.0200200006 0.500168025 0.864588976 -0.00820900034 0.502364993 0.866084993 0.0556050017 0.496749997 0.865688026 0.0200200006 0.500168025 0.866084993 0.0556050017 0.496749997 0.871272981 0.0668969974 0.48616001 0.864588976 -0.00820900034 0.502364993 0.864162028 -0.00775199989 0.503098011 0.858668983 -0.00952200033 0.512405992 0.864588976 -0.00820900034 0.502364993 0.858668983 -0.00952200033 0.512405992 0.866084993 0.0556050017 0.496749997 0.909268022 0.0067449999 0.416119993 0.904904008 0.0503249988 0.422558993 0.914640009 -0.0608839989 0.399608999 0.907956004 -0.0558179989 0.415264994 0.904904008 0.0503249988 0.422558993 0.858668983 -0.00952200033 0.512405992 0.909268022 0.0067449999 0.416119993 0.914640009 -0.0608839989 0.399608999 0.915220022 -0.0163880009 0.40259999 0.893276989 -0.0474869981 0.446943998 0.891445994 -0.0435499996 0.45094201 0.838984013 0.0515759997 0.54164201 0.893276989 -0.0474869981 0.446943998 0.838984013 0.0515759997 0.54164201 0.843195975 0.0187379997 0.537217021 0.898159981 -0.0672629997 0.434430987 0.873806 -0.0698259994 0.481184989 0.872188985 -0.00589000015 0.489120007 0.898159981 -0.0672629997 0.434430987 0.872188985 -0.00589000015 0.489120007 0.881862998 0.00924700033 0.471358001 0.927793026 0.150700003 0.341288 0.902065992 0.079806 0.424084991 0.881191015 0.0393990017 0.471053004 0.900753975 -0.0688190013 0.428815991 0.899564028 -0.0551769994 0.43324101 0.907956004 -0.0558179989 0.415264994 0.918973029 0.0460829996 0.391552001 0.909268022 0.0067449999 0.416119993 0.861324012 0.00158699998 0.508010983 0.918973029 0.0460829996 0.391552001 0.861324012 0.00158699998 0.508010983 0.899959981 0.0284739994 0.434980005 0.864376009 0.00271599996 0.502792001 0.861934006 -0.0607619993 0.503341973 0.864071012 0.0124209998 0.503189027 0.914640009 -0.0608839989 0.399608999 0.87481302 -0.0544449985 0.481337994 0.891445994 -0.0435499996 0.45094201 0.864376009 0.00271599996 0.502792001 0.864071012 0.0124209998 0.503189027 0.864253998 0.00192299997 0.503005981 0.855463982 0.00369299995 0.51780802 0.855373025 0.00143399998 0.517960012 0.909268022 0.0067449999 0.416119993 0.855463982 0.00369299995 0.51780802 0.909268022 0.0067449999 0.416119993 0.915220022 -0.0163880009 0.40259999 0.855373025 0.00143399998 0.517960012 0.861324012 0.00158699998 0.508010983 0.909268022 0.0067449999 0.416119993 0.907956004 -0.0558179989 0.415264994 0.898159981 -0.0672629997 0.434430987 0.900753975 -0.0688190013 0.428815991 0.86440599 0.00137299998 0.50276202 0.864071012 0.0124209998 0.503189027 0.861934006 -0.0607619993 0.503341973 0.86440599 0.00137299998 0.50276202 0.861934006 -0.0607619993 0.503341973 0.86440599 0.00521899993 0.502731025 0.869593978 -0.0152589995 0.49348399 0.872615993 0.00366199994 0.488326997 0.921476007 0.0254519992 0.387555003 0.914640009 -0.0608839989 0.399608999 0.893276989 -0.0474869981 0.446943998 0.915220022 -0.0163880009 0.40259999 0.869593978 -0.0152589995 0.49348399 0.921476007 0.0254519992 0.387555003 0.91454798 -0.00839299988 0.404309005 0.91109997 0.0587479994 0.407941014 0.921476007 0.0254519992 0.387555003 0.958831012 0.0874660015 0.270119011 0.907956004 -0.0558179989 0.415264994 0.899564028 -0.0551769994 0.43324101 0.91454798 -0.00839299988 0.404309005 0.907956004 -0.0558179989 0.415264994 0.91454798 -0.00839299988 0.404309005 0.921476007 0.0254519992 0.387555003 0.907956004 -0.0558179989 0.415264994 0.921476007 0.0254519992 0.387555003 0.91109997 0.0587479994 0.407941014 0.861934006 -0.0607619993 0.503341973 0.846338987 0.123356 0.518142998 0.86440599 0.00521899993 0.502731025 0.927793026 0.150700003 0.341288 0.896297991 0.0561240017 0.439832985 0.902065992 0.079806 0.424084991 0.858668983 -0.00952200033 0.512405992 0.873806 -0.0698259994 0.481184989 0.907956004 -0.0558179989 0.415264994 0.907956004 -0.0558179989 0.415264994 0.873806 -0.0698259994 0.481184989 0.898159981 -0.0672629997 0.434430987 0.0329909995 0.975036025 0.219549999 -0.328074008 0.875118017 0.355632007 -0.310099006 0.950681984 0 0.0329909995 0.975036025 0.219549999 -0.310099006 0.950681984 0 -0.310099006 0.950681984 0 -0.87579 -0.482650012 0 -0.784204006 -0.620472014 0 -0.784204006 -0.620472014 0 -0.87579 -0.482650012 0 -0.784204006 -0.620472014 0 -0.899044991 -0.437819004 0 -0.784204006 0.620472014 0 -0.87579 0.482650012 0 -0.899044991 0.437819004 0 -0.784204006 0.620472014 0 -0.899044991 0.437819004 0 -0.784204006 0.620472014 0 0.787774026 0.56398201 0.247504994 0.482284009 0.849665999 0.213172004 0.702383995 0.711753011 0 0.787774026 0.56398201 0.247504994 0.702383995 0.711753011 0 0.817743003 0.575549006 0 0.904385984 -0.327616006 0.273292989 0.980437994 -0.0119939996 0.196417004 0.965086997 -0.261817992 0 0.904385984 -0.327616006 0.273292989 0.965086997 -0.261817992 0 0.940793991 -0.338907987 0 -0.87579 0.482650012 0 -0.958555996 0.284889996 0 -0.958555996 0.284889996 0 -0.87579 0.482650012 0 -0.958555996 0.284889996 0 -0.899044991 0.437819004 0 -0.328074008 -0.875118017 0.355632007 0.0329909995 -0.975036025 0.219549999 -0.310099006 -0.950681984 0 -0.328074008 -0.875118017 0.355632007 -0.310099006 -0.950681984 0 -0.310099006 -0.950681984 0 0.482284009 0.849665999 0.213172004 0.0329909995 0.975036025 0.219549999 0.233374998 0.972380996 0 0.482284009 0.849665999 0.213172004 0.233374998 0.972380996 0 0.233374998 0.972380996 0 0.980437994 -0.0119939996 0.196417004 0.907895029 0.332468987 0.255165011 0.940793991 0.338907987 0 0.980437994 -0.0119939996 0.196417004 0.940793991 0.338907987 0 0.965086997 0.261817992 0 -0.958555996 -0.284889996 0 -0.87579 -0.482650012 0 -0.899044991 -0.437819004 0 -0.958555996 -0.284889996 0 -0.899044991 -0.437819004 0 -0.958555996 -0.284889996 0 0.482284009 -0.849665999 0.213172004 0.787774026 -0.56398201 0.247504994 0.817743003 -0.575549006 0 0.482284009 -0.849665999 0.213172004 0.817743003 -0.575549006 0 0.702383995 -0.711753011 0 0.0329909995 -0.975036025 0.219549999 0.482284009 -0.849665999 0.213172004 0.233374998 -0.972380996 0 0.0329909995 -0.975036025 0.219549999 0.233374998 -0.972380996 0 0.233374998 -0.972380996 0 0.787774026 -0.56398201 0.247504994 0.904385984 -0.327616006 0.273292989 0.940793991 -0.338907987 0 0.787774026 -0.56398201 0.247504994 0.940793991 -0.338907987 0 0.817743003 -0.575549006 0 0.907895029 0.332468987 0.255165011 0.787774026 0.56398201 0.247504994 0.817743003 0.575549006 0 0.907895029 0.332468987 0.255165011 0.817743003 0.575549006 0 0.940793991 0.338907987 0 0.291025013 0 0.956694007 0.222601995 0 0.97488302 0.290627986 0.077944003 0.953642011 0.290627986 0.077944003 0.953642011 0.222601995 0 0.97488302 0.288551986 0.0768759996 0.954343975 0.288551986 0.0768759996 0.954343975 0.222601995 0 0.97488302 0.243140996 0.0678120032 0.967589021 0.243140996 0.0678120032 0.967589021 0.222601995 0 0.97488302 0.171819001 0.0686059967 0.982726991 0.171819001 0.0686059967 0.982726991 0.222601995 0 0.97488302 0.153110996 0.0749839991 0.985351026 0.153110996 0.0749839991 0.985351026 0.222601995 0 0.97488302 0.155582994 0.0743430033 0.985014975 0.155582994 0.0743430033 0.985014975 0.222601995 0 0.97488302 0.154088005 0 0.98803699 0.222601995 0 0.97488302 0.155582994 -0.0743430033 0.985014975 0.154088005 0 0.98803699 0.222601995 0 0.97488302 0.153110996 -0.0749839991 0.985351026 0.155582994 -0.0743430033 0.985014975 0.222601995 0 0.97488302 0.171819001 -0.0686059967 0.982726991 0.153110996 -0.0749839991 0.985351026 0.222601995 0 0.97488302 0.243140996 -0.0678120032 0.967589021 0.171819001 -0.0686059967 0.982726991 0.243140996 -0.0678120032 0.967589021 0.222601995 0 0.97488302 0.288551986 -0.0768759996 0.954343975 0.222601995 0 0.97488302 0.290627986 -0.077944003 0.953642011 0.288551986 -0.0768759996 0.954343975 0.290627986 -0.077944003 0.953642011 0.222601995 0 0.97488302 0.291025013 0 0.956694007 0.866084993 0.0556050017 0.496749997 0.858668983 -0.00952200033 0.512405992 0.904904008 0.0503249988 0.422558993 0.866084993 0.0556050017 0.496749997 0.904904008 0.0503249988 0.422558993 0.871272981 0.0668969974 0.48616001 </float_array>
          <technique_common>
            <accessor count="339" offset="0" source="#black-normals-array" stride="3">
              <param name="X" type="float" />
              <param name="Y" type="float" />
              <param name="Z" type="float" />
            </accessor>
          </technique_common>
        </source>
        <source id="black-tex0" name="black-tex0">
          <float_array id="black-tex0-array" count="678"> 0 0 0 0 0 0 0 0 0 0 0 0 0 0 0 0 0 0 0 0 0 0 0 0 0 0 0 0 0 0 0 0 0 0 0 0 0 0 0 0 0 0 0 0 0 0 0 0 0 0 0 0 0 0 0 0 0 0 0 0 0 0 0 0 0 0 0 0 0 0 0 0 0 0 0 0 0 0 0 0 0 0 0 0 0 0 0 0 0 0 0 0 0 0 0 0 0 0 0 0 0 0 0 0 0 0 0 0 0 0 0 0 0 0 0 0 0 0 0 0 0 0 0 0 0 0 0 0 0 0 0 0 0 0 0 0 0 0 0 0 0 0 0 0 0 0 0 0 0 0 0 0 0 0 0 0 0 0 0 0 0 0 0 0 0 0 0 0 0 0 0 0 0 0 0 0 0 0 0 0 0 0 0 0 0 0 0 0 0 0 0 0 0 0 0 0 0 0 0 0 0 0 0 0 0 0 0 0 0 0 0 0 0 0 0 0 0 0 0 0 0 0 0 0 0 0 0 0 0 0 0 0 0 0 0 0 0 0 0 0 0 0 0 0 0 0 0 0 0 0 0 0 0 0 0 0 0 0 0 0 0 0 0 0 0 0 0 0 0 0 0 0 0 0 0 0 0 0 0 0 0 0 0 0 0 0 0 0 0 0 0 0 0 0 0 0 0 0 0 0 0 0 0 0 0 0 0 0 0 0 0 0 0 0 0 0 0 0 0 0 0 0 0 0 0 0 0 0 0 0 0 0 0 0 0 0 0 0 0 0 0 0 0 0 0 0 0 0 0 0 0 0 0 0 0 0 0 0 0 0 0 0 0 0 0 0 0 0 0 0 0 0 0 0 0 0 0 0 0 0 0 0 0 0 0 0 0 0 0 0 0 0 0 0 0 0 0 0 0 0 0 0 0 0 0 0 0 0 0 0 0 0 0 0 0 0 1 0 1 1 0 0 1 1 0 1 0 0 1 0 1 1 0 0 1 1 0 1 0 0 1 0 1 1 0 0 1 1 0 1 0 0 1 0 1 1 0 0 1 1 0 1 0 0 1 0 1 1 0 0 1 1 0 1 0 0 1 0 1 1 0 0 1 1 0 1 0 0 1 0 1 1 0 0 1 1 0 1 0 0 1 0 1 1 0 0 1 1 0 1 0 0 1 0 1 1 0 0 1 1 0 1 0 0 1 0 1 1 0 0 1 1 0 1 0 0 1 0 1 1 0 0 1 1 0 1 0 0 1 0 1 1 0 0 1 1 0 1 0 0 1 0 1 1 0 0 1 1 0 1 0 0 1 0 1 1 0 0 1 1 0 1 0 0 1 0 1 1 0 0 1 0 1 1 0 0 1 0 1 1 0 0 1 0 1 1 0 0 1 0 1 1 0 0 1 0 1 1 0 0 1 0 1 1 0 0 1 0 1 1 0 0 1 0 1 1 0 0 1 0 1 1 0 0 1 0 1 1 0 0 1 0 1 1 0 0 1 0 1 1 0 0 1 0 1 1 0 0 0 0 0 0 0 0 0 0 0 0 </float_array>
          <technique_common>
            <accessor count="339" offset="0" source="#black-tex0-array" stride="2">
              <param name="S" type="float" />
              <param name="T" type="float" />
            </accessor>
          </technique_common>
        </source>
        <vertices id="black-vertices">
          <input semantic="POSITION" source="#black-positions" />
        </vertices>
        <polylist count="113" material="defaultMaterial">
          <input offset="0" semantic="VERTEX" source="#black-vertices" />
          <input offset="0" semantic="NORMAL" source="#black-normals" />
          <input offset="0" semantic="TEXCOORD" source="#black-tex0" set="0" />
          <vcount>3 3 3 3 3 3 3 3 3 3 3 3 3 3 3 3 3 3 3 3 3 3 3 3 3 3 3 3 3 3 3 3 3 3 3 3 3 3 3 3 3 3 3 3 3 3 3 3 3 3 3 3 3 3 3 3 3 3 3 3 3 3 3 3 3 3 3 3 3 3 3 3 3 3 3 3 3 3 3 3 3 3 3 3 3 3 3 3 3 3 3 3 3 3 3 3 3 3 3 3 3 3 3 3 3 3 3 3 3 3 3 3 3 </vcount>
          <p>0 1 2 3 4 5 6 7 8 9 10 11 12 13 14 15 16 17 18 19 20 21 22 23 24 25 26 27 28 29 30 31 32 33 34 35 36 37 38 39 40 41 42 43 44 45 46 47 48 49 50 51 52 53 54 55 56 57 58 59 60 61 62 63 64 65 66 67 68 69 70 71 72 73 74 75 76 77 78 79 80 81 82 83 84 85 86 87 88 89 90 91 92 93 94 95 96 97 98 99 100 101 102 103 104 105 106 107 108 109 110 111 112 113 114 115 116 117 118 119 120 121 122 123 124 125 126 127 128 129 130 131 132 133 134 135 136 137 138 139 140 141 142 143 144 145 146 147 148 149 150 151 152 153 154 155 156 157 158 159 160 161 162 163 164 165 166 167 168 169 170 171 172 173 174 175 176 177 178 179 180 181 182 183 184 185 186 187 188 189 190 191 192 193 194 195 196 197 198 199 200 201 202 203 204 205 206 207 208 209 210 211 212 213 214 215 216 217 218 219 220 221 222 223 224 225 226 227 228 229 230 231 232 233 234 235 236 237 238 239 240 241 242 243 244 245 246 247 248 249 250 251 252 253 254 255 256 257 258 259 260 261 262 263 264 265 266 267 268 269 270 271 272 273 274 275 276 277 278 279 280 281 282 283 284 285 286 287 288 289 290 291 292 293 294 295 296 297 298 299 300 301 302 303 304 305 306 307 308 309 310 311 312 313 314 315 316 317 318 319 320 321 322 323 324 325 326 327 328 329 330 331 332 333 334 335 336 337 338 </p>
        </polylist>
      </mesh>
    </geometry>
    <geometry id="blue_led" name="blue_led" >
      <mesh>
        <source id="blue_led-positions" name="blue_led-positions">
          <float_array id="blue_led-positions-array" count="297"> -0.0185499992 -0.0968919992 0.151813999 -0.0175320003 -0.0950139984 0.151813999 -0.0210980009 -0.0932779983 0.154421002 -0.0185499992 -0.0968919992 0.151813999 -0.0210980009 -0.0932779983 0.154421002 -0.0217589997 -0.0968919992 0.153669998 -0.0175320003 -0.0932779983 0.152357996 -0.0210980009 -0.0932779983 0.154421002 -0.0175320003 -0.0950139984 0.151813999 -0.0217589997 -0.0968919992 0.153669998 -0.0210980009 -0.0932779983 0.154421002 -0.0324040018 -0.0932779983 0.158842996 -0.0297580007 -0.0968919992 0.156799003 -0.0217589997 -0.0968919992 0.153669998 -0.0324040018 -0.0932779983 0.158842996 -0.0297580007 -0.0968919992 0.156799003 -0.0324040018 -0.0932779983 0.158842996 -0.0367509983 -0.0932779983 0.160404995 -0.0297580007 -0.0968919992 0.156799003 -0.0367509983 -0.0932779983 0.160404995 -0.0372489989 -0.0968919992 0.159491003 -0.0372489989 -0.0968919992 0.159491003 -0.0367509983 -0.0932779983 0.160404995 -0.0554439984 -0.0932779983 0.162864998 -0.0372489989 -0.0968919992 0.159491003 -0.0554439984 -0.0932779983 0.162864998 -0.0508100018 -0.0968919992 0.161275998 -0.0508100018 -0.0968919992 0.161275998 -0.0554439984 -0.0932779983 0.162864998 -0.0615830012 -0.0932779983 0.163546994 -0.0615869984 -0.0968919992 0.162472993 -0.0508100018 -0.0968919992 0.161275998 -0.0615830012 -0.0932779983 0.163546994 -0.0615869984 -0.0968919992 0.162472993 -0.0615830012 -0.0932779983 0.163546994 -0.0693409964 -0.0932779983 0.161888003 -0.0615869984 -0.0968919992 0.162472993 -0.0693409964 -0.0932779983 0.161888003 -0.0752039999 -0.0968919992 0.159558997 -0.0752039999 -0.0968919992 0.159558997 -0.0693409964 -0.0932779983 0.161888003 -0.0909119993 -0.0932779983 0.157784 -0.0752039999 -0.0968919992 0.159558997 -0.0909119993 -0.0932779983 0.157784 -0.0904610008 -0.0968919992 0.156656995 -0.0909119993 -0.0932779983 0.157784 -0.0941170007 -0.0932779983 0.155669004 -0.0941170007 -0.0968919992 0.154244006 -0.0909119993 -0.0932779983 0.157784 -0.0941170007 -0.0968919992 0.154244006 -0.0904610008 -0.0968919992 0.156656995 -0.0175320003 0.0934939981 0.152291 -0.0186669994 0.0971089974 0.151813999 -0.021799 0.0971089974 0.153625995 -0.0175320003 0.0934939981 0.152291 -0.021799 0.0971089974 0.153625995 -0.0211379994 0.0934939981 0.154376 -0.0211379994 0.0934939981 0.154376 -0.021799 0.0971089974 0.153625995 -0.0296 0.0971089974 0.156676993 -0.0211379994 0.0934939981 0.154376 -0.0296 0.0971089974 0.156676993 -0.0322469994 0.0934939981 0.158721 -0.0322469994 0.0934939981 0.158721 -0.0296 0.0971089974 0.156676993 -0.0372780003 0.0971089974 0.159436002 -0.0322469994 0.0934939981 0.158721 -0.0372780003 0.0971089974 0.159436002 -0.0367810018 0.0934939981 0.160349995 -0.0367810018 0.0934939981 0.160349995 -0.0372780003 0.0971089974 0.159436002 -0.0505339988 0.0971089974 0.161181003 -0.0367810018 0.0934939981 0.160349995 -0.0505339988 0.0971089974 0.161181003 -0.0551679991 0.0934939981 0.162770003 -0.0551679991 0.0934939981 0.162770003 -0.0505339988 0.0971089974 0.161181003 -0.0615869984 0.0971089974 0.162408993 -0.0551679991 0.0934939981 0.162770003 -0.0615869984 0.0971089974 0.162408993 -0.0615839995 0.0934939981 0.163482994 -0.0615839995 0.0934939981 0.163482994 -0.0615869984 0.0971089974 0.162408993 -0.0755539984 0.0971089974 0.159420997 -0.0615839995 0.0934939981 0.163482994 -0.0755539984 0.0971089974 0.159420997 -0.0696899965 0.0934939981 0.161749005 -0.0696899965 0.0934939981 0.161749005 -0.0755539984 0.0971089974 0.159420997 -0.0904339999 0.0971089974 0.15659 -0.0696899965 0.0934939981 0.161749005 -0.0904339999 0.0971089974 0.15659 -0.0908849984 0.0934939981 0.157717004 -0.0941170007 0.0934939981 0.155583993 -0.0908849984 0.0934939981 0.157717004 -0.0904339999 0.0971089974 0.15659 -0.0941170007 0.0934939981 0.155583993 -0.0904339999 0.0971089974 0.15659 -0.0941170007 0.0971089974 0.154158995 </float_array>
          <technique_common>
            <accessor count="99" offset="0" source="#blue_led-positions-array" stride="3">
              <param name="X" type="float" />
              <param name="Y" type="float" />
              <param name="Z" type="float" />
            </accessor>
          </technique_common>
        </source>
        <source id="blue_led-normals" name="blue_led-normals">
          <float_array id="blue_led-normals-array" count="297"> 0.483168989 -0.261817992 0.835413992 0.483200014 -0.261817992 0.835413992 0.418958008 -0.257393003 0.870724022 0.483168989 -0.261817992 0.835413992 0.418958008 -0.257393003 0.870724022 0.418500006 -0.257789999 0.870814979 0.483168989 -0.261817992 0.835413992 0.418958008 -0.257393003 0.870724022 0.483200014 -0.261817992 0.835413992 0.418500006 -0.257789999 0.870814979 0.418958008 -0.257393003 0.870724022 0.344462007 -0.258186996 0.90258503 0.336650014 -0.264533997 0.90368402 0.418500006 -0.257789999 0.870814979 0.344462007 -0.258186996 0.90258503 0.336650014 -0.264533997 0.90368402 0.344462007 -0.258186996 0.90258503 0.228156 -0.26700601 0.936276972 0.336650014 -0.264533997 0.90368402 0.228156 -0.26700601 0.936276972 0.226843998 -0.268014014 0.936308026 0.226843998 -0.268014014 0.936308026 0.228156 -0.26700601 0.936276972 0.116337001 -0.271003991 0.955504 0.226843998 -0.268014014 0.936308026 0.116337001 -0.271003991 0.955504 0.109195001 -0.27164501 0.956175029 0.109195001 -0.27164501 0.956175029 0.116337001 -0.271003991 0.955504 -0.0260019992 -0.279855013 0.959685028 -0.0481580012 -0.284462988 0.957457006 0.109195001 -0.27164501 0.956175029 -0.0260019992 -0.279855013 0.959685028 -0.0481580012 -0.284462988 0.957457006 -0.0260019992 -0.279855013 0.959685028 -0.176579997 -0.296701014 0.938475013 -0.0481580012 -0.284462988 0.957457006 -0.176579997 -0.296701014 0.938475013 -0.189245 -0.295998991 0.936246991 -0.189245 -0.295998991 0.936246991 -0.176579997 -0.296701014 0.938475013 -0.356669992 -0.318307996 0.878323019 -0.189245 -0.295998991 0.936246991 -0.356669992 -0.318307996 0.878323019 -0.356669992 -0.318307996 0.878323019 -0.356669992 -0.318307996 0.878323019 -0.52699399 -0.307076991 0.792412996 -0.523330986 -0.312418014 0.792779028 -0.356669992 -0.318307996 0.878323019 -0.523330986 -0.312418014 0.792779028 -0.356669992 -0.318307996 0.878323019 0.483168989 0.261817992 0.835413992 0.483168989 0.261817992 0.835443974 0.417950988 0.28470701 0.862667024 0.483168989 0.261817992 0.835413992 0.417950988 0.28470701 0.862667024 0.418958008 0.257393003 0.870724022 0.418958008 0.257393003 0.870724022 0.417950988 0.28470701 0.862667024 0.338939011 0.262672991 0.90337801 0.418958008 0.257393003 0.870724022 0.338939011 0.262672991 0.90337801 0.338939011 0.262672991 0.90337801 0.338939011 0.262672991 0.90337801 0.338939011 0.262672991 0.90337801 0.226843998 0.268014014 0.936308026 0.338939011 0.262672991 0.90337801 0.226843998 0.268014014 0.936308026 0.226843998 0.268014014 0.936308026 0.226843998 0.268014014 0.936308026 0.226843998 0.268014014 0.936308026 0.115970001 0.271432012 0.955411971 0.226843998 0.268014014 0.936308026 0.115970001 0.271432012 0.955411971 0.116276003 0.271095991 0.955473006 0.116276003 0.271095991 0.955473006 0.115970001 0.271432012 0.955411971 -0.0480669998 0.284462988 0.957457006 0.116276003 0.271095991 0.955473006 -0.0480669998 0.284462988 0.957457006 -0.0439470001 0.279763013 0.95904398 -0.0439470001 0.279763013 0.95904398 -0.0480669998 0.284462988 0.957457006 -0.189245 0.295998991 0.936246991 -0.0439470001 0.279763013 0.95904398 -0.189245 0.295998991 0.936246991 -0.189245 0.295998991 0.936246991 -0.189245 0.295998991 0.936246991 -0.189245 0.295998991 0.936246991 -0.356669992 0.318307996 0.878323019 -0.189245 0.295998991 0.936246991 -0.356669992 0.318307996 0.878323019 -0.356669992 0.318307996 0.878323019 -0.526933014 0.30716899 0.792412996 -0.356669992 0.318307996 0.878323019 -0.356669992 0.318307996 0.878323019 -0.526933014 0.30716899 0.792412996 -0.356669992 0.318307996 0.878323019 -0.523330986 0.312418014 0.792779028 </float_array>
          <technique_common>
            <accessor count="99" offset="0" source="#blue_led-normals-array" stride="3">
              <param name="X" type="float" />
              <param name="Y" type="float" />
              <param name="Z" type="float" />
            </accessor>
          </technique_common>
        </source>
        <source id="blue_led-tex0" name="blue_led-tex0">
          <float_array id="blue_led-tex0-array" count="198"> 0 0 0 0 0 0 0 0 0 0 0 0 0 0 0 0 0 0 0 0 0 0 0 0 0 0 0 0 0 0 0 0 0 0 0 0 0 0 0 0 0 0 0 0 0 0 0 0 0 0 0 0 0 0 0 0 0 0 0 0 0 0 0 0 0 0 0 0 0 0 0 0 0 0 0 0 0 0 0 0 0 0 0 0 0 0 0 0 0 0 0 0 0 0 0 0 0 0 0 0 0 0 0 0 0 0 0 0 0 0 0 0 0 0 0 0 0 0 0 0 0 0 0 0 0 0 0 0 0 0 0 0 0 0 0 0 0 0 0 0 0 0 0 0 0 0 0 0 0 0 0 0 0 0 0 0 0 0 0 0 0 0 0 0 0 0 0 0 0 0 0 0 0 0 0 0 0 0 0 0 0 0 0 0 0 0 0 0 0 0 0 0 0 0 0 0 0 0 </float_array>
          <technique_common>
            <accessor count="99" offset="0" source="#blue_led-tex0-array" stride="2">
              <param name="S" type="float" />
              <param name="T" type="float" />
            </accessor>
          </technique_common>
        </source>
        <vertices id="blue_led-vertices">
          <input semantic="POSITION" source="#blue_led-positions" />
        </vertices>
        <polylist count="33" material="defaultMaterial">
          <input offset="0" semantic="VERTEX" source="#blue_led-vertices" />
          <input offset="0" semantic="NORMAL" source="#blue_led-normals" />
          <input offset="0" semantic="TEXCOORD" source="#blue_led-tex0" set="0" />
          <vcount>3 3 3 3 3 3 3 3 3 3 3 3 3 3 3 3 3 3 3 3 3 3 3 3 3 3 3 3 3 3 3 3 3 </vcount>
          <p>0 1 2 3 4 5 6 7 8 9 10 11 12 13 14 15 16 17 18 19 20 21 22 23 24 25 26 27 28 29 30 31 32 33 34 35 36 37 38 39 40 41 42 43 44 45 46 47 48 49 50 51 52 53 54 55 56 57 58 59 60 61 62 63 64 65 66 67 68 69 70 71 72 73 74 75 76 77 78 79 80 81 82 83 84 85 86 87 88 89 90 91 92 93 94 95 96 97 98 </p>
        </polylist>
      </mesh>
    </geometry>
  </library_geometries>
  <library_controllers>
  </library_controllers>
  <library_visual_scenes>
    <visual_scene id="Scene" name="Scene">
      <node id="node" name="" type="NODE">
        <matrix sid="matrix">1 0 0 0 0 1 0 0 0 0 1 0 0 0 0 1</matrix>
        <instance_geometry url="#milky_white">
          <bind_material>
            <technique_common>
              <instance_material symbol="defaultMaterial" target="#DefaultMaterial">
                <bind_vertex_input semantic="CHANNEL0" input_semantic="TEXCOORD" input_set="0"/>
              </instance_material>
            </technique_common>
          </bind_material>
        </instance_geometry>
        <instance_geometry url="#shiny_white">
          <bind_material>
            <technique_common>
              <instance_material symbol="defaultMaterial" target="#DefaultMaterial">
                <bind_vertex_input semantic="CHANNEL0" input_semantic="TEXCOORD" input_set="0"/>
              </instance_material>
            </technique_common>
          </bind_material>
        </instance_geometry>
        <instance_geometry url="#transparent">
          <bind_material>
            <technique_common>
              <instance_material symbol="defaultMaterial" target="#DefaultMaterial">
                <bind_vertex_input semantic="CHANNEL0" input_semantic="TEXCOORD" input_set="0"/>
              </instance_material>
            </technique_common>
          </bind_material>
        </instance_geometry>
        <instance_geometry url="#black">
          <bind_material>
            <technique_common>
              <instance_material symbol="defaultMaterial" target="#DefaultMaterial">
                <bind_vertex_input semantic="CHANNEL0" input_semantic="TEXCOORD" input_set="0"/>
              </instance_material>
            </technique_common>
          </bind_material>
        </instance_geometry>
        <instance_geometry url="#blue_led">
          <bind_material>
            <technique_common>
              <instance_material symbol="defaultMaterial" target="#DefaultMaterial">
                <bind_vertex_input semantic="CHANNEL0" input_semantic="TEXCOORD" input_set="0"/>
              </instance_material>
            </technique_common>
          </bind_material>
        </instance_geometry>
      </node>
    </visual_scene>
  </library_visual_scenes>
  <scene>
    <instance_visual_scene url="#Scene" />
  </scene>
</COLLADA>
